QID,Term,Morph,npmi,subword_mean,bert_static,sbert,fasttext,query_ctx,cls_masked
1,ascii,asciis,0.4638503093957961,0.5428154468536377,0.9076701998710632,0.9210250973701476,0.1968461126089096,0.8072838187217712,0.846461832523346
1,ascii,asciily,0.3868813222269951,0.4597510695457458,0.8001049757003784,0.7473674416542053,0.1939481645822525,0.5812240242958069,0.8635538816452026
1,code,coditions,0.0465003834216604,0.4111686944961548,0.3773483633995056,0.4027622044086456,0.1279594898223877,0.5991575121879578,0.8179077506065369
1,code,codic,0.079791932990341,0.4680487811565399,0.356732428073883,0.4198432564735412,0.0306403152644634,0.5919886231422424,0.893376350402832
1,code,codes,0.3122366346525521,0.8555330038070679,0.7287671566009521,0.7813096046447754,0.758528470993042,0.8821435570716858,0.9818851351737976
1,code,coder,0.15138325448702,0.6631283760070801,0.8008749485015869,0.6849452257156372,0.4319536685943603,0.7772199511528015,0.9479526281356812
1,code,coded,0.1946378196714872,0.7982946634292603,0.5440410375595093,0.8325011730194092,0.5128787755966187,0.7942836880683899,0.9797781705856324
1,code,codeable,0.1542156735874068,0.6837118864059448,0.7632757425308228,0.6711744666099548,0.2677218616008758,0.8036255836486816,0.9465349912643432
1,code,codeness,0.0932710811236317,0.7046455144882202,0.7702248692512512,0.6531649827957153,0.1064409464597702,0.8251895308494568,0.9038450717926024
1,code,codement,0.1237360443585481,0.7330236434936523,0.738613486289978,0.6615298986434937,0.2389480620622635,0.8177697062492371,0.9713902473449708
1,code,codicism,0.0932710811236317,0.4142288565635681,0.3584781587123871,0.2611622810363769,0.1073934584856033,0.5247973203659058,0.8981320858001709
1,code,codicity,0.0932710811236317,0.3824027478694916,0.3768295645713806,0.3133722841739654,0.062816321849823,0.5574309229850769,0.8367233276367188
1,code,codition,0.0439722145618045,0.5183901190757751,0.3660238981246948,0.4260144233703613,0.1350052654743194,0.5702622532844543,0.9329742789268494
1,code,coders,0.2341972970566986,0.6776056289672852,0.7832369804382324,0.6314383745193481,0.4217850267887115,0.7980771660804749,0.9022146463394164
1,code,codeds,0.1681909671174548,0.7016932964324951,0.5090810060501099,0.7309768199920654,0.2853832542896271,0.7789319753646851,0.8311775922775269
1,code,codees,0.1781066269339285,0.6345945596694946,0.7846629619598389,0.7837355732917786,0.2045962512493133,0.7855229377746582,0.9237045049667358
1,code,codeed,0.1537768532791877,0.7754624485969543,0.7934484481811523,0.7800648808479309,0.222923919558525,0.8326691389083862,0.946608066558838
1,code,codeic,0.0932710811236317,0.7769858837127686,0.7803388237953186,0.5875176191329956,0.2498125582933426,0.8559964895248413,0.8811890482902527
1,code,codeal,0.0781834476291866,0.7236939668655396,0.7855937480926514,0.6478344798088074,0.2684048116207123,0.8049789667129517,0.9705857038497924
1,code,coding,0.2443397652555624,0.8326218128204346,0.4936444163322449,0.8024152517318726,0.5625165104866028,0.8417015671730042,0.9792054295539856
1,code,codion,0.0152637500253625,0.4799501895904541,0.3419991731643677,0.4404847323894501,0.1998055726289749,0.5522030591964722,0.962030589580536
1,code,codics,0.0970566460869269,0.5052637457847595,0.333472341299057,0.3892667591571808,0.046088334172964,0.642596423625946,0.8612450957298279
1,code,codicities,0.0932710811236317,0.3305017948150635,0.3705006241798401,0.3084014058113098,0.0579648129642009,0.5181509256362915,0.8476868271827698
1,code,codeeds,0.1409906997017305,0.6465376615524292,0.6823806762695312,0.7111293077468872,0.1700919419527053,0.7637222409248352,0.8591333031654358
1,code,codeals,0.0630156940089993,0.7981660962104797,0.7424415349960327,0.614669680595398,0.2598281502723694,0.8421894907951355,0.9663588404655457
1,code,codence,0.0227776142151147,0.7331921458244324,0.733849048614502,0.6017846465110779,0.1533104926347732,0.8275840282440186,0.9613654017448424
1,code,codency,0.0704553993867183,0.6414287090301514,0.7249870300292969,0.4118070006370544,0.1599717438220977,0.7452559471130371,0.8512018918991089
1,code,codeion,0.1139016466679868,0.7503352165222168,0.7575945258140564,0.5551621317863464,0.1721303611993789,0.8138687610626221,0.9611297249794006
1,code,codeing,0.1119557431083131,0.7258988618850708,0.8069380521774292,0.8028289079666138,0.41475909948349,0.8297144174575806,0.863315224647522
1,code,codeity,0.0932710811236317,0.7221039533615112,0.7816434502601624,0.6195046901702881,0.2120617479085922,0.8506267070770264,0.8822445869445801
1,code,codeive,0.0932710811236317,0.7204170227050781,0.731151819229126,0.5421117544174194,0.1527555435895919,0.8003694415092468,0.9705915451049804
1,code,codings,0.1384453319024856,0.6857720017433167,0.4696290194988251,0.7392212152481079,0.4544359147548675,0.7669736742973328,0.9082188606262208
1,code,codeables,0.0932710811236317,0.5062757730484009,0.7018159031867981,0.6215938329696655,0.2520833909511566,0.7312889099121094,0.8856558799743652
1,code,codeality,0.1010284703599413,0.7628052234649658,0.7295433282852173,0.5370505452156067,0.2452904880046844,0.8243337869644165,0.9254770278930664
1,code,codements,0.0932710811236317,0.6899654865264893,0.7247942686080933,0.515619158744812,0.2184309363365173,0.8171479105949402,0.938803255558014
2,cad,cads,0.2650269445482565,0.705981969833374,0.8643861413002014,0.9420106410980223,0.5387749671936035,0.7059819102287292,0.793615996837616
2,cad,cadance,0.0594973487377274,0.5535566806793213,0.8187451958656311,0.719685435295105,0.1397457867860794,0.5535566806793213,0.9258658289909364
2,cad,cadable,0.2258476398042617,0.7404918074607849,0.8319699168205261,0.772479772567749,0.0679740607738494,0.7404916882514954,0.9611496925354004
2,cad,cadders,0.1991556463188921,0.6008406281471252,0.8237167596817017,0.7511829733848572,0.1154738366603851,0.6008407473564148,0.8584219217300415
2,cad,cadding,0.38083094502575,0.3947975635528564,0.8249903917312622,0.8250260949134827,0.1047020852565765,0.3947976529598236,0.7727351188659668
2,cad,cadeers,0.2350140491777382,0.3564933538436889,0.4265986084938049,0.3228026032447815,0.0266637485474348,0.3564933240413666,0.9036701917648317
2,cad,cadness,0.1042277893719792,0.7243015766143799,0.8355703949928284,0.8929152488708496,0.0130185903981328,0.7243015766143799,0.960482895374298
2,cad,cador,0.0168834732540422,0.6155580282211304,0.8332387208938599,0.7038265466690063,0.1121340543031692,0.6155580282211304,0.9398799538612366
2,cad,cadly,0.2486633215411751,0.7236685752868652,0.8391999006271362,0.740841805934906,0.1495011299848556,0.72366863489151,0.9322178959846495
2,cad,cadic,0.153160231685477,0.6317456960678101,0.8449265956878662,0.7620809078216553,0.1250077784061432,0.6317456364631653,0.9015567302703856
2,cad,caded,0.1854011802599313,0.5071545839309692,0.4565138220787048,0.3927854299545288,-0.0570991374552249,0.507154643535614,0.8956369757652283
2,cad,cader,0.0768084088606215,0.3829871416091919,0.4385170340538025,0.3650721311569214,0.0599689520895481,0.382987231016159,0.8748375773429871
2,cad,cades,0.1171819242886845,0.447977751493454,0.4113361537456512,0.3918115496635437,0.0817957296967506,0.4479777216911316,0.8186525702476501
2,cad,cadal,0.0529329671563779,0.5912954211235046,0.8338090777397156,0.6977716684341431,0.0686376020312309,0.5912953019142151,0.9507262110710144
2,cad,cadables,0.2258476398042617,0.5434213876724243,0.7785657644271851,0.7790915966033936,0.0556565038859844,0.5434213876724243,0.9137232303619384
2,cad,cadances,0.1706559904429059,0.5558561682701111,0.8078479766845703,0.723071813583374,0.1206917986273765,0.5558559894561768,0.9154300093650818
2,cad,cadanced,0.2096596559920405,0.5228596925735474,0.781193733215332,0.7140345573425293,0.1131005361676216,0.5228598117828369,0.921451210975647
2,cad,cadeer,0.3313159728785469,0.4469152092933655,0.4237876534461975,0.3210022449493408,-0.0079988101497292,0.4469150602817535,0.913238763809204
2,cad,caders,0.1642875500895131,0.3912365138530731,0.442717969417572,0.3658210039138794,-0.0429258607327938,0.391236662864685,0.904779613018036
2,cad,cadded,0.2096596559920405,0.7398067712783813,0.8246279358863831,0.800353467464447,0.0783930942416191,0.7398067712783813,0.9402538537979126
2,cad,cadder,0.3312256022300031,0.6061625480651855,0.8412729501724243,0.705043613910675,0.1103640049695968,0.606162428855896,0.9264345169067384
2,cad,cading,0.2401224618600669,0.7120935320854187,0.8611188530921936,0.8794177770614624,0.143559381365776,0.712093710899353,0.9476082921028136
2,cad,cadism,0.2096596559920405,0.4177010953426361,0.8362225294113159,0.7091110944747925,0.1671438962221145,0.4177011251449585,0.8565502166748047
2,cad,cadion,0.0815169266531526,0.596635639667511,0.8252148032188416,0.7266808748245239,0.147799402475357,0.5966354608535767,0.9341531991958618
2,cad,cadive,0.2486633215411751,0.5857393741607666,0.8073452711105347,0.7746121883392334,0.0950146615505218,0.5857395529747009,0.9405043125152588
2,cad,cadize,0.2993424394846304,0.5008343458175659,0.4467997550964355,0.1724364459514618,0.0898669883608818,0.5008344054222107,0.8969781994819641
2,cad,cadics,0.2258476398042617,0.6246700286865234,0.8294671773910522,0.7624313831329346,0.1125055328011512,0.6246700286865234,0.8821911811828613
2,cad,cadlys,0.2486633215411751,0.4830584824085235,0.7538152933120728,0.7363528609275818,0.0641481801867485,0.4830583333969116,0.8910179138183594
2,cad,cadors,0.0554315055860887,0.60744309425354,0.8324861526489258,0.774412214756012,0.0775786265730857,0.6074429750442505,0.9185160994529724
2,cad,cadability,0.2259878757039073,0.5424103736877441,0.8104960918426514,0.7807953953742981,0.0706070214509964,0.5424104332923889,0.9026765823364258
2,cad,cadabilities,0.2486633215411751,0.3894674777984619,0.6971837282180786,0.6619054079055786,0.0779598131775856,0.3894676566123962,0.8350352048873901
2,cad,cadliness,0.2993424394846304,0.6076713800430298,0.8098814487457275,0.7528547048568726,0.0862050503492355,0.6076714396476746,0.9454768300056458
3,fifa,fifas,0.4017452482042102,0.7756876945495605,0.8150358200073242,0.91777241230011,0.485853910446167,0.7756876945495605,0.8856560587882996
4,nike,nikely,0.2583709135062932,0.7448714971542358,0.8428616523742676,0.6849254369735718,0.0478602088987827,0.7448714971542358,0.849699854850769
4,nike,niking,0.0576909008002392,0.5293080806732178,0.4661946892738342,0.2374729365110397,0.0114130917936563,0.5293081402778625,0.9441996812820436
4,nike,nikes,0.4478905897599765,0.7008785605430603,0.8647585511207581,0.9308736324310304,0.6723991632461548,0.7008785605430603,0.8359285593032837
4,nike,niked,0.2411684385230141,0.6923861503601074,0.8437095880508423,0.7080569863319397,0.0667502880096435,0.6923861503601074,0.9158564805984496
4,nike,nikeness,0.2635107328929919,0.7611681222915649,0.8411299586296082,0.7853472232818604,0.0056715039536356,0.7611680626869202,0.935745120048523
5,vmware,vmwares,0.4260119333752542,0.8878501653671265,0.9617260098457336,0.958512008190155,0.3664987087249756,0.9372706413269044,0.9538310766220092
5,vmware,vmwared,0.3092340922659081,0.8142683506011963,0.956167221069336,0.852060854434967,0.4030109345912933,0.8840543031692505,0.959246039390564
5,virtual,virtualization,0.4063819719010362,0.5269378423690796,0.7983840703964233,0.7148818969726562,0.4348332285881042,0.8788999319076538,0.8575459718704224
5,virtual,virtualitys,0.1825571266794563,0.6063762903213501,0.7023377418518066,0.8117798566818237,0.1979936808347702,0.7253984808921814,0.8567187190055847
5,virtual,virtualizes,0.250247155291958,0.7624791264533997,0.7716249227523804,0.7961583137512207,0.4361125528812408,0.762193500995636,0.915846347808838
5,virtual,virtualizer,0.2193202827864245,0.6244093179702759,0.7705023884773254,0.648541271686554,0.4080996811389923,0.8685249090194702,0.8990841507911682
5,virtual,virtualized,0.3930382016979181,0.5635074377059937,0.795281708240509,0.7828450202941895,0.5067857503890991,0.8781638145446777,0.9006672501564026
5,virtual,virtuallize,0.2113158171938978,0.4856730699539184,0.6959585547447205,0.7400780916213989,0.1675573587417602,0.6738482117652893,0.9219687581062316
5,virtual,virtualness,0.2188686016400743,0.6823711395263672,0.7943276166915894,0.8903332352638245,0.20933198928833,0.7999705672264099,0.9129363894462584
5,virtual,virtuallization,0.1889138610269326,0.8073307871818542,0.7811185717582703,0.7265507578849792,0.1771626621484756,0.6749778985977173,0.9597014784812928
5,virtual,virtualizations,0.2275910760111542,0.676849365234375,0.778221607208252,0.7424161434173584,0.4631575047969818,0.784550666809082,0.8576264977455139
5,virtual,virtuales,0.2418442535485747,0.4250805377960205,0.8066467046737671,0.8523715138435364,0.2542833983898163,0.822212815284729,0.8206668496131897
5,virtual,virtualer,0.1592487457546185,0.6925355195999146,0.7886300086975098,0.7937194108963013,0.2293070554733276,0.8074281811714172,0.9155306220054626
5,virtual,virtualed,0.2226297281342839,0.7324004769325256,0.8018485903739929,0.8859795331954956,0.2332613468170166,0.8164497017860413,0.8795817494392395
5,virtual,virtualal,0.2338938741955405,0.7339593172073364,0.7886480093002319,0.838495135307312,0.2225633263587951,0.7799220681190491,0.95416921377182
5,virtual,virtualled,0.1592487457546185,0.7783214449882507,0.7969203591346741,0.7988355159759521,0.1661638766527176,0.6271108388900757,0.930422067642212
5,virtual,virtualler,0.2062988215423725,0.7747306823730469,0.7894263863563538,0.7235848307609558,0.1838930994272232,0.724559485912323,0.9598730802536012
5,virtual,virtualics,0.2062988215423725,0.6686660647392273,0.7800325155258179,0.699004054069519,0.1770506650209427,0.7851219177246094,0.8589650988578796
5,virtual,virtualism,0.1363913092357859,0.4772833585739136,0.7939823269844055,0.7699269652366638,0.2392420619726181,0.85881108045578,0.7970114946365356
5,virtual,virtualive,0.214191951610903,0.7711124420166016,0.7795195579528809,0.8401874303817749,0.2774012684822082,0.7677938938140869,0.974109709262848
5,virtual,virtuality,0.2643734279133775,0.6493402123451233,0.7857414484024048,0.8591144680976868,0.5764727592468262,0.863438606262207,0.9325782656669616
5,virtual,virtualing,0.1592487457546185,0.7069913148880005,0.805780291557312,0.8553832769393921,0.2020975947380066,0.8665407299995422,0.9414212703704834
5,virtual,virtualize,0.3437393003547484,0.6946166753768921,0.7732406854629517,0.7744467854499817,0.3998745083808899,0.8195611238479614,0.934598743915558
5,virtual,virtualality,0.2113158171938978,0.8016371726989746,0.7852717638015747,0.7478814125061035,0.2184028923511505,0.7801606059074402,0.9145947694778442
5,virtual,virtualicity,0.1592487457546185,0.5262027978897095,0.6736496686935425,0.7664594054222107,0.2123838663101196,0.717494547367096,0.8530134558677673
5,virtual,virtualities,0.2322578707632507,0.6300020217895508,0.7652815580368042,0.7464073896408081,0.4238049983978271,0.7434111833572388,0.8618837594985962
5,virtual,virtualizing,0.3582879023582624,0.6659114956855774,0.7845622301101685,0.7892539501190186,0.3897191286087036,0.8464857339859009,0.9471986293792723
5,virtual,virtualizers,0.2374614491528899,0.5176282525062561,0.7131438255310059,0.6306480169296265,0.1946709603071212,0.833975613117218,0.7955716252326965
5,virtual,virtuals,0.2619910354857022,0.7439978122711182,0.8148545026779175,0.9080432653427124,0.513694703578949,0.8261708617210388,0.9026013016700744
5,machine,machinabilities,0.1853297164960534,0.3937146663665771,0.3200083374977112,0.3479009866714477,0.1516647636890411,0.4491690099239349,0.8709483742713928
5,machine,machinization,0.2141558338186043,0.3463241457939148,0.3608244657516479,0.3990645706653595,0.161168947815895,0.5150232315063477,0.8104327321052551
5,machine,machinizations,0.1619131944053042,0.3076914548873901,0.386414885520935,0.3566027283668518,0.1465161442756652,0.5469715595245361,0.7123199701309204
5,machine,machinics,0.1278980204710175,0.4332965910434723,0.3841345608234405,0.4060922861099243,0.1627596765756607,0.5174419283866882,0.8869786262512207
5,machine,machining,0.3599019779628273,0.4537795186042785,0.3701184689998626,0.4652793109416961,0.3879785537719726,0.4636578559875488,0.8859201073646545
5,machine,machinize,0.1684847159149936,0.3417203426361084,0.3747780323028564,0.4130045771598816,0.1701118499040603,0.5203810334205627,0.8222305774688721
5,machine,machinees,0.3156371586320703,0.632550835609436,0.7840644717216492,0.8649271130561829,0.1860481053590774,0.7516142129898071,0.84005206823349
5,machine,machineer,0.2521508256226117,0.6629612445831299,0.804023027420044,0.8300643563270569,0.2060338258743286,0.7796175479888916,0.8036572337150574
5,machine,machineed,0.1969011784754218,0.5319737195968628,0.7853176593780518,0.7940248250961304,0.2217275500297546,0.6875033378601074,0.8016774654388428
5,machine,machineds,0.2865536268240843,0.6656957864761353,0.7588631510734558,0.661541223526001,0.1681157946586609,0.7379088997840881,0.8757544159889221
5,machine,machiners,0.2920718190413567,0.5938845872879028,0.7897463440895081,0.7358062267303467,0.1624821573495865,0.7713937759399414,0.8404955267906189
5,machine,machineor,0.2030837031664355,0.7734020948410034,0.7649199962615967,0.775689959526062,0.2109222561120987,0.7600634694099426,0.9535563588142396
5,machine,machinely,0.1853297164960534,0.6896986365318298,0.769723117351532,0.7156651616096497,0.1666785478591919,0.7542335391044617,0.8588340878486633
5,machine,machinables,0.0322127752662481,0.4955832362174988,0.3645660877227783,0.4599086046218872,0.160146415233612,0.490176796913147,0.9429997205734252
5,machine,machinality,0.2141558338186043,0.333947092294693,0.3481532335281372,0.3680672645568847,0.1687331646680832,0.5036401748657227,0.8637982606887817
5,machine,machinative,0.2090714113589696,0.4923189282417297,0.3425871133804321,0.418088287115097,0.0552584156394004,0.5036295652389526,0.9069554805755616
5,machine,machineable,0.187796607589866,0.6978733539581299,0.7717475295066833,0.7299249172210693,0.1991448700428009,0.6812877655029297,0.8698856830596924
5,machine,machineisms,0.1619131944053042,0.7614458203315735,0.7215352058410645,0.7188451886177063,0.2172055840492248,0.7278043627738953,0.9299654960632324
5,machine,machinement,0.1619131944053042,0.7680541276931763,0.7221518158912659,0.748436450958252,0.1824446469545364,0.7356359958648682,0.9258216023445128
5,machine,machinable,0.2234339410343334,0.4613305926322937,0.3602581620216369,0.4400840401649475,0.2471485286951065,0.5242511630058289,0.8854373097419739
5,machine,machinally,0.0772781653823427,0.4598218500614166,0.3666321635246277,0.3372713029384613,0.1932429373264312,0.5405852198600769,0.8886336088180542
5,machine,machineing,0.1967040018283004,0.6098772883415222,0.794430136680603,0.7603709697723389,0.2106275409460067,0.708223283290863,0.8734822869300842
5,machine,machineeer,0.1619131944053042,0.7521920204162598,0.7539672255516052,0.679839015007019,0.2443474978208542,0.7489975690841675,0.91808819770813
5,machine,machineers,0.2090714113589696,0.6454905271530151,0.7952312231063843,0.7669644951820374,0.1979151368141174,0.7335017919540405,0.8524783253669739
5,machine,machinical,0.1915629025413115,0.4424578845500946,0.3815065026283264,0.4356448352336883,0.1670143455266952,0.5433732271194458,0.8810207843780518
5,machine,machinings,0.1959124549132062,0.4271276295185089,0.3958743810653686,0.4366814494132995,0.1324528008699417,0.504378616809845,0.7825443744659424
5,machine,machinizes,0.2090714113589696,0.3406566977500915,0.3889741897583008,0.39872607588768,0.1418965011835098,0.4927833974361419,0.718655526638031
5,machine,machinized,0.1553274523105243,0.4581224918365478,0.3622690439224243,0.4374764561653137,0.1683224290609359,0.5463259816169739,0.866025447845459
5,machine,machinically,0.1918436414532599,0.3947514295578003,0.3892423510551452,0.3702462017536163,0.1707484573125839,0.53193598985672,0.7968270778656006
5,machine,machined,0.2585787483607804,0.5232107639312744,0.7788636684417725,0.7492972016334534,0.2727943658828735,0.7575057148933411,0.7402220368385315
5,machine,machinal,0.126140623339812,0.5505211353302002,0.3443768918514251,0.4466211199760437,0.2079239636659622,0.5700298547744751,0.9452175498008728
5,machine,machinic,0.2294546825592343,0.4517894685268402,0.3863615989685058,0.462921530008316,0.352784514427185,0.547106921672821,0.910253405570984
5,machine,machines,0.4598859140834344,0.840714693069458,0.7751204967498779,0.8591773509979248,0.8118191361427307,0.7765709757804871,0.9696250557899476
5,machine,machiner,0.275925134374572,0.6782885789871216,0.7965713143348694,0.7988427877426147,0.5410593152046204,0.8018513917922974,0.8861364126205444
5,machine,machinitions,0.1619131944053042,0.4966588616371155,0.3845856189727783,0.4308108687400818,0.1138792261481285,0.4699369966983795,0.9254271984100342
5,machine,machinability,0.215827360666607,0.4609070420265198,0.3472801744937897,0.3445444703102112,0.1999116539955139,0.4845609068870544,0.8697255253791809
5,machine,machineabilities,0.2090714113589696,0.4493858218193054,0.5917797088623047,0.6838341951370239,0.1782235503196716,0.6264936923980713,0.8736702799797058
5,machine,machinibility,0.2090714113589696,0.4811727702617645,0.3609659373760223,0.3709844946861267,0.1707900017499923,0.515254557132721,0.8387489914894104
5,machine,machineability,0.1648103425948169,0.6228788495063782,0.7314846515655518,0.647135853767395,0.1893446594476699,0.711590588092804,0.8678627610206604
7,samsung,samsungs,0.420461267848041,0.6665775775909424,0.8465650081634521,0.9181878566741944,0.7843449115753174,0.8332589864730835,0.8929967880249023
7,official,officiality,0.1328623561820541,0.5626349449157715,0.7349874973297119,0.6786272525787354,0.406939297914505,0.7414205074310303,0.9414568543434144
7,official,officialism,0.1140495746933442,0.4493107497692108,0.7445915937423706,0.5692402124404907,0.2513788640499115,0.7770505547523499,0.8415956497192383
7,official,officialing,0.0607916111061442,0.6554666757583618,0.7869292497634888,0.7240335941314697,0.2643878161907196,0.7514871954917908,0.9575760364532472
7,official,officialize,0.1014195035797914,0.7860415577888489,0.7109267711639404,0.6821990013122559,0.4221000969409942,0.7799884080886841,0.9730021357536316
7,official,officialled,0.1341461748868672,0.7211987972259521,0.7175740003585815,0.733978807926178,0.1629996299743652,0.758121907711029,0.9580901265144348
7,official,officialal,0.1403363016668896,0.7067334055900574,0.7478622198104858,0.7165728807449341,0.214047759771347,0.7988792657852173,0.9756225943565368
7,official,officialed,0.1341461748868672,0.6986490488052368,0.7616074085235596,0.8315384387969971,0.1943073272705078,0.7985919713973999,0.9288507699966432
7,official,officiales,0.1237086412360853,0.4190583229064941,0.7586281299591064,0.7401967644691467,0.2234961688518524,0.6767076849937439,0.9142457842826844
7,official,officialer,0.0509066512486148,0.6971306800842285,0.7979860901832581,0.7024348974227905,0.2066070437431335,0.7421730756759644,0.9484919905662536
7,official,officialor,0.1459972682076609,0.7319164872169495,0.7586477398872375,0.6068106889724731,0.1770222336053848,0.7459381222724915,0.9645333886146544
7,official,officialization,0.1160617982107918,0.428808718919754,0.7403892874717712,0.5852870941162109,0.2039260566234588,0.6908973455429077,0.9249439239501952
7,official,officialally,0.0899103167977495,0.666633129119873,0.679444432258606,0.7727092504501343,0.1790003627538681,0.8089489340782166,0.9596827030181884
7,official,officialized,0.1128588513944423,0.6916410326957703,0.7263422012329102,0.7371255159378052,0.4294159412384033,0.8102402687072754,0.9625515937805176
7,official,officializes,0.0556916537783571,0.7332799434661865,0.6894413232803345,0.682407021522522,0.1630565524101257,0.8010555505752563,0.9651257395744324
7,official,officialling,0.1341461748868672,0.6848286390304565,0.75075763463974,0.6013523936271667,0.1870332658290863,0.7654298543930054,0.965688407421112
7,official,officialness,0.0325505759022176,0.6135588884353638,0.7405118942260742,0.7109293937683105,0.4166277050971985,0.7515175938606262,0.9033751487731934
7,official,officials,0.1682770267542996,0.5788026452064514,0.5577287673950195,0.6042729616165161,0.5036706924438477,0.6267173290252686,0.9248250722885132
7,official,officialities,0.1056669800894973,0.5342163443565369,0.6770688891410828,0.6359681487083435,0.1810166388750076,0.7269501686096191,0.933627188205719
7,official,officializing,0.142572204263909,0.6861916780471802,0.7201938629150391,0.6520920991897583,0.1967769414186477,0.7808646559715271,0.9600443243980408
7,official,officiallized,0.1262023121524724,0.6905746459960938,0.6760592460632324,0.6899856328964233,0.1547885537147522,0.7871242761611938,0.9725250005722046
7,site,siteation,0.0519686885194398,0.6640327572822571,0.7172002792358398,0.5824291110038757,0.2409325242042541,0.7225399017333984,0.93514484167099
7,site,sites,0.2044091403164105,0.8170456290245056,0.7543801069259644,0.8349939584732056,0.7183376550674438,0.7679183483123779,0.97998708486557
7,site,siter,0.0098712614887687,0.7233961224555969,0.7628700733184814,0.5581849813461304,0.3352155387401581,0.7558111548423767,0.9494368433952332
7,site,sitic,0.0232646817297121,0.5338382720947266,0.3186698257923126,0.131307914853096,0.1103697717189788,0.4472990334033966,0.890239953994751
7,site,sited,0.0465321081550449,0.5579014420509338,0.4922580420970917,0.6508805751800537,0.4086768627166748,0.5744001865386963,0.942609429359436
7,site,sitation,0.0713340468239491,0.5444844365119934,0.3226773142814636,0.1512580513954162,0.1217434778809547,0.4479151666164398,0.9390761256217957
7,site,siteable,0.0269931689112692,0.7070891857147217,0.6884089708328247,0.5926778316497803,0.2480280399322509,0.7030835747718811,0.9431453943252563
7,site,siteings,0.0433252304835544,0.7987754940986633,0.6737772226333618,0.5691072344779968,0.2428180426359176,0.728329598903656,0.9674707651138306
7,site,sitement,-0.0130633291701918,0.7704781293869019,0.6829103231430054,0.5873301029205322,0.2109109610319137,0.7222215533256531,0.9649800658226012
7,site,siteness,0.0392623971892532,0.7275583744049072,0.7151410579681396,0.5599676370620728,0.2037998288869857,0.7054911255836487,0.9286433458328248
7,site,sition,0.0055262780743743,0.5242666006088257,0.3422674238681793,0.1862142086029052,0.141897976398468,0.4358323514461517,0.9443385004997252
7,site,siting,0.0550010984925655,0.4956589639186859,0.2924955785274505,0.1125434041023254,0.2958734333515167,0.4230301976203918,0.8772696256637573
7,site,sitees,0.0625569007506769,0.6231806874275208,0.7405859231948853,0.7459237575531006,0.262344628572464,0.6802271604537964,0.900033712387085
7,site,siteds,0.0602958414143275,0.6450974941253662,0.4827345609664917,0.5403348207473755,0.1765272170305252,0.4804748594760895,0.9332085847854614
7,site,siteic,0.0097523525667215,0.7039742469787598,0.7191778421401978,0.5144122838973999,0.2506851255893707,0.7400745749473572,0.8993380069732666
7,site,sitely,0.0355636916238852,0.7549682855606079,0.7269066572189331,0.5708010196685791,0.1586884260177612,0.7394943237304688,0.8923254013061523
7,site,siters,0.0105336188978829,0.7239388823509216,0.7525937557220459,0.5012682676315308,0.23819400370121,0.6990427374839783,0.9348913431167604
7,site,siteal,0.0598569756026798,0.7387754917144775,0.7506065368652344,0.5818829536437988,0.2755236625671386,0.7384882569313049,0.9615959525108336
7,site,sitations,0.0425863918672414,0.517763614654541,0.304911196231842,0.1024895012378692,0.0505743212997913,0.3863269686698913,0.9366443753242492
7,site,sitance,-0.0613573528231035,0.502835750579834,0.3313632309436798,0.1999906152486801,0.1022694408893585,0.3774578273296356,0.9005650281906128
7,site,siteing,0.0324951069524409,0.6839388608932495,0.7465298771858215,0.6297643184661865,0.2975798547267914,0.7219442129135132,0.9535700678825378
7,site,sitions,0.0094327726940246,0.5470643043518066,0.3158937692642212,0.1477976590394973,0.0966217666864395,0.405984491109848,0.901120126247406
7,site,sitings,0.0218911962464276,0.5379163026809692,0.3012812733650207,0.1330907344818115,0.2164924442768097,0.3953619003295898,0.8973767757415771
8,tennis,tennisability,0.2571465896753104,0.6785905361175537,0.7695282697677612,0.8013296127319336,0.2349080145359039,0.7622162699699402,0.9020814299583436
8,tennis,tennisser,0.2651789512806324,0.8283918499946594,0.7350293397903442,0.8130655288696289,0.216542437672615,0.8097192645072937,0.9482748508453368
8,tennis,tennising,0.2165598942313343,0.7333434224128723,0.7942085266113281,0.9086270332336426,0.296924889087677,0.7297639846801758,0.891466498374939
8,tennis,tennissers,0.2717253885222014,0.6237452030181885,0.6443458795547485,0.7884700894355774,0.2123640477657318,0.7020562291145325,0.8691138029098511
8,tennis,tennissing,0.2571465896753104,0.8171790242195129,0.750251054763794,0.8852367401123047,0.1776735037565231,0.7669885754585266,0.9136893153190612
8,tennis,tennisallied,0.1852975828084659,0.65962815284729,0.680350661277771,0.8429122567176819,0.2942015826702118,0.6431261301040649,0.9069607853889464
8,tennis,tennises,0.2334048948123941,0.6129424571990967,0.7674548625946045,0.8839576244354248,0.2366646826267242,0.7474544048309326,0.8941648006439209
8,tennis,tennisal,0.2571465896753104,0.6621997356414795,0.7643913626670837,0.8473430871963501,0.3331513702869415,0.7453680038452148,0.8694378137588501
8,championships,championshipper,0.2772087894246154,0.6410355567932129,0.5827380418777466,0.6039295196533203,0.2567381262779236,0.7225757837295532,0.91965651512146
8,championships,championshipped,0.2772087894246154,0.6484107971191406,0.5979561805725098,0.585077166557312,0.2258602231740951,0.7023106813430786,0.8886712789535522
8,championships,championshipor,0.2772087894246154,0.5839433073997498,0.5437251329421997,0.605110228061676,0.26334348320961,0.7048728466033936,0.9011302590370178
8,championships,championship,0.5769166151343126,0.6722540855407715,0.7102441787719727,0.9007176160812378,0.8406343460083008,0.8700962066650391,0.9036423563957214
8,championships,championshipping,0.2772087894246154,0.6272034645080566,0.5801955461502075,0.7844805121421814,0.2519862651824951,0.7049363851547241,0.910913586616516
9,letter,letterability,0.1608442087398035,0.6631955504417419,0.7317012548446655,0.7184014916419983,0.2283991128206253,0.4416697323322296,0.9272288084030152
9,letter,letterally,0.1543063461118004,0.8037362098693848,0.7201429605484009,0.8142495155334473,0.2125454246997833,0.705652117729187,0.9708237051963806
9,letter,letterisms,0.1608442087398035,0.8185323476791382,0.7304928302764893,0.738226056098938,0.2062021791934967,0.381335973739624,0.986499011516571
9,letter,letterness,0.1608442087398035,0.7626706957817078,0.7737712264060974,0.7891069650650024,0.2059307843446731,0.6032635569572449,0.938473343849182
9,letter,letterring,0.219749174068035,0.8530193567276001,0.7363717555999756,0.7365765571594238,0.2053772062063217,0.557155430316925,0.9835017919540404
9,letter,letterrer,0.1092841674468121,0.8409020304679871,0.7246121764183044,0.6891851425170898,0.1885397583246231,0.6799772381782532,0.9813377261161804
9,letter,letterred,0.0513470762821518,0.7364299297332764,0.7467994093894958,0.7673134803771973,0.1891539096832275,0.8141571879386902,0.9823381304740906
9,letter,letterror,0.1145422673297402,0.8712875247001648,0.7087359428405762,0.7061490416526794,0.1803499311208725,0.3950693607330322,0.9791414737701416
9,letter,letterals,0.1920104123635862,0.8293886184692383,0.7408989667892456,0.7397305965423584,0.1925451904535293,0.7782596349716187,0.9691482782363892
9,letter,letterers,0.1427768966805893,0.557471752166748,0.7818155884742737,0.727946400642395,0.2047313004732132,0.6352012157440186,0.8820840716362
9,letter,letterism,0.1800648018943089,0.6501041650772095,0.7709828615188599,0.7405978441238403,0.2304737567901611,0.4443801641464233,0.8759509325027466
9,letter,letterize,0.1249606956237702,0.7680867910385132,0.7327227592468262,0.7494428157806396,0.2388577759265899,0.4573552012443542,0.959285855293274
9,letter,letteration,0.1842173442349131,0.4480751752853393,0.7584207057952881,0.7885804772377014,0.2088609337806701,0.8686229586601257,0.8987182378768921
9,letter,letterizing,0.2079590390978293,0.7716308832168579,0.7496470212936401,0.7313749194145203,0.2480148822069168,0.6609506011009216,0.967070698738098
9,letter,letterly,0.0993396650898137,0.7518773674964905,0.763263463973999,0.7448694109916687,0.2056110948324203,0.7420299053192139,0.9021568298339844
9,letter,letteror,0.1906682037963914,0.6906229257583618,0.7337151765823364,0.6814671754837036,0.1951242089271545,0.7579699754714966,0.9353165030479432
9,letter,letteral,0.1721839986582184,0.6810216307640076,0.7616226673126221,0.7479838132858276,0.2380568981170654,0.8475655913352966,0.9720357060432434
9,letter,letterer,0.0824232555502165,0.5342389345169067,0.7870587706565857,0.7219492793083191,0.2032621055841446,0.7648740410804749,0.8417962193489075
9,letter,letteres,0.1042636524206873,0.5066259503364563,0.7829222679138184,0.8264529705047607,0.2072973251342773,0.6139750480651855,0.8669837713241577
9,format,formattables,0.2103762832071163,0.5688830614089966,0.6923325061798096,0.6042675971984863,0.0955801531672477,0.5658595561981201,0.8756276369094849
9,format,formaters,0.1216946412237179,0.7699538469314575,0.7872416973114014,0.8100568056106567,0.1424180567264557,0.7758076190948486,0.9786188006401062
9,format,formateer,0.1625794676121328,0.7668575644493103,0.7390196919441223,0.7416041493415833,0.1880780160427093,0.8305569291114807,0.9763976335525512
9,format,formattor,0.2097647263935264,0.7658921480178833,0.7522897124290466,0.7407792806625366,0.1504397392272949,0.7355667948722839,0.957559049129486
9,format,formatter,0.2367162039410887,0.7057805061340332,0.7762838006019592,0.7939964532852173,0.4111815989017486,0.8183838129043579,0.9737746715545654
9,format,formatted,0.3238444710786091,0.6979827284812927,0.7805595397949219,0.793316125869751,0.6066778302192688,0.8371086120605469,0.9622387290000916
9,format,formatize,0.1860230315306102,0.6780976057052612,0.7388756275177002,0.8233616948127747,0.1521653980016708,0.7969071269035339,0.9638933539390564
9,format,formating,0.2459794104245368,0.6894388794898987,0.7858261466026306,0.9131070375442504,0.4533965289592743,0.8057230114936829,0.935666024684906
9,format,formatics,0.236572602777719,0.785876989364624,0.7511100769042969,0.6874022483825684,0.1581848710775375,0.7350514531135559,0.9304848313331604
9,format,formators,0.0589886994791586,0.7836662530899048,0.74005526304245,0.7512574195861816,0.1321988999843597,0.798564076423645,0.9613861441612244
9,format,formatable,0.1756186027799527,0.7975805997848511,0.7673782706260681,0.8103201389312744,0.1400205641984939,0.7734261751174927,0.956825852394104
9,format,formatings,0.1844844731840424,0.7801123261451721,0.7406738996505737,0.8664590120315552,0.0901263058185577,0.7932246327400208,0.9720266461372375
9,format,formatting,0.3380205006063139,0.7366899847984314,0.770114541053772,0.859972357749939,0.4952800273895263,0.7946435213088989,0.9565885066986084
9,format,formatters,0.2746126542539628,0.7057726383209229,0.7630103826522827,0.7755496501922607,0.3576542735099792,0.7655010223388672,0.9718841314315796
9,format,formatation,0.2024571662224524,0.7641552090644836,0.7627848386764526,0.8656827211380005,0.2264836877584457,0.8249993324279785,0.9273491501808168
9,format,formatically,0.1454363360866341,0.7202937602996826,0.7292401790618896,0.8379644155502319,0.1295399665832519,0.8362894058227539,0.9642380475997924
9,format,formatization,0.1625794676121328,0.6252899169921875,0.7828159332275391,0.8397650718688965,0.1559004783630371,0.7295194268226624,0.9095875024795532
9,format,formatizing,0.1625794676121328,0.6558778285980225,0.7605584859848022,0.8456982374191284,0.1287257522344589,0.7519892454147339,0.9646044969558716
9,format,formats,0.4497267833964923,0.8103235960006714,0.7576289176940918,0.8605853915214539,0.7633801102638245,0.8219167590141296,0.9832283854484558
9,format,formattable,0.2627866572655012,0.7449213266372681,0.7275104522705078,0.6482237577438354,0.0989612340927124,0.7051741480827332,0.9705929160118104
9,format,formattings,0.2131951355433985,0.6209437251091003,0.6873201727867126,0.8368136882781982,0.4162769317626953,0.6550332307815552,0.8474665284156799
9,format,formator,0.0963016051016548,0.7362939715385437,0.7420413494110107,0.7700583934783936,0.2107759565114975,0.7678675055503845,0.9621376991271972
9,format,formated,0.246754690333193,0.7151755094528198,0.776694118976593,0.8375296592712402,0.4593711793422699,0.8525093793869019,0.9335219860076904
9,format,formates,0.202321656305609,0.7549574971199036,0.7744951248168945,0.9342722296714784,0.3934262990951538,0.6732012629508972,0.9382638931274414
9,format,formater,0.2101234535031635,0.7983559370040894,0.7681489586830139,0.8424829840660095,0.1561988592147827,0.7432228922843933,0.9714599251747132
9,format,formatic,0.0976419708503876,0.7415100336074829,0.7695810794830322,0.7195484638214111,0.1579374521970749,0.8118387460708618,0.9656652212142944
9,format,formatly,0.1155253379635214,0.8478140830993652,0.763297438621521,0.8446500301361084,0.2074679881334304,0.8336198329925537,0.974203646183014
10,jurassic,jurassical,0.3119195303241136,0.7288404703140259,0.8321048021316528,0.9523733854293824,0.464251697063446,0.7471457719802856,0.9194075465202332
10,jurassic,jurassics,0.4092987920696229,0.6109042763710022,0.8467099070549011,0.958754062652588,0.4442811608314514,0.6766843795776367,0.8237401843070984
10,jurassic,jurassically,0.3509231958732482,0.7382692098617554,0.8297433853149414,0.8477566242218018,0.4514616429805755,0.7080996036529541,0.905080795288086
10,jurassic,jurassicness,0.3509231958732482,0.7617248296737671,0.8488374948501587,0.9207648038864136,0.4643434584140777,0.6440474987030029,0.8897367119789124
11,credit,crediteer,0.1836824599419648,0.774785041809082,0.7590807676315308,0.7018928527832031,0.0924763604998588,0.7304993271827698,0.9413809180259703
11,credit,crediters,0.2059578551043019,0.730137825012207,0.8196102380752563,0.8069580793380737,0.1878405064344406,0.8226104974746704,0.8868058919906616
11,credit,creditals,0.0906930720783359,0.7813757658004761,0.7664024829864502,0.7808219194412231,0.1304629892110824,0.8086575269699097,0.9150150418281556
11,credit,creditial,0.1587914403078603,0.8455960750579834,0.7642356157302856,0.7143601179122925,0.1584090739488601,0.8172298669815063,0.9671729803085328
11,credit,credition,-0.0112724566991987,0.8382143378257751,0.7910571098327637,0.8574387431144714,0.167553499341011,0.8199976682662964,0.982446551322937
11,credit,crediting,0.3151380592141191,0.7433158159255981,0.8189646005630493,0.8879361748695374,0.5100502371788025,0.876825749874115,0.9541980028152466
11,credit,creditism,0.1836824599419648,0.6273258328437805,0.7984529137611389,0.794844925403595,0.1645587831735611,0.866491436958313,0.8601454496383667
11,credit,creditive,0.171866462966288,0.7249327898025513,0.7710933685302734,0.7592452764511108,0.1676670014858245,0.8682698011398315,0.968830943107605
11,credit,creditted,0.1491825257990479,0.7842983603477478,0.7912639379501343,0.7985789775848389,0.3864016234874725,0.8372422456741333,0.9682838320732116
11,credit,credittor,0.1948557561644286,0.707298219203949,0.7629214525222778,0.7159323692321777,0.2140885144472122,0.8501351475715637,0.9044843912124634
11,credit,credital,0.2336231346441089,0.834581196308136,0.8009738922119141,0.8304765224456787,0.1413960307836532,0.8709278106689453,0.963977038860321
11,credit,crediter,0.1283857886836172,0.7296971678733826,0.8108450174331665,0.8007405996322632,0.2143907248973846,0.8292786478996277,0.849499523639679
11,credit,credites,0.0522260598184501,0.6879935264587402,0.810894250869751,0.9125720262527466,0.1778801679611206,0.7307107448577881,0.8889555335044861
11,credit,credited,0.2344830702830453,0.5356147289276123,0.5515344142913818,0.6353926658630371,0.4130491018295288,0.6329336762428284,0.7901519536972046
11,credit,creditly,0.171866462966288,0.7938646078109741,0.7919749021530151,0.7066205143928528,0.2508106529712677,0.7835457921028137,0.8785362243652344
11,credit,creditative,0.1261593753765035,0.8337704539299011,0.7409961223602295,0.6846329569816589,0.1768892705440521,0.808185875415802,0.9758463501930236
11,credit,creditation,0.0990831879657347,0.8092039227485657,0.800279974937439,0.8026602864265442,0.4918341040611267,0.8786411285400391,0.9294689297676086
11,credit,creditations,0.0809109840020466,0.7944083213806152,0.7753311395645142,0.8145246505737305,0.1827645748853683,0.7974658608436584,0.9519401788711548
11,credit,creditibility,0.0561328421869406,0.7991276383399963,0.7265435457229614,0.7395198941230774,0.2159735560417175,0.8086893558502197,0.8934562802314758
11,credit,creditibilities,0.1261593753765035,0.5327285528182983,0.6287020444869995,0.7217156887054443,0.1963034868240356,0.4338380992412567,0.8466536998748779
11,credit,credits,0.226139822863574,0.4728461503982544,0.617975115776062,0.8190823793411255,0.569649338722229,0.8058961033821106,0.9141876101493835
11,credit,crediteers,0.171866462966288,0.7753587961196899,0.7597630023956299,0.7008106112480164,0.0908465757966041,0.7494685053825378,0.8961043953895569
11,credit,creditions,0.1033436936395901,0.8177099823951721,0.7699801921844482,0.8400182723999023,0.1462131589651107,0.7902076840400696,0.9071575999259948
11,credit,creditible,0.1543909881173867,0.8422775268554688,0.7612670660018921,0.787481427192688,0.1610723286867141,0.837684154510498,0.932843804359436
11,credit,creditials,0.0733393530453023,0.8603315353393555,0.7436379194259644,0.6748417019844055,0.2533391714096069,0.7899889349937439,0.9562866687774658
11,credit,creditting,0.1520856206730002,0.837131142616272,0.7711299061775208,0.8794556260108948,0.2977766990661621,0.8299646377563477,0.9738394618034364
11,credit,credittors,0.205176150735338,0.7231020927429199,0.7626078128814697,0.694312572479248,0.1815006285905838,0.7940168976783752,0.8920794129371643
11,card,cardeds,0.126927494980036,0.5838071703910828,0.7045918107032776,0.6954023838043213,0.1011331006884574,0.6340925097465515,0.8847531676292419
11,card,cardeer,0.1939197340367714,0.6791194081306458,0.7477253675460815,0.5948134064674377,0.1453370004892349,0.6522623896598816,0.9132622480392456
11,card,carders,0.1249890209286955,0.6048632860183716,0.8017532825469971,0.6725765466690063,0.2712543904781341,0.6682541966438293,0.9104675054550172
11,card,cardial,0.1189348331639285,0.7264623641967773,0.7599652409553528,0.566459059715271,0.0718427002429962,0.8107300400733948,0.9244250655174256
11,card,cardism,0.1726657580062337,0.5788493156433105,0.78730309009552,0.5868321657180786,0.1110796108841896,0.7175332307815552,0.834532618522644
11,card,cardive,0.1616360992183615,0.6195108294487,0.7560389637947083,0.5888053178787231,0.095633327960968,0.7474806308746338,0.941021203994751
11,card,carding,0.1462777086912223,0.6503087878227234,0.8210741281509399,0.7141621112823486,0.3208014070987701,0.869217574596405,0.8639253377914429
11,card,cardion,-0.0392839330264371,0.5439115166664124,0.7593615651130676,0.587408185005188,0.1081844419240951,0.8133915662765503,0.9189128279685974
11,card,cardize,0.0753674536870447,0.6102851629257202,0.7295355796813965,0.6407608985900879,0.1057672426104545,0.6409710645675659,0.942500650882721
11,card,cardabilities,0.1879198493969363,0.4347829222679138,0.6155441403388977,0.6369608044624329,0.1347510069608688,0.5869831442832947,0.8402377367019653
11,card,cardic,0.139238855312745,0.6891129016876221,0.7834556102752686,0.6325266361236572,0.0792088583111763,0.8106486201286316,0.8882611393928528
11,card,cardor,0.1423373531028119,0.6638615131378174,0.7864397764205933,0.6974475383758545,0.1190946102142334,0.7854324579238892,0.9285637736320496
11,card,cardly,0.0920692457069548,0.5184445381164551,0.7789930701255798,0.6155285835266113,0.2012582123279571,0.6716651916503906,0.8881630897521973
11,card,cardal,0.0336235283981898,0.6568962335586548,0.7952640652656555,0.6274491548538208,0.1389494091272354,0.7857626080513,0.9302543997764589
11,card,carder,0.1134354250565973,0.4921301603317261,0.7957611083984375,0.7273424863815308,0.3003919124603271,0.7553661465644836,0.8676803708076477
11,card,cardes,0.1888230155832453,0.5076386332511902,0.8053792715072632,0.7589468955993652,0.1553757190704345,0.6906349658966064,0.8460798263549805
11,card,carded,0.2238206384626148,0.6735689640045166,0.8009809851646423,0.764117956161499,0.2926963269710541,0.7456943392753601,0.894085705280304
11,card,cardation,0.126927494980036,0.712701141834259,0.7736512422561646,0.5529610514640808,0.1249095126986503,0.8020033836364746,0.9114651083946228
11,card,cardially,0.174889975112182,0.6012812852859497,0.681114137172699,0.4389520585536957,0.034460537135601,0.711111307144165,0.8674421906471252
11,card,cardicism,0.126927494980036,0.4940767586231231,0.655746579170227,0.47207972407341,0.0766053199768066,0.5292507410049438,0.8295759558677673
11,card,cardicals,0.0309933464987482,0.625249981880188,0.7005370855331421,0.558769702911377,0.0809754282236099,0.7286893725395203,0.8779799938201904
11,card,cardations,0.1489240631433175,0.6616445183753967,0.7379957437515259,0.5728928446769714,0.1100883856415748,0.6834633350372314,0.9309237003326416
11,card,cardally,0.1726657580062337,0.7020696997642517,0.7405645847320557,0.6460056900978088,0.1257558465003967,0.6736007928848267,0.9474270343780518
11,card,cardable,0.159246268747336,0.7733621597290039,0.7610493898391724,0.7121737003326416,0.1860961467027664,0.7134092450141907,0.9106820821762084
11,card,cardeers,0.1663514146679849,0.6130426526069641,0.7343679666519165,0.6058965921401978,0.1222890242934227,0.6292207837104797,0.9213592410087584
11,card,cardings,0.0784263695762288,0.6807742118835449,0.761085033416748,0.6741934418678284,0.121719017624855,0.7267038226127625,0.9091340899467468
11,card,cardical,0.1190130650202048,0.6836874485015869,0.7330959439277649,0.5558202266693115,0.0877478867769241,0.7555729746818542,0.9406988024711608
11,card,cardials,0.1998176201948589,0.7254838943481445,0.7265905141830444,0.5632577538490295,0.0452701859176158,0.6826494932174683,0.9409801959991456
11,card,cardizer,0.126927494980036,0.6784539818763733,0.7275065779685974,0.6230455636978149,0.1544080525636673,0.7500086426734924,0.843465268611908
11,card,cardness,0.1458160826050099,0.5415716171264648,0.7707916498184204,0.6614046096801758,0.2529223263263702,0.6948695778846741,0.926651656627655
11,card,cardment,0.126927494980036,0.6624701619148254,0.7417932748794556,0.58891361951828,0.1223896741867065,0.7490221261978149,0.9309037923812866
11,application,applicationation,0.1715380699456493,0.6992045640945435,0.7855530381202698,0.835591733455658,0.1678725779056549,0.753940999507904,0.9769620299339294
11,application,applicationor,0.1736847573318176,0.83689284324646,0.7643117308616638,0.7502129673957825,0.165394440293312,0.7926447987556458,0.9759786128997804
11,application,applicationes,0.1501941661082222,0.5886862277984619,0.8002893924713135,0.8871487379074097,0.1544327437877655,0.7499309778213501,0.8988090753555298
11,application,applicationer,0.1258437908874105,0.807556688785553,0.7906969785690308,0.8100913763046265,0.1840236186981201,0.7682490944862366,0.942615568637848
11,application,applicationed,0.1450713106124611,0.8084996342658997,0.7910172939300537,0.8027759790420532,0.1598674058914184,0.74916672706604,0.9536926746368408
11,application,applicational,0.1668281731733406,0.7851607799530029,0.7590700387954712,0.8045437335968018,0.364479660987854,0.7465729713439941,0.9785209894180298
11,application,applicatively,0.1517766463532666,0.4794500470161438,0.4964193403720855,0.4881387650966644,0.1341667473316192,0.60988450050354,0.9401318430900574
11,application,applicativity,0.1258437908874105,0.4754643738269806,0.5010641813278198,0.4665633738040924,0.2109960168600082,0.5731335878372192,0.8471131324768066
11,application,applicationing,0.1653283777791735,0.7927659153938293,0.8029612302780151,0.9052090048789978,0.1959430277347564,0.7793599367141724,0.9107697606086732
11,application,applicationally,0.165176021273679,0.7864779233932495,0.7245023250579834,0.7192556858062744,0.1983479410409927,0.7824382781982422,0.9795590043067932
11,application,applicationable,0.1030281091504971,0.7622037529945374,0.7724616527557373,0.6993005275726318,0.1323633790016174,0.7596283555030823,0.940520167350769
11,application,applicationlied,0.1258437908874105,0.4687938690185547,0.6930757761001587,0.7162606120109558,0.1407261490821838,0.5778102874755859,0.904884934425354
11,application,applicatives,0.1588239056523591,0.4877725541591644,0.5055375099182129,0.4496006965637207,0.1685502529144287,0.5707729458808899,0.870769739151001
11,application,applications,0.4593119987399698,0.8697205781936646,0.8018485307693481,0.8987150192260742,0.7757545113563538,0.8308797478675842,0.9823744893074036
11,application,applicative,0.1576125788863869,0.5159183740615845,0.484092503786087,0.478338211774826,0.3309862017631531,0.6088534593582153,0.925219476222992
12,child,childers,0.141528934319295,0.4602490961551666,0.7577730417251587,0.6056643724441528,0.3070459365844726,0.464638739824295,0.930467128753662
12,child,childism,0.1006772892731684,0.5922994017601013,0.734801709651947,0.6058869361877441,0.3020156919956207,0.7637253403663635,0.8540657162666321
12,child,childing,0.1332483076309295,0.6360501646995544,0.7786697149276733,0.6882275342941284,0.2821226716041565,0.5898780822753906,0.924890398979187
12,child,childal,0.1761919753390778,0.65925133228302,0.7376786470413208,0.6810844540596008,0.169813334941864,0.729773759841919,0.9657694101333618
12,child,childes,0.1455393698821641,0.582740068435669,0.7650343775749207,0.7027143239974976,0.1962007284164428,0.5424095392227173,0.9338853359222412
12,child,childer,0.1053628495747724,0.5437061190605164,0.7764864563941956,0.6826557517051697,0.3062556982040405,0.5011395215988159,0.8771694302558899
12,child,childed,0.1791123600772881,0.7025799751281738,0.7713236808776855,0.7517663836479187,0.1454470753669738,0.7210864424705505,0.973016619682312
12,child,childor,0.1804768004655667,0.6996084451675415,0.7403109073638916,0.7005980610847473,0.2385506927967071,0.5518698692321777,0.9698963165283204
12,child,childly,0.0437111102430454,0.6653220057487488,0.7567822933197021,0.6584153771400452,0.1874576359987259,0.7252163887023926,0.9204927682876588
12,child,childs,0.2172445122346999,0.6374987363815308,0.795481264591217,0.713657021522522,0.6951650381088257,0.6632804274559021,0.9243541359901428
12,child,childization,0.1761919753390778,0.6340073347091675,0.7320363521575928,0.5444786548614502,0.1252185106277465,0.5780924558639526,0.9333096742630004
12,child,childerness,0.1356052798951018,0.5782888531684875,0.5933530330657959,0.6672651767730713,0.1867345869541168,0.4739454090595245,0.968469262123108
12,child,childable,0.107500495174463,0.7335484027862549,0.7275835275650024,0.6435688138008118,0.1461554914712906,0.6765275597572327,0.9475142359733582
12,child,childized,0.1761919753390778,0.7507321834564209,0.7347643375396729,0.6608777046203613,0.1987544894218444,0.7112565040588379,0.9617713093757628
12,child,childings,-0.0869286083929356,0.7253279089927673,0.71747887134552,0.5913574695587158,0.213667094707489,0.4901218116283417,0.966584086418152
12,child,childlies,0.1761919753390778,0.7570775747299194,0.6859691739082336,0.5972860455513,0.2583494782447815,0.7400364279747009,0.959180235862732
12,child,childness,0.1383351103776624,0.7311605215072632,0.7346575856208801,0.6854346990585327,0.2856548130512237,0.685627818107605,0.919774889945984
12,child,childliness,0.107500495174463,0.665668249130249,0.6876555681228638,0.5695314407348633,0.2640565931797027,0.6099850535392761,0.888342022895813
12,stick,stickabilities,0.2017256433188241,0.4343694448471069,0.6306538581848145,0.599673330783844,0.1670661121606826,0.5474926233291626,0.8968170881271362
12,stick,stickable,0.2308836857989549,0.5977027416229248,0.780725359916687,0.7465114593505859,0.3796896636486053,0.7491468191146851,0.9086902141571044
12,stick,stickeers,0.0932188924113234,0.6536096930503845,0.7518420219421387,0.5897642374038696,0.162291944026947,0.7610370516777039,0.960552990436554
12,stick,stickings,0.154135893585264,0.5361917614936829,0.6235394477844238,0.7982085943222046,0.3847249746322632,0.6277825236320496,0.8508421778678894
12,stick,stickkers,0.0932188924113234,0.6870239973068237,0.7530633211135864,0.6440781354904175,0.1737602055072784,0.6295972466468811,0.9809918403625488
12,stick,stickking,0.1260328048997617,0.6785790920257568,0.7688822746276855,0.788956880569458,0.2619659900665283,0.5299049019813538,0.9840193390846252
12,stick,sticklies,0.2471909590562317,0.6121067404747009,0.7289935350418091,0.6289548873901367,0.2187229394912719,0.7616017460823059,0.9662762880325316
12,stick,stickness,0.0500592771301795,0.572978138923645,0.8045774698257446,0.8153292536735535,0.1061679646372795,0.7602902054786682,0.8873488903045654
12,stick,stickor,0.2020840828941337,0.4467824697494507,0.796661913394928,0.6859457492828369,0.2342341542243957,0.7243209481239319,0.9644378423690796
12,stick,stickly,0.3205525421831283,0.5780047178268433,0.7851599454879761,0.7635030746459961,0.4437125325202942,0.8015429377555847,0.902011513710022
12,stick,stickes,0.1785569424335234,0.5297041535377502,0.801331639289856,0.8580719232559204,0.4670341610908508,0.7844201326370239,0.8654635548591614
12,stick,sticked,0.2025380719418987,0.6323481798171997,0.8110668063163757,0.7434933185577393,0.5442284941673279,0.7802571058273315,0.9223049283027648
12,stick,stickables,0.1595422744641633,0.4590956568717956,0.7347298860549927,0.6975246071815491,0.2238505333662033,0.6893733143806458,0.8825211524963379
12,stick,stickability,0.1919936572893783,0.5052152872085571,0.7640470862388611,0.6960477232933044,0.3398590385913849,0.5643545389175415,0.8940548300743103
12,stick,stickors,0.2471909590562317,0.6842525005340576,0.793097198009491,0.6582335233688354,0.1989101320505142,0.7105733156204224,0.9672897458076476
12,stick,stickeer,0.1757302582763845,0.6664831638336182,0.755721926689148,0.5913772583007812,0.1841091215610504,0.7286657094955444,0.9676268100738524
12,stick,stickeds,0.0932188924113234,0.5065423250198364,0.7172183990478516,0.712297797203064,0.2058323472738266,0.7203359007835388,0.8742498755455017
12,stick,stickals,0.2471909590562317,0.6072205305099487,0.7791267037391663,0.6673104166984558,0.1977479010820388,0.7499651312828064,0.9662848114967346
12,stick,sticklys,0.2471909590562317,0.5259406566619873,0.7037736177444458,0.6858875155448914,0.1391661167144775,0.6993417739868164,0.9461103081703186
12,stick,stickker,0.104732580857094,0.6251986026763916,0.777085542678833,0.6268424987792969,0.221449613571167,0.6112038493156433,0.9719813466072084
12,stick,stickity,0.2234492641933155,0.6073163747787476,0.7921614050865173,0.7274695634841919,0.1408610343933105,0.8281502723693848,0.929032564163208
12,stick,sticking,0.3393113839848016,0.9172621965408324,0.6699971556663513,0.86171555519104,0.6937012076377869,0.4613842070102691,0.9832813143730164
12,stick,stickism,0.2234492641933155,0.4541251063346863,0.8054791688919067,0.6793965101242065,0.2606686055660248,0.7338827252388,0.767462968826294
12,figures,figuresability,0.1516859627231934,0.7597769498825073,0.7541477680206299,0.6109406352043152,0.2582573294639587,0.7503953576087952,0.9364186525344848
12,figures,figuresed,0.1516859627231934,0.8137970566749573,0.7873167395591736,0.764414370059967,0.2280272841453552,0.7841238379478455,0.9072269201278688
12,figures,figuresize,0.2032547012355291,0.8123754858970642,0.7565216422080994,0.6170421242713928,0.1489703208208084,0.8024430274963379,0.94889497756958
13,periodic,periodication,0.2746804342630999,0.6508198976516724,0.8538631200790405,0.8733508586883545,0.1382808834314346,0.7888197898864746,0.8953560590744019
13,periodic,periodicially,0.3032308262678658,0.6447916626930237,0.7681452631950378,0.8406277298927307,0.1842342764139175,0.5341078639030457,0.8818312883377075
13,periodic,periodicities,0.3689660579358241,0.5921525359153748,0.8309339284896851,0.8939488530158997,0.3671386241912842,0.7275511026382446,0.8638837337493896
13,periodic,periodics,0.355187527522435,0.5980405807495117,0.8564314842224121,0.9576849937438964,0.291170060634613,0.7470611333847046,0.7754936218261719
13,periodic,periodicials,0.2356767687139653,0.7298635244369507,0.8298856019973755,0.7943999767303467,0.1841506958007812,0.486950159072876,0.8257923722267151
13,periodic,periodicized,0.2974961160000133,0.7439866065979004,0.8416483402252197,0.8523911237716675,0.2191881835460662,0.727334201335907,0.9669489860534668
13,periodic,periodiccal,0.3264155008369316,0.8486205339431763,0.8339058756828308,0.8221442699432373,0.1611102670431137,0.6997901797294617,0.9628444314002992
13,periodic,periodicial,0.2746804342630999,0.8055416941642761,0.8283542990684509,0.8790863156318665,0.209738478064537,0.690822958946228,0.8984948992729187
13,periodic,periodicity,0.4228393464877858,0.6336597800254822,0.8475044369697571,0.9122105836868286,0.3465024828910827,0.7564053535461426,0.8603914380073547
13,periodic,periodicize,0.2974961160000133,0.7726394534111023,0.825717568397522,0.8240816593170166,0.2056062370538711,0.6018790006637573,0.8630057573318481
13,periodic,periodicically,0.2974961160000133,0.7865742444992065,0.8074549436569214,0.8796873092651367,0.1913211047649383,0.498297244310379,0.9443926811218262
13,periodic,periodicor,0.2974961160000133,0.728137195110321,0.837085485458374,0.8411485552787781,0.1688646376132965,0.713668167591095,0.9372887015342712
13,periodic,periodicly,0.1860756136830006,0.7289149165153503,0.8363335132598877,0.8959919214248657,0.3317665159702301,0.6195553541183472,0.886574387550354
13,periodic,periodications,0.2746804342630999,0.6549233198165894,0.8466005921363831,0.8870825171470642,0.1236766651272773,0.7633655667304993,0.848868191242218
13,table,tableor,0.1911290753879531,0.7661396265029907,0.758221447467804,0.713062584400177,0.3045481145381927,0.7499050498008728,0.9680275917053224
13,table,tablers,0.1904467334366825,0.6731882095336914,0.7665322422981262,0.7072559595108032,0.3137054443359375,0.6880258321762085,0.9318785667419434
13,table,tablees,0.208603693361332,0.6281055808067322,0.7733991146087646,0.8672947883605957,0.1694909632205963,0.7334803342819214,0.8731561899185181
13,table,tableed,0.1833717778146935,0.706100344657898,0.7589577436447144,0.834702730178833,0.211121454834938,0.7713888883590698,0.9171479940414428
13,table,tableds,0.2047526505179589,0.6900671720504761,0.7298751473426819,0.7291043400764465,0.2489876300096511,0.7571092844009399,0.9341052174568176
13,table,tablize,0.1863320448485623,0.3947996497154236,0.3909229636192322,0.413976639509201,0.2278875410556793,0.5175306797027588,0.9391402006149292
13,table,tabling,0.2128841401718587,0.4050268232822418,0.3624963760375976,0.5156852602958679,0.3223680853843689,0.5169249176979065,0.9296589493751526
13,table,tablity,0.1372159407725243,0.4633360505104065,0.3792987465858459,0.4974894523620605,0.2370711266994476,0.5462130904197693,0.9415326118469238
13,table,tablies,0.1734681809874884,0.4079665243625641,0.405466616153717,0.4295651614665985,0.2169505357742309,0.5666347742080688,0.9062107801437378
13,table,tably,0.126343429763207,0.3271989226341247,0.376933217048645,0.4782584309577942,0.2834652364253998,0.5902227759361267,0.8742737174034119
13,table,tableable,0.1427850823707174,0.6950680613517761,0.751294732093811,0.7250450253486633,0.1748531013727188,0.7085198163986206,0.9471579194068908
13,table,tableized,0.1427850823707174,0.7722820043563843,0.7376261353492737,0.7541606426239014,0.224978357553482,0.7923867106437683,0.9723596572875975
13,table,tableizer,0.1395471335643694,0.7430646419525146,0.6992883086204529,0.6347734332084656,0.2478906512260437,0.7187235951423645,0.9643409252166748
13,table,tablement,0.1705765537228903,0.7691852450370789,0.7148972749710083,0.8031699657440186,0.2345805019140243,0.7515278458595276,0.9619240164756776
13,table,tableness,0.1947810778233455,0.6967229247093201,0.7466334104537964,0.7746791839599609,0.1989479660987854,0.7228298187255859,0.9360066056251526
13,table,tability,0.1182282000750693,0.3941141963005066,0.3034156262874603,0.4593395888805389,0.0842103436589241,0.4884709417819977,0.8457942605018616
13,table,tableize,0.1922070072241668,0.7448698282241821,0.7261431217193604,0.6929252743721008,0.2145822048187255,0.8008619546890259,0.9656631350517272
13,table,tableity,0.1372159407725243,0.7133722305297852,0.7524134516716003,0.7396921515464783,0.147532045841217,0.6844722032546997,0.9215405583381652
13,table,tableism,0.1427850823707174,0.6585752367973328,0.7455403804779053,0.6806216239929199,0.1557909250259399,0.640908420085907,0.9134687781333924
13,table,tableing,0.1587709942118494,0.6446919441223145,0.7775726318359375,0.8426382541656494,0.2498844116926193,0.7205368280410767,0.8997014760971069
13,table,tablings,0.0929030157924851,0.45192950963974,0.3775663375854492,0.4694903492927551,0.1780890673398971,0.4950019121170044,0.946334958076477
13,table,tablized,0.1833717778146935,0.2921026349067688,0.3698547482490539,0.4750771820545196,0.2594613134860992,0.5441686511039734,0.8014841675758362
13,table,tablizer,0.1049736349190461,0.455513447523117,0.3289508819580078,0.3931036591529846,0.2530994713306427,0.5083983540534973,0.9344100952148438
13,table,tablys,0.211214651843847,0.4294378161430359,0.3906958699226379,0.4668455719947815,0.2084991186857223,0.5197722911834717,0.9275909662246704
13,table,tablor,0.1028217544595125,0.4522520303726196,0.3579557836055755,0.4115219712257385,0.2277320176362991,0.560259997844696,0.945743203163147
13,table,tables,0.4455254328120083,0.839064359664917,0.6889756321907043,0.9090586304664612,0.8093202114105225,0.8735321164131165,0.9787068963050842
13,table,tabler,0.1186414976637056,0.6388932466506958,0.7940771579742432,0.7374157309532166,0.3959676921367645,0.7441724538803101,0.948334276676178
13,table,tabled,0.1919429928934304,0.6255769729614258,0.7646347284317017,0.7507873773574829,0.3280225992202759,0.7737485766410828,0.8815067410469055
13,table,tablic,0.0176285392518549,0.3916162252426147,0.3514660596847534,0.4360513389110565,0.2117184549570083,0.5983174443244934,0.8803136944770813
13,table,tableization,0.1372159407725243,0.729416012763977,0.7381173372268677,0.7443413138389587,0.1907368600368499,0.6850563287734985,0.9607171416282654
14,equation,equationing,0.2638227173774348,0.6774660348892212,0.810735285282135,0.7819288372993469,0.344139814376831,0.8079004287719727,0.8219384551048279
14,equation,equationism,0.2991640278184083,0.6041222214698792,0.8172236084938049,0.5592730641365051,0.3347445726394653,0.6738395094871521,0.841852068901062
14,equation,equational,0.3244629537954248,0.7309579849243164,0.7927043437957764,0.6417304873466492,0.3407800793647766,0.8297479748725891,0.9266093969345092
14,equation,equationed,0.2763483460814948,0.7946438789367676,0.8076831102371216,0.7553344964981079,0.285860925912857,0.7538264989852905,0.9131406545639038
14,equation,equationes,0.2982401095612144,0.5316006541252136,0.8012672066688538,0.8307466506958008,0.3305659890174866,0.6652963757514954,0.7629934549331665
14,equation,equations,0.5749374025525206,0.8933955430984497,0.7861982583999634,0.8834672570228577,0.7542341351509094,0.7593613862991333,0.9784802198410034
14,equation,equationally,0.2556476322078903,0.7219678163528442,0.7886407375335693,0.8178540468215942,0.340673953294754,0.7878590822219849,0.9623772501945496
14,edior,ediors,0.6833216445921859,0.6171562671661377,0.9455518126487732,0.9229529500007628,0.7137557864189148,0.8195273876190186,0.9262038469314576
15,agricultural,agricultured,0.1499079544142852,0.8211680054664612,0.6315431594848633,0.8174605369567871,0.2687567770481109,0.6608798503875732,0.9285799860954284
15,agricultural,agricultures,0.3556634147815943,0.7330173254013062,0.6461769342422485,0.8979095220565796,0.7169408202171326,0.7212937474250793,0.8774223923683167
15,agricultural,agriculturer,0.2830865191570803,0.7344712018966675,0.6496998071670532,0.7027433514595032,0.226805031299591,0.717964768409729,0.9312823414802552
15,agricultural,agriculturals,0.2439002826347086,0.7156506776809692,0.791401743888855,0.9443531036376952,0.3192409574985504,0.80507493019104,0.909760057926178
15,agricultural,agricultureal,0.298308066339788,0.7485017776489258,0.6450244188308716,0.8044259548187256,0.2660530805587768,0.7616809606552124,0.9243306517601012
15,agricultural,agriculturely,0.2424484192233137,0.8163549900054932,0.6375904083251953,0.8066771030426025,0.2583257853984833,0.7550963163375854,0.921300768852234
15,agricultural,agricultureor,0.2928752948191799,0.775715708732605,0.6549420952796936,0.711621880531311,0.2410986125469207,0.6228317618370056,0.9203157424926758
15,agricultural,agriculturers,0.2034447536741791,0.7221386432647705,0.6749136447906494,0.7272534966468811,0.2186204046010971,0.7234178781509399,0.9187845587730408
15,agricultural,agriculturing,0.2491783420651307,0.6084548234939575,0.5266103148460388,0.6206524968147278,0.282145619392395,0.6615832448005676,0.8898221850395203
15,agricultural,agriculturization,0.3052649920825417,0.567912220954895,0.5724120140075684,0.5758929252624512,0.2386739253997802,0.618729293346405,0.8865814208984375
15,agricultural,agriculture,0.5545307956783676,0.917776107788086,0.779958963394165,0.9457074999809264,0.8363139033317566,0.8515408039093018,0.9661896228790284
15,agricultural,agriculturally,0.3950127238563222,0.8362807035446167,0.7669346928596497,0.834706723690033,0.6402727365493774,0.8127008080482483,0.9254798889160156
15,machinery,machineryal,0.3023474850201071,0.693076491355896,0.8071592450141907,0.8179529905319214,0.2069126516580581,0.749711275100708,0.9484893083572388
15,machinery,machineries,0.4116576637659768,0.6795304417610168,0.5580658316612244,0.6433640718460083,0.8021650910377502,0.7550937533378601,0.9069865942001344
15,machinery,machinerier,0.3023474850201071,0.6902728080749512,0.5322756767272949,0.362113356590271,0.2318311333656311,0.8055481314659119,0.9042698740959167
15,machinery,machinerys,0.3287162290860732,0.7761526107788086,0.8307889699935913,0.962632954120636,0.2024487257003784,0.8538315892219543,0.8771140575408936
16,migrate,migrator,0.3772683806862249,0.634715735912323,0.5852599143981934,0.1461798846721649,0.4855556488037109,0.3251135051250458,0.9396657347679138
16,migrate,migrated,0.4760331764706615,0.8622313737869263,0.7851858139038086,0.7729676961898804,0.7505775690078735,0.7894433736801147,0.9606006145477296
16,migrate,migrater,0.2860154318863558,0.6854957342147827,0.8504946231842041,0.8730990886688232,0.263942152261734,0.8551591038703918,0.8909984827041626
16,migrate,migrates,0.4435925336863858,0.6283674836158752,0.859338104724884,0.935045838356018,0.7413629293441772,0.8546606302261353,0.790265679359436
16,migrate,migratations,0.3903093297874895,0.5753456950187683,0.6508376598358154,0.1418193727731704,0.1554557085037231,0.3101835250854492,0.9157759547233582
16,migrate,migrators,0.3622483424652497,0.4528901576995849,0.5849400758743286,0.1369198858737945,0.5588422417640686,0.3875258564949035,0.8313992619514465
16,migrate,migraters,0.2655887027700997,0.6130307912826538,0.8628960847854614,0.8393596410751343,0.2533662319183349,0.8338225483894348,0.8926846981048584
16,migrate,migrateor,0.3360821696786167,0.74466472864151,0.8406319618225098,0.8336359262466431,0.1720052361488342,0.7384374737739563,0.916522204875946
16,migrate,migrateed,0.3132664879417033,0.7509352564811707,0.8526257872581482,0.8671571016311646,0.196877971291542,0.8329983353614807,0.923608422279358
16,migrate,migrative,0.3409729085128876,0.7140893936157227,0.57364422082901,0.1142134219408035,0.1997286975383758,0.3292118906974792,0.9450131058692932
16,migrate,migrating,0.5353467728894549,0.8860870003700256,0.8308970928192139,0.949172019958496,0.8103567957878113,0.9086725115776062,0.9520755410194396
16,migrate,migratation,0.3851760894856951,0.5983339548110962,0.6343788504600525,0.1483527719974517,0.1590627580881118,0.3209530711174011,0.924027144908905
16,migrate,migrateable,0.3665676349245734,0.723879337310791,0.8523550629615784,0.8717500567436218,0.1634122133255005,0.8118942379951477,0.9439175724983216
16,migrate,migratition,0.3360821696786167,0.5010535717010498,0.6293748021125793,0.168577030301094,0.1476843655109405,0.3356237709522247,0.8985947370529175
16,migrate,migratable,0.3099134603523086,0.5995782613754272,0.630766749382019,0.1002404689788818,0.3694319427013397,0.3377932608127594,0.9337555766105652
16,migrate,migrateing,0.2970785041294821,0.6578637361526489,0.8582614660263062,0.9701988697052002,0.2343235462903976,0.8698446750640869,0.9460949897766112
16,migrate,migratings,0.3903093297874895,0.5507500171661377,0.7341481447219849,0.9015890955924988,0.1931340396404266,0.8358862996101379,0.888915479183197
16,migrate,migrability,0.3903093297874895,0.4702972173690796,0.6156151294708252,0.0956165790557861,-0.0059023783542215,0.296081930398941,0.8875306844711304
16,migrate,migratability,0.3825466346777851,0.497236043214798,0.6399497389793396,0.0642942041158676,0.1843989193439483,0.2641561925411224,0.8460744023323059
16,abroad,abroaders,0.2844367903395437,0.72258460521698,0.8275470733642578,0.7582569122314453,0.2687808871269226,0.8609303832054138,0.9364078640937804
16,abroad,abroadly,0.2323258334837302,0.8599597215652466,0.7925403118133545,0.8991818428039551,0.2247577756643295,0.8912869095802307,0.9103858470916748
16,abroad,abroader,0.2598139834514985,0.6982686519622803,0.8107202649116516,0.7264559268951416,0.2757259011268616,0.8505786061286926,0.9148769378662108
16,abroad,abroadness,0.0480655385110194,0.777640700340271,0.8174538612365723,0.8794525861740112,0.1929607540369033,0.872958779335022,0.9424471259117126
16,abroad,abroads,0.2412592718105881,0.8232185244560242,0.8254275321960449,0.9269054532051086,0.2771020531654358,0.8415225744247437,0.8978360295295715
17,gif,gifs,0.4475489336612769,0.7890059351921082,0.8564490079879761,0.8420241475105286,0.79073166847229,0.8373128771781921,0.9356650710105896
17,gif,gifness,0.2449708024218901,0.7799357175827026,0.8991949558258057,0.7407992482185364,-0.0226441770792007,0.7862616181373596,0.961277425289154
17,gif,gifly,0.0656427560943587,0.7361582517623901,0.7641204595565796,0.3928825259208679,0.1367198526859283,0.6337781548500061,0.963918149471283
17,gif,gifity,0.1908232017628947,0.5693339705467224,0.7739572525024414,0.5022428035736084,0.1202453896403312,0.5899752378463745,0.9284564256668092
17,collection,collectioned,0.090388268010821,0.7812787890434265,0.7763670682907104,0.8474212884902954,0.1440322399139404,0.782617449760437,0.944743275642395
17,collection,collectiones,0.1234831003588717,0.6538769006729126,0.7748692035675049,0.9486421346664428,0.2198126465082168,0.783978283405304,0.8630808591842651
17,collection,collectioner,0.1029805951001615,0.7545108795166016,0.7844662666320801,0.8583489656448364,0.1560496091842651,0.7710792422294617,0.921351432800293
17,collection,collectional,0.1495124407578992,0.8187974095344543,0.7497260570526123,0.8465163707733154,0.1822216808795929,0.814452052116394,0.9608612060546876
17,collection,collectionor,0.13804210429171,0.7711866497993469,0.7511178255081177,0.8093855381011963,0.1323284655809402,0.7530250549316406,0.967493176460266
17,collection,collectionly,0.1617837991546262,0.7420178055763245,0.7522256970405579,0.8052983283996582,0.1182132512331008,0.8089901208877563,0.8330748081207275
17,collection,collectionic,0.0806104082666741,0.7512173652648926,0.7500343322753906,0.7788091897964478,0.1560817509889602,0.7705477476119995,0.865718424320221
17,collection,collections,0.359888301443679,0.8411694169044495,0.7607460021972656,0.934707760810852,0.8269183039665222,0.8600964546203613,0.9238908290863036
17,collection,collectioners,0.1502373820291444,0.7339369654655457,0.7777271270751953,0.8450660705566406,0.1263146996498108,0.7733641266822815,0.9447789192199708
17,collection,collectionism,0.0935060988543594,0.6590163707733154,0.7479090690612793,0.7585847973823547,0.1390143781900406,0.7077963948249817,0.8152255415916443
17,collection,collectioning,0.0674240603124861,0.7127455472946167,0.7895817160606384,0.8932734727859497,0.2047296911478042,0.7259849905967712,0.8914695382118225
17,collection,collectionion,0.1686278461913689,0.7988357543945312,0.7589046359062195,0.8557035326957703,0.1517918407917022,0.8167417645454407,0.97099769115448
17,collection,collectionics,0.1164699724119961,0.7366857528686523,0.7030391097068787,0.7424371242523193,0.1660829484462738,0.7615100145339966,0.8912140727043152
17,collection,collectionnor,0.0936542906750828,0.8732701539993286,0.7081261277198792,0.7373375296592712,0.149634376168251,0.7895194888114929,0.985705018043518
17,collection,collectionner,0.0996537942090767,0.8735171556472778,0.7523847222328186,0.8137139081954956,0.1937050372362136,0.7921403646469116,0.978125810623169
17,collection,collectionnal,0.1617837991546262,0.8628305196762085,0.704017162322998,0.6940312385559082,0.209362044930458,0.8075286149978638,0.9815192222595216
17,collection,collectionable,0.0777699602789779,0.7064297199249268,0.7302254438400269,0.7979170083999634,0.1320085674524307,0.757962167263031,0.9367011785507202
17,collection,collectioneers,0.1617837991546262,0.8721417188644409,0.7208387851715088,0.7590875625610352,0.1287701725959777,0.8315260410308838,0.988033890724182
17,collection,collectionical,0.0649099311190048,0.8084993958473206,0.6936198472976685,0.7662818431854248,0.1585175842046737,0.8205692172050476,0.9566640257835388
17,collection,collectionners,0.1657182308240737,0.8740831613540649,0.7100921869277954,0.8324483633041382,0.1783820539712906,0.8503141403198242,0.9809000492095948
17,collection,collectionnors,0.1164699724119961,0.6542132496833801,0.676520824432373,0.74034583568573,0.1768402010202407,0.6832493543624878,0.9203376770019532
17,collection,collectionning,0.1164699724119961,0.809252917766571,0.7253769040107727,0.8506052494049072,0.2181907296180725,0.7048407793045044,0.973115622997284
17,collection,collectionables,0.0649099311190048,0.6278518438339233,0.6928061246871948,0.790056586265564,0.1159710362553596,0.6432711482048035,0.8924522399902344
18,astrological,astrologier,0.3867611981994996,0.5980231761932373,0.8000397682189941,0.743182897567749,0.2497415393590927,0.5677171945571899,0.8300606608390808
18,astrological,astrologies,0.4605929793223694,0.8306697607040405,0.8765580058097839,0.8541797399520874,0.2355951517820358,0.7344864010810852,0.9205865859985352
18,astrological,astrologics,0.2697502015520957,0.7274728417396545,0.816468358039856,0.7645854949951172,0.2355756312608719,0.7382977604866028,0.8962385654449463
18,astrological,astrologically,0.6224843599353332,0.8593475222587585,0.927257001399994,0.94854736328125,0.6372727155685425,0.8590139746665955,0.9547968506813048
18,astrological,astrologic,0.3851085478785746,0.8850219249725342,0.8850117325782776,0.7893879413604736,0.7173054218292236,0.8668806552886963,0.964690089225769
18,astrological,astrologys,0.4538197014796558,0.7568851709365845,0.8362375497817993,0.9047195911407472,0.2425287365913391,0.6961643099784851,0.8255908489227295
18,astrological,astrologicals,0.3867611981994996,0.795329213142395,0.9330211877822876,0.9651013016700744,0.2506748735904693,0.7602737545967102,0.9149733185768129
18,astrological,astrologicality,0.3639455164625862,0.8759350180625916,0.927297592163086,0.9631509780883788,0.2412899732589721,0.8995692133903503,0.9378232955932616
18,astrological,astrology,0.6264372897362805,0.8327967524528503,0.9010475277900696,0.9431965351104736,0.7529197931289673,0.8743820786476135,0.9317480325698853
18,sign,signities,0.069797828831697,0.694966733455658,0.7200233936309814,0.750198245048523,0.0997136160731315,0.8074799180030823,0.9256531000137328
18,sign,signments,0.0403797840244671,0.6109259128570557,0.7341736555099487,0.5569429397583008,0.1719759106636047,0.7246737480163574,0.882658064365387
18,sign,signnally,0.069797828831697,0.7736196517944336,0.724336564540863,0.6647388935089111,0.1915426701307296,0.8485153913497925,0.9784144759178162
18,sign,signnings,0.1159707291619078,0.5342762470245361,0.6891946792602539,0.7423553466796875,0.1947839111089706,0.6791502237319946,0.8668557405471802
18,sign,signs,0.1543674107683079,0.8051807284355164,0.7648811340332031,0.7665395140647888,0.7165581583976746,0.8327526450157166,0.9667596817016602
18,sign,signes,0.0224791641241607,0.6052770614624023,0.8009999990463257,0.8737792372703552,0.442241907119751,0.7565576434135437,0.9203331470489502
18,sign,signed,0.257339855706599,0.7544460296630859,0.6223322153091431,0.8163989186286926,0.5960649847984314,0.7302636504173279,0.9550231099128724
18,sign,signabilities,0.1132173874971159,0.474528431892395,0.5822205543518066,0.7297130823135376,0.2022569179534912,0.6097957491874695,0.8685977458953857
18,sign,signable,0.0862003535128163,0.670269250869751,0.768401026725769,0.7006040215492249,0.358230859041214,0.8002697825431824,0.9367408752441406
18,sign,signials,0.069797828831697,0.7624790668487549,0.7276553511619568,0.7021212577819824,0.1134454235434532,0.8274233341217041,0.9689849019050598
18,sign,signings,0.1129821228999517,0.449664294719696,0.548092246055603,0.7097852230072021,0.3342471718788147,0.6215579509735107,0.7682794332504272
18,sign,signizer,0.0307941632825623,0.7415968179702759,0.7208040356636047,0.6907229423522949,0.1436796486377716,0.8400818109512329,0.954849123954773
18,sign,signment,0.0458842722015546,0.6485788822174072,0.740816593170166,0.7110008597373962,0.1674580127000808,0.812910258769989,0.9185628294944764
18,sign,signness,0.1113544676828005,0.668224573135376,0.7759857177734375,0.8209213018417358,0.2538773417472839,0.8024491667747498,0.8820146918296814
18,sign,signning,0.0673633358922697,0.727418839931488,0.7503246068954468,0.7822788953781128,0.2271453738212585,0.7969526648521423,0.9717614054679872
18,sign,signability,0.1346365369857483,0.5870236158370972,0.7428069114685059,0.6386904716491699,0.2179154455661773,0.7690368890762329,0.8903637528419495
18,sign,signeer,-0.0007238717275831,0.7326846718788147,0.7328850626945496,0.6735096573829651,0.1775663495063781,0.8374260067939758,0.9646785259246826
18,sign,signeds,0.1277763903079955,0.500089168548584,0.5762860178947449,0.732612133026123,0.1629993915557861,0.6549878120422363,0.7576329708099365
18,sign,signeor,0.0469821470947836,0.6341557502746582,0.681479811668396,0.5975450277328491,0.1680187433958053,0.6950469017028809,0.9416767954826356
18,sign,signnal,0.1132173874971159,0.7749191522598267,0.70323646068573,0.6352530121803284,0.1944400519132614,0.8419344425201416,0.9741109609603882
18,sign,signner,0.069797828831697,0.7838565111160278,0.7816594839096069,0.6558257341384888,0.2295389026403427,0.8381749987602234,0.9768852591514589
18,sign,signned,0.1157586793687794,0.7787995338439941,0.7452067136764526,0.7829493880271912,0.1837309747934341,0.835561990737915,0.9717262387275696
18,sign,signion,0.068514786546245,0.6848520040512085,0.7672500610351562,0.7255848050117493,0.1938482522964477,0.8241497278213501,0.9576874375343324
18,sign,signing,0.2287828279739584,0.7581160664558411,0.5723217129707336,0.8016179800033569,0.6446087956428528,0.695997953414917,0.9394702315330504
18,sign,signity,0.0319884823903964,0.6097801923751831,0.7685986757278442,0.7674252986907959,0.1827911883592605,0.8245309591293335,0.8466899394989014
18,sign,signial,-0.0363123752286146,0.777609646320343,0.751084566116333,0.6976978778839111,0.1438754051923751,0.8355851769447327,0.9745078086853028
18,sign,signations,0.0469821470947836,0.654127836227417,0.7252625823020935,0.7403475642204285,0.1840646266937255,0.7699365615844727,0.9046274423599244
18,sign,signables,0.037338443690593,0.572862982749939,0.7137726545333862,0.6424251794815063,0.113464169204235,0.6267259120941162,0.9114845991134644
18,sign,signation,0.0061385872437654,0.6629087924957275,0.770272970199585,0.7558971047401428,0.2248981893062591,0.7942527532577515,0.9165859222412108
19,house,houseed,0.1365089063939721,0.7489590644836426,0.7399254441261292,0.7730717658996582,0.2995217144489288,0.3387694358825683,0.9365445971488952
19,house,houseds,0.1442482113936599,0.5526983141899109,0.3848252892494201,0.4759720265865326,0.0870580747723579,0.1951559036970138,0.8626005053520203
19,house,housees,0.1388940878393349,0.7213637828826904,0.7539734244346619,0.7632024884223938,0.2274030148983001,0.5921192765235901,0.9448639154434204
19,house,houseal,0.128135358796962,0.709426999092102,0.7152330875396729,0.7260755300521851,0.2797086834907532,0.6651446223258972,0.9565353393554688
19,house,houseor,0.1535916643326457,0.7546635866165161,0.7223764657974243,0.685289740562439,0.4587894380092621,0.3894394338130951,0.966092586517334
19,house,housers,0.0982380745318386,0.6641510725021362,0.7171833515167236,0.6461087465286255,0.2668403685092926,0.4022534787654876,0.9272170066833496
19,house,housely,0.1337374687900966,0.6949559450149536,0.7154384851455688,0.7257542610168457,0.2252297699451446,0.3157763481140136,0.898154079914093
19,house,housity,0.1365089063939721,0.3812605738639831,0.2884208559989929,0.3185820579528808,0.1505324244499206,0.1737582832574844,0.9192512035369872
19,house,housion,0.1365089063939721,0.5411993265151978,0.1911117434501648,0.337145447731018,0.1809170246124267,0.232551023364067,0.941293478012085
19,house,housable,0.1365089063939721,0.2948510348796844,0.3107830286026001,0.3100968897342682,0.159316599369049,0.3321763277053833,0.7092568278312683
19,house,houseing,0.1373963974254182,0.6787592172622681,0.7588129043579102,0.8032479882240295,0.4019258916378021,0.4212338626384735,0.9481884241104126
19,house,housives,0.0693652113784554,0.4252687096595764,0.2770958542823791,0.3594672083854675,0.1024434044957161,0.1640401482582092,0.9284942150115968
19,house,houseables,0.0921808931153688,0.5292791128158569,0.65256667137146,0.6763300895690918,0.2243083864450454,0.3314926624298095,0.8908092975616455
19,house,housed,0.1783705393530003,0.5380864143371582,0.2614117264747619,0.5627322196960449,0.3076213002204895,0.4063268005847931,0.950553059577942
19,house,houses,0.3231456567321233,0.726626992225647,0.6534313559532166,0.8861662149429321,0.6916830539703369,0.6950498819351196,0.9423173069953918
19,house,houser,0.1290430815846411,0.607032060623169,0.7670532464981079,0.6861400008201599,0.3774502873420715,0.6791910529136658,0.909551739692688
19,house,housal,0.1127672115310559,0.4316081404685974,0.347389668226242,0.3044552206993103,0.1217747926712036,0.3506834506988525,0.9507030248641968
19,house,houseable,0.1388773680382002,0.7516196966171265,0.6640104651451111,0.7047786712646484,0.2366546988487243,0.380973756313324,0.9425047039985656
19,house,houseives,0.0921808931153688,0.7537648677825928,0.5911375284194946,0.6812068223953247,0.1950660347938537,0.356923758983612,0.9758029580116272
19,house,houseisms,0.1227295883823324,0.7720085382461548,0.6095514297485352,0.7515487670898438,0.2141580879688263,0.6124213337898254,0.9736372828483582
19,house,houseings,0.0890092683656745,0.7664531469345093,0.6517090797424316,0.7729693651199341,0.218328908085823,0.5656827688217163,0.9707463979721068
19,house,houselies,0.1365089063939721,0.741809606552124,0.6051598787307739,0.67128986120224,0.1963584125041961,0.3732140064239502,0.970194935798645
19,house,houseness,0.133690004052069,0.7249010801315308,0.6975806951522827,0.7961598634719849,0.1557085961103439,0.3664993047714233,0.9610382318496704
19,flying,flyinging,0.1800486417963724,0.8477662801742554,0.8147557973861694,0.9477004408836364,0.2996225357055664,0.6679839491844177,0.9567739963531494
19,flying,flyingly,0.1638606579841512,0.8107455372810364,0.767620325088501,0.7637884020805359,0.2727961540222168,0.6322697997093201,0.8601264953613281
19,flying,flyinger,0.2028643235332858,0.7708961963653564,0.7836223244667053,0.7551275491714478,0.257166713476181,0.5661290884017944,0.9553624987602234
19,flying,flyingal,0.2028643235332858,0.8162396550178528,0.7675816416740417,0.7158185243606567,0.3031841814517975,0.5862240791320801,0.9726830720901488
19,flying,flyingisms,0.2516846114929557,0.8135791420936584,0.7553277015686035,0.7787753343582153,0.1864696890115738,0.7621650695800781,0.8557580709457397
19,flying,flyingness,0.2578053473845886,0.8476013541221619,0.7700338959693909,0.8523428440093994,0.2880875766277313,0.7020213603973389,0.96698397397995
19,flying,flyingability,0.1800486417963724,0.6955375075340271,0.741899847984314,0.7840396165847778,0.2289400100708007,0.6349750757217407,0.8822161555290222
19,flying,flyings,0.2014510844529713,0.7609905004501343,0.8102397918701172,0.8696633577346802,0.5142658352851868,0.6952645182609558,0.9133017659187316
19,daggers,daggerability,0.427615782095138,0.5386146903038025,0.6439071893692017,0.6156522035598755,0.1977579742670059,0.5831561088562012,0.8633155822753906
19,daggers,daggerings,0.371933533597633,0.6877535581588745,0.6545487642288208,0.7286832332611084,0.2670131921768188,0.6742979288101196,0.8973830938339233
19,daggers,daggering,0.1551067441335418,0.607262909412384,0.6177510023117065,0.7087868452072144,0.3660607933998108,0.6373923420906067,0.8786413669586182
19,daggers,dagger,0.4632218856877557,0.8337751626968384,0.6735214591026306,0.819186806678772,0.7769402265548706,0.7446292638778687,0.9791440367698668
19,daggers,daggerer,0.371933533597633,0.5927852988243103,0.5762130618095398,0.6612899303436279,0.2834613919258117,0.6296378374099731,0.8452027440071106
19,daggers,daggered,0.2492533760992513,0.6367629766464233,0.6152887940406799,0.7129217386245728,0.5033380389213562,0.6801232099533081,0.8947713375091553
19,daggers,daggeral,0.371933533597633,0.6861127614974976,0.5822901129722595,0.6615139245986938,0.2503404915332794,0.6378659009933472,0.9374558925628662
20,donald,donaldness,0.3056881032742032,0.8202704191207886,0.7972270250320435,0.7634699940681458,0.1983542740345001,0.6914833784103394,0.9881990551948548
20,donald,donalds,0.2123953740810781,0.7480600476264954,0.8022214770317078,0.804475724697113,0.5429614782333374,0.754849910736084,0.9552658200263976
20,donald,donaldism,0.3009448465731916,0.6182805299758911,0.80299311876297,0.6162604093551636,0.196044310927391,0.6405500173568726,0.8872668743133545
20,donald,donalding,0.2984305496030435,0.7171077728271484,0.8039798736572266,0.6978393197059631,0.2355578541755676,0.5691572427749634,0.9780312180519104
20,duck,duckable,0.2508311239630799,0.7770515084266663,0.7932330369949341,0.7644710540771484,0.2070459574460983,0.7644746899604797,0.9576188325881958
20,duck,duckible,0.3015982258432158,0.7730050683021545,0.7748762369155884,0.766386866569519,0.1833422034978866,0.8441958427429199,0.9472647905349731
20,duck,duckisms,0.2280154422261665,0.7706521153450012,0.7804855108261108,0.7614882588386536,0.1656478196382522,0.8562119603157043,0.8743076324462891
20,duck,duckings,0.2437522587555449,0.8082573413848877,0.8062916994094849,0.7836669683456421,0.4843652546405792,0.8012118339538574,0.9460751414299012
20,duck,duckking,0.2896108795456822,0.8163567781448364,0.8189135193824768,0.7791503071784973,0.1488621234893798,0.8517628908157349,0.934440851211548
20,duck,duckness,0.272785884256586,0.8068446516990662,0.805389404296875,0.8286074995994568,0.1374279409646988,0.7776240110397339,0.9625452756881714
20,duck,ducked,0.2493982917601113,0.8004328012466431,0.5702469944953918,0.586418867111206,0.3275243043899536,0.572418212890625,0.956154465675354
20,duck,duckes,0.1978151073257383,0.6693063378334045,0.8296545743942261,0.8473612070083618,0.147544115781784,0.762391984462738,0.92330664396286
20,duck,ducker,0.2034633480061314,0.6776930689811707,0.8287646770477295,0.8258222341537476,0.4659352898597717,0.7882260680198669,0.9269673824310304
20,duck,duckor,0.1097075582705144,0.7705395817756653,0.8066414594650269,0.7966861724853516,0.0732960700988769,0.7775315642356873,0.9507086873054504
20,duck,duckly,0.247307218285994,0.7776327133178711,0.8061893582344055,0.7960038185119629,0.1769721955060959,0.8002219200134277,0.8954929709434509
20,duck,duckliness,0.2508311239630799,0.7346421480178833,0.7665379047393799,0.7591687440872192,0.1228430122137069,0.8180222511291504,0.9391920566558838
20,duck,duckism,0.3007381979497184,0.714177131652832,0.8266798257827759,0.7204486131668091,0.1901360750198364,0.7260416746139526,0.8795026540756226
20,duck,duckity,0.1992710826700885,0.8152734637260437,0.8100315928459167,0.8204132914543152,0.1263026148080825,0.7568235397338867,0.9627689123153688
20,duck,duckion,0.1803376570545629,0.7720719575881958,0.8018063306808472,0.771227240562439,0.1609691530466079,0.7963747978210449,0.9474464058876038
20,duck,ducking,0.2811967529140028,0.7341736555099487,0.8386713266372681,0.7947299480438232,0.4233493506908417,0.7635743618011475,0.93240886926651
20,duck,duckers,0.1930902771267315,0.701474666595459,0.8339751958847046,0.7812880873680115,0.5056525468826294,0.7669402360916138,0.9239932298660278
21,convict,convictability,0.451758226057589,0.6435877680778503,0.8511269092559814,0.7604041695594788,0.0920221284031868,0.6585819125175476,0.8932449221611023
21,convict,convictor,0.1919465569834283,0.7119784951210022,0.8464716672897339,0.8633456230163574,0.1051769107580185,0.6867125630378723,0.9329555034637452
21,convict,convicter,0.481924553647403,0.6079628467559814,0.8538795113563538,0.8844712972640991,0.0941383019089698,0.7147197723388672,0.8837034702301025
21,convict,convictes,0.4953870014689779,0.5458427667617798,0.853958249092102,0.9133288264274596,0.0602147504687309,0.633847713470459,0.8915492296218872
21,convict,convicted,0.4965195559438727,0.8088403940200806,0.5804797410964966,0.7774332761764526,0.564826250076294,0.6286888718605042,0.916156768798828
21,convict,convictiveness,0.3951343337502337,0.5077565908432007,0.7884364128112793,0.7315199375152588,0.1132015883922576,0.6105169057846069,0.856259822845459
21,convict,convictively,0.451758226057589,0.7138761281967163,0.8369168639183044,0.791666567325592,0.1044287085533142,0.6420248746871948,0.9167039394378662
21,convict,convictable,0.4044193051886857,0.7027449011802673,0.8599874973297119,0.794386088848114,0.0905740931630134,0.7188217639923096,0.9280726909637452
21,convict,convictived,0.3951343337502337,0.5620708465576172,0.7883999943733215,0.7848066687583923,0.0606652088463306,0.6369650363922119,0.9209407567977904
21,convict,convictible,0.3951343337502337,0.8033291101455688,0.8452271223068237,0.7723761796951294,0.1294727623462677,0.6841089129447937,0.9542117118835448
21,convict,convicts,0.5790133947531275,0.8986855745315552,0.7830102443695068,0.8060081601142883,0.7755438089370728,0.8015987873077393,0.966889262199402
21,convict,convictted,0.4825021111829776,0.7252517938613892,0.8489232063293457,0.8185023069381714,0.1143007352948188,0.7285420894622803,0.9430460333824158
21,convict,convictors,0.3636881408877805,0.7224665880203247,0.849523663520813,0.8454988598823547,0.0802217200398445,0.7254543304443359,0.9232295751571656
21,convict,convictive,0.3309589723781507,0.7169840335845947,0.847324013710022,0.7831250429153442,0.11521977186203,0.7033820152282715,0.9361217617988586
21,convict,convictism,0.4858904653100637,0.4569130539894104,0.8494394421577454,0.8055405020713806,0.1687708348035812,0.7576104998588562,0.8800361752510071
21,convict,convicting,0.5029938049221444,0.6004612445831299,0.8607568740844727,0.8527515530586243,0.4702243208885193,0.6710547804832458,0.9221352338790894
21,convict,convictics,0.3951343337502337,0.7272759675979614,0.8395061492919922,0.8435083031654358,0.1396511644124984,0.7178136706352234,0.9229681491851808
21,convict,convicteds,0.4627445663513757,0.6422826051712036,0.5634958148002625,0.7483872175216675,0.0784592553973198,0.6394578218460083,0.7998958230018616
21,conditioning,conditionability,0.2669470947694805,0.598603367805481,0.5148012042045593,0.4187723398208618,0.1594630628824234,0.6252589821815491,0.959716498851776
21,conditioning,conditioned,0.382657160447408,0.8977705240249634,0.695115327835083,0.8307679891586304,0.6349048018455505,0.862756073474884,0.9859666228294371
21,conditioning,conditioner,0.4050779000820768,0.4090566635131836,0.391026109457016,0.4843616783618927,0.6758936047554016,0.4894723296165466,0.8062460422515869
21,conditioning,conditiones,0.0448556258543482,0.4990445077419281,0.4178760051727295,0.5016012787818909,0.1669758409261703,0.5893490314483643,0.82308429479599
21,conditioning,conditionly,0.2107313867817307,0.6612948179244995,0.3947833478450775,0.3933449983596802,0.0891394466161727,0.6863918304443359,0.8643617033958435
21,conditioning,conditionor,0.1618525813724917,0.6176456212997437,0.4270020425319671,0.4590030610561371,0.0964321345090866,0.6161933541297913,0.9470782279968262
21,conditioning,conditionative,0.2335470685186442,0.6355572938919067,0.5049643516540527,0.5020710825920105,0.1077795699238777,0.6628143787384033,0.9279319047927856
21,conditioning,conditionerity,0.2396881235921643,0.3258594870567322,0.4878068566322326,0.5311590433120728,0.1059466525912284,0.4700252711772918,0.8330872058868408
21,conditioning,conditionities,0.2335470685186442,0.4949688017368316,0.5408281087875366,0.4500873982906341,0.0865905284881591,0.6956877708435059,0.8283263444900513
21,conditioning,conditionnally,0.1555397374203749,0.7060117721557617,0.516714334487915,0.3990055918693542,0.1592767685651779,0.7278384566307068,0.9644195437431335
21,conditioning,condition,0.2342699080866646,0.6991952657699585,0.4302622377872467,0.4068323373794555,0.2876875102519989,0.7838769555091858,0.971257984638214
21,conditioning,conditionable,0.2327341221669367,0.6328469514846802,0.4470629394054413,0.4378100633621216,0.1080937162041664,0.5818113088607788,0.964424192905426
21,conditioning,conditioneers,0.2836126677044199,0.7095336318016052,0.5216946601867676,0.5386547446250916,0.0877025127410888,0.7325446605682373,0.9762341976165771
21,conditioning,conditionisms,0.2335470685186442,0.6767156720161438,0.5337481498718262,0.5086469054222107,0.1435595154762268,0.7809019684791565,0.8903558254241943
21,conditioning,conditionings,0.2847251910482342,0.707871675491333,0.8339196443557739,0.9580881595611572,0.5879899263381958,0.7284687161445618,0.8134682178497314
21,conditioning,conditionized,0.2335470685186442,0.6883507370948792,0.4953430294990539,0.4739821255207062,0.0637796595692634,0.7287607789039612,0.9640304446220398
21,conditioning,conditionment,0.2107313867817307,0.6256183981895447,0.450713962316513,0.4945332109928131,0.1703750789165496,0.6792454719543457,0.898003101348877
21,conditioning,conditionners,0.1798004860306341,0.6775397658348083,0.5344637632369995,0.4648689329624176,0.2374697029590606,0.7830484509468079,0.9437463879585266
21,conditioning,conditionnals,0.1945434029695096,0.4892058968544006,0.4279904365539551,0.4490885734558105,0.1015326157212257,0.5624017119407654,0.7920161485671997
21,conditioning,conditionning,0.2829646605895076,0.6886279582977295,0.4815430641174316,0.554046630859375,0.6103917360305786,0.6994903683662415,0.9568626284599304
21,conditioning,conditioneritys,0.2335470685186442,0.4646073877811432,0.453104704618454,0.525119423866272,0.0864962488412857,0.5342732667922974,0.8079832196235657
21,conditioning,conditionnal,-0.0385924240602381,0.7027378082275391,0.4675604999065399,0.4566995501518249,0.1989400535821914,0.7754791975021362,0.8745769262313843
21,conditioning,conditionned,0.2434446729482272,0.690955638885498,0.4731011390686035,0.5145682096481323,0.5336796641349792,0.7016792297363281,0.8457949757575989
21,conditioning,conditionner,0.2034723987972719,0.6893216371536255,0.4757082462310791,0.4949939846992492,0.5677852034568787,0.6408984661102295,0.957470178604126
21,conditioning,conditionion,0.2430259722604438,0.6502305865287781,0.4439953863620758,0.5577412247657776,0.1545006483793258,0.615296483039856,0.9568146467208862
21,conditioning,conditionism,0.2836126677044199,0.4018522500991821,0.4723751544952392,0.5384490489959717,0.1464491486549377,0.6356707215309143,0.8153352737426758
21,conditioning,conditionize,0.2335470685186442,0.658487856388092,0.5070999264717102,0.432039737701416,0.0912923291325569,0.7490341067314148,0.9281142354011536
21,conditioning,conditionial,0.2107313867817307,0.6827484369277954,0.4717081487178802,0.5019161105155945,0.068658597767353,0.7551102042198181,0.8596753478050232
21,conditioning,conditioneer,0.1212658859285157,0.6627064943313599,0.4778401255607605,0.4613861441612243,0.1199905127286911,0.722955584526062,0.9710155129432678
21,conditioning,conditioneds,0.2335470685186442,0.6917619109153748,0.595624566078186,0.7963857650756836,0.1214867830276489,0.707103431224823,0.8013404607772827
21,conditioning,conditioners,0.3972873905350821,0.3754976987838745,0.444144070148468,0.450666218996048,0.6175680160522461,0.485370934009552,0.8239083290100098
22,sichuan,sichuans,0.4785041457961285,0.6219768524169922,0.8625552654266357,0.9455440640449524,0.4699328243732452,0.8435847759246826,0.9226452708244324
23,battle,battlementing,0.1763569217400571,0.5565083026885986,0.6315404176712036,0.8156052231788635,0.1736261546611786,0.5713820457458496,0.9207462072372437
23,battle,battleing,0.226714913946574,0.731645941734314,0.7856501340866089,0.8898870944976807,0.4956806898117065,0.7110574841499329,0.9446904063224792
23,battle,battleers,0.224101361856134,0.6968969106674194,0.7646605968475342,0.721352756023407,0.2496456354856491,0.7245526909828186,0.967658281326294
23,battle,battlizer,0.1616468441271704,0.5305914282798767,0.3783270716667175,0.1957114040851593,0.2640857100486755,0.4579595029354095,0.8996195197105408
23,battle,battlized,0.2038644577831499,0.4674956202507019,0.3585981130599975,0.2620571255683899,0.2336525171995163,0.3454777002334595,0.8743112683296204
23,battle,battlings,0.2027247897516166,0.6992624402046204,0.5278992056846619,0.7684265971183777,0.1802114099264145,0.661235511302948,0.8263687491416931
23,battle,battlions,0.219962932879839,0.5804888606071472,0.3521589636802673,0.270601212978363,0.1941088438034057,0.4606458842754364,0.9184728264808656
23,battle,battled,0.2965770698670347,0.7172559499740601,0.5522803068161011,0.8061226606369019,0.5584366917610168,0.7012429237365723,0.9565538167953492
23,battle,battles,0.4219105494635169,0.8631119132041931,0.7246205806732178,0.9375516176223756,0.8418332934379578,0.8223569393157959,0.9695009589195251
23,battle,battler,0.2418638783299986,0.6485216617584229,0.7795127630233765,0.6916390657424927,0.4914699494838714,0.7803360819816589,0.9593872427940368
23,battle,battly,0.1704486688701051,0.4352123737335205,0.345098614692688,0.2349804192781448,0.1902063488960266,0.5583171844482422,0.9527669548988342
23,battle,battlation,0.2295512987463561,0.5153230428695679,0.3723760843276977,0.2572579979896545,0.299498975276947,0.4337688684463501,0.9292615056037904
23,battle,battleable,0.224101361856134,0.6388976573944092,0.7372976541519165,0.7417078614234924,0.2204520106315612,0.741735577583313,0.8780276775360107
23,battle,battleizer,0.1763569217400571,0.80903160572052,0.7046117782592773,0.6833815574645996,0.2115013599395752,0.6971732974052429,0.96115642786026
23,battle,battleized,0.224101361856134,0.8259029984474182,0.7364507913589478,0.8164364099502563,0.1298059523105621,0.6715177297592163,0.9803960919380188
23,battle,battlement,0.1271847553522662,0.4673187732696533,0.7083023190498352,0.8244355916976929,0.260641872882843,0.5801599025726318,0.8489202857017517
23,battle,battleness,0.1763569217400571,0.7125662565231323,0.7463843822479248,0.8420281410217285,0.2376875281333923,0.721714437007904,0.9583560228347778
23,battle,battlizers,0.1763569217400571,0.4614206254482269,0.3875438868999481,0.1572668850421905,0.24065463244915,0.4589100480079651,0.830045223236084
23,battle,battlion,0.1970625506052275,0.5159425139427185,0.3758819699287414,0.300802618265152,0.2228531390428543,0.4594250917434692,0.8961747884750366
23,battle,battling,0.3118734601658234,0.8118492364883423,0.585298478603363,0.8422621488571167,0.6377405524253845,0.7542215585708618,0.9847458004951476
23,battle,battlies,0.2003596669932178,0.4469735324382782,0.3641708493232727,0.2812792360782623,0.1828133165836334,0.4293409585952759,0.909431219100952
23,battle,battlers,0.2726364312344306,0.6443501114845276,0.7687357664108276,0.6965670585632324,0.4734687805175781,0.7555370926856995,0.9747042655944824
23,battle,battleed,0.1763569217400571,0.7857894897460938,0.7629075050354004,0.8493026494979858,0.2707703411579132,0.6539765000343323,0.9582692384719848
23,battle,battleal,0.224101361856134,0.7829272747039795,0.7746193408966064,0.6842743158340454,0.250638484954834,0.70011967420578,0.9685730934143066
23,battle,battlize,0.1989128929415393,0.5128192901611328,0.3750983476638794,0.2591682076454162,0.2680074274539947,0.3900075852870941,0.8838749527931213
23,city,citically,0.1118572911839147,0.4644467830657959,0.1916657388210296,0.3178548812866211,0.0869705602526664,0.4833135306835174,0.8691190481185913
23,city,citicisms,0.0560549806086056,0.3638093173503876,0.2483037710189819,0.1993773728609085,0.0682064071297645,0.4021025002002716,0.8225061297416687
23,city,citys,0.1632272939695116,0.629774808883667,0.8068171739578247,0.9055469036102296,0.6589821577072144,0.6951953768730164,0.8605873584747314
23,city,citic,0.1112736792488034,0.4440380930900574,0.2759034335613251,0.3381398916244507,0.1801102459430694,0.4722160995006561,0.8926002979278564
23,city,citicism,0.0685890596192551,0.3178356885910034,0.2686767578125,0.2615336775779724,0.0912991091609001,0.396864652633667,0.8199278712272644
23,city,citiness,0.123512614358562,0.4128927290439605,0.2843151092529297,0.1971558928489685,0.0628873631358146,0.4660882949829101,0.8719793558120728
23,city,cityness,0.1470130198330033,0.6619476079940796,0.7184264659881592,0.7858771681785583,0.3002075850963592,0.808711588382721,0.9347410798072816
23,city,citiers,0.1203833709154978,0.3581355512142181,0.3313639163970947,0.318604439496994,0.0832616835832595,0.3889868855476379,0.8863680958747864
23,city,citical,0.0483295001459862,0.5562731027603149,0.2110067903995514,0.356306791305542,0.0922893732786178,0.5590987801551819,0.9494521617889404
23,city,cityers,0.0766843126294977,0.626834511756897,0.7366273403167725,0.7466205358505249,0.1934476345777511,0.817348301410675,0.955788791179657
23,city,cityeds,0.0766843126294977,0.5903246402740479,0.6679521799087524,0.7304904460906982,0.1800234913825988,0.6125960350036621,0.8680800795555115
23,city,citying,0.1312811497015229,0.6637168526649475,0.7485747933387756,0.7613633871078491,0.3722585141658783,0.7207527160644531,0.9031686186790466
23,city,cityity,0.1233109826385486,0.6563452482223511,0.6955916881561279,0.7421903014183044,0.4017807841300964,0.8213808536529541,0.9328612685203552
23,city,cityism,0.1233109826385486,0.5561606884002686,0.6866610050201416,0.7009544372558594,0.3162072598934173,0.7200653553009033,0.8336548805236816
23,city,citior,0.0797966754715218,0.4237762987613678,0.345037043094635,0.3632779717445373,0.1260641068220138,0.4752576351165771,0.9400172829627992
23,city,citily,-0.0013230184687714,0.3839487433433532,0.3237533271312713,0.3058783113956451,0.1599299311637878,0.4577050805091858,0.8857349157333374
23,city,cities,0.3672922421587277,0.7307122945785522,0.5894731879234314,0.8720840215682983,0.6614940166473389,0.7579827904701233,0.9523724913597108
23,city,citier,0.0538686308925843,0.4814042150974273,0.2597917914390564,0.3536987006664276,0.141204833984375,0.4526464641094208,0.920238435268402
23,city,citied,0.0822531069712638,0.3876837193965912,0.3223336338996887,0.2846201956272125,0.2175435423851013,0.4496364295482635,0.9223229289054872
23,city,citics,0.0327853502441489,0.4238869845867157,0.2618134915828705,0.2549925744533539,0.1276362538337707,0.4653007388114929,0.8722415566444397
23,city,cityor,0.0790656851334143,0.7658994793891907,0.7355363368988037,0.7453044056892395,0.1792042404413223,0.8701841235160828,0.9585076570510864
23,city,cityly,0.1203833709154978,0.6583715677261353,0.7337148785591125,0.7464178204536438,0.2202433496713638,0.7780442237854004,0.8910918235778809
23,city,cityal,0.1286674454013806,0.5869520902633667,0.7396563291549683,0.7941524982452393,0.3017691373825073,0.8191018104553223,0.9562879800796508
23,city,cityed,0.1247061443651788,0.7531940340995789,0.7338619232177734,0.7448070645332336,0.2011624574661255,0.8063023090362549,0.8958144187927246
23,city,cityes,0.1454692568419987,0.5578665137290955,0.7514249086380005,0.8564207553863525,0.2462882250547409,0.6901626586914062,0.9245782494544984
24,domino,dominors,0.410576974076037,0.6107479333877563,0.8533293008804321,0.840272068977356,0.1684029251337051,0.6107479333877563,0.8881086707115173
24,domino,dominoor,0.3266163072124367,0.7689757347106934,0.8508419990539551,0.8703731298446655,0.1411050856113433,0.7689757347106934,0.97134929895401
24,domino,dominoed,0.3385878664367502,0.7460381388664246,0.8510608673095703,0.8642053604125977,0.1591134071350097,0.7460381388664246,0.8663283586502075
24,domino,dominoer,0.3266163072124367,0.6512951850891113,0.8516386151313782,0.889664888381958,0.2041976600885391,0.6512951850891113,0.8304779529571533
24,domino,dominoness,0.3266163072124367,0.7566324472427368,0.8355721235275269,0.8326072096824646,0.1813900172710418,0.7566325068473816,0.9134646654129028
24,domino,dominor,0.0762272941758134,0.6550154089927673,0.8451560735702515,0.8827828168869019,0.211576446890831,0.6550154089927673,0.9408811926841736
24,domino,dominos,0.3896064195888285,0.5957506895065308,0.8625277280807495,0.9314016103744508,0.6915052533149719,0.5957507491111755,0.8145520687103271
24,domino,dominoers,0.3804592792442801,0.644582986831665,0.858282208442688,0.8772915601730347,0.2313926517963409,0.6445830464363098,0.8620460629463196
24,domino,dominoeds,0.3897116954010003,0.6240251660346985,0.75673907995224,0.8454274535179138,0.1619773358106613,0.6240251660346985,0.8542951345443726
24,domino,dominoing,0.2486089761141673,0.6193215847015381,0.853137195110321,0.8485536575317383,0.1163937002420425,0.6193215847015381,0.7446158528327942
25,shaolin,shaolins,0.3790609509545952,0.8039840459823608,0.949556827545166,0.9299334287643432,0.509813666343689,0.9013100266456604,0.8901641964912415
25,monastery,monasteric,0.3204800987050742,0.4956872165203094,0.4807254076004028,0.3357966244220733,0.1981162875890731,0.448587566614151,0.8925447463989258
25,monastery,monasterys,0.4317372737107296,0.7639651298522949,0.7896543741226196,0.9569278359413148,0.2356786578893661,0.8182550072669983,0.8998214602470398
25,monastery,monasterical,0.3978157171739648,0.4928679466247558,0.5118227601051331,0.3135849833488464,0.1832413971424102,0.4924547374248504,0.8794994950294495
25,monastery,monasteryor,0.3204800987050742,0.7983425855636597,0.7660642862319946,0.8265697360038757,0.1894707083702087,0.7967206239700317,0.9401978850364684
25,monastery,monasteryes,0.3572290217299888,0.7671390175819397,0.7825387716293335,0.9457902908325196,0.1949529200792312,0.7743932604789734,0.9093658924102784
25,monastery,monasterior,0.3978157171739648,0.4429859519004822,0.4919993877410888,0.3749609589576721,0.2202553302049636,0.4365039765834808,0.8803201913833618
25,monastery,monasteries,0.6397989278190781,0.7803954482078552,0.7825263738632202,0.7822000980377197,0.7805527448654175,0.8074805736541748,0.9459332823753356
25,monastery,monasteried,0.3978157171739648,0.5071040391921997,0.4848982691764831,0.3674012720584869,0.1924433559179306,0.5366824865341187,0.8576121926307678
26,eugene,eugenes,0.2560398796135559,0.728980541229248,0.8340717554092407,0.8911377191543579,0.2052163034677505,0.7289806008338928,0.8813875913619995
26,eugene,eugened,0.3207565053930493,0.7418067455291748,0.8199812173843384,0.7830083966255188,0.2341695874929428,0.7418067455291748,0.9315837025642396
26,eugene,eugening,0.3380111607362318,0.5471023917198181,0.5174201726913452,0.1661635339260101,0.0574913471937179,0.5471023917198181,0.8877066373825073
27,introduction,introductioning,0.2076458446418641,0.7673512697219849,0.8156667351722717,0.7683727145195007,0.3165342807769775,0.6646465063095093,0.9499915838241576
27,introduction,introductionner,0.0825358989173814,0.8397295475006104,0.7918757200241089,0.7223035097122192,0.3312547504901886,0.483757734298706,0.9605582356452942
27,introduction,introductive,0.1609011394727506,0.6020431518554688,0.5021204948425293,0.3786197006702423,0.6167908310890198,0.7333045601844788,0.9265254735946656
27,introduction,introductional,0.121847544876452,0.7932573556900024,0.7858700752258301,0.7278700470924377,0.3072755038738251,0.7034510970115662,0.959104299545288
27,introduction,introductioned,0.183904149778948,0.8396284580230713,0.8042510747909546,0.8126529455184937,0.2698147892951965,0.5850135684013367,0.9477980136871338
27,introduction,introductiones,0.1859307844839113,0.7272862195968628,0.802318274974823,0.8725324869155884,0.3285237550735473,0.6535733342170715,0.9056586027145386
27,introduction,introductively,0.1605432300156506,0.5403465032577515,0.5107103586196899,0.3887444734573364,0.225451186299324,0.623106062412262,0.8855520486831665
27,introduction,introductions,0.204009855140242,0.6853854656219482,0.690779983997345,0.6811773777008057,0.6431443691253662,0.7992364764213562,0.9324675798416138
27,introduction,introductives,0.1605432300156506,0.549755334854126,0.5204992890357971,0.3744682073593139,0.2330460548400879,0.5874993205070496,0.8996619582176208
27,work,workative,0.0890698154618192,0.620171844959259,0.6181792616844177,0.5544933080673218,0.2752119600772857,0.7646153569221497,0.9368921518325806
27,work,workation,0.1064465585612117,0.6702667474746704,0.6945767402648926,0.6421337127685547,0.3028611540794372,0.7873403429985046,0.958840548992157
27,work,workivity,0.0890698154618192,0.6747901439666748,0.6123158931732178,0.5860949754714966,0.1772839277982711,0.7656818628311157,0.9370383620262146
27,work,workkings,0.0465921006198886,0.4660859107971191,0.6658316850662231,0.6405495405197144,0.3454579710960388,0.6508646607398987,0.8298273682594299
27,work,workally,0.0890698154618192,0.7009395360946655,0.6472070217132568,0.6632577180862427,0.2906164824962616,0.7650636434555054,0.8607895374298096
27,work,workeers,0.0570039550974851,0.6196965575218201,0.609929621219635,0.5242937803268433,0.151069164276123,0.7297455072402954,0.9425832033157348
27,work,workisms,0.0190237786423979,0.7064459323883057,0.6176083087921143,0.5384056568145752,0.1371352821588516,0.7147207856178284,0.9125791192054749
27,work,workizer,0.0484831200178431,0.6454586386680603,0.6217430830001831,0.4842516779899597,0.2582479417324066,0.7743269205093384,0.9524216651916504
27,work,workkers,0.0505341335038908,0.7105242013931274,0.6454395651817322,0.4580606818199157,0.1867752820253372,0.7863402366638184,0.9315540194511414
27,work,workking,0.054688010208498,0.7045724391937256,0.6803637742996216,0.7351059913635254,0.3729407787322998,0.8169400095939636,0.9528265595436096
27,work,worklies,0.0890698154618192,0.601193904876709,0.6022343635559082,0.6017051935195923,0.1954200565814972,0.6717283725738525,0.9614774584770204
27,work,workment,0.0827183466021041,0.6890703439712524,0.6625553965568542,0.5946353673934937,0.0948285385966301,0.8060059547424316,0.9678202867507936
27,work,workness,0.0717046203746382,0.6352864503860474,0.7240254878997803,0.6604392528533936,0.2902226746082306,0.7610589265823364,0.9402032494544984
27,work,workations,0.0961207080727932,0.6253676414489746,0.614173412322998,0.6212263703346252,0.2383122891187667,0.733002781867981,0.9542044997215272
27,work,worked,0.271104962236844,0.7824687957763672,0.6132373809814453,0.5635069608688354,0.572645902633667,0.7999632358551025,0.8867567777633667
27,work,workes,0.0864899986657118,0.6476620435714722,0.7574462890625,0.7744810581207275,0.381991446018219,0.7326763868331909,0.9230680465698242
27,work,workic,0.065328120598903,0.6791712045669556,0.7232522964477539,0.5131183862686157,0.0197234600782394,0.750540018081665,0.9165631532669068
27,work,workly,0.0832597648608213,0.6448365449905396,0.748148500919342,0.6627722978591919,0.1731577217578888,0.780253529548645,0.9140958786010742
27,work,workor,0.0349032511501478,0.6579179167747498,0.7271953225135803,0.5050577521324158,0.3464943170547485,0.7902001142501831,0.9740542769432068
27,work,workibility,0.0890698154618192,0.7032511234283447,0.5454272627830505,0.5613742470741272,0.3113738298416137,0.7684653401374817,0.9604923129081726
27,work,workliness,0.0912359106121122,0.5489019751548767,0.5947815179824829,0.5565708875656128,0.1909764558076858,0.7291858792304993,0.8882125616073608
27,work,workors,0.0890698154618192,0.714627742767334,0.6510217189788818,0.4831578433513641,0.1771198064088821,0.7859691381454468,0.960483193397522
27,work,workeer,0.068091739283451,0.5877501964569092,0.6418052315711975,0.5319127440452576,0.2071122229099273,0.7118492126464844,0.9184345006942748
27,work,workeds,0.1064930106377494,0.6046858429908752,0.6040796637535095,0.5363374948501587,0.1637381315231323,0.5591069459915161,0.8713079690933228
27,work,workker,0.0133072447993097,0.7126582860946655,0.7061161994934082,0.448775976896286,0.2326119244098663,0.7255094051361084,0.9258908033370972
27,work,workked,0.0512318465520052,0.690521776676178,0.6505792140960693,0.6282873153686523,0.2470784038305282,0.7740288376808167,0.940140187740326
27,work,workity,0.0989466945011759,0.6495581865310669,0.7144039869308472,0.5924800038337708,0.0413346067070961,0.7948321104049683,0.8723788857460022
27,work,workism,0.0605975048072954,0.5085081458091736,0.728573203086853,0.5670066475868225,0.1898694485425949,0.7032308578491211,0.8478384613990784
27,work,workion,0.065328120598903,0.6968680620193481,0.712205171585083,0.6460857391357422,0.1759242713451385,0.7841783165931702,0.9696271419525146
27,work,workics,0.0465921006198886,0.626922607421875,0.6280826330184937,0.4311742782592773,0.110966570675373,0.6819493174552917,0.8855587840080261
27,report,reportability,0.1332920950101403,0.6122373938560486,0.7129597067832947,0.6344738006591797,0.2772124707698822,0.680543839931488,0.9195058345794678
27,report,reports,0.3218801277570835,0.8584123849868774,0.7362880706787109,0.7936117649078369,0.7258308529853821,0.8736233711242676,0.980368673801422
27,report,reportor,0.1365788097821653,0.8002301454544067,0.7349332571029663,0.6331907510757446,0.1782590448856353,0.8522844314575195,0.974370002746582
27,report,reported,0.2811241293510111,0.7626582384109497,0.6468616724014282,0.8110044002532959,0.5722016096115112,0.7636592984199524,0.9701436758041382
27,report,reportes,0.0302861738787454,0.5037826299667358,0.7711765766143799,0.846946120262146,0.3625076711177826,0.7722706198692322,0.8221135139465332
27,report,reportal,0.1034360245409781,0.7176734209060669,0.7587367296218872,0.727899432182312,0.2095031291246414,0.8012377023696899,0.97715824842453
27,report,reportly,0.0779253565041431,0.767418622970581,0.7640091180801392,0.7355978488922119,0.1581190675497055,0.8713419437408447,0.8610779047012329
27,report,reportter,0.1275145242900496,0.8392212390899658,0.7493311762809753,0.6689070463180542,0.2625283598899841,0.8795194029808044,0.9730973839759828
27,report,reportted,0.1347438972404315,0.8318355083465576,0.7479596138000488,0.7226376533508301,0.2610510289669037,0.9000197649002075,0.964720606803894
27,report,reportism,0.0835373248828488,0.7259267568588257,0.7613106369972229,0.6096416711807251,0.1739043742418289,0.6766906976699829,0.955361783504486
27,report,reportion,0.0835373248828488,0.834315299987793,0.7341650724411011,0.7671499252319336,0.2024207711219787,0.8135560154914856,0.9749283194541932
27,report,reporting,0.284452857777563,0.8315024375915527,0.6251145601272583,0.8213491439819336,0.5651772618293762,0.742049515247345,0.9789583683013916
27,report,reportive,0.1117172507976958,0.7645095586776733,0.7217649221420288,0.7127124071121216,0.1351901143789291,0.7917206287384033,0.9476195573806764
27,report,reportics,0.1133609036938741,0.8580302000045776,0.7274497747421265,0.6760064363479614,0.126441016793251,0.796845018863678,0.9808362126350404
27,report,reportial,0.1037728294271334,0.8454312086105347,0.7222051620483398,0.6836045384407043,0.0834373086690902,0.8847280144691467,0.9773962497711182
27,report,reportors,0.0738618313040207,0.8592455983161926,0.7282456755638123,0.6116068363189697,0.1570272296667099,0.8126925230026245,0.974981725215912
27,report,reportals,0.0631861339831574,0.8233826160430908,0.7360356450080872,0.7358884215354919,0.1998999714851379,0.7920649647712708,0.977948009967804
27,report,reporteer,0.0835373248828488,0.7873172760009766,0.6989386081695557,0.6635476350784302,0.1917793005704879,0.8737958669662476,0.9800137877464294
27,report,reporteds,0.115070657527671,0.6427757143974304,0.5816512107849121,0.7075363397598267,0.0898627787828445,0.7863962650299072,0.8517354130744934
27,report,reportization,0.0835373248828488,0.8002901077270508,0.7531939744949341,0.6755982637405396,0.0568667575716972,0.7355060577392578,0.977205753326416
27,report,reportables,0.1190299645603698,0.6211128830909729,0.6854754090309143,0.6707049608230591,0.147015631198883,0.7122761011123657,0.9124661087989808
27,report,reportative,0.0426672884919609,0.7371741533279419,0.6640815734863281,0.6692684888839722,0.1535337120294571,0.8024948835372925,0.9720180034637452
27,report,reportation,0.0426672884919609,0.7437727451324463,0.7504556179046631,0.7472172975540161,0.198220819234848,0.8052414655685425,0.9682660698890686
27,report,reporttally,0.1275145242900496,0.5995712280273438,0.6626219749450684,0.7108778357505798,0.241176962852478,0.7701440453529358,0.8919009566307068
27,report,reporttable,0.1228193196569625,0.7953847050666809,0.7046869993209839,0.6817333102226257,0.2566510736942291,0.8460878729820251,0.974855363368988
27,report,reportably,0.0782974074854169,0.7875384092330933,0.6626401543617249,0.6620530486106873,0.1492716372013092,0.8494489789009094,0.9433941841125488
27,report,reportable,0.1712131277239791,0.656283974647522,0.7287884950637817,0.7332034707069397,0.3433648943901062,0.8594470024108887,0.9574987292289734
27,report,reportence,0.0835373248828488,0.8285202980041504,0.7113377451896667,0.6702672243118286,0.1230711415410041,0.8248621821403503,0.9639461636543274
27,report,reporteers,0.0835373248828488,0.8336159586906433,0.6965180039405823,0.6025699377059937,0.1747165322303772,0.8785793781280518,0.9797708988189696
27,report,reportible,0.1275145242900496,0.8614283800125122,0.7176913619041443,0.7601408362388611,0.092514269053936,0.880937397480011,0.9574198126792908
27,report,reportized,0.1275145242900496,0.8408436179161072,0.7593221068382263,0.773027241230011,0.0823370143771171,0.8600569367408752,0.9801129102706908
27,report,reportizer,0.2032148994209606,0.8613237738609314,0.7246576547622681,0.656509518623352,0.0921463072299957,0.8727176189422607,0.9789196848869324
27,report,reportings,0.1207829158994728,0.6473228931427002,0.5794662237167358,0.7547686100006104,0.443444162607193,0.7348793148994446,0.7476063370704651
27,report,reportions,0.0607216431459355,0.8236704468727112,0.7156449556350708,0.7400438785552979,0.1810412108898162,0.8407813310623169,0.974334180355072
27,report,reportness,0.0319772835898575,0.8067055940628052,0.7595212459564209,0.7130876779556274,0.1866236329078674,0.7841540575027466,0.921806573867798
27,report,reportting,0.1408537461112627,0.8581140637397766,0.7533529996871948,0.805260419845581,0.3047610819339752,0.8832431435585022,0.966215968132019
27,report,reporttables,0.1081628000511783,0.5099136233329773,0.6888700127601624,0.6157995462417603,0.2345888018608093,0.6961077451705933,0.8973855376243591
27,report,reportatives,0.1275145242900496,0.631398618221283,0.6553711891174316,0.6144472360610962,0.1408631205558776,0.7026506662368774,0.9008067846298218
28,typing,type,0.1681823606554174,0.6728116273880005,0.3805116415023803,0.674676239490509,0.310649961233139,0.564613938331604,0.9581207036972046
28,typing,typization,0.2443223903210462,0.3940350413322449,0.5636422038078308,0.5466721653938293,0.0454685054719448,0.4560916125774383,0.7881025075912476
28,typing,typeability,0.3046684820481329,0.6171925663948059,0.5320663452148438,0.4578592777252197,0.2413630336523056,0.5129586458206177,0.9311000108718872
28,typing,typal,0.1871000267685338,0.6458932161331177,0.5043051242828369,0.3431819081306457,0.1110120937228202,0.4471310675144195,0.9472500681877136
28,typing,types,0.1596391796026138,0.7476205229759216,0.4809297323226928,0.4711335003376007,0.1459507197141647,0.5091679692268372,0.9563512802124025
28,typing,typer,0.3933056095093872,0.6298913955688477,0.3830887079238891,0.6252739429473877,0.5649139285087585,0.5722327828407288,0.9370959401130676
28,typing,typed,0.3911523666668168,0.896320641040802,0.7353103756904602,0.7703190445899963,0.6720876693725586,0.7230959534645081,0.926224946975708
28,typing,typor,0.2779803236300669,0.4042316675186157,0.506428599357605,0.4231868982315063,0.1548825800418853,0.1732132732868194,0.9473119974136353
28,typing,typion,0.2443223903210462,0.3157525658607483,0.5027658939361572,0.3410761952400207,0.094661109149456,0.1302268058061599,0.7750198245048523
28,typing,typity,0.2970917582091029,0.4449711740016937,0.4738292694091797,0.3945521712303161,0.1426358520984649,0.4786325097084045,0.9018458127975464
28,typing,typors,0.2671380720579596,0.4349019825458526,0.5033047199249268,0.4058744311332702,0.1733681708574295,0.2851903438568115,0.930706799030304
28,typing,typeal,0.1966446051494425,0.5739115476608276,0.4298172295093536,0.5312711596488953,0.2415849268436432,0.5538124442100525,0.9269848465919496
28,typing,typeic,0.2443223903210462,0.5658348202705383,0.4495570659637451,0.4649310111999511,0.1567520797252655,0.5793721079826355,0.8591280579566956
28,typing,typeds,0.1966446051494425,0.6547691226005554,0.6682242155075073,0.7653721570968628,0.1952160596847534,0.6190581321716309,0.7591099739074707
28,typing,typeed,0.2674858914642873,0.6840004324913025,0.4295911788940429,0.6659672260284424,0.0396318919956684,0.577971875667572,0.9191923141479492
28,typing,typees,0.0548433243430381,0.4645355939865112,0.4382848441600799,0.6504511833190918,0.0477420650422573,0.5716928839683533,0.8585610389709473
28,typing,typeer,0.2281344065088249,0.6155853271484375,0.3928285539150238,0.6576763391494751,0.1258792132139206,0.5586090683937073,0.9349681735038756
28,typing,typers,0.3702568655196209,0.6499952673912048,0.467778742313385,0.558810293674469,0.5370329022407532,0.5548707246780396,0.941137433052063
28,typing,typeor,0.161811024455985,0.5898373126983643,0.4250545799732208,0.6112074851989746,-0.0345914885401725,0.553895890712738,0.943094789981842
28,typing,typance,0.318567019074043,0.4320082664489746,0.4702388644218445,0.2918561697006225,0.1207797825336456,0.4555518329143524,0.903637945652008
28,typing,typable,0.317055656780322,0.3844598829746246,0.485208660364151,0.410512775182724,0.4861479699611664,0.3680547475814819,0.8587939143180847
28,typing,typeers,0.2671380720579596,0.6166336536407471,0.4570847153663635,0.5886132121086121,0.0342739783227443,0.543877899646759,0.9368171691894532
28,typing,typeing,0.2809844386441129,0.6590372323989868,0.4241717457771301,0.8768154978752136,0.6962749361991882,0.6036480069160461,0.944446861743927
28,typing,typings,0.3001103808972459,0.7051376104354858,0.8572739362716675,0.918186604976654,0.4588354527950287,0.8352932333946228,0.8005902171134949
28,typing,typized,0.2452124552933199,0.4398624300956726,0.5296315550804138,0.4355659782886505,0.1066551059484481,0.446896880865097,0.926688551902771
28,typing,typeically,0.2053187247719115,0.5852383375167847,0.556666374206543,0.6291239261627197,0.1623032987117767,0.495502769947052,0.945072054862976
28,typing,typability,0.3409488818200671,0.4305644035339355,0.523772120475769,0.3834980726242065,0.3373570144176483,0.344568133354187,0.8497897386550903
28,typing,typeableness,0.318567019074043,0.5321865081787109,0.5054948329925537,0.4437305927276611,0.2589556574821472,0.4858787059783935,0.8769912123680115
28,typing,typables,0.318567019074043,0.4817112684249878,0.5192427635192871,0.4824637770652771,0.2909482717514038,0.4687028229236603,0.8851097822189331
28,typing,typation,0.2443223903210462,0.5016911029815674,0.4841929972171783,0.3718880414962768,0.1811520457267761,0.4564506113529205,0.9066309928894044
28,typing,typative,0.2671380720579596,0.5076721906661987,0.4951667785644531,0.420337975025177,0.1061024740338325,0.435461014509201,0.9424846172332764
28,typing,typeable,0.2770335975225278,0.6621860265731812,0.4765818119049072,0.5818014740943909,0.4904828369617462,0.5376196503639221,0.9379491209983826
28,typing,typeical,0.2671380720579596,0.569536566734314,0.5305719971656799,0.4803413450717926,0.1743755787611007,0.5596554279327393,0.9513253569602966
28,typing,typeness,0.1966446051494425,0.6571944952011108,0.4515430629253387,0.5294882655143738,0.0942921042442321,0.5332942008972168,0.8615707159042358
28,practice,practicically,0.1347936773009392,0.5401207804679871,0.3444178402423858,0.3866690397262573,0.0566928647458553,0.5939622521400452,0.89671790599823
28,practice,practiceed,0.1808512026733021,0.7572387456893921,0.7821799516677856,0.8413394689559937,0.308907002210617,0.8434640169143677,0.9352118372917176
28,practice,practiceer,0.1808512026733021,0.5971390008926392,0.7980471253395081,0.6236827373504639,0.2798320651054382,0.728005588054657,0.8469341993331909
28,practice,practicees,0.148216734162752,0.5536301136016846,0.7877832651138306,0.8476236462593079,0.3030388057231903,0.7304763197898865,0.8527817726135254
28,practice,practiceal,0.1637558152094728,0.7157793641090393,0.7605952024459839,0.6909334659576416,0.1471976041793823,0.8021562695503235,0.9737045168876648
28,practice,practicers,0.1867776943708768,0.6394842267036438,0.7918285727500916,0.6105096340179443,0.4910576343536377,0.7812342643737793,0.887964129447937
28,practice,practiceor,0.1571095078103859,0.7686100602149963,0.7546780705451965,0.5556691884994507,0.2666670083999634,0.8255770206451416,0.9823716282844543
28,practice,practicely,0.1347936773009392,0.7450653314590454,0.7731727957725525,0.8463935256004333,0.1882058084011078,0.8197016716003418,0.8763877153396606
28,practice,practicion,0.1808512026733021,0.4596973955631256,0.3518787026405334,0.4006419777870178,0.1978993862867355,0.5806559324264526,0.8997800350189209
28,practice,practicing,0.3631360051501843,0.8773506879806519,0.64061439037323,0.8702914714813232,0.7171294689178467,0.8774355053901672,0.986805021762848
28,practice,practicize,0.0501586482779778,0.4895658195018768,0.3659034371376037,0.4625644087791443,0.1406333595514297,0.5746567249298096,0.8639529347419739
28,practice,practicity,0.057890888501472,0.4763551950454712,0.353637158870697,0.3355883359909057,0.1697525531053543,0.5869923830032349,0.9182283878326416
28,practice,practiceable,0.1613174996297008,0.7364104986190796,0.7512489557266235,0.7472841143608093,0.1371551901102066,0.7115024924278259,0.9738176465034484
28,practice,practicement,0.1852493358793065,0.7450339198112488,0.7478063106536865,0.7345552444458008,0.2525694370269775,0.8426530361175537,0.9690670967102052
28,practice,practiceness,0.1679946805361239,0.705296516418457,0.7705089449882507,0.7031826972961426,0.2184480875730514,0.7992162108421326,0.9201512336730956
28,practice,practicizing,0.1546109300744896,0.5470811724662781,0.3508172035217285,0.4642955660820007,0.1246444955468177,0.6111977696418762,0.9310887455940248
28,practice,practicicalities,0.1808512026733021,0.3963612020015716,0.3357352912425995,0.3300209939479828,0.0706562176346778,0.5447182059288025,0.817154586315155
28,practice,practiceability,0.1347936773009392,0.6987573504447937,0.7207938432693481,0.5424954891204834,0.1471635848283767,0.7483385801315308,0.9625827074050904
28,practice,practiceing,0.1279176879308466,0.7549680471420288,0.8115813732147217,0.8955338597297668,0.2835008203983307,0.837817907333374,0.917729377746582
28,practice,practicible,0.1808512026733021,0.5275156497955322,0.3084118366241455,0.3327874839305877,0.0937269702553749,0.5909850001335144,0.9304237365722656
28,practice,practicized,0.140264507229326,0.4371780157089233,0.3542929291725158,0.3937398195266723,0.1160318627953529,0.5755912661552429,0.8540979623794556
28,practice,practicings,0.107496638892579,0.6637768745422363,0.5883756875991821,0.8146460056304932,0.1393281072378158,0.7678564190864563,0.7736736536026001
28,practice,practicical,0.1852493358793065,0.4693741202354431,0.3329087495803833,0.3640280663967132,0.089528203010559,0.5886932611465454,0.8309690356254578
28,practice,practiceality,0.0957900117518046,0.7275848388671875,0.7354490756988525,0.493766576051712,0.14093017578125,0.8505662083625793,0.9062343835830688
28,practice,practicer,0.1847120225622427,0.7100076079368591,0.801662266254425,0.6141489744186401,0.4597945511341095,0.7936458587646484,0.9318618178367616
28,practice,practices,0.363274829277882,0.8483105897903442,0.7025105357170105,0.5947726964950562,0.6483877897262573,0.927576184272766,0.9757906794548036
29,traffic,traffics,0.2534850914704589,0.7152893543243408,0.8090291023254395,0.9545377492904664,0.6195716857910156,0.750076413154602,0.8448110222816467
29,traffic,traffical,0.1057411830429352,0.6829431653022766,0.7708202600479126,0.7850939631462097,0.3963668346405029,0.6689714789390564,0.9484257102012634
29,traffic,trafficer,0.1375163919604642,0.5988640785217285,0.7798264622688293,0.7512068748474121,0.3354712128639221,0.7351911664009094,0.8565481901168823
29,traffic,trafficed,0.1403657343718403,0.7582552433013916,0.7901381850242615,0.8283348083496094,0.4367618262767792,0.6880233883857727,0.9333572387695312
29,traffic,trafficly,0.2113116580900151,0.7545790672302246,0.769534707069397,0.813345193862915,0.4092395603656769,0.7759982347488403,0.8296518921852112
29,traffic,trafficor,0.2202509148940781,0.7264349460601807,0.7614223957061768,0.7085870504379272,0.3861733078956604,0.7162249088287354,0.9705676436424256
29,traffic,trafficableness,0.1640660633021044,0.6396721005439758,0.6749606132507324,0.7011271715164185,0.3346995413303375,0.6425636410713196,0.8991443514823914
29,traffic,trafficability,0.1638697199126966,0.7044920921325684,0.7334539890289307,0.7134528160095215,0.3434821367263794,0.7302693724632263,0.8985798954963684
29,traffic,trafficism,0.1640660633021044,0.6853286623954773,0.7717738151550293,0.7749269604682922,0.380416989326477,0.7575910687446594,0.8232640624046326
29,traffic,trafficing,0.0988950552944303,0.7295340299606323,0.7947336435317993,0.9276108741760254,0.3448220193386078,0.7450665831565857,0.8488785624504089
29,traffic,trafficers,0.2392123598375369,0.6508647799491882,0.7939440011978149,0.7622900009155273,0.356417179107666,0.756473183631897,0.9410457611083984
29,traffic,trafficced,0.1640660633021044,0.7684229016304016,0.7197705507278442,0.8139195442199707,0.3281924128532409,0.7294782996177673,0.9669500589370728
29,traffic,trafficors,0.2113116580900151,0.7381377220153809,0.744906485080719,0.7316480875015259,0.4156641066074371,0.6977823376655579,0.9571945071220398
29,traffic,traffically,0.1707249626460391,0.7787319421768188,0.718720018863678,0.8682376146316528,0.372077614068985,0.7140093445777893,0.941946804523468
29,traffic,trafficable,0.1499023671134234,0.6953779458999634,0.756469190120697,0.7404670119285583,0.3278795182704925,0.6624751091003418,0.9162554144859314
29,traffic,trafficcers,0.1640660633021044,0.6280458569526672,0.6683971881866455,0.7742517590522766,0.2834060788154602,0.6452938318252563,0.8499693274497986
29,traffic,trafficeers,0.2113116580900151,0.7483924627304077,0.7330618500709534,0.740658700466156,0.354963093996048,0.6970524787902832,0.9633166193962096
29,traffic,trafficizer,-0.0566249249774196,0.7894578576087952,0.7109099626541138,0.6808589696884155,0.2694308459758758,0.6669979691505432,0.968542456626892
29,violation,violating,0.4985685239579,0.8353803157806396,0.7967737913131714,0.803916335105896,0.782136082649231,0.7629228234291077,0.9635233283042908
29,violation,violative,0.4015722509685351,0.6162159442901611,0.5041308999061584,0.4705779552459717,0.5865938663482666,0.5982670783996582,0.8911697864532471
29,violation,violators,0.3876948465882001,0.5168489217758179,0.5375531315803528,0.4578035473823547,0.515129566192627,0.6325899362564087,0.8676784038543701
29,violation,violatees,0.2588426292843809,0.5948543548583984,0.6567240953445435,0.7217608690261841,0.179075077176094,0.6233370900154114,0.7529230713844299
29,violation,violateed,0.2588426292843809,0.6586035490036011,0.678921103477478,0.7840631008148193,0.2146206051111221,0.7539477944374084,0.8324658870697021
29,violation,violately,0.2588426292843809,0.722301721572876,0.6470866203308105,0.7135779857635498,0.2110021561384201,0.6244983077049255,0.8375865817070007
29,violation,violaters,0.2278144464237491,0.6454927325248718,0.6980932950973511,0.6525406837463379,0.527105450630188,0.7173186540603638,0.8691374659538269
29,violation,violateor,0.3099348916910401,0.7081959843635559,0.6689227819442749,0.6529269814491272,0.2444506138563156,0.6726284027099609,0.8541111946105957
29,violation,violatation,0.2588426292843809,0.5879535675048828,0.5498349666595459,0.4795632660388946,0.24344302713871,0.5317732691764832,0.9019609689712524
29,violation,violatative,0.2588426292843809,0.558570384979248,0.5265195965766907,0.3874777257442474,0.2086009085178375,0.5589082837104797,0.8307439088821411
29,violation,violateions,0.3099348916910401,0.8232244253158569,0.6850149035453796,0.7168159484863281,0.236788660287857,0.69672691822052,0.8752683401107788
29,violation,violatition,0.2588426292843809,0.5398524403572083,0.5250236392021179,0.4967446029186249,0.2141465842723846,0.5601317286491394,0.8939196467399597
29,violation,violatable,0.2861931968281239,0.5170885324478149,0.4901213645935058,0.4278890788555145,0.1898478269577026,0.4436555504798889,0.8890999555587769
29,violation,violateing,0.2198389637352462,0.5977407693862915,0.6688458919525146,0.7499043941497803,0.2218804061412811,0.7405145168304443,0.8477170467376709
29,violation,violations,0.5533605542413178,0.9138206839561462,0.8293125629425049,0.8366316556930542,0.7999109029769897,0.8681665062904358,0.9703644514083862
29,violation,violator,0.4090459595769925,0.5739118456840515,0.4908274412155151,0.4341987073421478,0.5604667663574219,0.660437285900116,0.908523440361023
29,violation,violated,0.5197586612668474,0.8345032930374146,0.7572517395019531,0.7995822429656982,0.7283385396003723,0.7404278516769409,0.9340997338294984
29,violation,violater,0.2656058084223283,0.6911166906356812,0.6768218278884888,0.6946213245391846,0.5828389525413513,0.7067025303840637,0.8379536867141724
29,violation,violates,0.5070310366541576,0.5845348834991455,0.6572487354278564,0.7205303907394409,0.7129019498825073,0.6396910548210144,0.742466926574707
29,violation,violate,0.518927250671295,0.8723398447036743,0.7451809644699097,0.8082650899887085,0.7409589886665344,0.723741888999939,0.9775737524032592
30,robot,robotizations,0.2778636460102625,0.8548442125320435,0.7894958257675171,0.7509232759475708,0.1979029327630996,0.8548442125320435,0.9514806270599364
30,robot,robotization,0.2714928597559396,0.7291613221168518,0.8160957098007202,0.7386840581893921,0.438728392124176,0.7291613221168518,0.9250902533531188
30,robot,robots,0.5377498998668497,0.6427383422851562,0.7938361763954163,0.8680133819580078,0.846041202545166,0.642738401889801,0.9411259293556212
30,robot,robotor,0.2669283256501818,0.8407266139984131,0.7916504144668579,0.8442529439926147,0.2667307555675506,0.8407266139984131,0.9429433941841124
30,robot,robotic,0.3827107639777104,0.7531558871269226,0.7071795463562012,0.876560628414154,0.8112590312957764,0.7531558275222778,0.9235860705375672
30,robot,robotly,0.2276113090494164,0.8002232909202576,0.7884129285812378,0.7508647441864014,0.1935666799545288,0.8002232909202576,0.9456978440284728
30,robot,roboted,0.232575186500033,0.7895514965057373,0.8113372325897217,0.8034560084342957,0.2268918603658676,0.7895516157150269,0.9238700270652772
30,robot,robotes,0.1988669494933385,0.7255154848098755,0.8079803586006165,0.8568916916847229,0.1881938427686691,0.7255154848098755,0.9223281145095824
30,robot,roboter,0.2361223771888612,0.811194121837616,0.8026206493377686,0.8594232797622681,0.2827246785163879,0.8111940622329712,0.9573131799697876
30,robot,robotation,0.3197263246913764,0.7835482954978943,0.7978319525718689,0.7985962629318237,0.2698694467544555,0.7835483551025391,0.9378549456596376
30,robot,robotially,0.2504269907863299,0.6960179805755615,0.7110772132873535,0.6025088429450989,0.2151433527469635,0.6960180401802063,0.9232856631278992
30,robot,roboticism,0.2716149479633458,0.5742416381835938,0.6364438533782959,0.7260681390762329,0.2425124645233154,0.574241578578949,0.8787130117416382
30,robot,roboticity,0.3011776902363021,0.6682479381561279,0.6298998594284058,0.7273386716842651,0.2150548845529556,0.6682479381561279,0.9275358319282532
30,robot,robotizing,0.2412982412590767,0.8288527727127075,0.8015958666801453,0.7976208329200745,0.2411793768405914,0.8288527131080627,0.93426775932312
30,robot,robotancy,0.3399071375028384,0.7668372392654419,0.747139573097229,0.7781772613525391,0.2007661014795303,0.7668372392654419,0.8840368390083313
30,robot,roboteers,0.3583736128473376,0.8183187246322632,0.7732716202735901,0.7689696550369263,0.2652265727519989,0.8183186650276184,0.9479883909225464
30,robot,roboticly,0.2591315651239039,0.6203352212905884,0.6061825156211853,0.6871869564056396,0.2361471205949783,0.6203352212905884,0.8624579310417175
30,robot,robotical,0.271518193578239,0.6925680041313171,0.6144130229949951,0.7960007190704346,0.2325800061225891,0.6925679445266724,0.9280864596366882
30,robot,robotisms,0.2774359953733859,0.8175315856933594,0.7970561385154724,0.7788420915603638,0.1575082242488861,0.8175315856933594,0.9295194149017334
30,robot,robotizer,0.1257649109183451,0.8503289818763733,0.8023441433906555,0.7580210566520691,0.3088745474815368,0.8503288626670837,0.9435227513313292
30,robot,robotizes,0.2475249972502733,0.8568862080574036,0.7824488878250122,0.8012502789497375,0.2428746372461319,0.8568861484527588,0.9474636316299438
30,robot,robotized,0.2975046272123762,0.8209588527679443,0.8077880144119263,0.8394413590431213,0.6142470836639404,0.8209590315818787,0.9434814453125
30,robot,robotment,0.2504269907863299,0.8245530128479004,0.7800505757331848,0.8185969591140747,0.2163805514574051,0.8245531320571899,0.9437607526779176
30,robot,robotness,0.236289919845365,0.732986330986023,0.7909258008003235,0.7916158437728882,0.2470772266387939,0.7329862713813782,0.925166666507721
30,robot,robotting,0.2965100068221398,0.8125,0.7911714911460876,0.8451756238937378,0.1918953359127044,0.8124998211860657,0.9322841167449952
30,robot,robotically,0.2697266832986397,0.6336302757263184,0.6115909218788147,0.7098358869552612,0.4545907378196716,0.6336303353309631,0.9132341742515564
30,robot,roboticness,0.2576826440243918,0.7198105454444885,0.6115732192993164,0.7278271913528442,0.2073879837989807,0.7198106646537781,0.929351270198822
30,robot,robotted,0.1886076435002818,0.8223214745521545,0.7955012321472168,0.80201655626297,0.1563816368579864,0.8223214745521545,0.9272174835205078
30,robot,robotter,0.2939196447293483,0.843363344669342,0.7965423464775085,0.8576744794845581,0.2076204419136047,0.843363344669342,0.9589823484420776
30,robot,robotize,0.2696863308571129,0.838314950466156,0.790428102016449,0.8265198469161987,0.2606987357139587,0.8383148908615112,0.9339497089385986
30,robot,robotive,0.2504269907863299,0.7956744432449341,0.7870978116989136,0.8075152635574341,0.1618611812591552,0.7956745624542236,0.9469183683395386
30,robot,robotism,0.1853361948764525,0.6672881245613098,0.8107181787490845,0.7728767395019531,0.210731640458107,0.6672881841659546,0.8768050074577332
30,robot,roboting,0.2704861941390613,0.719219446182251,0.8081075549125671,0.8594042062759399,0.2786602675914764,0.7192195057868958,0.9314112067222596
30,robot,robotics,0.4570243908120259,0.6427702903747559,0.6257394552230835,0.8036525845527649,0.670732855796814,0.6427702307701111,0.8798544406890869
30,robot,roboters,0.2488140699633229,0.7976077795028687,0.817533016204834,0.7928109169006348,0.2332795262336731,0.7976078391075134,0.9471731185913086
30,robot,roboteer,0.3721611883601224,0.7911936640739441,0.7775192260742188,0.8213671445846558,0.3162150382995605,0.7911936640739441,0.9500698447227478
31,cherry,cherriness,0.1416172108782248,0.5545282363891602,0.4796442687511444,0.5765078663825989,0.2513972818851471,0.5545284748077393,0.9460663199424744
31,cherry,cherryness,0.2881378582509152,0.7993141412734985,0.8084323406219482,0.8845939636230469,0.2021111100912094,0.7993143200874329,0.9653487205505372
31,cherry,cherrys,0.2912770695263901,0.6783369779586792,0.8310819864273071,0.9012613296508788,0.628571093082428,0.6783370971679688,0.8530580997467041
31,cherry,cherric,0.2266573273912553,0.5835027098655701,0.4480221271514892,0.6079256534576416,0.2568670511245727,0.5835027098655701,0.9705835580825806
31,cherry,cherriers,0.2527015998892896,0.4428005516529083,0.4593772292137146,0.518545925617218,0.2203911393880844,0.4428005218505859,0.8188501596450806
31,cherry,cherriors,0.2266573273912553,0.3542059063911438,0.4575080871582031,0.5640825033187866,0.2108122706413269,0.3542059361934662,0.9332868456840516
31,cherry,cherryism,0.1258343145560726,0.6772907376289368,0.799282431602478,0.7719897627830505,0.2815084457397461,0.6772908568382263,0.8181850910186768
31,cherry,cherryion,0.2266573273912553,0.7274772524833679,0.7852215766906738,0.8518245816230774,0.1068645864725112,0.7274773120880127,0.9777650237083436
31,cherry,cherrying,0.3209714917134408,0.6154277324676514,0.8307337760925293,0.826158881187439,0.1980258077383041,0.6154276728630066,0.8945032954216003
31,cherry,cherrily,0.2030887309714828,0.5047876238822937,0.4460098147392273,0.4740545153617859,0.2579928636550903,0.5047876834869385,0.866633951663971
31,cherry,cherries,0.4379916761121561,0.4257070124149322,0.4418599903583526,0.6818404197692871,0.6695532202720642,0.4257071614265442,0.831708550453186
31,cherry,cherrier,0.1394387585565719,0.5601908564567566,0.4541416764259338,0.5445692539215088,0.2615436017513275,0.5601907968521118,0.8913983106613159
31,cherry,cherried,0.2117520378024296,0.5582939386367798,0.4159484803676605,0.6407941579818726,0.2787249088287353,0.558293879032135,0.9634681940078736
31,cherry,cherrics,0.2266573273912553,0.5194304585456848,0.4484721422195434,0.5865352153778076,0.2293270081281662,0.5194304585456848,0.8924697041511536
31,cherry,cherryed,0.3008655735594772,0.7271497845649719,0.8201541900634766,0.7349648475646973,0.2706043720245361,0.7271496653556824,0.8968746066093445
31,cherry,cherryal,0.0724291769853034,0.7507985234260559,0.808920681476593,0.8759455680847168,0.2295873612165451,0.7507983446121216,0.9459983706474304
31,cherry,cherryes,0.1307304790969593,0.675278902053833,0.8169645071029663,0.901726484298706,0.2565999627113342,0.6752789616584778,0.9372316598892212
31,cherry,cherryly,0.2038416456543419,0.7599344849586487,0.8002752065658569,0.8223189115524292,0.2218850553035736,0.7599345445632935,0.836130678653717
32,chibi,chibily,0.2733355228292864,0.6259438395500183,0.7932940721511841,0.7698968648910522,0.3530186116695404,0.7302778959274292,0.9493891596794128
32,chibi,chibis,0.5929318358769841,0.7913951873779297,0.8350175619125366,0.744795560836792,0.8185807466506958,0.7955219745635986,0.963631510734558
32,maruko,marukos,0.5675741730516918,0.7652556896209717,0.8948800563812256,0.8612353801727295,0.7989621162414551,0.7251747846603394,0.9470943212509156
32,chan,chans,0.3777904887640553,0.735927939414978,0.8505592942237854,0.8459690809249878,0.517745316028595,0.7002489566802979,0.9541457295417786
32,chan,chanliness,0.2862794198312139,0.634062647819519,0.7809522151947021,0.5877550840377808,0.1259345412254333,0.6801692247390747,0.9523113369941713
32,chan,chanity,0.1656163406288652,0.6940481066703796,0.8161942362785339,0.7098063826560974,0.1997709423303604,0.6314845681190491,0.9745579361915588
32,chan,chanism,0.1872398702762945,0.4164068102836609,0.8201773166656494,0.687623143196106,0.1087588295340538,0.5420153737068176,0.8254480957984924
32,chan,chanly,0.0856344071085089,0.7305414080619812,0.8142008185386658,0.7427173852920532,0.2358235120773315,0.6822810769081116,0.9451000094413756
32,chan,chanisms,0.2734289198177753,0.73743736743927,0.7798372507095337,0.658473014831543,0.070130705833435,0.80018550157547,0.9684369564056396
33,uefa,uefas,0.4216238930974667,0.7821058034896851,0.8070597648620605,0.9342035055160522,0.4208535254001617,0.8177148103713989,0.94514799118042
33,champions,championable,0.0861339072844321,0.3922731280326843,0.593915581703186,0.6831206679344177,0.2847266495227813,0.3930572867393493,0.8479244709014893
33,champions,championeers,0.2069944662078802,0.347148984670639,0.6577501893043518,0.6032154560089111,0.1135032624006271,0.4306497573852539,0.8675955533981323
33,champions,championning,0.1755046648484978,0.4890648126602173,0.5783580541610718,0.7128608822822571,0.2181408703327179,0.5131376385688782,0.8706690669059753
33,champions,champion,0.4498804999549924,0.8788066506385803,0.682439923286438,0.8789141774177551,0.7925193309783936,0.7919537425041199,0.971575140953064
33,champions,championizing,0.2231824500201014,0.3260337114334106,0.6089107394218445,0.6938350796699524,0.0262331198900938,0.4890595078468323,0.8412204384803772
33,champions,championeer,0.2965690784544,0.4044133722782135,0.6032012701034546,0.6673585176467896,0.0867870971560478,0.406902939081192,0.8586131930351257
33,champions,championeds,0.2459981317570148,0.3434619307518005,0.4475165009498596,0.3461471498012543,0.114978015422821,0.2954510450363159,0.8451700210571289
33,champions,championals,0.2069944662078802,0.6442971229553223,0.6157001256942749,0.7501813769340515,0.3018650412559509,0.5377902984619141,0.9243279695510864
33,champions,championism,0.2069944662078802,0.3714383542537689,0.5863925218582153,0.7182497978210449,0.1118534952402114,0.4723419845104217,0.7782825231552124
33,champions,championing,0.1803174487018901,0.4560972154140472,0.5630295872688293,0.7358616590499878,0.3049752414226532,0.5424048900604248,0.8594239950180054
33,champions,championion,0.3073117769116461,0.6342421174049377,0.5916059017181396,0.7302799224853516,0.1333654522895813,0.4567971229553222,0.8998627066612244
33,champions,championers,0.2459981317570148,0.5914411544799805,0.6358996629714966,0.7683411836624146,0.1316132247447967,0.4411121904850006,0.9345088601112366
33,champions,championned,0.1841787844709668,0.5118513107299805,0.6080776453018188,0.6660603880882263,0.2163825333118438,0.4905683994293213,0.9037664532661438
33,champions,championed,0.2109428803906624,0.3634251952171325,0.4919001162052154,0.3121398091316223,0.2758817374706268,0.2979365587234497,0.846264660358429
33,champions,championes,0.2517844426274111,0.5639230012893677,0.5966063737869263,0.8464101552963257,0.1205213591456413,0.4606383740901947,0.8847413659095764
33,champions,championer,0.2559823830104239,0.5178190469741821,0.5432495474815369,0.6951514482498169,0.1233656033873558,0.4128253757953644,0.8748490810394287
33,champions,champional,0.2965690784544,0.6690593957901001,0.5611610412597656,0.7045537233352661,0.2958049774169922,0.5869206190109253,0.9340184926986694
33,league,leagueness,0.2418709130135324,0.629380464553833,0.696265459060669,0.7924095392227173,0.3010407090187073,0.7657220363616943,0.9617618322372437
33,league,leagual,0.1879149454944207,0.3947048485279083,0.3508011698722839,0.4283079504966736,0.3286750614643097,0.3606088161468506,0.938416600227356
33,league,leagued,0.1987435141172397,0.6971826553344727,0.7436746954917908,0.7702716588973999,0.4214726686477661,0.7297741770744324,0.925597846508026
33,league,leaguer,0.3967681022513597,0.6556369066238403,0.7566334009170532,0.7393407821655273,0.5481652021408081,0.8262201547622681,0.9571925401687622
33,league,leagues,0.5457472913859934,0.7081377506256104,0.6000089645385742,0.874032199382782,0.7965339422225952,0.7489103674888611,0.8764327168464661
33,league,leagually,0.1879149454944207,0.3765929043292999,0.3216537833213806,0.2649911046028137,0.3000322580337524,0.2435253858566284,0.8427310585975647
33,league,leagueing,0.2123867927376341,0.6403442621231079,0.7742294669151306,0.8096562623977661,0.3433980941772461,0.6454250812530518,0.9003918766975403
33,league,leaguing,0.2367201278354206,0.3585168421268463,0.3164162039756775,0.3609775900840759,0.2845673263072967,0.3274587094783783,0.8283334970474243
33,league,leaguers,0.3994601026029222,0.6195183992385864,0.7492793202400208,0.7095822095870972,0.5045254230499268,0.7888729572296143,0.9562335014343262
33,league,leaguees,0.2673603446024301,0.6039232015609741,0.7519593238830566,0.8522039651870728,0.2685189247131347,0.6538331508636475,0.9146559834480286
33,league,leagueed,0.2361284876005502,0.6837902069091797,0.759709358215332,0.7509698867797852,0.3574721217155456,0.6633208394050598,0.9415671229362488
33,league,leaguely,0.1879149454944207,0.689368724822998,0.7282601594924927,0.6821799278259277,0.271032840013504,0.7716444730758667,0.932231605052948
33,league,leagueal,0.2418709130135324,0.7242591977119446,0.7326421141624451,0.7705801725387573,0.3676821887493133,0.7962366342544556,0.9261125922203064
33,league,leagueds,0.2677136319049824,0.718091607093811,0.719922661781311,0.7486836910247803,0.299855887889862,0.7861717939376831,0.9441782832145692
33,final,finallization,0.0731840478522265,0.4819612801074981,0.6781803369522095,0.6916806101799011,0.2106761187314987,0.866750955581665,0.9236560463905334
33,final,finalor,0.1639832767115096,0.7102968692779541,0.7268785834312439,0.6502686738967896,0.2637631297111511,0.884120762348175,0.9608160257339478
33,final,finalal,0.1697820236870891,0.7122534513473511,0.7402440309524536,0.7207552194595337,0.1399374902248382,0.8693349361419678,0.965846598148346
33,final,finalality,0.1121877134013611,0.5624539852142334,0.67046719789505,0.608974039554596,0.1196440532803535,0.8584909439086914,0.9209890365600586
33,final,finallized,0.1067639974771099,0.5504854917526245,0.6690572500228882,0.6163865923881531,0.1584760397672653,0.8723663687705994,0.9431052803993224
33,final,finallizer,0.1573277374017143,0.6763509511947632,0.6274065971374512,0.6152889728546143,0.1789449602365493,0.8720346689224243,0.9588741064071656
33,final,finalments,0.1573277374017143,0.3797797560691833,0.656735897064209,0.5621142387390137,0.1924947053194046,0.8489102721214294,0.9356805682182312
33,final,finals,0.2706176643635791,0.7271360158920288,0.586804986000061,0.6536833047866821,0.5194604992866516,0.8845918774604797,0.975341022014618
33,final,finalally,0.1335860425387981,0.6355074644088745,0.6694482564926147,0.6907986402511597,0.1428328156471252,0.8557299971580505,0.9459918141365052
33,final,finalisms,0.1573277374017143,0.6952400207519531,0.6684232950210571,0.6315312385559082,0.1825893074274063,0.8557606339454651,0.95654296875
33,final,finallize,0.0839731736209912,0.483158528804779,0.6200048923492432,0.6960183382034302,0.1692892760038375,0.5750201940536499,0.9572843313217164
33,final,finalling,0.1175446514849444,0.5116502642631531,0.7052091360092163,0.6283490657806396,0.2170246094465255,0.8513215184211731,0.9103571176528932
33,final,finalment,0.0870130964296499,0.3493072688579559,0.6657930612564087,0.7420011758804321,0.2348217517137527,0.8460622429847717,0.9153994917869568
33,final,finalness,0.092999347094822,0.4749398827552795,0.7232367992401123,0.7695099711418152,0.266093760728836,0.8431157469749451,0.8585097789764404
33,final,finalism,0.1366470999185484,0.3888463973999023,0.7136441469192505,0.6154054403305054,0.2323132902383804,0.804847240447998,0.8383409380912781
33,final,finaller,0.0952610048031942,0.7420940399169922,0.7182615995407104,0.6297826766967773,0.2584689259529114,0.8801240921020508,0.9620048403739928
33,final,finalled,0.1147014004661305,0.5091227293014526,0.6860122680664062,0.6740275025367737,0.259033203125,0.8518339991569519,0.8866484761238098
34,euro,euros,0.3917458885318169,0.8788870573043823,0.68491530418396,0.9248127937316896,0.7103366255760193,0.6775279641151428,0.9791184067726136
34,euro,euroism,0.2756529110065789,0.3275331854820251,0.8195390701293945,0.696563184261322,0.3150884211063385,0.6224126815795898,0.8028475642204285
34,euro,euroness,0.2151462975603523,0.673613429069519,0.8272610902786255,0.8273745775222778,0.2019865065813064,0.7584553360939026,0.9036083817481996
34,euro,euroly,0.2644650702593095,0.796607255935669,0.8153074979782104,0.7258925437927246,0.2124903053045272,0.7010448575019836,0.899431049823761
34,step,stepal,0.1387845085235263,0.5760213136672974,0.7822726964950562,0.6860878467559814,0.2026799768209457,0.7518660426139832,0.9367855787277222
34,step,stepic,0.1095209765843654,0.6153966188430786,0.7567365169525146,0.5829288959503174,0.2550558745861053,0.6995645761489868,0.8475499749183655
34,step,steped,0.1481431096141782,0.7872418761253357,0.7910913228988647,0.75746750831604,0.3747975826263428,0.7503616213798523,0.8982605934143066
34,step,stepes,0.0888983846005707,0.610863447189331,0.7814220786094666,0.803120493888855,0.15279321372509,0.7248013019561768,0.9206453561782836
34,step,steper,0.1153588133161214,0.5091237425804138,0.7840580940246582,0.6410578489303589,0.2654932141304016,0.7001402974128723,0.9123169779777528
34,step,stepor,0.1928303554565576,0.7309726476669312,0.7556910514831543,0.5909401178359985,0.2120814174413681,0.766445517539978,0.957442820072174
34,step,steply,-0.1014730529218787,0.7788844108581543,0.7808983325958252,0.6768898963928223,0.1534014791250229,0.7573844790458679,0.8986373543739319
34,step,stepism,0.1722484787902688,0.7059094309806824,0.7640714049339294,0.5792868733406067,0.2983352839946747,0.6150489449501038,0.8709121346473694
34,step,steping,0.1510352948474055,0.7843630313873291,0.790740966796875,0.8223416805267334,0.4608778655529022,0.7548820376396179,0.8898574709892273
34,step,steppal,0.1387845085235263,0.8218672275543213,0.7056797742843628,0.6291407346725464,0.1076737344264984,0.8555657863616943,0.9658530950546264
34,step,stepped,0.2580026064607799,0.8477854132652283,0.6270356178283691,0.7261191606521606,0.451475590467453,0.6966293454170227,0.9792997241020204
34,step,stepper,0.1693710194505275,0.5482212901115417,0.3788316547870636,0.3914831578731537,0.2345659434795379,0.4458700716495514,0.9397221207618712
34,step,stepers,0.1722484787902688,0.6820778846740723,0.7933952808380127,0.6214559078216553,0.2467343509197235,0.7332449555397034,0.9355673789978028
34,step,stepeer,0.1116494447665656,0.7590264081954956,0.7015612721443176,0.592595636844635,0.2868971824645996,0.7542442679405212,0.9576042890548706
34,step,stepables,0.0224139381381542,0.5984760522842407,0.685005784034729,0.5942786931991577,0.1096306666731834,0.6728534698486328,0.926018238067627
34,step,steppable,0.1515993801660284,0.5090178847312927,0.6561292409896851,0.6195850968360901,0.0892713963985443,0.6227280497550964,0.903381049633026
34,step,steppings,0.1455866742962841,0.7352174520492554,0.5880922079086304,0.658143162727356,0.1987689584493637,0.6858426928520203,0.9077860116958618
34,step,steppables,0.0872244672305349,0.6162034273147583,0.6213645935058594,0.6226423978805542,0.0531485378742218,0.6548677086830139,0.9265304803848268
34,step,stepable,0.1433382444963018,0.7613360285758972,0.7438492774963379,0.650712251663208,0.1534189134836197,0.7105677723884583,0.932119071483612
34,step,stepance,0.1159688267866129,0.8199167847633362,0.7331629991531372,0.6163108944892883,0.1761949807405471,0.7431299686431885,0.968833327293396
34,step,stepives,0.1387845085235263,0.8713577389717102,0.7050780057907104,0.6078066825866699,0.3398244678974151,0.8611832857131958,0.9256621599197388
34,step,stepness,0.1588647283286345,0.7755666375160217,0.7854748368263245,0.6863357424736023,0.0987774059176445,0.8392387628555298,0.9037805199623108
34,step,stepping,0.2688484158907518,0.8291965126991272,0.651473343372345,0.7467329502105713,0.5309638977050781,0.7573683857917786,0.974970519542694
34,step,steppers,0.1607317075947752,0.4782187342643738,0.3816595375537872,0.3430695235729217,0.2269344329833984,0.4180001020431518,0.917159378528595
34,step,steppeds,0.1159688267866129,0.6541552543640137,0.5622143745422363,0.5940812826156616,0.1763661056756973,0.6596085429191589,0.8596621155738831
34,step,steppability,0.1722484787902688,0.4920282363891601,0.6392691135406494,0.5197787880897522,0.107802502810955,0.6624523401260376,0.8980919718742371
35,magnesium,magnesial,0.3262259940634604,0.5317960381507874,0.60105299949646,0.4917996525764465,0.1425855308771133,0.5132014155387878,0.9008532166481018
35,magnesium,magnesiumize,0.3034103123265471,0.826642632484436,0.8346414566040039,0.8658599853515625,0.1982719153165817,0.8311188220977783,0.9473625421524048
35,magnesium,magnesiums,0.4209103579525686,0.6926826238632202,0.8540864586830139,0.9436945915222168,0.1869905143976211,0.7566041946411133,0.8933413028717041
35,hydroxide,hydroxiding,0.4322522480900309,0.5941015481948853,0.7450674772262573,0.6020500063896179,0.2715112864971161,0.6843058466911316,0.8213876485824585
35,hydroxide,hydroxides,0.5830346145327221,0.851638674736023,0.9352844953536988,0.9575310349464417,0.7274224162101746,0.8945351243019104,0.9040857553482056
36,neptune,neptuners,0.3493961914601333,0.7294928431510925,0.8725584149360657,0.8309198021888733,0.3485518097877502,0.7294927835464478,0.8912967443466187
36,neptune,neptunees,0.3899828869041094,0.7063228487968445,0.8655024766921997,0.9020410776138306,0.3954347968101501,0.7063228487968445,0.9134599566459656
36,neptune,neptunity,0.2090873808020947,0.392689436674118,0.6013021469116211,0.2462148666381836,0.3270933926105499,0.3926895558834076,0.7970670461654663
36,neptune,neptunion,0.1671974213238856,0.512539267539978,0.6041788458824158,0.3597722053527832,0.3694497346878052,0.5125393271446228,0.927301287651062
36,neptune,neptunor,0.3357684592642808,0.4622121155261993,0.6148338317871094,0.2724537849426269,0.2895005643367767,0.462212324142456,0.923554003238678
36,neptune,neptuned,0.364176929589088,0.7545475363731384,0.8640595078468323,0.8827353119850159,0.3358155488967895,0.7545475959777832,0.91267329454422
36,neptune,neptunic,0.2827547035726873,0.4750328660011291,0.6059911251068115,0.3307559788227081,0.3881663084030151,0.4750328660011291,0.8960372805595398
36,neptune,neptunes,0.7556104115370453,0.7548875212669373,0.8722044229507446,0.9094355702400208,0.6921107769012451,0.7548876404762268,0.8894259333610535
36,neptune,neptuner,0.3493961914601333,0.7414127588272095,0.8660457134246826,0.8573176860809326,0.3778839707374573,0.741412878036499,0.8907116055488586
36,neptune,neptunal,0.2121297646921847,0.4633389115333557,0.5962927937507629,0.2479850351810455,0.3317200541496277,0.4633389115333557,0.8993644118309021
36,neptune,neptunions,0.2304414116623062,0.4772118330001831,0.6185450553894043,0.339388906955719,0.3143001496791839,0.4772118031978607,0.8664929866790771
37,hkd,hkds,0.3767347712487884,0.9077229499816896,0.8846716284751892,0.9478535056114196,-0.0220097638666629,0.9535732269287108,0.9598525762557985
37,rmb,rmbs,0.2850086801518053,0.8735814094543457,0.898412823677063,0.9369070529937744,0.1563582271337509,0.949045181274414,0.97475928068161
37,exchange,exchangability,0.1722021225912429,0.6096271276473999,0.39743173122406,0.3406906127929687,0.1544136703014373,0.6146897673606873,0.9553942680358888
37,exchange,exchangeabilities,0.197380407160092,0.5054463744163513,0.5796940326690674,0.847152054309845,0.1753313392400741,0.6967784762382507,0.8756824731826782
37,exchange,exchangeability,0.2076855659538904,0.6189395189285278,0.7399729490280151,0.7297674417495728,0.4007620811462402,0.8497533202171326,0.9021076560020448
37,exchange,exchangeables,0.1448641951061185,0.6345443725585938,0.7072316408157349,0.7257533073425293,0.1534462571144104,0.8027786016464233,0.8750059604644775
37,exchange,exchangements,0.0372987936450937,0.7860732078552246,0.7326540350914001,0.6836100220680237,0.2053156048059463,0.8292678594589233,0.8684661388397217
37,exchange,exchangeable,0.2166936399694636,0.6457352042198181,0.7562199831008911,0.7420699596405029,0.3306511342525482,0.87143474817276,0.8890461325645447
37,exchange,exchangeably,0.1656830537309292,0.7408990859985352,0.7044488191604614,0.668208658695221,0.1511028558015823,0.7682156562805176,0.9090195894241332
37,exchange,exchangement,0.1928312308491775,0.8091793060302734,0.7487577795982361,0.8312262296676636,0.2328823953866958,0.8861393332481384,0.8976531624794006
37,exchange,exchangeness,0.2021805152606372,0.773891806602478,0.7806283235549927,0.8258846998214722,0.2339534014463424,0.8214713931083679,0.8605420589447021
37,exchange,exchanging,0.2962921766662718,0.8598164916038513,0.6332235336303711,0.8653130531311035,0.673592209815979,0.7609546184539795,0.982419490814209
37,exchange,exchangeed,0.0726708511258639,0.752342700958252,0.8070605993270874,0.7147761583328247,0.254692405462265,0.8297314047813416,0.8940821886062622
37,exchange,exchangees,0.2170562216285946,0.6941090822219849,0.806731104850769,0.9075257778167723,0.2629927694797516,0.7226370573043823,0.8481104373931885
37,exchange,exchangeor,0.1506781822241331,0.7198264002799988,0.7777650356292725,0.8272925615310669,0.2339683473110199,0.8354355096817017,0.915323793888092
37,exchange,exchangers,0.1644462027984691,0.6962173581123352,0.7992141246795654,0.8240229487419128,0.3622681200504303,0.7416971325874329,0.8920376300811768
37,exchange,exchangeds,0.1506781822241331,0.6836768388748169,0.6002165079116821,0.7381923198699951,0.2069404572248459,0.7332954406738281,0.8219050168991089
37,exchange,exchangeal,0.197380407160092,0.7834739089012146,0.8085036277770996,0.8401521444320679,0.189741626381874,0.8802616000175476,0.9570002555847168
37,exchange,exchangors,0.2280062739486515,0.587985098361969,0.3983072340488434,0.4638197422027588,0.1387510150671005,0.5510424971580505,0.9499196410179138
37,exchange,exchangable,0.0990999213797128,0.5574233531951904,0.3803755640983581,0.3950453400611877,0.3191175758838653,0.6779690384864807,0.9599334597587584
37,exchange,exchangeing,0.2152597136819744,0.7346500158309937,0.8167942762374878,0.8684960007667542,0.2684410512447357,0.8628941774368286,0.8131436705589294
37,exchange,exchangeers,0.1506781822241331,0.6634269952774048,0.8027191758155823,0.8447173833847046,0.2527006566524505,0.7324427366256714,0.875011146068573
37,exchange,exchanges,0.3357542943718854,0.8949263095855713,0.7601996064186096,0.8903573155403137,0.7332264184951782,0.8468213081359863,0.9713373184204102
37,exchange,exchanger,0.160456941079954,0.7452119588851929,0.8070778846740723,0.820829451084137,0.3932965099811554,0.8180864453315735,0.873671293258667
37,exchange,exchanged,0.280741391360773,0.8021522164344788,0.6232253313064575,0.7440271377563477,0.6098400354385376,0.8485286831855774,0.955934762954712
37,exchange,exchangor,0.2243458595163784,0.576430082321167,0.4123749434947967,0.4623250961303711,0.1588663607835769,0.5936087369918823,0.9664607644081116
37,rate,rably,0.1263408175577518,0.5986249446868896,0.3302979171276092,0.1991196423768997,0.1008225306868553,0.4293349981307983,0.8436437249183655
37,rate,rable,0.0264111992691574,0.5863358974456787,0.3192479014396667,0.1714874505996704,0.1440891623497009,0.5087447762489319,0.9581579566001892
37,rate,ratic,0.0903565853923027,0.4658935070037842,0.3020274341106415,0.1760205030441284,0.0983837395906448,0.4518278241157532,0.8394611477851868
37,rate,rater,0.1500643242225232,0.6450613737106323,0.785150408744812,0.7273484468460083,0.3327098190784454,0.8209766149520874,0.9006047248840332
37,rate,rates,0.4175842836481689,0.7908112406730652,0.8176899552345276,0.8872691988945007,0.8155850172042847,0.836823582649231,0.9775772094726562
37,rate,rated,0.2150522764231549,0.6768826246261597,0.3965751230716705,0.5295560359954834,0.2812018990516662,0.5326889157295227,0.9656692147254944
37,rate,rible,0.0321661023354464,0.4363462030887604,0.3216355443000793,0.1826499104499817,0.1132508143782615,0.5130420923233032,0.9427541494369508
37,rate,rables,0.0928060602237691,0.5954194068908691,0.3173417150974273,0.178449660539627,-0.0162447318434715,0.472148448228836,0.9373765587806702
37,rate,rateal,0.2096451785787015,0.7181828618049622,0.7847768068313599,0.7035990953445435,0.1801270842552185,0.8019292950630188,0.9343858957290648
37,rate,rateed,0.181885322141742,0.7369327545166016,0.8008719682693481,0.8423929214477539,0.2131122499704361,0.8033018112182617,0.8851470351219177
37,rate,rateds,0.2017846536302986,0.5875484347343445,0.379644513130188,0.5232621431350708,0.1746906340122223,0.5846508145332336,0.7858490347862244
37,rate,ratees,0.2321086743403658,0.5632347464561462,0.7880692481994629,0.8761060237884521,0.1740873754024505,0.7713888883590698,0.8624213933944702
37,rate,rately,0.1234934114166754,0.7266838550567627,0.7770578265190125,0.734947919845581,0.2906732261180877,0.7699099779129028,0.8674277067184448
37,rate,raters,0.1838757921780848,0.5741692781448364,0.8032029867172241,0.7251155972480774,0.2387834191322326,0.7715595960617065,0.8796656131744385
37,rate,ratics,0.1791183269215487,0.5608291029930115,0.3144888877868652,0.1538316905498504,0.1649686396121978,0.4435868263244629,0.9115033149719238
37,rate,ribles,0.1489560451033775,0.4179403185844421,0.3424122333526611,0.1543954610824585,0.1617228090763092,0.482104480266571,0.927910566329956
37,rate,rabilities,0.1618636715783662,0.4319624304771423,0.3281590342521667,0.1858155578374862,0.096902884542942,0.5245243906974792,0.940588653087616
37,rate,ratitions,0.1290416833151549,0.488483726978302,0.3468515872955322,0.0718144625425338,0.1434211730957031,0.5550445914268494,0.8525157570838928
37,rate,ratation,0.0086193152596458,0.6337875127792358,0.3177909255027771,0.126454621553421,0.2336604744195938,0.6109116673469543,0.9599906802177428
37,rate,rateings,0.0871266605905806,0.7522690296173096,0.7466051578521729,0.7227359414100647,0.2352381646633148,0.7560864686965942,0.9301632046699524
37,rate,rateness,0.1351903602956935,0.7037577629089355,0.7819799780845642,0.7867029309272766,0.2056044042110443,0.7513163089752197,0.8399542570114136
37,rate,ratance,0.1290416833151549,0.6173228025436401,0.3598218560218811,0.1469245254993438,0.2905791401863098,0.5787467956542969,0.9521036744117736
37,rate,ratency,0.1062260015782415,0.6631969809532166,0.7601768970489502,0.6266990900039673,0.2254462540149688,0.7290393710136414,0.7951709032058716
37,rate,rateing,0.1180648852497979,0.6383432745933533,0.8027387857437134,0.8160207271575928,0.380460649728775,0.7815465927124023,0.8692667484283447
37,rate,rateion,0.1290416833151549,0.7244687080383301,0.7685374617576599,0.7702312469482422,0.3058504462242126,0.7269997596740723,0.9454437494277954
37,rate,rateeer,0.1290416833151549,0.6889419555664062,0.7465585470199585,0.6773354411125183,0.1698277592658996,0.7283785939216614,0.9547244906425476
37,rate,rability,0.0936923633714691,0.6438594460487366,0.3179992735385895,0.1178091540932655,0.0995728746056556,0.5009949207305908,0.9037559032440186
39,router,routeics,0.2979950150457916,0.7984820008277893,0.5980294942855835,0.6409094929695129,0.2290653586387634,0.7970209717750549,0.9328866004943848
39,router,routeing,0.3256197834906911,0.835793673992157,0.718585193157196,0.7107595205307007,0.3534945547580719,0.9049013257026672,0.9163143038749696
39,router,routings,0.1526932737868155,0.6572811603546143,0.6381769180297852,0.5412068963050842,0.2343276739120483,0.7150611877441406,0.8695362210273743
39,router,routions,0.2979950150457916,0.5135165452957153,0.5396432876586914,0.1343187540769577,0.1284554004669189,0.6636582016944885,0.9587910771369934
39,router,routeability,0.3269346485463381,0.7981184124946594,0.6285108327865601,0.5235119462013245,0.1789792031049728,0.8547220230102539,0.9412047863006592
39,router,route,0.2113189028810371,0.7442137002944946,0.7695733308792114,0.5916303992271423,0.2251016050577163,0.7569808959960938,0.947583794593811
39,router,routes,0.195871577250863,0.5927982330322266,0.6313620805740356,0.4798167943954468,0.2264015078544616,0.5392152667045593,0.9439501166343688
39,router,routed,0.3559990108609559,0.5358659625053406,0.4742709100246429,0.5261304378509521,0.3033193945884704,0.7472867965698242,0.9398638010025024
39,router,routation,0.2751793333088783,0.4591343998908996,0.3832343518733978,0.1741305738687515,0.0655897483229637,0.4169749021530151,0.952466368675232
39,router,routeable,0.3298843097130144,0.8478338122367859,0.6628621816635132,0.558740496635437,0.1843052804470062,0.8521549105644226,0.9679247736930848
39,router,routeings,0.2074313082036656,0.8118671178817749,0.6402936577796936,0.6573859453201294,0.1630583703517913,0.830872654914856,0.9610625505447388
39,router,routers,0.6437771467704209,0.918074369430542,0.8460099697113037,0.9004073143005371,0.8370580077171326,0.9429282546043396,0.9803789258003236
39,router,routeds,0.2979950150457916,0.6434025764465332,0.6006373167037964,0.4983784854412079,0.0845353007316589,0.736676037311554,0.942766010761261
39,router,routees,0.2361756677597436,0.642189621925354,0.7272933721542358,0.6169450879096985,0.1129332482814788,0.8499947786331177,0.9011732339859008
39,router,routeed,0.2979950150457916,0.7421414256095886,0.6921501755714417,0.5463670492172241,0.0659916028380394,0.8772106766700745,0.9442345499992372
39,router,routely,0.2133599860228302,0.6153980493545532,0.6909548044204712,0.5171770453453064,0.1048542633652687,0.8047949075698853,0.9583881497383118
39,router,routing,0.5068258009394725,0.6384472250938416,0.530895471572876,0.5754955410957336,0.4788531064987182,0.7612902522087097,0.9610783457756042
39,router,roution,0.1884978825881399,0.3983411490917206,0.4248803853988647,0.1596937924623489,0.147146537899971,0.4775125086307525,0.9470435380935668
39,login,loginity,0.0469695620496927,0.5086104273796082,0.772013247013092,0.4652360081672668,0.2201847583055496,0.7050315141677856,0.8455342650413513
39,login,logins,0.1147791564451032,0.8963094353675842,0.8610713481903076,0.8863996863365173,0.6614318490028381,0.908090591430664,0.9289556741714478
40,merge,mergeable,0.3899788611346274,0.7320951223373413,0.8257178068161011,0.8416699767112732,0.5294387936592102,0.6509740948677063,0.914344072341919
40,merge,mergeance,0.2878895636330652,0.8086667060852051,0.8076101541519165,0.7839169502258301,0.1767141222953796,0.7990840077400208,0.9109655022621156
40,merge,mergences,0.2589873542297636,0.7389487028121948,0.7797197699546814,0.7239251136779785,0.2331351637840271,0.6989841461181641,0.9159875512123108
40,merge,mergencys,0.2878895636330652,0.6538988351821899,0.7961862087249756,0.677386999130249,0.2020655423402786,0.6413283944129944,0.8167384266853333
40,merge,mergable,0.3538556994490935,0.3938884139060974,0.5010312795639038,0.2430809289216995,0.474804013967514,0.4595460593700409,0.8650111556053162
40,merge,mergance,0.2488858980839305,0.410180002450943,0.5019795894622803,0.1741898953914642,0.1745335310697555,0.4382923245429992,0.8534367680549622
40,merge,mergeing,0.3386653031109756,0.7062739133834839,0.8523215055465698,0.9753054976463318,0.2994605898857116,0.5671253800392151,0.9040303230285645
40,merge,mergence,0.3228594618190273,0.8360960483551025,0.8182979822158813,0.7506217360496521,0.5018837451934814,0.7607645988464355,0.936966598033905
40,merge,mergency,0.1099781071116637,0.7336832284927368,0.8173827528953552,0.7145840525627136,0.1317843496799469,0.7130609750747681,0.8762052655220032
40,merge,mergeers,0.2878895636330652,0.7249553203582764,0.8545776605606079,0.8457598686218262,0.2243443578481674,0.7576572299003601,0.9038726687431335
40,merge,mergings,0.2859934521308461,0.7393418550491333,0.7312004566192627,0.9321472644805908,0.520931601524353,0.7399266362190247,0.9006179571151733
40,merge,mergical,0.1973258567909392,0.6451488733291626,0.490015298128128,0.2158460319042205,0.1517203450202942,0.4935107827186584,0.8548400402069092
40,merge,mergible,0.2650738818961518,0.6142009496688843,0.446604311466217,0.2562035322189331,0.1377041190862655,0.4770768880844116,0.8798131346702576
40,merge,mergeability,0.2878895636330652,0.6786971688270569,0.8150877952575684,0.8043628931045532,0.1570432186126709,0.6712594032287598,0.8765541315078735
40,merge,mergability,0.3545507900530187,0.5680559277534485,0.5241219997406006,0.2184995412826538,0.1551184356212616,0.502345621585846,0.9026273488998412
40,merge,mergals,0.2650738818961518,0.4737346172332763,0.480243980884552,0.1896440982818603,0.0561230741441249,0.4801017045974731,0.8687562942504883
40,merge,merging,0.4975928983379638,0.8055033087730408,0.824876070022583,0.9647587537765504,0.8119503855705261,0.7916669845581055,0.8765141367912292
40,merge,mergion,0.2488858980839305,0.4899878799915313,0.525342583656311,0.1636408418416977,0.1582436561584472,0.472337007522583,0.8739838004112244
40,merge,mergeed,0.365434320664488,0.8026272058486938,0.8501017093658447,0.8499568104743958,0.2549123764038086,0.6893743872642517,0.919945240020752
40,merge,mergeds,0.3401607451177157,0.7189092040061951,0.6863360404968262,0.8587133884429932,0.2696481645107269,0.770358681678772,0.8863140940666199
40,merge,mergees,0.2758323548108234,0.737643837928772,0.8485274910926819,0.9245447516441344,0.2285738587379455,0.7705854177474976,0.8743276000022888
40,merge,mergeer,0.2650738818961518,0.7333513498306274,0.8451259732246399,0.8742588758468628,0.2518437206745147,0.7123792171478271,0.9095118045806884
40,merge,mergely,0.3484331383690008,0.8106597661972046,0.8343507051467896,0.8712030649185181,0.159834936261177,0.7365075945854187,0.93733948469162
40,merge,mergencies,0.1078989642668964,0.6967129707336426,0.781889021396637,0.682704508304596,0.1876916736364364,0.7645461559295654,0.8598102927207947
40,merge,mergor,0.2878895636330652,0.3947976529598236,0.4876188933849334,0.1733335554599762,0.0278367716819047,0.4607752561569214,0.828917920589447
40,merge,mergic,0.1019020400989221,0.589468240737915,0.4959016442298889,0.2161843478679657,0.1693152636289596,0.5440518260002136,0.8782075643539429
40,merge,merged,0.4553152477640147,0.8516731262207031,0.7397602796554565,0.8799123764038086,0.7287396788597107,0.8543928861618042,0.9273680448532104
40,merge,merges,0.4353786366059148,0.7202404737472534,0.8591630458831787,0.9304143190383912,0.6972450017929077,0.6974449157714844,0.837013840675354
40,merge,mergal,0.1393277996361158,0.5644209384918213,0.4645997285842895,0.2372694909572601,0.0404408052563667,0.4180289506912231,0.8758270740509033
40,videos,videoeer,0.0949497669671617,0.5668527483940125,0.6532096266746521,0.6453746557235718,0.1735263764858245,0.7130796313285828,0.9059627652168274
40,videos,videoers,0.1255253435075701,0.5779740810394287,0.6687943339347839,0.7021833658218384,0.3051704466342926,0.6635226011276245,0.9288468956947328
40,videos,videoing,0.1204460201258156,0.6244404315948486,0.5932425856590271,0.8170366287231445,0.4553470611572265,0.6586973667144775,0.8973020315170288
40,videos,videolys,-0.0145473654904898,0.4222915172576904,0.5239846706390381,0.6245818734169006,0.2538765668869018,0.6079467535018921,0.9084093570709229
40,videos,videoors,-0.0036195763029559,0.6755378246307373,0.6998035311698914,0.640519380569458,0.2484198361635208,0.7225635647773743,0.9116896986961364
40,videos,video,0.3387224218698315,0.8286401033401489,0.7293637990951538,0.8189301490783691,0.743364691734314,0.917100429534912,0.9609569907188416
40,videos,videor,0.0211013611557716,0.4861801862716675,0.5720581412315369,0.6654558181762695,0.3004139363765716,0.6842570304870605,0.9079479575157166
40,videos,videoeers,0.0721340852302483,0.515932559967041,0.7063306570053101,0.6930717825889587,0.1748981028795242,0.7887649536132812,0.9137357473373412
40,videos,videoence,0.0949497669671617,0.5741930603981018,0.6725443601608276,0.6944562196731567,0.2462304532527923,0.7585644125938416,0.918867826461792
40,videos,videoings,0.0433897256741704,0.691909670829773,0.6719638109207153,0.7966336607933044,0.2025266885757446,0.7196516990661621,0.931216299533844
40,videos,videoizer,0.0949497669671617,0.5419039726257324,0.6731494665145874,0.5729809999465942,0.1835971027612686,0.7115744948387146,0.902258276939392
40,videos,videoized,0.1121415930459358,0.6661872267723083,0.6364803314208984,0.734236478805542,0.151342898607254,0.7428026795387268,0.9201084971427916
40,videos,videoness,0.1427799988507526,0.5073147416114807,0.6246607303619385,0.7087478637695312,0.0699085146188736,0.706794798374176,0.8878021836280823
40,videos,videoer,0.0842277757554086,0.4812650084495544,0.5726920366287231,0.6776407957077026,0.3941521048545837,0.6617460250854492,0.8864153623580933
40,videos,videoes,0.1098444649141255,0.5436891317367554,0.6030683517456055,0.8474998474121094,0.6206717491149902,0.6381140351295471,0.9048213362693788
40,videos,videoed,0.0943535430296473,0.6221458911895752,0.5957619547843933,0.6803086996078491,0.4868015646934509,0.7406296730041504,0.9184528589248656
40,videos,videoor,0.0138330954635749,0.5678799748420715,0.6250944137573242,0.6498992443084717,0.2742989659309387,0.6931241750717163,0.9133974313735962
40,videos,videoal,0.1258653849112585,0.6339058876037598,0.5914186239242554,0.6966691017150879,0.2337520569562912,0.720726728439331,0.9198132753372192
41,autumn,autumnation,0.1728870292257983,0.4946718215942383,0.791608452796936,0.8927483558654785,0.1490092277526855,0.4946719110012054,0.8735322952270508
41,autumn,autumnicity,0.1963374908158311,0.4971725642681122,0.6696265935897827,0.8781678676605225,0.1773620247840881,0.4971726536750793,0.8086709976196289
41,autumn,autumners,0.2299472910300481,0.5832774043083191,0.8133167028427124,0.8712858557701111,0.2121005654335022,0.5832773447036743,0.9166064262390136
41,autumn,autumning,0.198693396255276,0.7098567485809326,0.8039448857307434,0.922320544719696,0.2191886901855468,0.7098567485809326,0.939083456993103
41,autumn,autumnity,0.2561250922803119,0.6396315097808838,0.798694372177124,0.9176185131072998,0.2065049111843109,0.6396315693855286,0.9117564558982848
41,autumn,autumnize,0.159453824121531,0.8077142834663391,0.767126202583313,0.87347811460495,0.2217443138360977,0.8077144026756287,0.9345449209213256
41,autumn,autumnial,0.2299472910300481,0.8253614902496338,0.7666425704956055,0.853468656539917,0.2275010049343109,0.8253614902496338,0.9428364038467408
41,autumn,autumnnal,0.2299472910300481,0.8020535707473755,0.7472057342529297,0.7781093716621399,0.1567368954420089,0.8020536303520203,0.9489328265190125
41,autumn,autumnisms,0.2299472910300481,0.7609922885894775,0.763939619064331,0.8690185546875,0.2307474464178085,0.7609923481941223,0.9166592955589294
41,autumn,autumnlies,0.2299472910300481,0.7192736268043518,0.7471966743469238,0.8855119943618774,0.2272983342409134,0.7192738056182861,0.9085010886192322
41,autumn,autumnness,0.2299472910300481,0.719144344329834,0.8061487674713135,0.9063212275505066,0.2625907659530639,0.7191445231437683,0.9227509498596193
41,autumn,autumnly,0.1462661148815336,0.713952898979187,0.7918699383735657,0.9222165942192078,0.2365479320287704,0.7139529585838318,0.9224090576171876
41,autumn,autumned,0.1681279437440001,0.7628182172775269,0.7930110692977905,0.8642744421958923,0.2244421243667602,0.7628183364868164,0.9329946041107178
41,autumn,autumner,0.2071316092931347,0.5913658142089844,0.7962247729301453,0.8757776021957397,0.2463269531726837,0.5913658738136292,0.9166061878204346
41,autumn,autumnes,0.2299472910300481,0.5676059722900391,0.7869499921798706,0.9325414896011353,0.2766205370426178,0.5676059722900391,0.9192938208580016
41,autumn,autumnic,0.2299472910300481,0.6634436845779419,0.7814847826957703,0.8791345953941345,0.1225631758570671,0.6634436845779419,0.9269666075706482
41,autumn,autumns,0.2913368430032549,0.6703008413314819,0.810917317867279,0.9419426321983336,0.6172276735305786,0.6703009009361267,0.9138361811637878
41,autumn,autumnability,0.1393835841879221,0.7516567707061768,0.7703693509101868,0.8531449437141418,0.2228856384754181,0.751656711101532,0.9078328609466552
42,alpaca,alpacas,0.6947116955727597,0.8618341684341431,0.9406646490097046,0.9555819034576416,0.7783079743385315,0.8618342280387878,0.9426419734954834
43,petal,petals,0.4834238525549377,0.2972443401813507,0.369062602519989,0.38088059425354,0.8134029507637024,0.2972442507743835,0.7181559801101685
43,petal,petalization,0.3599904152845773,0.438446044921875,0.7432654500007629,0.5869779586791992,0.1824656873941421,0.4384461045265198,0.7728633284568787
43,petal,petally,0.246611026705538,0.4932867884635925,0.7980542182922363,0.7624714374542236,0.2021272182464599,0.4932866394519806,0.8207820653915405
43,petal,petalic,0.2429794186371735,0.3346557915210724,0.7405526041984558,0.5558521747589111,0.2334839254617691,0.33465576171875,0.750120997428894
43,petal,petaler,0.3421374644711529,0.3586620688438415,0.8230880498886108,0.5967073440551758,0.2349078804254531,0.3586620092391968,0.7345389723777771
43,petal,petales,0.1914538737663038,0.5732665061950684,0.7895625233650208,0.5841820240020752,0.2629943490028381,0.5732665061950684,0.7909814715385437
43,petal,petalers,0.3418333682957361,0.382975697517395,0.7977941036224365,0.5621093511581421,0.2083482891321182,0.3829757273197174,0.7524452209472656
43,petal,petalism,0.3914462372135429,0.5878434777259827,0.8024146556854248,0.6372373104095459,0.2173383384943008,0.5878434777259827,0.7901884317398071
43,petal,petaling,0.1827193648910915,0.3010146021842956,0.7736397981643677,0.5552226901054382,0.3336705863475799,0.3010146617889404,0.7169767618179321
43,petal,petalion,0.3599904152845773,0.4084660410881042,0.8150524497032166,0.6648740768432617,0.1757199466228485,0.4084659516811371,0.7448781728744507
43,petal,petalive,0.0629879678329664,0.3114720582962036,0.7933483123779297,0.6834150552749634,0.2128385454416275,0.3114719986915588,0.7021108269691467
43,petal,petalling,0.1873498651602543,0.2697579264640808,0.7916578054428101,0.6323060989379883,0.2016965299844741,0.2697579264640808,0.7151375412940979
43,petal,petallers,0.3599904152845773,0.2639165222644806,0.7710107564926147,0.5762012004852295,0.1452765017747879,0.2639164626598358,0.7277492880821228
43,petal,petalness,0.3599904152845773,0.7160531282424927,0.9049487113952636,0.8450518250465393,0.1122753396630287,0.716053307056427,0.8212752938270569
44,quotes,quoteability,0.2229894672350793,0.6323510408401489,0.6693114042282104,0.6884638071060181,0.1981234550476074,0.6733680963516235,0.8376211524009705
44,quotes,quotization,0.1752883950849279,0.3484160602092743,0.5060539841651917,0.1512261033058166,0.0294365901499986,0.4045584499835968,0.8170409798622131
44,quotes,quoteations,0.2471051106332707,0.6800282001495361,0.6776176691055298,0.8147451877593994,0.2252345234155655,0.743376612663269,0.9208199381828308
44,quotes,quote,0.3893400300328664,0.7614798545837402,0.7184842824935913,0.8080582618713379,0.7391980290412903,0.8660772442817688,0.9561961889266968
44,quotes,quotatives,0.0744653822497452,0.4949630200862884,0.489441454410553,0.7715964317321777,0.1821157187223434,0.4575791954994201,0.820095419883728
44,quotes,quotative,0.119472504965704,0.6413338780403137,0.4915416240692138,0.7241264581680298,0.2164643555879593,0.6646168231964111,0.9190840125083924
44,quotes,quotor,0.1752883950849279,0.503495454788208,0.4716403484344482,0.256297767162323,0.0721094012260437,0.5245335102081299,0.9351900219917296
44,quotes,quoter,0.2541092859582388,0.6177464127540588,0.6360094547271729,0.7064327001571655,0.534002423286438,0.664665937423706,0.873028576374054
44,quotes,quoted,0.2268574940239984,0.7371507883071899,0.7067184448242188,0.7810913324356079,0.5061488151550293,0.9125153422355652,0.9719102382659912
44,quotes,quotal,0.1992477723721631,0.6532968878746033,0.4328511953353882,0.6097432971000671,0.0451655723154544,0.6476826071739197,0.9663808345794678
44,quotes,quotize,0.1752883950849279,0.4437112212181091,0.4646263122558594,0.2593847811222076,0.0339827984571456,0.4444498121738434,0.94705069065094
44,quotes,quotity,0.1752883950849279,0.3437753915786743,0.4771430790424347,0.2691788077354431,0.0923312231898307,0.3502230644226074,0.9191405773162842
44,quotes,quoting,0.2732784237441273,0.8959152698516846,0.7189632654190063,0.8132423758506775,0.5982378125190735,0.934558928012848,0.9901216626167296
44,quotes,quotion,0.1441154171930299,0.5677386522293091,0.4852249324321747,0.3651193678379059,0.0540036335587501,0.5116267204284668,0.9006673693656921
44,quotes,quotics,0.2229894672350793,0.4892694354057312,0.4779970645904541,0.2690238952636719,0.0207522809505462,0.4816740155220032,0.8731985688209534
44,quotes,quotals,0.1524727133480145,0.5842264890670776,0.5159592628479004,0.63749098777771,0.1291084736585617,0.5696315765380859,0.8878083825111389
44,quotes,quoters,0.2947130271119027,0.5500732660293579,0.6624781489372253,0.7370269298553467,0.5226209759712219,0.6273938417434692,0.8288037776947021
44,quotes,quotely,0.091166822422834,0.7063642740249634,0.624510645866394,0.6322363615036011,0.2567911446094513,0.7418791651725769,0.8354928493499756
44,quotes,quoteor,0.0699613474829534,0.6890451312065125,0.6422947645187378,0.6068843603134155,0.1776558309793472,0.7170780897140503,0.930685818195343
44,quotes,quoteed,0.1237283537919365,0.6744844913482666,0.6345453262329102,0.6612652540206909,0.0998975113034248,0.6781831979751587,0.8533360362052917
44,quotes,quoteds,0.2803965318973044,0.7206082344055176,0.6195744872093201,0.8217720985412598,0.1235337331891059,0.7280408143997192,0.8367910981178284
44,quotes,quotees,0.3012676340429777,0.6440938711166382,0.6554039716720581,0.8660475015640259,0.1580275148153305,0.6697648763656616,0.8748857975006104
44,quotes,quoteal,0.1237283537919365,0.7124669551849365,0.6230133175849915,0.7540779709815979,0.2630177438259125,0.6998655200004578,0.8571298122406006
44,quotes,quoteable,0.2016410953664421,0.7187694311141968,0.6650805473327637,0.67508864402771,0.5126877427101135,0.7160149216651917,0.893566906452179
44,quotes,quoteness,0.1237283537919365,0.6914615035057068,0.6497625112533569,0.7352442145347595,0.1895768344402313,0.7637808322906494,0.8301545977592468
44,quotes,quoticals,0.1992477723721631,0.3997986316680908,0.4632439613342285,0.2532189488410949,0.0110325114801526,0.4283107221126556,0.849988579750061
44,quotes,quotition,0.2390424532411407,0.3781037926673889,0.4999299645423889,0.3236674070358276,0.076201356947422,0.3473491966724396,0.8595473170280457
44,quotes,quoteing,0.1530424375969931,0.7088059782981873,0.6340871453285217,0.7501962184906006,0.1993212103843689,0.6712402105331421,0.8562254309654236
44,quotes,quotings,0.0863565613510624,0.7161303162574768,0.619889497756958,0.8142513036727905,0.1638968884944915,0.6616432666778564,0.8502009510993958
44,quotes,quotions,0.2229894672350793,0.5754334330558777,0.5319902896881104,0.3748040795326233,0.0853733196854591,0.5516712665557861,0.8501908183097839
44,quotes,quotives,0.2324227381214704,0.479195237159729,0.4741674661636352,0.3992049396038055,0.0713412091135978,0.4265411794185638,0.8129808902740479
44,quotes,quotible,0.1752883950849279,0.379081666469574,0.4916606545448303,0.2653546929359436,0.0198736060410738,0.4776813387870788,0.94898122549057
44,quotes,quotized,0.1752883950849279,0.7026280760765076,0.5252436399459839,0.1759068965911865,0.0200632978230714,0.6321011185646057,0.9769545197486876
44,quotes,quoteables,0.0975552549861385,0.4837408661842346,0.6234610080718994,0.7005020380020142,0.27255779504776,0.5259730815887451,0.8436064124107361
44,quotes,quoteation,0.2438904120779068,0.7006460428237915,0.6527233719825745,0.7665585875511169,0.193066269159317,0.7175564169883728,0.8607866764068604
44,quotes,quotitions,0.2516644292002172,0.4111950397491455,0.538226842880249,0.3022238612174988,0.1037935838103294,0.3701580464839935,0.8449557423591614
45,commendatory,commendatorily,0.5554697707808574,0.8047738671302795,0.8978420495986938,0.8857840299606323,0.1686646789312362,0.8635884523391724,0.9115243554115297
45,commendatory,commendatories,0.5782854525177707,0.7829146385192871,0.9060720205307008,0.8392939567565918,0.2241415679454803,0.848766028881073,0.8897196054458618
45,term,termations,0.1310627241448154,0.6070528030395508,0.6921545267105103,0.5725255012512207,0.1086564734578132,0.7608230113983154,0.9492204785346984
45,term,terming,0.1650882196889254,0.623414158821106,0.7843340635299683,0.6897673606872559,0.2875083088874817,0.8067864775657654,0.9211984276771544
45,term,termial,0.0427605786521325,0.753670334815979,0.7346822023391724,0.5576618313789368,0.1509402096271515,0.9024394154548644,0.9652726650238036
45,term,termion,0.079502682851824,0.660853922367096,0.7282096147537231,0.579851508140564,0.0760623142123222,0.7983517050743103,0.9632092118263244
45,term,termism,0.2339038902331612,0.5441964864730835,0.768466591835022,0.553673505783081,0.3645063936710357,0.7310194373130798,0.8862383961677551
45,term,termity,0.079502682851824,0.6294902563095093,0.767051637172699,0.5632683038711548,0.1693727821111679,0.8301340937614441,0.9326470494270324
45,term,termmed,0.0920590585956807,0.7490921020507812,0.7225130200386047,0.5317280292510986,0.2665507197380066,0.8821612596511841,0.9583818912506104
45,term,termals,0.0215655916871637,0.6766115427017212,0.7149567604064941,0.5136075019836426,0.1366600841283798,0.7554547786712646,0.9659185409545898
45,term,termeer,0.0776398159150712,0.5831208229064941,0.6961543560028076,0.5186611413955688,0.1365994662046432,0.902301788330078,0.9581983685493468
45,term,termers,0.1703456533319083,0.6477097272872925,0.7756569385528564,0.5451818704605103,0.4240416288375854,0.8105667233467102,0.9615484476089478
45,term,termors,0.1407494755588374,0.7198818922042847,0.7167778015136719,0.4596465229988098,0.0526498965919017,0.8181575536727905,0.9469927549362184
45,term,termor,0.2069609010147379,0.6949021220207214,0.7330533266067505,0.5409325361251831,0.1145577132701873,0.7971559166908264,0.9614907503128052
45,term,termic,-0.0066276089747276,0.6434986591339111,0.7530168294906616,0.5165451169013977,0.1723398715257644,0.8436339497566223,0.9378030896186828
45,term,termly,0.1759079640214015,0.6721413135528564,0.7660387754440308,0.5500444769859314,0.2303177565336227,0.8540598750114441,0.922368824481964
45,term,termes,0.0214665778452266,0.4962222576141357,0.7729458212852478,0.5680509805679321,0.2063662260770797,0.6325063705444336,0.905998468399048
45,term,termer,0.1792553006712698,0.4461798071861267,0.7707802653312683,0.5924264192581177,0.3978741765022278,0.7961584329605103,0.8831846117973328
45,term,termed,0.2657609812712073,0.7202093601226807,0.4523723125457763,0.630247950553894,0.3604805171489715,0.8576862215995789,0.9617706537246704
45,term,termal,0.0519388378267588,0.681368350982666,0.768841028213501,0.6105220913887024,0.1466586887836456,0.7674021124839783,0.9732353687286376
45,term,termically,0.1310627241448154,0.6949063539505005,0.6865262985229492,0.6553442478179932,0.1180167570710182,0.8982827067375183,0.914466679096222
45,term,termation,0.1153797427976871,0.5280783772468567,0.7362266778945923,0.631070613861084,0.140289232134819,0.7331644892692566,0.903988778591156
45,term,termerity,0.127880736957545,0.4540928304195404,0.6221531629562378,0.5950316786766052,0.1110148504376411,0.5846681594848633,0.900932550430298
45,term,termially,0.1640178844411171,0.6044512987136841,0.6608080863952637,0.5553693771362305,0.0983335524797439,0.7390131950378418,0.8668686747550964
45,term,termities,0.108247042407902,0.6634604930877686,0.7091241478919983,0.5074231624603271,0.1181266009807586,0.7865856289863586,0.925840139389038
45,term,termally,0.079502682851824,0.7668885588645935,0.7125744223594666,0.738689661026001,0.132827341556549,0.8961617350578308,0.937026023864746
45,term,termeers,0.1310627241448154,0.7783638834953308,0.676651120185852,0.4981904625892639,0.0909619107842445,0.90506511926651,0.9728841781616212
45,term,termical,0.0605692572362983,0.7325372695922852,0.7213417291641235,0.6101630330085754,0.1307175904512405,0.9074482321739196,0.957027554512024
45,term,termials,0.2230159351764686,0.7884697318077087,0.7045755386352539,0.4874544739723205,0.1085713505744934,0.9034571051597596,0.9689375758171082
45,term,termlies,0.1769688224577149,0.7066912651062012,0.6772065162658691,0.5516704320907593,0.1593313515186309,0.7630220651626587,0.9619015455245972
45,term,termness,0.1506341339794828,0.7085477113723755,0.7647945284843445,0.6153298020362854,0.2057999074459076,0.8785135746002197,0.9279493689537048
45,term,termming,0.1532271275947987,0.7978447675704956,0.7302663326263428,0.616500198841095,0.225787803530693,0.9005156755447388,0.971052348613739
46,musical,musicalical,0.1959578315115251,0.7845559120178223,0.7518901824951172,0.7443575263023376,0.221578299999237,0.6920864582061768,0.9620016813278198
46,musical,musicalizer,0.2504437672861483,0.6017248630523682,0.7077601552009583,0.7171300649642944,0.2292551100254058,0.3980900347232818,0.934127151966095
46,musical,musicalizes,0.261307284788853,0.6932782530784607,0.7395768761634827,0.8049900531768799,0.1857878118753433,0.5584301352500916,0.9504822492599488
46,musical,musicalized,0.2879544078298711,0.739382266998291,0.7577290534973145,0.7877020835876465,0.571620762348175,0.660647451877594,0.9600159525871276
46,musical,musicalment,0.0749031810007684,0.7415403127670288,0.7222656011581421,0.8265129327774048,0.0950144305825233,0.6069386601448059,0.93384450674057
46,musical,musicalness,0.196133218274716,0.7007465362548828,0.7591232061386108,0.7825862169265747,0.2602567076683044,0.6362859606742859,0.9187875986099244
46,musical,musicality,0.3519250688371702,0.643496572971344,0.7467789649963379,0.7843091487884521,0.5483530163764954,0.7311218976974487,0.8736992478370667
46,musical,musicalive,0.2412222231460148,0.6783806085586548,0.7379383444786072,0.7370061874389648,0.142956331372261,0.6858508586883545,0.9521660208702089
46,musical,musicalism,0.2207561129200053,0.6286597847938538,0.7559216022491455,0.7602767944335938,0.1790834218263626,0.5840138792991638,0.871493935585022
46,musical,musicalion,0.2207561129200053,0.7456384897232056,0.7272615432739258,0.8211995363235474,0.168839618563652,0.5970198512077332,0.957747519016266
46,musical,musicalize,0.2381813038471489,0.7272369861602783,0.737032413482666,0.8011409044265747,0.2189974337816238,0.613080620765686,0.9569409489631652
46,musical,musicals,0.4168141504065332,0.7549684047698975,0.604913592338562,0.8108417987823486,0.6511924862861633,0.4592545330524444,0.9689751863479614
46,musical,musicalality,0.2444978077829215,0.6466293931007385,0.7198762893676758,0.6866551637649536,0.08436881005764,0.5138752460479736,0.90282541513443
46,musical,musicalization,0.232103877766422,0.6318331956863403,0.7510778307914734,0.7681012153625488,0.5760742425918579,0.5308068990707397,0.9139618277549744
46,musical,musicalities,0.2113696422645241,0.668362021446228,0.7149256467819214,0.7885991334915161,0.1965069323778152,0.5494712591171265,0.9251456260681152
46,musical,musicalizing,0.2702602402867635,0.6974890232086182,0.7507505416870117,0.8165247440338135,0.2072385847568512,0.5974103212356567,0.9403765797615052
46,musical,musicalal,0.2207561129200053,0.6780838370323181,0.7480508089065552,0.8082993030548096,0.0798598006367683,0.8031694293022156,0.951806902885437
46,musical,musicales,0.260951550567899,0.5389648675918579,0.7626250982284546,0.8683799505233765,0.3798689246177673,0.6013043522834778,0.8791354894638062
46,musical,musicalizations,0.2548409602221065,0.7415215969085693,0.734258234500885,0.777814507484436,0.2062773257493972,0.5067617893218994,0.9541274309158324
47,rubik,rubiks,0.5449440674164495,0.8422464728355408,0.942554771900177,0.9230965971946716,0.8411925435066223,0.8779215812683105,0.97552752494812
47,cube,cubeing,0.3325984681916624,0.7225845456123352,0.8395279049873352,0.8099356293678284,0.1100717484951019,0.8128532767295837,0.9141864776611328
47,cube,cubeism,0.2025403155220627,0.6864832639694214,0.8185885548591614,0.8124138712882996,0.1325812935829162,0.811765193939209,0.8179619312286377
47,cube,cubings,0.2502181006936664,0.5505366921424866,0.482323944568634,0.6285126209259033,0.210104614496231,0.613241970539093,0.908453643321991
47,cube,cubeicals,0.3336673628328769,0.6015055775642395,0.7724884152412415,0.8196791410446167,0.0902851223945617,0.8087171912193298,0.8923141360282898
47,cube,cubed,0.3724187389671344,0.7048843502998352,0.8207228183746338,0.8583298325538635,0.6310898065567017,0.836709201335907,0.9437311887741088
47,cube,cuber,0.2531708885697363,0.6188662648200989,0.8318129777908325,0.8573975563049316,0.5639943480491638,0.8392245173454285,0.9143971800804138
47,cube,cubes,0.4643991639828434,0.6018165349960327,0.8475722670555115,0.900872528553009,0.8287459015846252,0.8583471179008484,0.8913149833679199
47,cube,cubation,0.31534381284848,0.615548849105835,0.4844713807106018,0.2946241497993469,0.0994748994708061,0.5568166971206665,0.9210964441299438
47,cube,cubeical,0.2730337824305798,0.8064740896224976,0.8115899562835693,0.8702048659324646,0.1174214780330658,0.7866637110710144,0.954659342765808
47,cube,cubelies,0.2502181006936664,0.7544833421707153,0.7783393859863281,0.8038797974586487,0.1114452853798866,0.8680024147033691,0.9339592456817628
47,cube,cubeness,0.2603736265410905,0.6628761291503906,0.8317665457725525,0.8464668989181519,0.0985021516680717,0.8257254362106323,0.8771319389343262
47,cube,cubing,0.3552667592206493,0.4861752688884735,0.4392644166946411,0.5978923439979553,0.5431125164031982,0.6281814575195312,0.9019980430603028
47,cube,cubion,0.3247020168479827,0.5721218585968018,0.4654738306999206,0.6799712181091309,0.1116583719849586,0.5810221433639526,0.920240044593811
47,cube,cubers,0.2944407866312633,0.6271882057189941,0.8310354948043823,0.8049275875091553,0.5273606777191162,0.8418348431587219,0.9110796451568604
47,cube,cubely,0.2710493238619538,0.7709661722183228,0.8197520971298218,0.8151999711990356,0.2229216694831848,0.8432934284210205,0.9317566752433776
47,cube,cubeds,0.2340301168814452,0.7016916275024414,0.8161286115646362,0.8471695780754089,0.1135983765125274,0.8487766981124878,0.9371159076690674
47,cube,cubeed,0.2841153214040066,0.7699918150901794,0.8377847671508789,0.7783087491989136,0.1723927706480026,0.825541615486145,0.9426829814910888
47,cube,cubees,0.2629497648659333,0.575400710105896,0.8327611684799194,0.8909552097320557,0.1251656115055084,0.831890344619751,0.8263220191001892
47,solution,solutions,0.4176405998821413,0.8565993309020996,0.8082418441772461,0.835604190826416,0.800843358039856,0.8794977068901062,0.9784592986106871
47,solution,solutioners,0.2225202387860814,0.8210915923118591,0.8100763559341431,0.626799464225769,0.1934065371751785,0.8778107166290283,0.9682702422142028
47,solution,solutioneer,0.1602519475418846,0.7946010828018188,0.7582042217254639,0.6318305730819702,0.1709305793046951,0.7582383751869202,0.9713614583015442
47,solution,solutionize,0.1499431977129706,0.8510962128639221,0.7835593223571777,0.5950772166252136,0.197907343506813,0.7332833409309387,0.9692580103874208
47,solution,solutionism,0.0317051149995117,0.6102135181427002,0.7905579209327698,0.4801467657089233,0.3333201706409454,0.8062661290168762,0.8440307974815369
47,solution,solutionive,0.1566512391218629,0.8231860399246216,0.7678422927856445,0.5843371152877808,0.2442588955163955,0.746529221534729,0.9747830033302308
47,solution,solutioning,0.2155284447846293,0.8207858800888062,0.8195910453796387,0.7078993916511536,0.4527772963047027,0.8046518564224243,0.906385600566864
47,solution,solutionner,0.2136922041717212,0.811577320098877,0.7878689765930176,0.5910323858261108,0.3152929246425628,0.7581220865249634,0.9696643352508544
47,solution,solutionation,0.1566512391218629,0.7642753720283508,0.8008087873458862,0.7267471551895142,0.2028229385614395,0.8367757201194763,0.8713036179542542
47,solution,solutionizing,0.2457835492639108,0.8816368579864502,0.7838602066040039,0.5705240368843079,0.206095665693283,0.7154494524002075,0.982178270816803
47,solution,solutioned,0.199646977802785,0.8219134211540222,0.8022520542144775,0.7656805515289307,0.1748817861080169,0.7801748514175415,0.9320014715194702
47,solution,solutiones,0.2116132499400559,0.7162504196166992,0.8027133345603943,0.7989921569824219,0.2297891229391098,0.8115721344947815,0.9051790833473206
47,solution,solutioner,0.2035958906989995,0.7831653356552124,0.797584056854248,0.6250332593917847,0.2269595265388488,0.8679918646812439,0.9512097239494324
47,solution,solutional,0.1605686997143888,0.7431695461273193,0.774746298789978,0.6637292504310608,0.2492604106664657,0.7818011045455933,0.962109625339508
47,solution,solutionor,0.1985900052169027,0.8328803181648254,0.7750722169876099,0.5681442618370056,0.2223163545131683,0.8399292230606079,0.974309742450714
47,solution,solutionnizing,0.2035958906989995,0.697912335395813,0.7134536504745483,0.5841913223266602,0.2596601247787475,0.6659029722213745,0.8994012475013733
47,solution,solutive,0.1874626868128666,0.6959194540977478,0.4280202686786651,0.3563144207000732,0.1683771312236786,0.4778042137622833,0.9157379865646362
47,solution,solutionable,0.1630091952550235,0.861046552658081,0.7903075218200684,0.6350877285003662,0.1835388541221618,0.8319494724273682,0.9651371836662292
47,solution,solutionally,0.0861577722133458,0.821724534034729,0.7574930191040039,0.807242751121521,0.2389348149299621,0.7468374371528625,0.9552587270736694
47,solution,solutioneers,0.1971747325440685,0.8498125076293945,0.7635829448699951,0.5882498025894165,0.1457830518484115,0.7746284008026123,0.9783766269683838
47,solution,solutionizer,0.2035958906989995,0.8536396026611328,0.7886956930160522,0.5132476091384888,0.1986192017793655,0.830109179019928,0.9790088534355164
47,solution,solutionized,0.172250921038038,0.8788185119628906,0.7950908541679382,0.5958038568496704,0.1546212881803512,0.7225509881973267,0.9803467988967896
47,solution,solutionners,0.2035958906989995,0.859154224395752,0.7597861289978027,0.5492408275604248,0.2734773755073547,0.7606512308120728,0.9811487197875975
47,solution,solutionability,0.1566512391218629,0.753711462020874,0.7731607556343079,0.4591450095176697,0.2380936741828918,0.8256277441978455,0.9470431804656982
47,steps,stepses,0.1671751822957234,0.6918271780014038,0.7998898029327393,0.8166905045509338,0.3316981792449951,0.7248876094818115,0.8639576435089111
47,steps,stepsal,0.0966817153872064,0.6390077471733093,0.760811448097229,0.7114639282226562,0.3546521961688995,0.7637295722961426,0.8842498064041138
47,steps,stepsizes,0.1709429682813223,0.6604404449462891,0.7492170929908752,0.6451956033706665,0.1178581640124321,0.801982045173645,0.8933748602867126
47,steps,stepsized,0.1671751822957234,0.7325037121772766,0.7675772905349731,0.7305564880371094,0.0977542400360107,0.7723273038864136,0.9182667136192322
47,steps,stepsize,0.1936210708552182,0.7118951082229614,0.7431889772415161,0.7051913738250732,0.1948116570711136,0.8458735346794128,0.907257318496704
48,melbourne,melbournes,0.3946476313134329,0.6916876435279846,0.783927857875824,0.9060418605804444,0.3621188104152679,0.7572484016418457,0.857681930065155
48,melbourne,melbourned,0.3083295964478799,0.7955958247184753,0.7577758431434631,0.8254090547561646,0.3249738216400146,0.7118629813194275,0.9353687167167664
48,university,universitiers,0.157030716787705,0.3920688033103943,0.3462786078453064,0.7115939855575562,0.137579470872879,0.5714605450630188,0.8368772268295288
48,university,universityity,0.157030716787705,0.6687248945236206,0.703842282295227,0.7807499170303345,0.3187506794929504,0.8456011414527893,0.9381743669509888
48,university,universitier,0.1083195148228942,0.4629286229610443,0.3464157879352569,0.726327657699585,0.1721350103616714,0.6008645296096802,0.8657890558242798
48,university,universities,0.3791454219442177,0.7085106372833252,0.6110032796859741,0.9303585290908812,0.7239871025085449,0.813957929611206,0.928008496761322
48,university,universitied,0.0996498484395975,0.317326009273529,0.3347908854484558,0.7267292141914368,0.1374850273132324,0.5444701910018921,0.7637792825698853
48,university,universityor,0.1397760614445225,0.7640159130096436,0.6939858198165894,0.6983603239059448,0.1469982713460922,0.8190915584564209,0.951552152633667
48,university,universityes,0.0855038330859808,0.5953359603881836,0.739094614982605,0.8551183938980103,0.2262224555015564,0.8449276089668274,0.8350229859352112
48,university,universityal,0.1619939532657888,0.6906024813652039,0.7301105856895447,0.7421818971633911,0.2356990426778793,0.852928638458252,0.9498283863067628
48,university,universitys,0.2149132170925576,0.7030423879623413,0.7703325748443604,0.9077918529510498,0.6433090567588806,0.8517098426818848,0.8801426291465759
48,ranking,rankinging,0.3498147492304889,0.576552152633667,0.8308788537979126,0.9535718560218812,0.2574226558208465,0.8198059797286987,0.8887374401092529
48,ranking,rankings,0.4963209701848691,0.5784748792648315,0.6614530086517334,0.9226124286651612,0.8349537253379822,0.8647449612617493,0.954100787639618
48,ranking,rankingal,0.315673997066533,0.5587518811225891,0.7909320592880249,0.8806620836257935,0.2425784766674041,0.8073234558105469,0.8944395780563354
48,ranking,rankinges,0.3302624531126839,0.4028791189193725,0.8045746088027954,0.9274601936340332,0.1924197077751159,0.7585791349411011,0.8272764682769775
48,ranking,rankingly,0.2900496683094891,0.6459410190582275,0.7878047823905945,0.8951273560523987,0.279782086610794,0.8198105096817017,0.9119320511817932
48,ranking,rankingor,0.3130104104250432,0.6017193794250488,0.7801815271377563,0.8102182149887085,0.2313409596681594,0.8176748156547546,0.953052818775177
50,dow,dows,0.4292184619413371,0.5974509716033936,0.8800331354141235,0.926074743270874,0.5300825238227844,0.5694795250892639,0.9358662962913512
50,dow,dowly,0.2182763481137496,0.5976409316062927,0.8561945557594299,0.7799484729766846,0.144429549574852,0.5479668974876404,0.9252304434776306
50,dow,downess,0.2481873462368623,0.5602900385856628,0.41948401927948,0.1549926251173019,0.0530527010560035,0.335522711277008,0.9291480779647828
50,dow,dowlys,0.3003264772767604,0.5226826667785645,0.7856009006500244,0.7883082628250122,0.1484100073575973,0.4767338633537292,0.9443989992141724
50,dow,dowism,0.2586865796610075,0.4486889839172363,0.8570425510406494,0.810997486114502,0.1580697000026703,0.5049346089363098,0.884235143661499
50,jones,jonesor,0.1617985529755455,0.7350353002548218,0.7323334217071533,0.8576182126998901,0.2568769752979278,0.6488267779350281,0.9418452978134156
50,jones,jonesly,0.1641619359514224,0.6815217733383179,0.7285052537918091,0.8417993783950806,0.2619192898273468,0.5867740511894226,0.8458812236785889
50,jones,jonesal,0.1069049619361288,0.749335765838623,0.743568480014801,0.8793169260025024,0.2809544205665588,0.7096329927444458,0.9586105942726136
50,jones,jonesic,0.1869776176883358,0.7768039107322693,0.7729007005691528,0.8709822297096252,0.1976725906133651,0.7401962876319885,0.9364482760429382
50,jones,joneser,0.2083529175793513,0.7036797404289246,0.7645727396011353,0.8565741777420044,0.3250477910041809,0.6716166734695435,0.9344704747200012
50,jones,joneses,0.2483431036609308,0.7560264468193054,0.7772835493087769,0.8768384456634521,0.4366894960403442,0.7576654553413391,0.8821555376052856
50,jones,jonesed,0.0851961658156894,0.5766671895980835,0.7606992125511169,0.7669981122016907,0.300191581249237,0.5797001719474792,0.8827190399169922
50,jones,jonesism,0.1869776176883358,0.704472005367279,0.7534213066101074,0.7375420331954956,0.2653718590736389,0.6966233253479004,0.8616567850112915
50,jones,jonesing,0.151955849658573,0.5880972146987915,0.7751784324645996,0.7845116853713989,0.3112713396549225,0.6887829303741455,0.9156309366226196
50,jones,jonesers,0.2749143720563462,0.7138898968696594,0.7690568566322327,0.8295077085494995,0.3039301931858063,0.685501217842102,0.9219745993614196
50,jones,jonessally,0.1641619359514224,0.6037091016769409,0.6697375178337097,0.6986966133117676,0.2384719550609588,0.5917908549308777,0.8980575203895569
50,jones,jonesings,0.1479739521392012,0.7714567184448242,0.7374961376190186,0.7905223965644836,0.1530078947544098,0.6954689025878906,0.9407796263694764
50,jones,jonesness,0.2102334162517944,0.7380516529083252,0.7517577409744263,0.7882423400878906,0.3376990556716919,0.7203705906867981,0.9392843842506408
50,jones,jonessing,0.1869776176883358,0.7981066703796387,0.735930323600769,0.8036842346191406,0.2302603423595428,0.7267090678215027,0.9673967361450196
51,volkswagen,volkswagenism,0.3338288234078486,0.5913387537002563,0.8443841338157654,0.7260355353355408,0.3725267946720123,0.5913386940956116,0.7973507642745972
51,volkswagen,volkswagens,0.486194542666685,0.548335075378418,0.8479928374290466,0.912561058998108,0.4367002248764038,0.5483353137969971,0.7046688795089722
52,olympic,olympically,0.2716514882098293,0.7190223932266235,0.7537531852722168,0.8128269910812378,0.3485684692859649,0.7291716933250427,0.8790602087974548
52,olympic,olympicness,0.3001301343430181,0.6644395589828491,0.782108724117279,0.8528395891189575,0.2658903300762176,0.6058200597763062,0.8894294500350952
52,olympic,olympics,0.5304464180261471,0.8396937847137451,0.6836137175559998,0.9545195698738098,0.7268742322921753,0.8512879014015198,0.936788022518158
52,olympic,olympicize,0.3128267378800898,0.7290032505989075,0.7676225900650024,0.7968608140945435,0.1828682720661163,0.574874758720398,0.9003627896308899
52,olympic,olympicism,0.3001301343430181,0.5063337683677673,0.793817937374115,0.7829266786575317,0.2589271962642669,0.7819250822067261,0.827322244644165
52,olympic,olympicly,0.2104166278636169,0.6535788774490356,0.7597079873085022,0.8002427220344543,0.3319449722766876,0.7336215376853943,0.911899745464325
52,olympic,olympices,0.2494202934127515,0.4720920324325561,0.7771981954574585,0.923917591571808,0.3408055305480957,0.6216102838516235,0.872639536857605
52,olympic,olympical,0.2880648937452625,0.6449212431907654,0.7656667828559875,0.8897430896759033,0.3548385202884674,0.7886561155319214,0.9184243679046632
52,coin,coins,0.5562853041459611,0.656385600566864,0.6936804056167603,0.9151216745376588,0.7714207172393799,0.8265610337257385,0.9229869246482848
52,coin,coinability,0.3159729611438197,0.6695432662963867,0.7691296339035034,0.709728479385376,0.1883437931537628,0.7815797328948975,0.9050194025039672
52,coin,coinor,0.0618630578351956,0.6907122135162354,0.788022518157959,0.7038396596908569,0.1988129466772079,0.7447754144668579,0.9157127737998962
52,coin,coinic,0.2586129189646742,0.6524599194526672,0.7955743670463562,0.7106410264968872,0.1919613480567932,0.7388656139373779,0.9095077514648438
52,coin,coinal,0.2196092534155396,0.6357412338256836,0.7947061061859131,0.7116501331329346,0.2225795090198516,0.7407802939414978,0.9564914107322692
52,coin,coines,0.3126850858125187,0.630047082901001,0.8174902200698853,0.8463945388793945,0.0861253887414932,0.7454438209533691,0.9037993550300598
52,coin,coiner,0.2385812572691351,0.6211180686950684,0.8168988227844238,0.725552499294281,0.3598262071609497,0.7918668389320374,0.8864296078681946
52,coin,coined,0.1949641278128365,0.6995471715927124,0.4325473308563232,0.264761209487915,0.2454641610383987,0.5438461899757385,0.9439273476600648
52,coin,coinable,0.298172941577841,0.7289599180221558,0.78828364610672,0.7885256409645081,0.2082255184650421,0.7476063370704651,0.9284201264381408
52,coin,coinizer,0.2586129189646742,0.7117156982421875,0.773756206035614,0.6912631988525391,0.0905674919486045,0.8595380187034607,0.944104552268982
52,coin,coinings,0.1810390775747627,0.5617814660072327,0.7858819961547852,0.8450652360916138,0.0706230029463768,0.7995103597640991,0.9079943895339966
52,coin,coinical,0.2586129189646742,0.7868207097053528,0.7787783741950989,0.704007625579834,0.1554188430309295,0.8472636938095093,0.965082585811615
52,coin,coinner,0.2586129189646742,0.7182338833808899,0.8208292722702026,0.6620381474494934,0.1309330910444259,0.7938567996025085,0.9509984254837036
52,coin,coinned,0.2196092534155396,0.7799782752990723,0.7835498452186584,0.813517153263092,0.0858567804098129,0.7774800658226013,0.935041606426239
52,coin,coinics,0.1532858713626997,0.7031694054603577,0.7868390083312988,0.7009980082511902,0.1603469252586364,0.6826971173286438,0.9026142358779908
52,coin,coining,0.2804855327739231,0.537322461605072,0.819175124168396,0.8826277256011963,0.3861172199249267,0.714557945728302,0.8980146050453186
52,coin,coiners,0.3057817731401172,0.6923048496246338,0.8293339014053345,0.7445910573005676,0.3481079936027527,0.8136399388313293,0.922373354434967
52,value,valuance,0.1255626405717647,0.5745433568954468,0.385128378868103,0.4135192632675171,0.156998261809349,0.5901598334312439,0.9356443285942078
52,value,valueism,0.1754100403209605,0.5243853330612183,0.780310869216919,0.6558446288108826,0.3251681625843048,0.7270554900169373,0.8469639420509338
52,value,valueing,0.1464372670981653,0.6604818105697632,0.7936874628067017,0.8379570841789246,0.5593401193618774,0.7233572006225586,0.8488374352455139
52,value,valuings,0.1829011914524549,0.565872311592102,0.4205233156681061,0.6086653470993042,0.1615116596221923,0.6089387536048889,0.9140773415565492
52,value,valuized,0.1531569244614946,0.5534200668334961,0.3632285892963409,0.3488890826702118,0.1235896721482276,0.5812195539474487,0.9371359944343568
52,value,valuible,0.1027469588348513,0.5368120670318604,0.3929395973682403,0.3550959527492523,0.1591940820217132,0.5681583285331726,0.9290634989738464
52,value,valueds,0.1887072232403481,0.6980345249176025,0.5410621166229248,0.6880218386650085,0.2251477986574173,0.7106780409812927,0.902718186378479
52,value,valueer,0.1712455086677684,0.7139830589294434,0.7787662744522095,0.6923925876617432,0.2999114692211151,0.6264339089393616,0.8718332648277283
52,value,valuees,0.1801753032393302,0.683383584022522,0.7842304706573486,0.9043514728546144,0.2267684936523437,0.720495343208313,0.8019249439239502
52,value,valueed,0.1650157026110374,0.7760605812072754,0.7940527200698853,0.8118554353713989,0.2724649608135223,0.7314491271972656,0.8948965668678284
52,value,valueal,0.1830188143935835,0.7625933885574341,0.7793159484863281,0.7000628709793091,0.3434340953826904,0.7875193953514099,0.9665881991386414
52,value,valueor,0.1830188143935835,0.7852528095245361,0.7718724012374878,0.6826002597808838,0.2183394432067871,0.761771023273468,0.9577802419662476
52,value,valuing,0.2656581756228105,0.6019761562347412,0.4084386825561523,0.6186912059783936,0.5178539752960205,0.6848593950271606,0.927510380744934
52,value,values,0.3618110824331282,0.8622031211853027,0.6786220073699951,0.8836724758148193,0.6128894686698914,0.9270732402801514,0.973048985004425
52,value,valued,0.287690167493171,0.8161830902099609,0.5696321129798889,0.759257972240448,0.5449398159980774,0.8351424932479858,0.968648374080658
52,value,valuative,0.1390938755596841,0.5514405369758606,0.3694775104522705,0.5133243203163147,0.1742736548185348,0.5743887424468994,0.939483404159546
52,value,valueable,0.1365471851418205,0.7455426454544067,0.7857139706611633,0.6509527564048767,0.4381022155284881,0.7485255002975464,0.9561571478843688
52,value,valueance,0.1712455086677684,0.7785418033599854,0.7492060661315918,0.7434483170509338,0.3950928747653961,0.7696104645729065,0.9499692320823668
52,value,valueness,0.1576448534686569,0.7417117357254028,0.769711971282959,0.8078228235244751,0.3254193067550659,0.7920658588409424,0.8923137784004211
52,value,valueables,0.0660977417215492,0.5744041204452515,0.7286297678947449,0.5954027771949768,0.232531800866127,0.605911135673523,0.8771933317184448
52,value,valueabled,0.158155384977778,0.6282916069030762,0.6964268684387207,0.6173450946807861,0.1718837916851043,0.6385717988014221,0.9196149110794068
52,value,valueation,0.164871083582601,0.7451382875442505,0.7733328342437744,0.7953645586967468,0.3977616131305694,0.7707483768463135,0.9138965606689452
53,absolute,absoluteization,0.2200164862190744,0.6783726215362549,0.7897757291793823,0.6881221532821655,0.2692918479442596,0.7883676290512085,0.9427758455276488
53,absolute,absoluting,0.1756856063711358,0.3625704646110534,0.4812358021736145,0.5164093971252441,0.1868403404951095,0.4119306206703186,0.8407069444656372
53,absolute,absolutize,0.3445576844671065,0.395406424999237,0.5015180110931396,0.4628206193447113,0.2927378118038177,0.3671724498271942,0.7928102612495422
53,absolute,absolutive,0.1690672805560813,0.4187969863414764,0.4832936525344848,0.4073242247104645,0.1528788954019546,0.4421383738517761,0.6843959093093872
53,absolute,absolutity,0.2695329237818779,0.3454628586769104,0.5159403085708618,0.5274379253387451,0.2122931331396103,0.4047338962554931,0.7161279916763306
53,absolute,absolutees,0.2695329237818779,0.6786013841629028,0.8059906363487244,0.8127025365829468,0.1535292118787765,0.7548126578330994,0.9179707765579224
53,absolute,absoluteed,0.247585215122023,0.805587112903595,0.806948184967041,0.8000833988189697,0.2361462712287902,0.7228231430053711,0.9573710560798644
53,absolute,absoluters,0.2200164862190744,0.7662027478218079,0.8192672729492188,0.7175300121307373,0.2665070295333862,0.6897268891334534,0.9786988496780396
53,absolute,absoluteor,0.2695329237818779,0.6226736307144165,0.7911097407341003,0.6762881875038147,0.2622547447681427,0.7347539067268372,0.9696243405342102
53,absolute,absolutally,0.0096963409262401,0.3040403425693512,0.5101175308227539,0.5134427547454834,0.2092055231332779,0.3370106220245361,0.7834869623184204
53,absolute,absolutably,0.2200164862190744,0.3477917909622192,0.5052006244659424,0.554478645324707,0.2004310488700866,0.3627157807350158,0.7915801405906677
53,absolute,absolutable,0.2200164862190744,0.4341136515140533,0.4703258872032165,0.4210638701915741,0.2634839117527008,0.5082037448883057,0.8493822813034058
53,absolute,absoluteing,0.2289462283379018,0.7704457640647888,0.8083082437515259,0.8105767965316772,0.2323899716138839,0.7979429960250854,0.9681511521339417
53,absolute,absoluteity,0.215880230795849,0.7080641984939575,0.8108435273170471,0.8366422653198242,0.2577143311500549,0.8109223246574402,0.9478952288627625
53,absolute,absoluteism,0.2200164862190744,0.5189939737319946,0.8028247356414795,0.7049232721328735,0.1887834519147873,0.6768695712089539,0.8232575058937073
53,absolute,absoluteize,0.267316416211788,0.8198656439781189,0.7679717540740967,0.7309341430664062,0.1863818913698196,0.7742555737495422,0.9831265211105348
53,absolute,absolutized,0.2875360836491216,0.4145139455795288,0.5034012198448181,0.4543600976467132,0.3456000685691833,0.3557140529155731,0.8716880083084106
53,absolute,absolutizes,0.2692556019649247,0.3981403708457947,0.5056591033935547,0.4433071613311767,0.1909967362880706,0.3500782549381256,0.8430439829826355
53,absolute,absolutization,0.2921105499739433,0.3118621706962585,0.5125949382781982,0.4070471823215484,0.3289860785007477,0.3869426548480987,0.7389540672302246
53,absolute,absoluted,0.1802383646740039,0.8038358688354492,0.8029752969741821,0.8115817308425903,0.2644253373146057,0.8217706084251404,0.9687699675559998
53,absolute,absoluter,0.1083144300584627,0.7861447334289551,0.8074742555618286,0.7834281325340271,0.3304423689842224,0.7080917954444885,0.9711219668388368
53,absolute,absolutes,0.3614678442981131,0.7063236832618713,0.8295549154281616,0.8554224967956543,0.4353871047496795,0.6707310676574707,0.8921654224395752
53,absolute,absolutor,0.197200804482161,0.315433531999588,0.4970757663249969,0.3959087431430816,0.1919472813606262,0.3619001507759094,0.8861947655677795
53,absolute,absolutic,0.2561890978077519,0.3947055339813232,0.5000515580177307,0.4418221712112427,0.2288863658905029,0.3674807846546173,0.8934298753738403
53,absolute,absolutizings,0.2200164862190744,0.4195969700813293,0.5174568295478821,0.4584322571754455,0.2268063127994537,0.3900626599788666,0.7978396415710449
53,absolute,absolutation,0.2200164862190744,0.3617500960826874,0.4778003990650177,0.4129588603973388,0.2561896741390228,0.5109304785728455,0.6810727119445801
53,absolute,absoluteizes,0.2457912289189617,0.784168004989624,0.75786954164505,0.7236358523368835,0.1631129086017608,0.7563644647598267,0.949657142162323
53,absolute,absoluteized,0.2760877140441132,0.8319336175918579,0.7902312874794006,0.7399634718894958,0.1808421909809112,0.8568050265312195,0.98332679271698
53,absolute,absolutement,0.1408761431680934,0.7791178226470947,0.7579928636550903,0.756904125213623,0.2710948586463928,0.7533544898033142,0.966213881969452
53,absolute,absoluteness,0.3473610385313905,0.7426290512084961,0.8138651847839355,0.8073700070381165,0.4481510519981384,0.8027406334877014,0.96031653881073
53,absolute,absolutivity,0.2457912289189617,0.3983532786369324,0.5064682960510254,0.4559351503849029,0.1579630076885223,0.4211569428443908,0.7598767876625061
53,absolute,absolutively,0.1495230193105574,0.4541606307029724,0.4903808236122131,0.3870379328727722,0.155848428606987,0.368305891752243,0.8401264548301697
53,absolute,absolutizing,0.2504055385999812,0.3564937710762024,0.5053061246871948,0.4706011712551117,0.366883248090744,0.3578794598579407,0.7785940766334534
53,neutrophils,neutrophil,0.7502884208108703,0.9265102744102478,0.9816057085990906,0.9531939029693604,0.7885555624961853,0.928101122379303,0.870237410068512
54,anime,animeisms,0.2363949109465722,0.7509031891822815,0.7982841730117798,0.8099959492683411,0.3181300461292267,0.8224412798881531,0.8793728351593018
54,anime,animeness,0.2187892889536924,0.7630035877227783,0.8145630359649658,0.8524453043937683,0.2104061990976333,0.8039304614067078,0.9122479557991028
54,anime,animed,0.20867184321968,0.7032561898231506,0.8124408721923828,0.8444105386734009,0.2827569246292114,0.7257471084594727,0.9299896359443665
54,anime,animes,0.4082666308513826,0.7074083089828491,0.8311936855316162,0.9297583103179932,0.8376030325889587,0.797269880771637,0.9062087535858154
54,anime,animing,0.1035359483303985,0.4966079294681549,0.4531249701976776,0.253255546092987,0.1031998619437217,0.5000249147415161,0.8525447845458984
54,anime,animeism,0.2363949109465722,0.7297796010971069,0.8247703313827515,0.8308140635490417,0.3191226720809936,0.7754096388816833,0.8352282643318176
54,anime,animings,0.1653552956164465,0.4251909852027893,0.4304678738117218,0.2314052581787109,0.0876863449811935,0.4937403798103332,0.8745861649513245
54,pillow,pillowly,0.2072114358457535,0.7410519123077393,0.8109821677207947,0.8463234901428223,0.2534093558788299,0.7276498079299927,0.891541600227356
54,pillow,pillowed,0.2776871082156208,0.7305167317390442,0.8215018510818481,0.8658975958824158,0.5911195874214172,0.7291919589042664,0.8902817964553833
54,pillow,pillowes,0.2886856496104418,0.6935121417045593,0.825358510017395,0.907890558242798,0.2057926207780838,0.5175172686576843,0.8416776657104492
54,pillow,pillower,0.2300271175826669,0.6954272985458374,0.826508641242981,0.8885948061943054,0.2097428292036056,0.5872591733932495,0.8893508911132812
54,pillow,pillowic,0.2690307831318015,0.7250069975852966,0.8140425682067871,0.8342113494873047,0.2177980840206146,0.6803051829338074,0.9033510088920592
54,pillow,pillowing,0.2398208024284334,0.7080750465393066,0.8344067335128784,0.8907951712608337,0.543225109577179,0.658031165599823,0.8368529081344604
54,pillow,pillowation,0.3459106757635314,0.6957525610923767,0.8250240087509155,0.8507493734359741,0.2031559944152832,0.7233126759529114,0.9051806330680848
54,pillow,pillowness,0.2867579739078547,0.7761362791061401,0.8181838989257812,0.8789251446723938,0.2156519293785095,0.7259339094161987,0.945541501045227
54,pillow,pillows,0.5524536452455056,0.8347541093826294,0.7464510798454285,0.8954988718032837,0.8272321224212646,0.8053485155105591,0.9714921116828918
55,annual,annualizes,0.1752554471917654,0.7348930835723877,0.7425342798233032,0.7984102964401245,0.2776112854480743,0.6994310021400452,0.9467362761497498
55,annual,annualizer,0.1317398654140008,0.7721177339553833,0.7316139936447144,0.6223026514053345,0.1590223014354705,0.6326192617416382,0.9504523873329164
55,annual,annualized,0.2683187806933202,0.7461216449737549,0.7676024436950684,0.8611561059951782,0.4001283049583435,0.8385519981384277,0.9450719356536864
55,annual,annualment,0.1397837767347767,0.6432821750640869,0.7398777008056641,0.8620682954788208,0.2050536721944809,0.7419143915176392,0.937388241291046
55,annual,annualizations,0.1597600999365738,0.678999125957489,0.7409071326255798,0.8028717637062073,0.1338157653808593,0.6576400995254517,0.8870505690574646
55,annual,annualability,0.186043833753096,0.7069670557975769,0.7428653240203857,0.6993635296821594,0.1473802477121353,0.619873583316803,0.9375738501548768
55,annual,annuals,0.2219614648188999,0.8386074900627136,0.8035324215888977,0.9131150245666504,0.3034200370311737,0.5770511031150818,0.9248697757720948
55,annual,annualization,0.2845569678267147,0.7221174240112305,0.7764154076576233,0.8220769166946411,0.3460007309913635,0.7403477430343628,0.9420241117477416
55,annual,annuallys,0.1169680949978633,0.7544295787811279,0.5862025022506714,0.8295575380325317,0.1388906091451645,0.6872722506523132,0.9197432398796082
55,annual,annualled,0.1397837767347767,0.5449130535125732,0.768592357635498,0.8238118886947632,0.1431508362293243,0.745800793170929,0.8538218140602112
55,annual,annualing,0.1733135915788983,0.749025821685791,0.7913522720336914,0.8822914361953735,0.1280763000249862,0.6820787191390991,0.941249132156372
55,annual,annualism,0.1489945207571834,0.6759021282196045,0.7785494923591614,0.7980481386184692,0.1287684142589569,0.6588975191116333,0.918242335319519
55,annual,annuality,0.1454571383091199,0.6498744487762451,0.7798172831535339,0.851189374923706,0.156956598162651,0.6508104205131531,0.8832637667655945
55,annual,annualize,0.1873286489477435,0.6627084612846375,0.7293919920921326,0.8159269690513611,0.3640112280845642,0.7272863984107971,0.9517162442207336
55,annual,annually,0.3435669638056847,0.7552487850189209,0.6597723364830017,0.8507505655288696,0.5621781945228577,0.7943304181098938,0.9482035636901855
55,annual,annualed,0.1485339546520151,0.7992761135101318,0.7912435531616211,0.880521833896637,0.2267476767301559,0.6420402526855469,0.9375362396240234
55,annual,annuales,0.1454571383091199,0.7330076694488525,0.7838494777679443,0.8749237656593323,0.1894722282886505,0.5108721256256104,0.9031270146369934
55,annual,annualer,0.1397837767347767,0.7952551245689392,0.793726921081543,0.7941524982452393,0.1982407718896865,0.5373842120170593,0.9457551836967468
55,annual,annualal,0.1965914969844674,0.8014918565750122,0.7581111192703247,0.8015326261520386,0.1930519193410873,0.7053197622299194,0.9408373832702636
55,annual,annualor,0.1939141690756406,0.6847626566886902,0.7549331784248352,0.7701592445373535,0.1541648805141449,0.6610751748085022,0.952580451965332
55,annual,annualizing,0.2012098019680554,0.7328122854232788,0.7607519626617432,0.8256337642669678,0.3517727851867676,0.7422842979431152,0.9361675977706908
55,annual,annuallized,0.1397837767347767,0.5892667770385742,0.7314237356185913,0.7413147687911987,0.113608606159687,0.6814699769020081,0.8753654956817627
55,salary,salarys,0.2829847947938033,0.5303069949150085,0.8220387101173401,0.9048612713813782,0.6330181956291199,0.8502375483512878,0.921034336090088
55,salary,salaric,0.2078546777405253,0.3921611309051513,0.4406557977199554,0.3347053527832031,0.196907490491867,0.3736552298069,0.8681783080101013
55,salary,salaries,0.5158500401476689,0.7229356169700623,0.7697514891624451,0.9337509870529176,0.6975626945495605,0.8606417775154114,0.9516453742980956
55,salary,salarier,0.2306703594774387,0.4400208592414856,0.4114465713500976,0.3191587328910827,0.1433607935905456,0.4366343021392822,0.8199590444564819
55,salary,salaryes,0.287443600810212,0.5611492991447449,0.8168904185295105,0.8794077634811401,0.2650798559188843,0.7469612956047058,0.8960469961166382
55,salary,salariers,0.195050466854627,0.4191572666168213,0.444986879825592,0.3153668642044067,0.1257260888814926,0.4676605463027954,0.8361380696296692
55,salary,salarying,0.2679446526208009,0.6386357545852661,0.8219137191772461,0.802152156829834,0.2931198179721832,0.8131430745124817,0.912269651889801
55,requirement,requirementings,0.2811629746962976,0.879356861114502,0.799172043800354,0.6707166433334351,0.2475254088640213,0.9087623953819276,0.9719244241714478
55,requirement,requirementing,0.2311929225173087,0.8029540777206421,0.8216179013252258,0.7032774686813354,0.2805317938327789,0.8696269392967224,0.9170668125152588
55,requirement,requirementes,0.228358665558984,0.7118604779243469,0.8156827092170715,0.8465415239334106,0.2642277181148529,0.8683987855911255,0.8264368772506714
55,requirement,requirements,0.4290138915365711,0.8529400825500488,0.7700920701026917,0.8284525871276855,0.7816091179847717,0.91414874792099,0.9911561012268066
56,apologetic,apologeticly,0.3453257551470341,0.7208163738250732,0.8337762355804443,0.8719455003738403,0.1972101181745529,0.7108041644096375,0.8599743247032166
56,apologetic,apologetical,0.4852229600755866,0.7004944086074829,0.8372145295143127,0.8358266949653625,0.5870617032051086,0.7387174963951111,0.8839887976646423
56,apologetic,apologetically,0.4161198854489741,0.7446813583374023,0.8286907076835632,0.8786360025405884,0.6697693467140198,0.6903566718101501,0.942449688911438
56,songs,song,0.549087968349541,0.7525890469551086,0.6942500472068787,0.7906685471534729,0.8020670413970947,0.7880426049232483,0.962904930114746
56,songs,songals,0.1882302180322003,0.5154120326042175,0.5831122994422913,0.6189652681350708,0.1551854610443115,0.7642261981964111,0.9210363626480104
56,songs,songers,0.2309658887812576,0.4744272232055664,0.626960039138794,0.591370701789856,0.2278068363666534,0.7619171142578125,0.9253580570220948
56,songs,songism,0.1882302180322003,0.4041597545146942,0.5961623191833496,0.5701905488967896,0.2493384480476379,0.7097756862640381,0.7228171229362488
56,songs,songity,0.2422069597406393,0.4431756436824798,0.5651532411575317,0.6074144840240479,0.2853220105171203,0.7634321451187134,0.835358202457428
56,songs,songing,0.1344329482068265,0.4523680210113525,0.5637286901473999,0.712822437286377,0.3298930525779724,0.7305322885513306,0.9159248471260072
56,songs,songes,0.1837845922929515,0.4047508537769317,0.5932712554931641,0.8221850991249084,0.3997378945350647,0.74417644739151,0.9246676564216614
56,songs,songer,0.1269933997978419,0.4210090339183807,0.5451619029045105,0.5283634066581726,0.4301646947860718,0.6912113428115845,0.9098671674728394
56,songs,songic,0.1882302180322003,0.5124024748802185,0.5578994154930115,0.5283017158508301,0.3080372214317322,0.7543849945068359,0.9054679870605468
56,songs,songal,-0.0081653105824981,0.4787995219230652,0.5486575365066528,0.5591914057731628,0.1371623277664184,0.7447511553764343,0.9294258952140808
56,songs,songed,0.1332424446732606,0.489844799041748,0.5817019939422607,0.6079280376434326,0.1529563963413238,0.6976238489151001,0.9284350872039796
56,songs,songor,0.1552831651208503,0.5268375277519226,0.5555858016014099,0.433341234922409,0.1029691770672798,0.7752845287322998,0.9349610805511476
56,songs,songly,0.2328407969807396,0.4599122405052185,0.5474903583526611,0.526615560054779,0.2177809774875641,0.689318060874939,0.835683286190033
56,songs,songliness,0.1492265524830656,0.4803491830825805,0.5995022058486938,0.5349026918411255,0.2527424395084381,0.6890579462051392,0.8265135884284973
56,songs,songiving,0.1035951890092388,0.5061574578285217,0.5620346069335938,0.6472153067588806,0.2799692749977112,0.7668589353561401,0.9244130849838256
56,songs,songions,0.1654145362952869,0.5439667701721191,0.6142233610153198,0.6336209774017334,0.3535377383232116,0.8098013997077942,0.9308045506477356
56,songs,songings,0.2364565560088025,0.5387639999389648,0.6124062538146973,0.7454299926757812,0.3404637277126312,0.7717558741569519,0.9354376792907716
56,songs,songness,0.2441623648554638,0.4743625521659851,0.5808612108230591,0.6463956832885742,0.1244859099388122,0.7380222678184509,0.8858335614204407
57,axle,axly,0.2560426439353601,0.5700351595878601,0.4503726959228515,0.2890353202819824,0.0822229906916618,0.1997339874505996,0.9088765978813172
57,axle,axlor,0.3340499750336294,0.5665189027786255,0.4909044504165649,0.1465991735458374,0.1651689112186432,0.2043001651763916,0.9544085264205932
57,axle,axles,0.65027264772188,0.4374440908432007,0.8336055278778076,0.930709719657898,0.882473349571228,0.8046979904174805,0.8556703925132751
57,axle,axler,0.1116717878291855,0.6554843187332153,0.8206610679626465,0.8321607112884521,0.2261154949665069,0.7320238947868347,0.9569225907325744
57,axle,axled,0.3396369411296147,0.5221542119979858,0.8133677244186401,0.8266890048980713,0.6199432015419006,0.8148331046104431,0.8646900057792664
57,axle,axlys,0.249414946010668,0.4966732263565063,0.4165312647819519,0.2727810442447662,0.052395861595869,0.2268779724836349,0.9260286688804626
57,axle,axliving,0.3340499750336294,0.4027149677276611,0.5280959010124207,0.1970688849687576,0.0305828154087066,0.2112746685743332,0.9132121801376344
57,axle,axlees,0.3340499750336294,0.5786944031715393,0.8251774907112122,0.9188964366912842,0.2378406524658203,0.4705495238304138,0.9180036187171936
57,axle,axlers,0.3340499750336294,0.6043911576271057,0.8329948782920837,0.8500223755836487,0.2064219117164611,0.6705309748649597,0.9212707281112672
57,axle,axling,0.1798218246276775,0.5794961452484131,0.465404748916626,0.2382856458425521,0.0179592110216617,0.2325615584850311,0.953468382358551
57,ratio,ratios,0.5295248888784289,0.8179705142974854,0.7851265668869019,0.9271954894065856,0.8099008202552795,0.791620135307312,0.9733566641807556
57,ratio,ratioally,0.2408104341360986,0.7909623980522156,0.7802894115447998,0.9277241230010986,0.1643142998218536,0.7639588117599487,0.9501572847366332
57,ratio,ratioing,0.2731920189215794,0.7031226754188538,0.8331612348556519,0.9173139333724976,0.3944994509220123,0.7744644284248352,0.8870164752006531
57,ratio,ratioed,0.2820718097684192,0.7719677090644836,0.8209131956100464,0.8990986943244934,0.501753032207489,0.7476963400840759,0.9298540353775024
57,ratio,ratioes,0.2375181363440593,0.6367800235748291,0.8168396949768066,0.9522544145584106,0.224011480808258,0.6094310283660889,0.851527988910675
57,ratio,ratioal,0.2678120521026619,0.7791408896446228,0.8044577836990356,0.8338459134101868,0.1489092409610748,0.695584774017334,0.9285336136817932
58,best,bests,0.1087000491742642,0.5476627349853516,0.8004668951034546,0.7086328864097595,0.4105722606182098,0.5950774550437927,0.7080110311508179
58,best,bestality,0.0401819915235157,0.7644665837287903,0.6512322425842285,0.5082830786705017,0.1732123345136642,0.4054652452468872,0.9611155986785888
58,best,bestal,0.0625043428889275,0.6471333503723145,0.7415698766708374,0.6170592904090881,0.2096703797578811,0.5618841052055359,0.955479860305786
58,best,bested,0.1199984564013041,0.4618042111396789,0.755692720413208,0.6989525556564331,0.1977171301841735,0.4712501466274261,0.8956385850906372
58,best,bester,0.0780595723487315,0.4990960955619812,0.7600938081741333,0.595311164855957,0.2110578119754791,0.4545280933380127,0.9011840224266052
58,best,bestes,0.0708875186967942,0.4477889537811279,0.7586382031440735,0.6351691484451294,0.2640663683414459,0.6128010749816895,0.8344228267669678
58,best,bestic,0.0534013958579852,0.6126774549484253,0.7183803915977478,0.5047656297683716,0.119504913687706,0.5775344967842102,0.8829667568206787
58,best,bestly,0.053527883146382,0.6555251479148865,0.7553093433380127,0.6492503881454468,0.1840937882661819,0.364190936088562,0.9295758605003356
58,best,bestor,0.0339023635508907,0.6579807996749878,0.7123477458953857,0.5146389007568359,0.1418949663639068,0.5067235231399536,0.9536325335502625
58,best,bestibles,0.0383180755749096,0.5010514259338379,0.6075272560119629,0.5548557043075562,0.2015683799982071,0.4410808682441711,0.9020114541053772
58,best,bestable,0.0403226579016887,0.6587538719177246,0.7230498194694519,0.6583433151245117,0.1941290944814682,0.4604575037956238,0.9318414926528932
58,best,bestence,0.0513063021826958,0.7075655460357666,0.6486189365386963,0.6160484552383423,0.1044976487755775,0.307893842458725,0.9620147347450256
58,best,bestions,0.0296469605808253,0.801898717880249,0.6599205732345581,0.4676416218280792,0.1982285231351852,0.4710848033428192,0.9721319079399108
58,best,bestlies,0.0513063021826958,0.6994191408157349,0.6505796313285828,0.4577749967575073,0.1918150186538696,0.3554984629154205,0.9498316049575806
58,best,bestment,0.0939753508877175,0.6752517223358154,0.6691470742225647,0.589682936668396,0.1978467851877212,0.3930808305740356,0.9584606289863586
58,best,bestness,0.0915351024051217,0.6752169728279114,0.7400771379470825,0.6510738134384155,0.2346609085798263,0.4596447050571441,0.940521776676178
58,best,bestteds,0.0939753508877175,0.5313609838485718,0.6478919982910156,0.5196801424026489,0.2732827067375183,0.4241459369659424,0.9312762022018432
58,best,bestting,0.1100378274451438,0.7095323801040649,0.6990981101989746,0.5706849694252014,0.2315862327814102,0.6123083233833313,0.9573497176170348
58,best,besttable,0.0939753508877175,0.6510024666786194,0.6381911039352417,0.3959567546844482,0.219590276479721,0.4991592168807983,0.9580767750740052
58,best,besttings,0.0962607441014514,0.5534700155258179,0.6325314044952393,0.5238363742828369,0.2144770622253418,0.4633236825466156,0.9528504014015198
58,best,besters,0.0080769101085637,0.56561279296875,0.7492424845695496,0.5388494729995728,0.1539571434259414,0.4423794746398926,0.9401724934577942
58,best,bestter,0.1056677962617455,0.6942893266677856,0.742563784122467,0.5535289645195007,0.3148632049560547,0.5951303839683533,0.9550053477287292
58,best,bestors,0.0702336560248013,0.7420330047607422,0.6848668456077576,0.4547047019004822,0.1633907407522201,0.5737522840499878,0.953410267829895
58,best,besting,0.1125378988898667,0.4683043956756592,0.7589226961135864,0.6140029430389404,0.2101092934608459,0.7383570671081543,0.8491445183753967
58,best,bestion,0.0855341497412571,0.724716305732727,0.6901953816413879,0.5360610485076904,0.1995194107294082,0.3758291602134704,0.9635870456695556
58,best,bestism,0.0939753508877175,0.527885377407074,0.7330178022384644,0.4433923065662384,0.0482611805200576,0.546858549118042,0.8666410446166992
58,best,bestity,0.0939753508877175,0.6594040393829346,0.7192549705505371,0.5778968930244446,0.0796491801738739,0.5468726754188538,0.9507092237472534
58,best,bestive,0.0513063021826958,0.632013201713562,0.6932381391525269,0.5509545803070068,0.1651375293731689,0.523176372051239,0.9595891237258912
58,best,bestize,0.0513063021826958,0.6388816833496094,0.6590536236763,0.5279685258865356,0.0746586173772811,0.5960772633552551,0.939453423023224
58,office,officically,0.0612022883891884,0.3650953471660614,0.3653296232223511,0.2616339921951294,0.1574968844652176,0.5217248797416687,0.7969111800193787
58,office,officization,0.0954317267639758,0.3442921042442322,0.3065133988857269,0.2613802552223205,0.098556064069271,0.4002508223056793,0.8396779298782349
58,office,officor,0.1522503585012684,0.4454256296157837,0.3675821423530578,0.2870208024978637,0.2674916088581085,0.5132518410682678,0.9144315719604492
58,office,officed,0.1642415452444686,0.6596102118492126,0.7673107981681824,0.7384108304977417,0.5902972221374512,0.7430634498596191,0.9596660137176514
58,office,offical,0.0462434192134067,0.6372311115264893,0.2663721442222595,0.2175325453281402,0.2408638596534729,0.4894322752952575,0.9608495831489564
58,office,offication,0.0954317267639758,0.6173620223999023,0.2851702272891998,0.271740198135376,0.1210131123661995,0.3959115445613861,0.9654937386512756
58,office,officeally,0.0564280612148412,0.7310316562652588,0.6743361353874207,0.7159626483917236,0.3761025369167328,0.7476080060005188,0.9554761052131652
58,office,officeness,-0.0005277464728011,0.6891908645629883,0.7287973165512085,0.7931014895439148,0.2538957297801971,0.8068370819091797,0.9489548206329346
58,office,officicals,0.1250320937263638,0.4202449321746826,0.3779791593551636,0.2999569475650787,0.1649728417396545,0.5310609936714172,0.8781898617744446
58,office,officeability,0.0862389876517853,0.5826958417892456,0.6852998733520508,0.6636925935745239,0.3300887048244476,0.7743263840675354,0.905285894870758
58,office,officing,0.1647450829478186,0.580459713935852,0.2944295406341553,0.2387053966522216,0.5143405199050903,0.4455622136592865,0.9579756259918212
58,office,officion,0.1161499857748979,0.3065107762813568,0.3622637987136841,0.2245943546295166,0.1804238855838775,0.448906660079956,0.8656111359596252
58,office,officity,0.0553454457815181,0.3705894351005554,0.3464147448539734,0.2822510004043579,0.1987247318029403,0.4771919250488281,0.877743661403656
58,office,officeal,0.079932032037615,0.7054314613342285,0.764357328414917,0.7337459325790405,0.3402131199836731,0.775154709815979,0.9683918356895448
58,office,officees,0.1368482567662565,0.4569390416145324,0.7708733081817627,0.8669321537017822,0.3898731172084808,0.7154544591903687,0.8807104825973511
58,office,officeer,0.1269165126590732,0.601097822189331,0.7790369987487793,0.775583803653717,0.3593863844871521,0.7851384282112122,0.923509955406189
58,office,officeds,0.1522503585012684,0.7463071346282959,0.7212178111076355,0.6955705881118774,0.159046784043312,0.7117668390274048,0.9750222563743592
58,office,officeed,0.1482851708069917,0.7451908588409424,0.7602126002311707,0.7153193354606628,0.3975931704044342,0.7355563640594482,0.944631814956665
58,office,officely,0.1260390609834314,0.6891818046569824,0.7473435401916504,0.6413302421569824,0.293846070766449,0.7725539207458496,0.9051329493522644
58,office,officeor,0.1116555417694979,0.6998879313468933,0.7407482266426086,0.7417951822280884,0.3243802189826965,0.7085142731666565,0.9721923470497132
58,office,officors,0.147822770351846,0.4478179812431335,0.3448869585990906,0.2560734152793884,0.2836491465568542,0.4897668063640594,0.9160945415496826
58,office,officals,0.1311764799431219,0.5625331997871399,0.3244635462760925,0.2467118352651596,0.2626420855522156,0.5122530460357666,0.948490023612976
58,office,offically,0.0455322487027732,0.5734745860099792,0.2847492694854736,0.2348618805408477,0.1729936599731445,0.3804103136062622,0.9510132670402528
58,office,officeals,0.1398916806378141,0.7283878922462463,0.6953439116477966,0.6596838235855103,0.3092465400695801,0.7282654643058777,0.966230571269989
58,office,officence,0.1398916806378141,0.7725837826728821,0.6771354675292969,0.7022249102592468,0.245373398065567,0.6662690043449402,0.9627639055252076
58,office,officeize,0.0954317267639758,0.7371971607208252,0.705204963684082,0.749684751033783,0.2803792953491211,0.7880027890205383,0.9705862998962402
58,office,officeing,0.1432937163266139,0.6680067181587219,0.7747456431388855,0.8290326595306396,0.3824126422405243,0.79438316822052,0.9168300628662108
58,office,officeial,0.1061323055707645,0.7578025460243225,0.703926682472229,0.653425931930542,0.3086019456386566,0.7872478365898132,0.9673416614532472
58,office,officeers,0.1425279274772492,0.6298167705535889,0.7611809968948364,0.7534666657447815,0.3764818608760834,0.7731111645698547,0.94942045211792
58,office,officical,0.0285523929961979,0.3939363956451416,0.3522828221321106,0.315408706665039,0.1898442208766937,0.5048924684524536,0.8309972286224365
59,bios,bio,0.2048531400923412,0.7226008176803589,0.8322674632072449,0.8181469440460205,0.551154613494873,0.7096630334854126,0.9381471872329712
59,bios,bioly,0.1383848843151487,0.8343328237533569,0.7667880058288574,0.5885213613510132,0.0192393064498901,0.7869771122932434,0.9466458559036256
59,bios,biolys,0.2553958809625526,0.825541615486145,0.895389974117279,0.760807454586029,0.0919119492173194,0.8318405747413635,0.9644224047660828
59,bios,bioism,0.2163922154134179,0.708547830581665,0.7361297011375427,0.4220632910728454,0.0766580626368522,0.5830511450767517,0.9104521870613098
59,bios,bioness,0.0916794418463716,0.7392250299453735,0.7453956604003906,0.6022856831550598,0.1061923876404762,0.6439601182937622,0.9239009022712708
59,setup,setups,0.4188248743234695,0.6925801038742065,0.8611525893211365,0.9143138527870178,0.7408002018928528,0.730607271194458,0.8521747589111328
60,blueberry,blueberrier,0.2237862346741232,0.7090818285942078,0.6815693974494934,0.53663170337677,0.1783394664525985,0.4559612572193146,0.9237952828407288
60,blueberry,blueberries,0.5816355811537411,0.8348276615142822,0.8226868510246277,0.892590343952179,0.7499677538871765,0.868756115436554,0.948402464389801
60,blueberry,blueberried,0.3637081694278699,0.6411842107772827,0.677780270576477,0.601010799407959,0.1811643689870834,0.4241143763065338,0.907589852809906
60,blueberry,blueberryness,0.3890668121524805,0.908367156982422,0.8966238498687744,0.8996909260749817,0.1550346165895462,0.842661440372467,0.9705679416656494
60,blueberry,blueberriers,0.2968974012315057,0.6032600402832031,0.6636238694190979,0.5080742835998535,0.1458794772624969,0.42012819647789,0.8768056035041809
60,blueberry,blueberrying,0.3220170954126645,0.8840506076812744,0.9111937880516052,0.8968594670295715,0.1329094171524047,0.801133930683136,0.9399424195289612
60,blueberry,blueberrys,0.3921278509001606,0.8357435464859009,0.913362205028534,0.9330835342407228,0.6436846256256104,0.8834192156791687,0.9467505216598512
60,compote,compotable,0.3953763781481434,0.7974063158035278,0.8647506237030029,0.8133981227874756,0.1322085261344909,0.8260517120361328,0.9153867363929749
60,compote,compotence,0.4268661795075258,0.6406960487365723,0.8622573018074036,0.8264937400817871,0.2213549315929412,0.7880259156227112,0.8563798069953918
60,compote,compotions,0.3878625139583913,0.7879564762115479,0.8523029088973999,0.8207219839096069,0.2644404768943786,0.7654117941856384,0.8646196126937866
60,compote,compotible,0.4143098037636691,0.7540314197540283,0.8349145650863647,0.8052554726600647,0.2760331630706787,0.8115765452384949,0.7742509841918945
60,compote,compotitions,0.3953763781481434,0.7964307069778442,0.8725982904434204,0.6556313633918762,0.1903780847787857,0.728825032711029,0.939102053642273
60,compote,compotability,0.4658698450566605,0.7037937045097351,0.840523362159729,0.7480092644691467,0.0728232115507125,0.7441327571868896,0.8869364261627197
60,compote,compoting,0.3953763781481434,0.7199589610099792,0.9097223281860352,0.8631612658500671,0.2899752557277679,0.7971518635749817,0.9368225336074828
60,compote,compotion,0.2945533653129608,0.8022337555885315,0.8773801326751709,0.910761833190918,0.2775098979473114,0.8062806129455566,0.916783571243286
60,compote,compotive,0.4430541633197471,0.7601736783981323,0.8663666248321533,0.8749402761459351,0.2645230889320373,0.8000866770744324,0.8933014273643494
60,compote,compotees,0.4658698450566605,0.7983668446540833,0.878203272819519,0.8678752779960632,0.1900625079870224,0.8495984673500061,0.9243826866149902
60,compote,compoters,0.2446244641659687,0.7499063014984131,0.9004702568054199,0.8865013122558594,0.1584204584360122,0.7935577630996704,0.9340701103210448
60,compote,compotation,0.3699429967623646,0.7087017297744751,0.8774828910827637,0.8456920385360718,0.2184983193874359,0.7991213202476501,0.89516282081604
60,compote,compotement,0.4658698450566605,0.7673245072364807,0.8687433004379272,0.7569699883460999,0.2418357580900192,0.8609926104545593,0.9441735744476318
60,compote,compotition,0.2424599513548303,0.7433887720108032,0.8461791276931763,0.6796475648880005,0.1994759738445282,0.7731296420097351,0.8884745836257935
60,compote,compotibility,0.4658698450566605,0.608292818069458,0.8178801536560059,0.6427053809165955,0.221709668636322,0.7644180059432983,0.7848430275917053
60,compote,compotations,0.4040504977706124,0.7221934795379639,0.8489328026771545,0.7702634334564209,0.2059026360511779,0.8169100284576416,0.903251588344574
60,compote,compoted,0.5253646580184836,0.4020024538040161,0.9106839895248412,0.9049214124679564,0.2202215194702148,0.7524155974388123,0.8446412682533264
60,compote,compotes,0.5008542757862744,0.8414567708969116,0.9416081309318542,0.9408637285232544,0.7232517004013062,0.8889526724815369,0.9514400362968444
60,compote,compoter,0.2652286601120822,0.7886394262313843,0.9270769357681274,0.9278384447097778,0.1880984753370285,0.8208286166191101,0.9424111843109132
60,compote,compotor,0.4658698450566605,0.8602197766304016,0.893807053565979,0.8796879649162292,0.1886453181505203,0.8296717405319214,0.9641072750091552
60,compote,compotencies,0.4658698450566605,0.7671245336532593,0.7983282804489136,0.6292777061462402,0.1660666465759277,0.6810993552207947,0.937452793121338
61,boeing,boeings,0.4915363358492045,0.8321859240531921,0.8184378147125244,0.9457731246948242,0.3812810182571411,0.8606066107749939,0.8856573700904846
61,boeing,boeinger,0.3304957555508916,0.6682796478271484,0.8174650073051453,0.8953608274459839,0.450806975364685,0.7534623146057129,0.9345587491989136
61,history,historyability,0.083343765948637,0.593870997428894,0.6722664833068848,0.6447771191596985,0.2433498948812484,0.7826307415962219,0.8543227314949036
61,history,historyically,0.1273131094383244,0.7728569507598877,0.6310735940933228,0.7764966487884521,0.2813687920570373,0.8431704044342041,0.9227203130722046
61,history,historier,0.0539955350968893,0.4046018123626709,0.3652780950069427,0.4957174956798553,0.1323036700487136,0.4777930080890655,0.8499999046325684
61,history,histories,0.261037241685335,0.6514952182769775,0.5962603688240051,0.8144753575325012,0.7058182954788208,0.8857399821281433,0.8849533200263977
61,history,historied,0.0875916961313727,0.3969192504882812,0.3345522284507751,0.5693315267562866,0.4201249778270721,0.5696906447410583,0.8711941838264465
61,history,historyic,0.0736604164522955,0.7639834880828857,0.7611775398254395,0.7242810726165771,0.3342670500278473,0.8387625813484192,0.8853009939193726
61,history,historyes,0.1220055903623756,0.6000133156776428,0.7657745480537415,0.8573282957077026,0.1588749885559082,0.7650834918022156,0.8568373918533325
61,history,historyed,0.1326989200939209,0.7391701936721802,0.7519849538803101,0.7307080030441284,0.1296609938144683,0.7818660736083984,0.9059767127037048
61,history,historyor,0.1400583412207511,0.7016462087631226,0.7434431314468384,0.6491024494171143,0.1364635974168777,0.8656182885169983,0.8932119607925415
61,history,historyal,0.1348604520582212,0.7443869113922119,0.7381792664527893,0.773354172706604,0.1822315454483032,0.7908504605293274,0.9235549569129944
61,history,historys,0.0881095547601299,0.6637260317802429,0.8027682900428772,0.903346300125122,0.5414014458656311,0.7130552530288696,0.8617314696311951
61,history,historying,0.1215109724261292,0.7209070920944214,0.7720540165901184,0.7433510422706604,0.2418324649333953,0.7528198957443237,0.9074364304542542
61,history,historyion,0.083343765948637,0.7617834806442261,0.7205021977424622,0.7761623859405518,0.1319557130336761,0.822360634803772,0.918114423751831
61,history,historyical,0.1131545906201053,0.7461224794387817,0.6598198413848877,0.7808102965354919,0.3253857791423797,0.8454407453536987,0.9109246134757996
62,brady,bradied,0.1916432507576803,0.5527786016464233,0.4204758703708648,0.3272384405136108,0.2158273458480835,0.4419076442718506,0.9530461430549622
62,brady,bradies,0.2866125250294651,0.3295072317123413,0.4451561570167541,0.3334507048130035,0.2324221134185791,0.3606653213500976,0.9164764285087584
62,brady,bradys,0.4373158272730258,0.5925646424293518,0.8087158203125,0.8702974319458008,0.6083986759185791,0.5899273753166199,0.8561369180679321
62,motion,motionization,0.2557909159719443,0.7334318161010742,0.7878651022911072,0.731590747833252,0.2122920155525207,0.744602382183075,0.936509132385254
62,motion,motionality,0.0951900514275573,0.7912472486495972,0.7353417277336121,0.7622129917144775,0.2650056779384613,0.8274790048599243,0.9160611033439636
62,motion,motionable,0.2466632549604806,0.7135810852050781,0.7761352062225342,0.8027828335762024,0.1815968155860901,0.6895976066589355,0.9497652053833008
62,motion,motionally,0.2102773700505752,0.7776246070861816,0.7379602193832397,0.8830734491348267,0.2650528252124786,0.6939672827720642,0.950189471244812
62,motion,motioneers,0.2912506895642345,0.7044132947921753,0.7501451969146729,0.6288304328918457,0.1904209852218628,0.6708502769470215,0.9673728346824646
62,motion,motionizer,0.2009744229557237,0.7453947067260742,0.7459211349487305,0.620857834815979,0.1814913153648376,0.7549955248832703,0.9626862406730652
62,motion,motionized,0.1781587412188102,0.7912654280662537,0.7730730175971985,0.7869477272033691,0.1440770477056503,0.7314636707305908,0.9765284061431884
62,motion,motionings,0.2009744229557237,0.778884768486023,0.7604719996452332,0.8161166310310364,0.2583380937576294,0.6948827505111694,0.9724478721618652
62,motion,motionning,0.2009744229557237,0.7894997596740723,0.7679433822631836,0.8280052542686462,0.2601991593837738,0.7382001280784607,0.9795389771461488
62,motion,motionness,0.2009744229557237,0.776972770690918,0.7924342751502991,0.8558683395385742,0.2311754524707794,0.8078690767288208,0.9028363823890686
62,motion,motioner,0.2502233594382327,0.6370118856430054,0.7930068969726562,0.6933393478393555,0.2442454397678375,0.5025063753128052,0.9299921989440918
62,motion,motiones,0.1853896157893403,0.6616421341896057,0.794691264629364,0.9321584105491638,0.2192964851856231,0.4013950526714325,0.8917092680931091
62,motion,motioned,0.2741056916582386,0.7958096861839294,0.4220652282238006,0.3906406164169311,0.2764537632465362,0.7603634595870972,0.9659326672554016
62,motion,motional,0.3704963656176444,0.7469953298568726,0.7734407186508179,0.8303312063217163,0.4039217829704284,0.6755088567733765,0.9517672657966614
62,motion,motionly,0.2009744229557237,0.7463620901107788,0.7823702096939087,0.8166245222091675,0.1865646690130233,0.7072274684906006,0.8774349093437195
62,motion,motionic,0.2717491805293246,0.7135900259017944,0.7925307154655457,0.7488201856613159,0.2479244470596313,0.5765715837478638,0.8874467015266418
62,motion,motionnal,0.2009744229557237,0.7806180715560913,0.7332988977432251,0.6404678225517273,0.2722757756710052,0.8126195669174194,0.964369773864746
62,motion,motionals,0.1781587412188102,0.7513515949249268,0.7385767102241516,0.7057071924209595,0.2193820178508758,0.7345482707023621,0.9724580645561218
62,motion,motionism,0.1781587412188102,0.6815073490142822,0.8015191555023193,0.7861192226409912,0.2355607897043228,0.655812680721283,0.8849171996116638
62,motion,motioning,0.21148843968734,0.7167606949806213,0.8131144046783447,0.914541482925415,0.2748666703701019,0.6335013508796692,0.9669949412345886
62,motion,motioners,0.2488832653494243,0.6741412878036499,0.8067069053649902,0.675601601600647,0.2172740846872329,0.5513367652893066,0.9694435596466064
62,motion,motioneer,0.2385362606287618,0.5883665084838867,0.7456320524215698,0.6539459228515625,0.2148804366588592,0.6378443241119385,0.9536789655685424
63,candle,candled,0.2349539078767475,0.7624820470809937,0.8193281292915344,0.8182706236839294,0.4604877829551697,0.7152271270751953,0.9778916239738464
63,candle,candler,0.0721853877801208,0.7138951420783997,0.825497031211853,0.8240710496902466,0.3902541697025299,0.7567997574806213,0.9827829599380492
63,candle,candles,0.6074483323971451,0.8681219816207886,0.7344945669174194,0.8949579000473022,0.8512916564941406,0.8537705540657043,0.9879835844039916
63,candle,candlor,0.2265956694133719,0.539094090461731,0.4669088125228882,0.1915962696075439,0.1766554117202758,0.4421887397766113,0.9841715097427368
63,candle,candly,0.2405129544252304,0.612856388092041,0.431502491235733,0.2011836767196655,0.1941594332456588,0.4478223621845245,0.9536340832710266
63,candle,candlement,0.2427836532255931,0.6905169486999512,0.7771597504615784,0.8744414448738098,0.2348438948392868,0.7791393995285034,0.95487779378891
63,candle,candleness,0.2932241348618123,0.7286652326583862,0.8156293034553528,0.9008525013923644,0.1823223531246185,0.807436466217041,0.9706864356994628
63,candle,candling,0.2476343960586421,0.6445980668067932,0.411310076713562,0.3481304347515106,0.3974539935588836,0.5474045276641846,0.9726863503456116
63,candle,candlize,0.2655993349625065,0.5300374031066895,0.461148738861084,0.1588074415922165,0.1387650668621063,0.3778467774391174,0.9542518854141236
63,candle,candlies,0.3169658297247284,0.4272327125072479,0.4523430466651916,0.1887665092945099,0.1769357919692993,0.4484010338783264,0.9468032121658324
63,candle,candleer,0.2655993349625065,0.6476438641548157,0.8307739496231079,0.8449621796607971,0.2050226628780365,0.7779156565666199,0.967973291873932
63,candle,candlers,0.1044355075471975,0.6692758798599243,0.8253014087677002,0.8183571100234985,0.1911497861146927,0.7647238969802856,0.9703144431114196
63,candle,candleing,0.2436112659440053,0.708290696144104,0.8374794125556946,0.9098222255706788,0.1939293891191482,0.7222623229026794,0.975241243839264
63,candle,candlings,0.3246741441858677,0.4099239110946655,0.4126559197902679,0.3369259238243103,0.1543576419353485,0.510299026966095,0.9006280303001404
63,window,windowization,0.1557230696419617,0.4881156980991363,0.7834478616714478,0.7005424499511719,0.0501898452639579,0.681110680103302,0.9400991797447203
63,window,windowable,0.2026300498870972,0.6073170304298401,0.7604794502258301,0.7449827194213867,0.2873194813728332,0.7129702568054199,0.9099950194358826
63,window,windowizer,0.1769194186160923,0.6003097891807556,0.7367265224456787,0.737218976020813,0.0751091241836547,0.7085554003715515,0.9525235891342164
63,window,windowized,0.1329073879050483,0.7600051760673523,0.7595986723899841,0.7501399517059326,0.1007945165038108,0.6905344724655151,0.984248697757721
63,window,windowings,0.2026300498870972,0.6843535900115967,0.7386972308158875,0.772612452507019,0.1484448462724685,0.7715438008308411,0.8893399238586426
63,window,windowness,0.2112020428785546,0.6815340518951416,0.7609037160873413,0.7554193139076233,0.187017872929573,0.7666560411453247,0.9267938733100892
63,window,windowwize,0.2026300498870972,0.3105526566505432,0.6424317359924316,0.7161873579025269,0.1448645889759063,0.676997721195221,0.9354063272476196
63,window,windowwing,0.1557230696419617,0.7376264929771423,0.7439168691635132,0.731269359588623,0.2278473079204559,0.806973397731781,0.9511936902999878
63,window,windows,0.2775248018211025,0.8711616396903992,0.7298184633255005,0.7106262445449829,0.6370406150817871,0.8287273645401001,0.9919065237045288
63,window,windowize,0.1864559873984268,0.7210808992385864,0.7414963841438293,0.7156524658203125,0.0428468398749828,0.7163262367248535,0.9676342606544496
63,window,windowism,0.1329073879050483,0.7013802528381348,0.7712733745574951,0.697462797164917,0.1699388921260833,0.5997825264930725,0.9437944293022156
63,window,windowive,0.1557230696419617,0.7574633955955505,0.7449197769165039,0.7188128232955933,0.1032701283693313,0.5876191854476929,0.971422791481018
63,window,windowing,0.2668946138021734,0.5094966888427734,0.7878649234771729,0.8268521428108215,0.40625,0.7957746386528015,0.799627959728241
63,window,windowers,0.1552796445427748,0.5876579880714417,0.7877804040908813,0.747754693031311,0.1681140810251236,0.7904316186904907,0.8865718245506287
63,window,windowed,0.2389949597845272,0.5761375427246094,0.7750442624092102,0.8092071413993835,0.4909551441669464,0.776910126209259,0.9115605354309082
63,window,windower,0.1246807216739176,0.6126301884651184,0.775719404220581,0.8110863566398621,0.3644095957279205,0.8227108120918274,0.9127147793769836
63,window,windowes,0.1953125261798764,0.6731733083724976,0.7848838567733765,0.8394256830215454,0.2021182626485824,0.7545968890190125,0.9307820796966552
63,window,windowal,0.1557230696419617,0.7341630458831787,0.7638624310493469,0.7778488397598267,0.3233809769153595,0.7435128688812256,0.9626060724258424
63,meaning,meanings,0.4565836762017181,0.5899032354354858,0.6019324064254761,0.8493868112564087,0.7215983271598816,0.9030343294143676,0.8803972601890564
63,meaning,meaninged,0.1662502996018445,0.7285520434379578,0.7827585935592651,0.6542219519615173,0.2445174157619476,0.7445002794265747,0.9677941799163818
63,meaning,meaningly,0.2124238243418736,0.6922551393508911,0.773682713508606,0.6212770342826843,0.265235036611557,0.6674935817718506,0.9362175464630128
63,meaning,meaningness,0.1791914907415501,0.660089910030365,0.7774026989936829,0.6512740850448608,0.2933127582073211,0.7493107914924622,0.9004735946655273
63,meaning,meaningliness,0.1886536149163871,0.6778950691223145,0.7287576794624329,0.5103732943534851,0.2794601023197174,0.6573655009269714,0.934300422668457
63,meaning,meaninging,0.1496499493672524,0.7379814386367798,0.7997084856033325,0.6694474220275879,0.2768440544605255,0.755111575126648,0.9658311605453492
63,meaning,meaningism,0.2368971371733797,0.6071518659591675,0.7755119800567627,0.5711666345596313,0.2643216550350189,0.7294515371322632,0.8586273193359375
63,meaning,meaningability,0.2368971371733797,0.728151798248291,0.7491707801818848,0.4692808091640472,0.1704888939857483,0.7774284482002258,0.934937059879303
64,case,casable,0.1229910603741162,0.4646971225738525,0.2752012312412262,0.3514164388179779,0.068217322230339,0.5044050812721252,0.9333255887031556
64,case,casally,0.1314468229023815,0.4466128349304199,0.2538789808750152,0.313645988702774,0.0898402780294418,0.4954006969928741,0.8813626766204834
64,case,caseism,0.1467327552370324,0.5113224387168884,0.7417585849761963,0.6477996110916138,0.2130530923604965,0.5814993381500244,0.8745306134223938
64,case,caseing,0.1289784051932351,0.6730882525444031,0.7889305353164673,0.7893861532211304,0.1537279337644577,0.6166177988052368,0.9392227530479432
64,case,casions,0.2175442847883605,0.3537598252296448,0.2972297966480255,0.4460481703281402,0.0621429681777954,0.3977133333683014,0.8278157114982605
64,case,casality,0.1020059743775295,0.4555916786193847,0.2529852092266083,0.299523115158081,0.1681213825941085,0.5574636459350586,0.925948977470398
64,case,casation,0.1229910603741162,0.5428478121757507,0.254738986492157,0.3171206712722778,0.1606241166591644,0.5851718783378601,0.943718433380127
64,case,caseable,0.1226104521595059,0.7438490390777588,0.7319777607917786,0.6931062340736389,0.2677035629749298,0.5929138660430908,0.9618518948554992
64,case,caseings,0.1330465041603246,0.7853778600692749,0.7069968581199646,0.6895624995231628,0.0538547039031982,0.6688007712364197,0.9633139967918396
64,case,casement,0.0771100579995525,0.6229801774024963,0.6983954906463623,0.6994314193725586,0.0754894763231277,0.6182384490966797,0.9289911389350892
64,case,caseness,0.1396212481095996,0.6945944428443909,0.7419098615646362,0.7799807786941528,0.1764071732759475,0.7070679664611816,0.9343391060829164
64,case,casor,0.0877147046388636,0.2717801928520202,0.3192859292030334,0.3239447772502899,0.1293577700853347,0.5227851867675781,0.8743078708648682
64,case,casic,0.0275730203383282,0.5074267387390137,0.3318617939949035,0.3772477507591247,0.1355870962142944,0.4294511377811432,0.9096930623054504
64,case,cased,0.1685364196011656,0.6853678226470947,0.7717524766921997,0.72884202003479,0.3424656093120575,0.6199802160263062,0.9473889470100404
64,case,caser,0.0719285486137052,0.6826783418655396,0.7914443016052246,0.7053756713867188,0.3182289004325866,0.6486579179763794,0.94798743724823
64,case,cases,0.3911436896530521,0.8640710115432739,0.7017455101013184,0.8939296007156372,0.717369556427002,0.8280598521232605,0.9713565111160278
64,case,casal,0.0577291471199565,0.4175599813461303,0.3131076693534851,0.1994580179452896,0.096640758216381,0.5027665495872498,0.9197210073471068
64,case,caseables,0.1020059743775295,0.5045275688171387,0.6865496039390564,0.6613799929618835,0.2338808327913284,0.600450873374939,0.9065231084823608
64,case,caseation,0.1225950337389121,0.5341722965240479,0.7115967869758606,0.7635133266448975,0.1489096134901046,0.5574373006820679,0.9128434062004088
64,case,caseative,0.1503011595035071,0.7033306956291199,0.6556031703948975,0.6469713449478149,0.0938173756003379,0.5680804252624512,0.9637705087661744
64,case,casements,0.1158108036462809,0.6506857872009277,0.6625872850418091,0.587468147277832,0.0275106877088546,0.5559378266334534,0.9442090392112732
64,case,casion,0.2365262854426155,0.4809956848621368,0.332990825176239,0.47561976313591,0.111002966761589,0.4157802760601043,0.9430596232414246
64,case,casity,0.0461841778534086,0.5689323544502258,0.3286663293838501,0.5182266235351562,0.0826750174164772,0.4924210906028747,0.9377749562263488
64,case,casize,0.1467327552370324,0.6354672908782959,0.3353329300880432,0.4468961954116821,0.1761566251516342,0.5476702451705933,0.9539511203765868
64,case,casics,0.0223291058221518,0.5729007720947266,0.2932558059692383,0.3459880948066711,0.1456684917211532,0.4835275709629059,0.9213923811912536
64,case,casals,0.0450114790966469,0.228205531835556,0.2673977017402649,0.201210469007492,0.0793516561388969,0.4154429137706756,0.8434749245643616
64,case,caseic,0.0930800622510035,0.6884239912033081,0.7554674744606018,0.6181145906448364,0.1959830373525619,0.5391871929168701,0.9115353226661682
64,case,casely,0.0579361484515024,0.6834677457809448,0.7608757019042969,0.679436206817627,0.1901009082794189,0.6236860156059265,0.9393131732940674
64,case,casers,0.152705350880529,0.6899273991584778,0.7605966925621033,0.6871656179428101,0.1229232028126716,0.5753479599952698,0.9544946551322936
64,case,caseor,0.1471740515974062,0.7347691059112549,0.7339435815811157,0.5604982972145081,0.3030529618263244,0.6598640084266663,0.9623955488204956
64,case,caseal,0.0180759746232479,0.6822763085365295,0.757060170173645,0.7184991836547852,0.2791952192783355,0.6097385883331299,0.9621886014938354
64,case,caseer,0.1467327552370324,0.5495172142982483,0.7834222316741943,0.6945261359214783,0.2072835266590118,0.5876910090446472,0.9162715077400208
64,case,casees,0.1429641067644184,0.5897748470306396,0.791649341583252,0.7671490907669067,0.2472456246614456,0.6441569328308105,0.9341266751289368
64,case,caseed,0.1330465041603246,0.7276777029037476,0.7787588238716125,0.6879109144210815,0.1901576668024063,0.5556844472885132,0.9507589936256408
64,case,caseds,0.1572597779246402,0.762211799621582,0.7243927717208862,0.663835883140564,0.1606728434562683,0.7005099654197693,0.9568448066711426
64,case,casically,0.1393213509341888,0.6131184101104736,0.3051353394985199,0.4751766920089721,0.1306789964437484,0.4497091472148895,0.940774142742157
64,case,caseations,0.1020059743775295,0.7541971802711487,0.6718593835830688,0.7105932235717773,0.1266537308692932,0.6020581126213074,0.967060685157776
64,compound,compoundable,0.2570868935573238,0.6822260618209839,0.7838255167007446,0.777539849281311,0.2927141785621643,0.685731053352356,0.9483819007873536
64,compound,compoundings,0.2763985887798044,0.687799334526062,0.7743737697601318,0.8496474027633667,0.1554836183786392,0.7110202312469482,0.899760365486145
64,compound,compoundment,0.2902353573124512,0.6958832740783691,0.7861534357070923,0.8719747066497803,0.1756878942251205,0.7294410467147827,0.9032362699508668
64,compound,compoundness,0.3304747615213208,0.6879867315292358,0.796055793762207,0.8645724654197693,0.1654538512229919,0.6800391674041748,0.9088358283042908
64,compound,compoundes,0.2809673165865315,0.521908164024353,0.8092003464698792,0.9303617477416992,0.1371494382619857,0.4994906485080719,0.8370263576507568
64,compound,compounder,0.2626759591991828,0.5870274901390076,0.8116441965103149,0.8611610531806946,0.3722401857376098,0.5240928530693054,0.7831640243530273
64,compound,compounded,0.322880574490911,0.6933648586273193,0.8173044919967651,0.8757089376449585,0.3555671572685241,0.6374903917312622,0.8737897872924805
64,compound,compoundor,0.2809673165865315,0.6972599625587463,0.7865065932273865,0.854971170425415,0.1637640595436096,0.725935697555542,0.9103119373321532
64,compound,compoundly,0.2596029831577933,0.715355634689331,0.8008459210395813,0.8632532358169556,0.1543577760457992,0.6973800659179688,0.8969895839691162
64,compound,compoundation,0.2809673165865315,0.5839464664459229,0.8025704026222229,0.8967899084091187,0.1841908097267151,0.6370806097984314,0.8318169116973877
64,compound,compoundments,0.3334241331419684,0.6523048877716064,0.7757206559181213,0.8164904117584229,0.1559156030416488,0.6643484830856323,0.9074925184249878
64,compound,compounds,0.5263101391396408,0.8204139471054077,0.7215131521224976,0.8408451676368713,0.7369669675827026,0.9292039275169371,0.9694815874099731
64,compound,compoundability,0.2994810389382412,0.6473386287689209,0.756855845451355,0.7437100410461426,0.2031827121973037,0.6396632790565491,0.8973681330680847
64,compound,compoundded,0.2809673165865315,0.7837706804275513,0.7703871130943298,0.8692408204078674,0.1330467164516449,0.796295166015625,0.9698726534843444
64,compound,compounders,0.3241668450868109,0.570618748664856,0.8199859261512756,0.8453569412231445,0.2931363582611084,0.5905279517173767,0.8841586709022522
64,compound,compoundals,0.2809673165865315,0.6904267072677612,0.7752413749694824,0.864804744720459,0.1464803367853164,0.7023502588272095,0.9089057445526124
64,compound,compounding,0.3697327379717469,0.6305543780326843,0.8169353008270264,0.8687279224395752,0.4840324819087982,0.5143687725067139,0.8371835350990295
65,root,roottables,0.2721196513044085,0.5287872552871704,0.745111346244812,0.4661238193511963,0.086696483194828,0.7081144452095032,0.8782974481582642
65,root,rootations,0.2225023218864496,0.7311670780181885,0.7765089273452759,0.7192409634590149,0.1526397615671157,0.6446087956428528,0.9608179926872252
65,root,rootly,0.223547031332523,0.7224702835083008,0.80686354637146,0.7354066371917725,0.1222889497876167,0.7634538412094116,0.9376142024993896
65,root,rootes,0.0942051384011852,0.6981914043426514,0.8230494260787964,0.8566317558288574,0.2491951584815979,0.6974406838417053,0.9601527452468872
65,root,rooter,0.2021410908697966,0.6490340232849121,0.8249786496162415,0.8299469947814941,0.3681714236736297,0.7537721395492554,0.9338842034339904
65,root,rootor,0.1444949907881803,0.7434936761856079,0.7990277409553528,0.7832372188568115,0.0624228790402412,0.7162824273109436,0.962746262550354
65,root,rootation,0.1520088549779325,0.5679155588150024,0.8048942685127258,0.7252955436706543,0.1848787516355514,0.8301640748977661,0.9157915711402892
65,root,rooticals,0.2225023218864496,0.5898645520210266,0.7310031652450562,0.6790221929550171,0.0822068378329277,0.6563060283660889,0.9235790967941284
65,root,roottable,0.2494772397162279,0.7811746001243591,0.7686749696731567,0.5444140434265137,0.1164133101701736,0.7176107168197632,0.962795615196228
65,root,rootability,0.2656000743504472,0.6141141653060913,0.7717121839523315,0.6156754493713379,0.1369109153747558,0.7081904411315918,0.9505489468574524
65,root,rootically,0.1606829746004016,0.7834538221359253,0.7448991537094116,0.7489109635353088,0.1182328164577484,0.6030076146125793,0.9709078669548036
65,root,rootics,0.2315329558604325,0.7526577711105347,0.7734081745147705,0.600967526435852,0.118871122598648,0.6342349052429199,0.96335768699646
65,root,rooting,0.3294728066242328,0.6263741254806519,0.834473729133606,0.8841828107833862,0.5121191143989563,0.8053958415985107,0.9112027287483216
65,root,rootism,0.2787373483764608,0.4750795662403106,0.8103995323181152,0.6782996654510498,0.1896711587905883,0.5393442511558533,0.8488041758537292
65,root,rooters,0.184966377637106,0.6701030731201172,0.8268827199935913,0.7667872905731201,0.3076443672180176,0.7476310729980469,0.949471116065979
65,root,rootted,0.2721196513044085,0.7977362275123596,0.8067456483840942,0.8121839761734009,0.1265953928232193,0.7585283517837524,0.9676243662834167
65,root,rootable,0.2898381798570677,0.7065765261650085,0.7943353652954102,0.7136147022247314,0.3958321511745453,0.7310294508934021,0.9548786282539368
65,root,rootings,0.2071999562329683,0.7747223377227783,0.790198802947998,0.7993936538696289,0.1288430094718933,0.8066586852073669,0.9675516486167908
65,root,rootical,0.1076416255015701,0.8035308122634888,0.766969621181488,0.6726274490356445,0.1245744302868843,0.6657804846763611,0.969819962978363
65,root,rootness,0.103439641150259,0.6980177164077759,0.8142078518867493,0.7936828136444092,0.162558376789093,0.7661571502685547,0.9470218420028688
65,root,rootment,0.2225023218864496,0.7394620776176453,0.7908697128295898,0.76130211353302,0.1357366740703582,0.8203118443489075,0.954825222492218
65,canals,canaled,0.4737556065308197,0.7512502670288086,0.6465650796890259,0.7486386299133301,0.4525768160820007,0.8248078227043152,0.964775025844574
65,canals,canaler,0.387294362338519,0.6110826730728149,0.6286856532096863,0.6676700115203857,0.1367353647947311,0.777712345123291,0.9330854415893556
65,canals,canales,0.1879356556275936,0.4843659996986389,0.658849835395813,0.866225004196167,0.3090741634368896,0.8148673176765442,0.8951401114463806
65,canals,canally,0.2886789517402544,0.7206645011901855,0.6378055214881897,0.7286422252655029,0.2111690938472747,0.8049209117889404,0.921066164970398
65,canals,canal,0.5211838854220796,0.9056566953659058,0.6959502696990967,0.9099408984184264,0.8306970000267029,0.87959885597229,0.9788713455200196
65,canals,canaller,0.2083505059475262,0.7567930221557617,0.6548327803611755,0.6264681816101074,0.1675930172204971,0.819213330745697,0.964001476764679
65,canals,canalled,0.4382630223079647,0.7555863261222839,0.6741631031036377,0.7581847906112671,0.1541034281253814,0.8432115316390991,0.9494311213493348
65,canals,canaling,0.3151767435485693,0.6700729727745056,0.6428208351135254,0.7627068758010864,0.2220489382743835,0.8089518547058105,0.9542194604873656
65,canals,canalers,0.4121074770020117,0.5877630710601807,0.6764218807220459,0.7446879148483276,0.1349699050188064,0.8280559182167053,0.941623330116272
65,canals,canalling,0.4239678342617464,0.7517338991165161,0.6667921543121338,0.7576842308044434,0.2276968955993652,0.8391180038452148,0.9694175720214844
65,canals,canallers,0.3864863559831865,0.7455825209617615,0.6774376630783081,0.7405951023101807,0.1787261813879013,0.8324125409126282,0.9663829803466796
65,canals,canalness,0.3669828900059337,0.7167209982872009,0.6438373327255249,0.8264532089233398,0.198760524392128,0.831414520740509,0.9509645700454712
66,create,creatability,0.0735703530184948,0.3448967337608337,0.5017467141151428,0.1284614503383636,0.1262238025665283,0.4241219162940979,0.8239575028419495
66,create,createively,0.1214365370639796,0.8764609098434448,0.7204363346099854,0.7509832978248596,0.2178055047988891,0.7861216068267822,0.963978946208954
66,create,createivity,0.1214365370639796,0.814215362071991,0.7105966806411743,0.7036846876144409,0.3014905750751495,0.7589970827102661,0.9391512274742126
66,create,creatable,0.0886388232929503,0.3121553957462311,0.5106842517852783,0.2815188765525818,0.3226172924041748,0.4231730699539184,0.9023698568344116
66,create,createeds,0.0776964014377564,0.6817251443862915,0.6456905603408813,0.7416794896125793,0.2349476516246795,0.6189841032028198,0.8894534707069397
66,create,createive,0.0478216714335026,0.810736894607544,0.7317721843719482,0.7284449934959412,0.2445933818817138,0.7600374221801758,0.94166100025177
66,create,createion,0.0584969638225698,0.8157131671905518,0.7332835793495178,0.724509596824646,0.2787105441093445,0.7771328687667847,0.9488897323608398
66,create,createing,0.1062957117123764,0.8094382882118225,0.7469861507415771,0.9022836685180664,0.4838097989559173,0.7323918342590332,0.9486560821533204
66,create,createics,0.1214365370639796,0.8016316890716553,0.7218400239944458,0.5676280856132507,0.2321314513683319,0.6632528901100159,0.930525541305542
66,create,createors,0.0808498416200035,0.8297981023788452,0.7341794967651367,0.6445634365081787,0.1672088652849197,0.7521733045578003,0.9291353225708008
66,create,creatical,0.0976948422010634,0.3155692815780639,0.4675540030002594,0.2627813518047333,0.1199904456734657,0.3788652122020721,0.8915165066719055
66,create,creatings,0.1011644975155887,0.7084957361221313,0.696022629737854,0.8434653282165527,0.1924771517515182,0.6849576234817505,0.847989022731781
66,create,creatibility,0.0776964014377564,0.3498905301094055,0.5071228742599487,0.1422436684370041,0.1898444890975952,0.4500933587551117,0.8277692794799805
66,create,creatics,0.0386927358886217,0.2533205151557922,0.4733757376670837,0.1945151537656784,0.0903341621160507,0.3826861381530761,0.8353697061538696
66,create,creating,0.2901181835550119,0.8305456638336182,0.8394627571105957,0.940136194229126,0.7211244702339172,0.7535902857780457,0.940375030040741
66,create,creatity,0.111870645518582,0.2546491622924804,0.4666051864624023,0.2103207856416702,0.1636447608470916,0.3470950722694397,0.8439504504203796
66,create,creaters,0.0408422544855744,0.6826130747795105,0.753582239151001,0.6799720525741577,0.3218919634819031,0.7048711180686951,0.9092187881469728
66,create,creatize,0.1071351054659998,0.3842130899429321,0.508699357509613,0.2187368273735046,0.2693009972572326,0.4358108043670654,0.9143030643463136
66,create,createds,0.110529755313179,0.759414553642273,0.6037955284118652,0.7093358039855957,0.0915290564298629,0.6418145895004272,0.7690127491950989
66,create,createed,0.0751235553226926,0.8122091889381409,0.7459194660186768,0.8060839176177979,0.2843309044837951,0.6394252181053162,0.9390904903411864
66,create,createes,0.0677838440779507,0.6775578856468201,0.7546306848526001,0.8114190101623535,0.2388886958360672,0.6537014245986938,0.8311251401901245
66,create,creately,0.0958304237360923,0.8332340121269226,0.7261942625045776,0.749542236328125,0.2793757617473602,0.725587785243988,0.9285942316055298
66,create,createor,0.121987151870109,0.7815690040588379,0.7281299829483032,0.7157089710235596,0.1980877667665481,0.6948751211166382,0.9361403584480286
66,create,createic,0.054880719700843,0.8298874497413635,0.7424340844154358,0.6746780872344971,0.2768687903881073,0.719576358795166,0.928888201713562
66,create,creibles,-0.0128673054043695,0.3726135492324829,0.4965669512748718,0.2857776880264282,0.0791143700480461,0.3557341396808624,0.9013955593109132
66,create,creatables,0.0883280348948697,0.3677266240119934,0.5123457312583923,0.2227024286985397,0.1669539362192154,0.4444333016872406,0.8639844059944153
66,create,creatation,0.1282608717971289,0.3764558434486389,0.4934461712837219,0.2571097016334533,0.1940030455589294,0.4274141490459442,0.9088751673698424
66,create,creatative,0.0584969638225698,0.3814783692359924,0.4962254762649536,0.2148723155260086,0.1543332189321518,0.4007509350776672,0.8997547626495361
66,create,createable,0.1213658704993567,0.78932785987854,0.7331987619400024,0.7095932960510254,0.232016921043396,0.7349653244018555,0.9416834712028505
66,create,creatibles,0.0595240304526677,0.2681765556335449,0.5009623169898987,0.2872584462165832,0.1764749586582183,0.3815035223960876,0.8235401511192322
66,create,creaticism,0.0776964014377564,0.2517852783203125,0.4718882739543915,0.1688294410705566,0.0832718983292579,0.3713803589344024,0.8283409476280212
66,create,creaticity,0.0965020688864483,0.3175044655799866,0.4865462779998779,0.1860008537769317,0.1130704060196876,0.42398601770401,0.8815985918045044
66,create,creability,0.026136360144765,0.319900631904602,0.4834599494934082,0.1974624395370483,0.1128718480467796,0.4224791526794433,0.8477247357368469
66,create,createabilities,0.0776964014377564,0.6322869062423706,0.6245236396789551,0.7639518976211548,0.2070773690938949,0.5624238848686218,0.902652144432068
66,create,creatabilities,0.0776964014377564,0.2268633842468261,0.5105189085006714,0.0978086292743682,0.0902178660035133,0.4244355857372284,0.8119059205055237
66,create,creibility,0.1201386922779653,0.4208144545555115,0.5026283264160156,0.2660810053348541,0.1051118671894073,0.4806007444858551,0.8939133286476135
66,create,createability,0.0960656616614833,0.7758532762527466,0.7247083187103271,0.6375662088394165,0.2494567781686782,0.6863731145858765,0.9133265614509584
66,create,creatations,0.112955010116392,0.3355527222156524,0.4956974983215332,0.2360180914402008,0.1691552549600601,0.4499639868736267,0.854341983795166
66,create,creable,0.0571081467570873,0.2379859238862991,0.4704832434654236,0.2475111484527588,0.1529877185821533,0.4132569134235382,0.8151423335075378
66,create,creatic,0.0354171882192328,0.3213204741477966,0.4589924216270447,0.2036946713924408,0.1231128424406051,0.3951610326766968,0.8990521430969238
66,create,creatal,0.0776964014377564,0.2435835003852844,0.4677275419235229,0.2276217639446258,0.1177318692207336,0.3104171752929687,0.7907099723815918
66,create,created,0.2733231218602288,0.7930533289909363,0.7561366558074951,0.7292433977127075,0.607276439666748,0.7171919941902161,0.9425419569015504
66,create,creater,0.0325312806094517,0.7152562737464905,0.7510658502578735,0.7823284268379211,0.3470995128154754,0.6614908576011658,0.9318954348564148
66,create,creates,0.2071061022958786,0.835261344909668,0.800104558467865,0.9140685200691224,0.6570397019386292,0.769970715045929,0.9540150761604308
66,create,creible,-0.0027371061114681,0.3658849596977234,0.4935079514980316,0.2890409529209137,0.1035249605774879,0.3792938590049743,0.8889089226722717
66,create,creatativity,-0.0338961701330151,0.3490257263183594,0.5249934196472168,0.0897068828344345,0.1397399604320526,0.4683973789215088,0.8576363325119019
66,website,websiteness,-0.0107590858692513,0.6695915460586548,0.7588925361633301,0.5628630518913269,0.1792872697114944,0.7527918815612793,0.9354037046432496
66,website,websitings,0.0926480763573141,0.6246215105056763,0.4817251563072204,0.5627246499061584,0.1216440647840499,0.671538233757019,0.9486239552497864
66,website,websiting,0.0959825924697059,0.5879674553871155,0.4594872593879699,0.5747480392456055,0.121158555150032,0.6711103916168213,0.8744624257087708
66,website,websiteds,0.1153574098859771,0.7383264899253845,0.7733452320098877,0.5927473902702332,0.2026893347501754,0.7872446775436401,0.9572246074676514
66,website,websited,0.0885937323037087,0.7159466743469238,0.7631771564483643,0.648741602897644,0.561184823513031,0.7522349953651428,0.951029896736145
66,website,websites,0.3105081064704288,0.7492318153381348,0.7889620065689087,0.8389159440994263,0.6924864649772644,0.7497983574867249,0.9595171213150024
67,recital,recitals,0.6040964488173373,0.586605966091156,0.8587568998336792,0.972082495689392,0.81467604637146,0.8088932037353516,0.8488987684249878
67,recital,recitales,0.3952455906282607,0.5353478193283081,0.855610728263855,0.9705060720443726,0.1810981333255767,0.7004799842834473,0.836218535900116
67,recital,recitaled,0.3987819770960522,0.7898644804954529,0.8545857667922974,0.9270284175872804,0.1534328758716583,0.767554759979248,0.9529510140419006
67,recital,recitalize,0.3670400344221538,0.7922142744064331,0.8283326029777527,0.9168622493743896,0.1894130110740661,0.6867184042930603,0.9483757019042968
67,themes,themeables,0.0624335996167189,0.5986692309379578,0.6441396474838257,0.7562143802642822,0.2512918412685394,0.7080221176147461,0.8797945976257324
67,themes,themeable,0.2011408652888096,0.7116039991378784,0.6942150592803955,0.7413942813873291,0.3504343330860138,0.7360572218894958,0.9082445502281188
67,themes,themeness,0.1014372651658535,0.723166286945343,0.6839643716812134,0.8328303098678589,0.1560567021369934,0.7361751198768616,0.9107742309570312
67,themes,themeals,0.1404409307149882,0.745442271232605,0.7148531675338745,0.7279285192489624,0.2267431616783142,0.8279327154159546,0.9122169613838196
67,themes,themeize,0.1912687026160993,0.7394129037857056,0.7170493602752686,0.7369436025619507,0.2242363095283508,0.7988380789756775,0.8803068995475769
67,themes,themeing,0.1683015053349961,0.533505916595459,0.6724903583526611,0.8475186824798584,0.422385573387146,0.7376222610473633,0.8830687999725342
67,themes,themings,0.1461409639977859,0.4486676454544067,0.4275971055030823,0.3525302112102508,0.192045971751213,0.4879783689975738,0.8230199813842773
67,themes,theme,0.1084157811339154,0.7752033472061157,0.7964061498641968,0.910915732383728,0.7865961194038391,0.840571939945221,0.9287416338920592
67,themes,themer,0.2037799002881065,0.6360280513763428,0.6623773574829102,0.6967122554779053,0.4134399592876434,0.718798816204071,0.881463348865509
67,themes,themed,0.0949092604256904,0.6151522994041443,0.6328040957450867,0.7107673287391663,0.4719298183917999,0.5995779633522034,0.8260608315467834
67,themes,themic,0.1444110632337953,0.4254341721534729,0.3399568200111389,0.2575526833534241,0.1421329230070114,0.4693668484687805,0.8244207501411438
67,themes,themers,0.2178287460383635,0.7003558874130249,0.7198498249053955,0.7061665058135986,0.391460120677948,0.808449923992157,0.885380744934082
67,themes,themely,0.1324403211080193,0.7081793546676636,0.6818321943283081,0.7144773006439209,0.077834628522396,0.7766203880310059,0.9006634950637817
67,themes,themeic,0.1461409639977859,0.6251006126403809,0.688566267490387,0.7114223837852478,0.2196574211120605,0.7468667030334473,0.9096881747245787
67,themes,themeds,0.0388355780257282,0.5856614708900452,0.559540867805481,0.7274963855743408,0.1283756643533706,0.6679566502571106,0.8971742987632751
67,themes,themeed,0.1781749468103278,0.6390165090560913,0.6903750896453857,0.7564261555671692,0.2450514584779739,0.7676160931587219,0.8957644104957581
67,themes,themees,0.119056570646385,0.7345983982086182,0.6926612257957458,0.9053713083267212,0.2337094992399215,0.8256744742393494,0.9286149144172668
67,themes,themeal,0.0986575742719536,0.6784811019897461,0.6651221513748169,0.7534690499305725,0.1980464607477188,0.7927101850509644,0.904132843017578
67,themes,theming,0.2026610098134033,0.4362098276615143,0.2469541728496551,0.2988279461860657,0.4732992351055145,0.4982443451881408,0.822695255279541
67,themes,themion,0.1404409307149882,0.4642350077629089,0.3343071937561035,0.2430622279644012,0.1032834351062774,0.5131679773330688,0.8095538020133972
67,themes,themics,0.0786215834289401,0.421789675951004,0.4084373712539673,0.3115348815917969,0.1515145301818847,0.5043256878852844,0.817929744720459
67,themes,themeability,0.1581920122755072,0.6969360113143921,0.7100915908813477,0.7563254833221436,0.229726105928421,0.7508041858673096,0.8898622393608093
68,dell,dells,0.2544644649142764,0.732906699180603,0.8711848258972168,0.9293280243873596,0.6058284640312195,0.7477811574935913,0.947606325149536
68,dell,dellal,0.0557339242464604,0.6163163185119629,0.4769750833511352,0.3036989569664001,0.1799292266368866,0.4495346248149872,0.9679420590400696
68,dell,delled,0.1569059324211445,0.5875769853591919,0.5114479064941406,0.2923142313957214,0.1742599904537201,0.4632250666618347,0.9558954238891602
68,dell,deller,0.1104415793615804,0.5010484457015991,0.5042825937271118,0.2658373117446899,0.2126049548387527,0.4084311723709106,0.9459711909294128
68,dell,delles,0.1655690366038057,0.5828180313110352,0.506836473941803,0.32276251912117,0.2222211360931396,0.4762392938137054,0.8465479016304016
68,dell,dellic,0.11900609303731,0.5854489803314209,0.8386353254318237,0.8041960597038269,0.2315100282430648,0.6242204904556274,0.9374831318855286
68,dell,dellor,0.346806754249419,0.666147768497467,0.8289477825164795,0.7750532627105713,0.1872379034757614,0.5542435050010681,0.9615882635116576
68,dell,dellancy,0.1676798404012269,0.5484691858291626,0.4367306232452392,0.3846660256385803,0.1754293441772461,0.3923023045063019,0.9614723920822144
68,dell,delleers,0.2456871714994961,0.480418860912323,0.4977042973041534,0.2912593483924866,0.125503584742546,0.4081127047538757,0.931646168231964
68,dell,dellings,0.1838678242134481,0.6275404691696167,0.834843635559082,0.7898449301719666,0.1771739423274994,0.604435920715332,0.96473890542984
68,dell,dellness,0.301760038740761,0.6410324573516846,0.8355443477630615,0.8418686389923096,0.1386459171772003,0.6392920613288879,0.9641577005386353
68,dell,dellables,0.1941271302065047,0.5677810907363892,0.4874752163887024,0.2874224781990051,0.1413823068141937,0.3329777419567108,0.963026762008667
68,dell,dellion,0.1161197991082355,0.6395996809005737,0.8259328603744507,0.7025913596153259,0.2549991607666015,0.5748261213302612,0.9567047953605652
68,dell,delling,0.2482458970395038,0.5946894288063049,0.8563194274902344,0.8221436142921448,0.2151810228824615,0.5539132356643677,0.932217538356781
68,dell,dellity,0.1941271302065047,0.6523818373680115,0.8345421552658081,0.7603780031204224,0.1973230689764022,0.6478130221366882,0.9689090251922609
68,dell,dellism,0.2728115067734081,0.5793812870979309,0.8412637710571289,0.7120122909545898,0.1808239221572876,0.590129554271698,0.9559159278869628
68,dell,dellers,0.1399622081821912,0.4751820266246795,0.5137925148010254,0.2660483717918396,0.1747870445251464,0.3911406397819519,0.9526325464248656
68,stock,stockker,0.1227674439158962,0.656253457069397,0.7627599239349365,0.6159490346908569,0.1940344423055648,0.6019540429115295,0.903018355369568
68,stock,stockity,0.1724306603393092,0.7353032827377319,0.7678512334823608,0.7245982885360718,0.0922171771526336,0.6476930379867554,0.9606816172599792
68,stock,stocklys,0.1227674439158962,0.5475469827651978,0.7073966264724731,0.6916478276252747,0.1060225889086723,0.5344228744506836,0.9053085446357728
68,stock,stockeds,0.1227674439158962,0.6628561019897461,0.4452744424343109,0.521919310092926,0.0360200405120849,0.5957549810409546,0.8395568132400513
68,stock,stockers,0.2462649606080202,0.6470685601234436,0.807646632194519,0.6845992803573608,0.3647554516792297,0.529085636138916,0.9299957156181335
68,stock,stockables,0.0712074026229048,0.6067928075790405,0.7114994525909424,0.6855202913284302,0.0609317608177661,0.5225903987884521,0.8960413932800293
68,stock,stockation,0.1724306603393092,0.6232917904853821,0.7696850299835205,0.6549426913261414,0.0735636502504348,0.6584677696228027,0.9370606541633606
68,stock,stockities,0.1683368642165222,0.6610167026519775,0.7112243175506592,0.6810996532440186,0.0823793709278106,0.6684967875480652,0.8809483647346497
68,stock,stockkings,0.1683368642165222,0.5874862670898438,0.7073768377304077,0.6136775016784668,0.2042882591485977,0.5396076440811157,0.8624675869941711
68,stock,stockable,0.2170623619336309,0.7419139742851257,0.7548829317092896,0.7180898785591125,0.0763595774769783,0.7130552530288696,0.9132566452026368
68,stock,stockking,0.1455082215168172,0.7427946925163269,0.7525094747543335,0.6425768136978149,0.2137468606233596,0.7270931005477905,0.8125295639038086
68,stock,stockment,0.0322037370737702,0.7715256214141846,0.7475039958953857,0.7198270559310913,0.0965668112039566,0.7352078557014465,0.942726731300354
68,stock,stockness,0.1865335363924838,0.7670454978942871,0.7791695594787598,0.7779531478881836,0.2236417979001999,0.6774242520332336,0.9442787170410156
68,stock,stockly,0.053807669090567,0.7232751846313477,0.7865527868270874,0.722062885761261,0.1111479252576828,0.6079049706459045,0.8594638705253601
68,stock,stockor,0.1545362367049183,0.704408586025238,0.7739309072494507,0.6212040781974792,0.2298120856285095,0.6487987637519836,0.9563226103782654
68,stock,stocked,0.1692010657136376,0.7711958885192871,0.4034950733184814,0.5497078895568848,0.2898878455162048,0.7635263800621033,0.9612281322479248
68,stock,stocker,0.1484314432715808,0.5142382979393005,0.8136147260665894,0.677070140838623,0.3538466691970825,0.4837203621864319,0.8692397475242615
68,stock,stockes,0.0999024422376923,0.5085174441337585,0.8123246431350708,0.821085512638092,0.072156436741352,0.5315655469894409,0.8707512617111206
68,stock,stockal,0.1724306603393092,0.6890798211097717,0.7781869173049927,0.673425555229187,0.064337819814682,0.6479378938674927,0.9560157656669616
68,stock,stockability,0.1277501687725462,0.6125780344009399,0.7251995205879211,0.6332803964614868,0.0295678842812776,0.6543769836425781,0.8783726096153259
69,diwali,diwalis,0.3093272444458891,0.8130389451980591,0.9353112578392028,0.9445390701293944,0.2192751318216323,0.8130390048027039,0.9434733390808104
70,dna,dnas,0.4179096428661875,0.6834719181060791,0.8063919544219971,0.9034398794174194,0.2704871892929077,0.7696453928947449,0.8844459056854248
70,dna,dnaed,0.2482895192586813,0.6682795286178589,0.8113049268722534,0.7677470445632935,0.0989761799573898,0.7625696063041687,0.9089612364768982
70,dna,dnaes,0.2720312141215976,0.5787155032157898,0.7973099946975708,0.7855892777442932,0.012843913398683,0.7535738348960876,0.893332839012146
70,dna,dnaing,0.3126179095655736,0.7091187238693237,0.8144631385803223,0.8139155507087708,0.2338424324989318,0.8074399828910828,0.8825654983520508
70,dna,dnaity,0.2614209996270737,0.7108370065689087,0.7904231548309326,0.8255443572998047,0.0401244573295116,0.8462978005409241,0.8854583501815796
70,dna,dnaism,0.3126179095655736,0.675159215927124,0.7999608516693115,0.7650976181030273,0.16879303753376,0.8538479208946228,0.8524404764175415
70,dna,dnaers,0.3029658313052528,0.6590038537979126,0.8111430406570435,0.6601227521896362,0.0908542051911354,0.7950919270515442,0.8844257593154907
70,strand,strandation,0.2794897656988698,0.3892470002174377,0.8325978517532349,0.8163967728614807,0.1434613019227981,0.6075634360313416,0.799955427646637
70,strand,stranders,0.2646749669803016,0.6511868238449097,0.8574265837669373,0.8533705472946167,0.1728994846343994,0.6428745985031128,0.942107319831848
70,strand,stranding,0.2736132374034095,0.5099673271179199,0.8575351238250732,0.8376768827438354,0.3958853185176849,0.6397250890731812,0.8830640912055969
70,strand,strandly,0.2404861001497352,0.7024314403533936,0.8321567177772522,0.8673217296600342,0.1656980067491531,0.7600094079971313,0.9290707111358644
70,strand,strandal,0.3023054474357832,0.7167819738388062,0.8491829633712769,0.8758902549743652,0.1794120371341705,0.7944070100784302,0.9622450470924376
70,strand,strandes,0.3558762913802599,0.5771052241325378,0.8459107875823975,0.8928087949752808,0.1885673254728317,0.6550538539886475,0.9454158544540404
70,strand,strander,0.3180612245484983,0.5841748714447021,0.8488160371780396,0.8656036257743835,0.1844093352556228,0.6797935962677002,0.9257087111473083
70,strand,strands,0.4947491615672605,0.855635404586792,0.7025964856147766,0.7871332168579102,0.7955165505409241,0.901253581047058,0.9734200835227966
70,strand,strandable,0.3015090290198615,0.6395345330238342,0.8146424293518066,0.7986540794372559,0.1377974599599838,0.7211247086524963,0.9572861194610596
70,strand,strandings,0.2655667535503537,0.6583740711212158,0.8313709497451782,0.8458945751190186,0.2116064727306366,0.7347366809844971,0.909390389919281
70,strand,strandness,0.2342769283665206,0.7298427820205688,0.8415448665618896,0.8155679702758789,0.1938206404447555,0.7578421235084534,0.9467321038246156
71,dog,dogly,0.1768246284509829,0.819869875907898,0.7616694569587708,0.6236640214920044,0.1364376544952392,0.6591965556144714,0.9186440706253052
71,dog,doged,0.0447431334824991,0.7514666318893433,0.7716672420501709,0.7106645107269287,0.1156629547476768,0.711954653263092,0.9639688730239868
71,dog,dogal,0.1261266532513231,0.5789962410926819,0.7525294423103333,0.6441882252693176,0.3176413774490356,0.4065830111503601,0.9587095379829408
71,dog,dogably,0.0460930217490965,0.8356329798698425,0.6626403331756592,0.5621026158332825,0.1170385405421257,0.6077263951301575,0.9685484170913696
71,dog,dogable,0.1727343451482988,0.7634793519973755,0.7345377206802368,0.5923677682876587,0.1721523553133011,0.6635159254074097,0.9513075947761536
71,dog,doggers,0.2074219487137911,0.437046468257904,0.4360916912555694,0.6061416864395142,0.4270984530448913,0.5801770091056824,0.9277933239936828
71,dog,dogging,0.16210588652764,0.6176203489303589,0.4457005858421325,0.6061537265777588,0.3150250017642975,0.5109069347381592,0.9113880395889282
71,dog,doggals,0.1517459357045205,0.6289191246032715,0.4347290098667145,0.606094241142273,0.1214608624577522,0.5444071888923645,0.9453872442245485
71,dog,dogisms,0.1067874232129102,0.7796066999435425,0.6970046162605286,0.5949148535728455,0.1802176386117935,0.6511278748512268,0.8533645868301392
71,dog,dogment,0.1289302539676071,0.733660101890564,0.6993378400802612,0.5893382430076599,0.2157489359378814,0.6152860522270203,0.9568212032318116
71,dog,dogness,0.211998963954906,0.68837571144104,0.7508417963981628,0.7088847160339355,0.5291085839271545,0.7878340482711792,0.8786527514457703
71,dog,dogger,0.1779311080156041,0.4073690772056579,0.470700055360794,0.6973425149917603,0.3635583817958832,0.6371821165084839,0.9062928557395936
71,dog,doggal,0.1984914972257971,0.6150226593017578,0.4618246555328369,0.6955593824386597,0.1164966002106666,0.4781412482261657,0.9562751054763794
71,dog,doggor,0.1289302539676071,0.6498826146125793,0.4513942897319793,0.7003204822540283,0.1110386773943901,0.6850152015686035,0.940645158290863
71,dog,dogity,0.1984914972257971,0.7534217834472656,0.7418487071990967,0.6384674310684204,0.1946643441915512,0.7528933882713318,0.94465571641922
71,dog,dogism,0.1727343451482988,0.5900649428367615,0.7403266429901123,0.5690262317657471,0.1754066944122314,0.7690192461013794,0.8294654488563538
71,dog,doging,0.0602674810253658,0.7542769312858582,0.779029130935669,0.6725504994392395,0.2364689111709594,0.715466320514679,0.9491330981254578
71,dog,dogive,0.1289302539676071,0.7246655821800232,0.7076860070228577,0.6034004092216492,0.2061780095100402,0.4959505796432495,0.956371545791626
71,dog,dogors,0.1517459357045205,0.7767931222915649,0.7013778686523438,0.6286537051200867,0.1718149334192276,0.3857642114162445,0.9336093664169312
71,dog,doggables,0.0221785633132599,0.5615710616111755,0.4567543566226959,0.5259230136871338,0.079364463686943,0.520500123500824,0.9510722756385804
71,dog,dogality,0.2033186260043395,0.7309953570365906,0.6956751942634583,0.5825009942054749,0.2091672867536544,0.4583905935287475,0.9310802817344666
71,dog,doggable,0.1517459357045205,0.6670516133308411,0.4334882199764251,0.5803021192550659,0.1077251881361007,0.6756681799888611,0.9562395215034484
71,dog,dogability,0.1821423588072377,0.7455840110778809,0.7053204774856567,0.4763484597206116,0.2560414969921112,0.6684891581535339,0.94014972448349
71,dog,dogliness,0.1806639043157861,0.7877175211906433,0.7166199684143066,0.5129144191741943,0.1793617904186248,0.7624182105064392,0.9072881937026978
71,dog,doggerness,0.1517459357045205,0.5956196784973145,0.4386913776397705,0.5823174715042114,0.0481144785881042,0.5129991173744202,0.966144323348999
71,food,foodization,0.1430418861428121,0.7674098610877991,0.7214234471321106,0.6181473731994629,0.1485406309366226,0.836322546005249,0.9420374631881714
71,food,foods,0.4257689000890394,0.7377063632011414,0.5600292086601257,0.8184810876846313,0.6941331624984741,0.873910665512085,0.9619407653808594
71,food,foodically,0.1396458293293935,0.8388888835906982,0.6549302935600281,0.6853318810462952,0.1269132047891616,0.7233306765556335,0.9378640055656432
71,food,foodliness,0.0624924790232973,0.8290972709655762,0.6867286562919617,0.6186693906784058,0.2649334967136383,0.8191524744033813,0.9371386170387268
71,food,fooded,0.1170957221642421,0.8094658851623535,0.7579753398895264,0.7578812837600708,0.2047131210565567,0.8500787615776062,0.9785899519920348
71,food,foodal,0.1184820103533247,0.8132444024085999,0.7384196519851685,0.649174690246582,0.3462399244308471,0.7761873602867126,0.9689927697181702
71,food,foodic,0.1430418861428121,0.7627402544021606,0.728962779045105,0.6016600131988525,0.1529680490493774,0.7740933299064636,0.9136621952056884
71,food,foodes,0.1319346221135807,0.758133053779602,0.7604868412017822,0.8193871974945068,0.2338771969079971,0.8229811191558838,0.9578381180763244
71,food,fooder,0.1863561151649058,0.7469877004623413,0.7634819746017456,0.5772295594215393,0.4887670278549194,0.8285616636276245,0.9581396579742432
71,food,foodly,0.1112526369952261,0.7891123294830322,0.7398990392684937,0.6401696801185608,0.2826554477214813,0.7941176295280457,0.9261335730552672
71,food,foodor,0.0598944338130172,0.794426679611206,0.7311308979988098,0.5475378036499023,0.3043467700481415,0.8464226126670837,0.9801896214485168
71,food,foodability,0.0990591338854174,0.7211393117904663,0.6820429563522339,0.5872331857681274,0.3004153370857239,0.8407114148139954,0.9031422138214112
71,food,foodable,0.1257872307996297,0.7994579076766968,0.7135031223297119,0.6268499493598938,0.3442525565624237,0.8515316843986511,0.9697657823562622
71,food,foodably,0.1396458293293935,0.841830849647522,0.6268250942230225,0.6043887734413147,0.3125837445259094,0.7981898784637451,0.9624230861663818
71,food,foodings,0.1115836377794881,0.8537912368774414,0.7067909836769104,0.6889497637748718,0.1738032549619674,0.864824116230011,0.9822480082511902
71,food,foodizer,0.1430418861428121,0.8289421796798706,0.6912335157394409,0.598268985748291,0.2135133594274521,0.841476559638977,0.977793037891388
71,food,foodisms,0.1422626142314152,0.8518921136856079,0.6803758144378662,0.666483998298645,0.144363448023796,0.7752740979194641,0.9608064293861388
71,food,foodness,0.1584712810943003,0.818769097328186,0.7301708459854126,0.7187504172325134,0.2683543860912323,0.84034663438797,0.948176920413971
71,food,foodism,0.1799576431993922,0.7143231630325317,0.7348999977111816,0.6024143695831299,0.4054075181484222,0.7987232208251953,0.8752922415733337
71,food,foodity,0.0753174390225012,0.7853246927261353,0.7235190868377686,0.7052562236785889,0.1759420931339264,0.7640280723571777,0.9449637532234192
71,food,fooding,0.1463704983075493,0.8202766180038452,0.7851005792617798,0.785987913608551,0.5175308585166931,0.8992786407470703,0.9545402526855468
71,food,fooders,0.1783988014431452,0.7408863306045532,0.7635247707366943,0.5924090147018433,0.4537619948387146,0.8241456151008606,0.9732892513275146
71,food,foodables,0.0951954645577636,0.6861556768417358,0.6765548586845398,0.6085398197174072,0.4159422218799591,0.8574519753456116,0.912874698638916
71,food,foodities,0.0208733570783623,0.826421856880188,0.6700676679611206,0.7080684900283813,0.191578984260559,0.8402478694915771,0.9797265529632568
71,food,foodivities,0.0951954645577636,0.5924514532089233,0.5701603293418884,0.7320016026496887,0.1376846730709076,0.736947774887085,0.9189584851264954
71,food,foodments,0.0840725579241059,0.8443778157234192,0.6574356555938721,0.6726306676864624,0.247046560049057,0.8446150422096252,0.945960521697998
71,allergies,allergier,0.2651820077249651,0.4821789860725403,0.8534985780715942,0.4931376576423645,0.2520625293254852,0.7226375937461853,0.6290020942687988
71,allergies,allergyes,0.2828961301036519,0.5238823890686035,0.7362402677536011,0.9172992706298828,0.2650022804737091,0.8085058927536011,0.6725048422813416
71,allergies,allergyor,0.2828961301036519,0.4671275019645691,0.7207368612289429,0.7595950961112976,0.2192857712507248,0.7438464760780334,0.5602270364761353
71,allergies,allergy,0.5836774346050164,0.4833275079727173,0.6681379079818726,0.9137128591537476,0.8691465258598328,0.7753442525863647,0.622627317905426
71,allergies,allergys,0.3304661362879154,0.5371010303497314,0.7130067348480225,0.923880934715271,0.7134139537811279,0.798153281211853,0.7251266837120056
72,driving,drivinged,0.2052828517225742,0.7671639919281006,0.7972603440284729,0.7486323118209839,0.2442306578159332,0.6719943881034851,0.9299446940422058
72,driving,drivingor,0.1067123611888883,0.7701699137687683,0.7750513553619385,0.5833708047866821,0.2273589968681335,0.6304235458374023,0.9728217124938964
72,driving,drivingly,0.1578116100974243,0.7695018649101257,0.7807154059410095,0.6268596649169922,0.3017224073410034,0.7387228012084961,0.9217994809150696
72,driving,drivingable,0.181541156859658,0.7652301788330078,0.7727279663085938,0.719648003578186,0.276039570569992,0.7236437201499939,0.8823371529579163
72,driving,drivingness,0.2052828517225742,0.7522634863853455,0.7845467329025269,0.7744368314743042,0.212380439043045,0.7521221041679382,0.9036615490913392
72,driving,drivings,0.2198947596270729,0.7076681852340698,0.8113643527030945,0.8585411310195923,0.5834255218505859,0.7757717370986938,0.8432400226593018
72,school,schoolers,0.2304914142854853,0.6304895877838135,0.71638023853302,0.6733124256134033,0.6461599469184875,0.8161666989326477,0.9205442667007446
72,school,schoolism,-0.0272935014621297,0.59284508228302,0.7033838033676147,0.6872338056564331,0.1660977900028228,0.8097849488258362,0.8044190406799316
72,school,schoolity,0.1270092102429857,0.6938005685806274,0.692109227180481,0.717766523361206,0.2174362540245056,0.8519896864891052,0.9353296756744384
72,school,schoolive,0.1270092102429857,0.7536345720291138,0.6457253098487854,0.6094224452972412,0.2658391892910003,0.8856020569801331,0.9758843779563904
72,school,schoolize,0.1270092102429857,0.7544630169868469,0.651945173740387,0.638298511505127,0.2719825506210327,0.8794919848442078,0.9576478600502014
72,school,schoolics,0.1270092102429857,0.777164876461029,0.6419433951377869,0.6233761310577393,0.2068926393985748,0.8898702263832092,0.9481682777404784
72,school,schoolled,0.1323821648499655,0.7179802656173706,0.6518560647964478,0.5650574564933777,0.2258799523115158,0.8495893478393555,0.8938952088356018
72,school,schoollizing,0.1270092102429857,0.5098017454147339,0.601896345615387,0.7060805559158325,0.2457866817712783,0.6061668992042542,0.935045599937439
72,school,schoolization,0.130097956221895,0.6941442489624023,0.697614312171936,0.6143248677253723,0.247180089354515,0.882273256778717,0.8260379433631897
72,school,schoollizes,0.1270092102429857,0.555963397026062,0.5917176604270935,0.6829541921615601,0.1936284303665161,0.5823895931243896,0.9636640548706056
72,school,schools,0.4130323994536397,0.6965088248252869,0.6622589230537415,0.87565016746521,0.7369227409362793,0.8128394484519958,0.9686665534973145
72,school,schoollization,0.1270092102429857,0.7781858444213867,0.6039942502975464,0.7427758574485779,0.259759247303009,0.8916676044464111,0.938955783843994
72,school,schoolor,0.114525342105706,0.7986500263214111,0.701748251914978,0.551466166973114,0.3551862835884094,0.8836711645126343,0.9771705865859984
72,school,schoolly,0.0908060381331973,0.6688146591186523,0.7179019451141357,0.5679713487625122,0.2514360547065735,0.7724047899246216,0.9383041858673096
72,school,schoolal,0.1462940832124311,0.7620347738265991,0.7141978144645691,0.6437854766845703,0.1960971802473068,0.8414118885993958,0.9700219631195068
72,school,schoolic,0.1446178979870283,0.748676061630249,0.7076270580291748,0.6179456114768982,0.2516545951366424,0.8773888945579529,0.9469523429870604
72,school,schooler,0.1764281467250858,0.6414618492126465,0.7548211812973022,0.6291428804397583,0.6055419445037842,0.7932981252670288,0.8697060346603394
72,school,schooles,0.1174522538394681,0.7083824872970581,0.7456791400909424,0.8300210237503052,0.1425857096910476,0.8412383198738098,0.956155240535736
72,school,schooled,0.1910767124036388,0.6296076774597168,0.7227258682250977,0.6735027432441711,0.4765873551368713,0.8638785481452942,0.9235920906066896
72,school,schoolable,0.062241226302995,0.7340900301933289,0.6611472368240356,0.6368643641471863,0.2228223979473114,0.8665761351585388,0.951865017414093
72,school,schooleers,0.083051719935874,0.8000499606132507,0.6352280378341675,0.6126331686973572,0.1521623432636261,0.8727298378944397,0.9801717400550842
72,school,schoolized,0.1032675153800696,0.764631986618042,0.6817187070846558,0.5962921380996704,0.2648454010486603,0.8812931776046753,0.958397090435028
72,school,schoolment,0.1270092102429857,0.7823283672332764,0.6481723189353943,0.6691716313362122,0.2170106619596481,0.8962069153785706,0.9638700485229492
72,school,schoollize,0.130097956221895,0.541265070438385,0.6036638021469116,0.6496137380599976,0.2274921089410781,0.5600223541259766,0.9690189361572266
72,school,schoollies,0.083051719935874,0.7734856605529785,0.5944187641143799,0.6511872410774231,0.2749060690402984,0.878725528717041,0.9662300944328308
72,school,schoolling,0.110367263803099,0.7317163944244385,0.7001632452011108,0.6878383159637451,0.2916547656059265,0.8553909063339233,0.946856677532196
72,school,schoollers,0.1270092102429857,0.789881706237793,0.6404425501823425,0.6451581716537476,0.2535385489463806,0.8833563923835754,0.961751103401184
72,school,schoolness,0.1094518231467234,0.6981145143508911,0.6948170065879822,0.7580031156539917,0.2720993161201477,0.8241346478462219,0.9013502597808838
72,school,schoolability,0.1270092102429857,0.7256484031677246,0.6221239566802979,0.596856951713562,0.2040454000234604,0.8680293560028076,0.9049063920974731
73,drum,dral,0.0571698583553849,0.5562166571617126,0.3185921311378479,0.2618220448493957,0.1155432909727096,0.5562165379524231,0.8784711360931396
73,drum,drals,0.1138155103034968,0.4501280784606933,0.3733131289482116,0.2915821075439453,0.1156295537948608,0.4501279592514038,0.8573110103607178
73,drum,drums,0.5465266491566864,0.6118825674057007,0.6640961170196533,0.8672466278076172,0.7297421097755432,0.6118825078010559,0.8278148770332336
73,drum,drumness,0.2092144262128047,0.6087298393249512,0.8005192279815674,0.8466604351997375,0.0830664634704589,0.6087297201156616,0.9034714698791504
73,drum,drumming,0.4603773587553205,0.8067687749862671,0.633817195892334,0.7802917957305908,0.6782021522521973,0.8067686557769775,0.9006766080856323
73,drum,drally,0.1821208710892206,0.5805021524429321,0.3174335360527038,0.2352336049079895,0.0420339964330196,0.5805020332336426,0.8684804439544678
73,drum,drumic,0.1746070068994684,0.6290916204452515,0.819830060005188,0.7560850381851196,0.0973905026912689,0.6290916204452515,0.9111096262931824
73,drum,drumly,0.2692598032873302,0.6348037719726562,0.7995909452438354,0.7354488968849182,0.2183178216218948,0.6348035931587219,0.8699659705162048
73,drum,drumal,0.2526143379977377,0.5984524488449097,0.80131995677948,0.7986218929290771,0.174076110124588,0.5984523296356201,0.898691713809967
73,drum,drumed,0.3187236790555495,0.6592053771018982,0.8212355971336365,0.8045092225074768,0.2762444019317627,0.6592053174972534,0.8441388607025146
73,drum,drumer,0.2459232879143626,0.6227470636367798,0.8212740421295166,0.7575868964195251,0.4570531845092773,0.6227470636367798,0.8872489929199219
73,drum,drumes,0.1686277307688287,0.5367891192436218,0.830737292766571,0.850427508354187,0.2527815103530884,0.5367890000343323,0.8910877108573914
73,drum,drumliness,0.2526143379977377,0.5410930514335632,0.7796005010604858,0.7351162433624268,0.1847464740276336,0.5410929918289185,0.8901236653327942
73,drum,drumers,0.2386077938250708,0.6120678782463074,0.8287686705589294,0.778160572052002,0.1955579221248626,0.6120678186416626,0.9087527990341188
73,drum,drumize,0.2136106724486031,0.6980665922164917,0.79039067029953,0.8256115317344666,0.0604299418628215,0.6980664730072021,0.9232091903686525
73,drum,druming,0.264154781461835,0.6009986400604248,0.832206130027771,0.8456217646598816,0.198758989572525,0.6009985208511353,0.8555381298065186
73,drum,drummal,0.0292044442959075,0.5665591955184937,0.7560820579528809,0.7363898754119873,0.1910250931978225,0.5665590167045593,0.8754433393478394
73,drum,drummor,0.3034538146428097,0.5163555145263672,0.7229251265525818,0.7681119441986084,-0.0115691311657428,0.5163553953170776,0.8908878564834595
73,drum,drummed,0.2691829449526679,0.6950814723968506,0.7633740305900574,0.8368217945098877,0.3934348821640014,0.6950814723968506,0.8894464373588562
73,drum,drummable,0.3034538146428097,0.7080836892127991,0.7532941699028015,0.8076500296592712,0.0917946621775627,0.7080836296081543,0.932586908340454
73,drum,drummings,0.2257196895618998,0.5487933158874512,0.5661669969558716,0.7468879222869873,0.227685660123825,0.5487931966781616,0.8993209004402161
75,famous,famousal,0.2246286626527588,0.7800935506820679,0.7287038564682007,0.7549349665641785,0.0733021274209022,0.7292137145996094,0.9732073545455932
75,famous,famoused,0.1783671956317784,0.7301895022392273,0.7383622527122498,0.8065433502197266,0.1938488334417343,0.6964407563209534,0.9563435912132264
75,famous,famouses,0.1485695584582,0.6518876552581787,0.7581878900527954,0.7930265665054321,0.2211037278175354,0.7356447577476501,0.9282968640327454
75,famous,famouser,0.2489259931183953,0.7050268650054932,0.7506552934646606,0.7302578687667847,0.2381021231412887,0.7307351231575012,0.9169659614562988
75,famous,famousity,0.1918276162471497,0.6782124638557434,0.7261335849761963,0.7715252637863159,0.1115669161081314,0.6749014258384705,0.9473786950111388
75,famous,famousing,0.2246286626527588,0.6549323797225952,0.7558424472808838,0.7657197713851929,0.1712227910757064,0.7866803407669067,0.938824474811554
75,famous,famousness,0.2209977025595096,0.6676135063171387,0.7235040068626404,0.8408421277999878,0.420602023601532,0.7621126174926758,0.9101274013519288
75,black,blackeds,0.1421305144027095,0.6486265659332275,0.6784262657165527,0.6351386904716492,0.123769924044609,0.557735025882721,0.9243413805961608
75,black,blackers,0.1197470422570199,0.7414252758026123,0.7335226535797119,0.6157326698303223,0.1680261939764022,0.7654197216033936,0.9385235905647278
75,black,blackion,0.1455869964483957,0.7301539182662964,0.6989684700965881,0.6557974815368652,0.1445869654417038,0.5505660176277161,0.9683027267456056
75,black,blackity,0.1609776272644688,0.7399794459342957,0.6954591870307922,0.6832749843597412,0.1282489597797393,0.812829315662384,0.9458437561988832
75,black,blackism,0.1338990223960543,0.5011146068572998,0.685224711894989,0.6041027307510376,0.1625626385211944,0.8204340934753418,0.870409369468689
75,black,blackize,0.0975832378054851,0.7903715372085571,0.6603941917419434,0.5458798408508301,0.1920542567968368,0.6928775906562805,0.9535173177719116
75,black,blackker,0.0975832378054851,0.7654101252555847,0.7016283869743347,0.5765282511711121,0.051478911191225,0.7624245882034302,0.9567684531211852
75,black,blackability,0.1183888195397933,0.803849995136261,0.6145957112312317,0.6047894954681396,0.081469140946865,0.8077715039253235,0.9712454676628112
75,black,blacks,0.283003967840525,0.7903704643249512,0.5023215413093567,0.7416151165962219,0.6085543632507324,0.8246963620185852,0.973029613494873
75,black,blackable,0.0975832378054851,0.8269495368003845,0.6778920888900757,0.7103636264801025,0.1555444747209549,0.6686602830886841,0.9576393961906432
75,black,blackally,0.0975832378054851,0.8257100582122803,0.6371467113494873,0.7291571497917175,0.1554051041603088,0.8192568421363831,0.9348841309547424
75,black,blackisms,0.1283323411052132,0.743792712688446,0.6035059690475464,0.5634429454803467,0.0918609127402305,0.7868148684501648,0.9370716214179992
75,black,blackking,0.1121088924177471,0.8420004844665527,0.6716476082801819,0.6160327196121216,0.2014639377593994,0.770275890827179,0.978316366672516
75,black,blackness,0.2772748517692387,0.8123517036437988,0.422137439250946,0.7969751358032227,0.5223732590675354,0.6057534217834473,0.9705740213394164
75,black,blackic,0.0747675560685717,0.7871620655059814,0.7406099438667297,0.6812941431999207,0.2195160090923309,0.6552168130874634,0.9000744223594666
75,black,blackes,0.1402267401667359,0.6625254154205322,0.7589337229728699,0.7197850942611694,0.169339969754219,0.7143686413764954,0.8985167145729065
75,black,blacker,0.176732817092842,0.7250837087631226,0.7819849252700806,0.6992695331573486,0.5293537974357605,0.7047167420387268,0.8638597130775452
75,black,blacked,0.170203091319686,0.766424298286438,0.7472838759422302,0.6888531446456909,0.3449435234069824,0.6064773797988892,0.9479000568389891
75,black,blackal,0.1345244184625752,0.764365017414093,0.757209300994873,0.7130062580108643,0.248981311917305,0.664254903793335,0.9517199397087096
75,black,blackor,0.1085250614711276,0.7516787648200989,0.7346200942993164,0.6632860898971558,0.2339363992214203,0.664306640625,0.9677338600158693
75,black,blackkizer,0.1455869964483957,0.5196795463562012,0.6261904239654541,0.6203019618988037,0.1631507724523544,0.3915972709655761,0.9052407145500184
75,leaders,leaderliness,0.1763985011806373,0.6523542404174805,0.6313133835792542,0.7386779189109802,0.132303386926651,0.6999415755271912,0.8969213366508484
75,leaders,leadering,0.170330864501083,0.6923587322235107,0.6138089895248413,0.7896833419799805,0.2031130790710449,0.670019805431366,0.9246477484703064
75,leaders,leaderism,0.2215516920041406,0.5978809595108032,0.630546510219574,0.7591673135757446,0.165538802742958,0.6426929831504822,0.8474105596542358
75,leaders,leaderize,0.2295956179725733,0.6654790639877319,0.6339820027351379,0.7503345608711243,0.1124445796012878,0.7328646183013916,0.9508358240127563
75,leaders,leaderror,0.1763985011806373,0.7526167631149292,0.5989775657653809,0.6452674865722656,0.1660554707050323,0.7408276796340942,0.9493595361709596
75,leaders,leaderred,0.1763985011806373,0.7162549495697021,0.6361312866210938,0.7406349778175354,0.209038957953453,0.725655198097229,0.9625601172447203
75,leaders,leaderized,0.1763985011806373,0.7075400352478027,0.6332154273986816,0.7378427386283875,0.1283653229475021,0.7340626120567322,0.961384654045105
75,leaders,leaderability,0.1763985011806373,0.6642420291900635,0.6492012143135071,0.7427584528923035,0.1473433971405029,0.7375632524490356,0.901543140411377
75,leaders,leaderation,0.1535828194437239,0.6882739067077637,0.635251522064209,0.7967628836631775,0.2229373157024383,0.6861220002174377,0.9650986790657043
75,leaders,leaderly,0.2290651030292547,0.673150360584259,0.6001486778259277,0.7030125856399536,0.1416084617376327,0.7215454578399658,0.8967319130897522
75,leaders,leaderor,0.2241446288688058,0.6697689890861511,0.6266639232635498,0.745457649230957,0.1654340028762817,0.7210312485694885,0.9625100493431092
75,leaders,leadered,0.1508238179078249,0.7293006777763367,0.607295036315918,0.6971702575683594,0.1912367194890976,0.7071040868759155,0.9512968063354492
75,leaders,leaderes,0.2295956179725733,0.7144712805747986,0.640666127204895,0.9166812896728516,0.2174807041883468,0.8050565123558044,0.9284654259681702
75,leaders,leaderer,0.0240461247930471,0.7015786170959473,0.5942221879959106,0.763681173324585,0.2109310179948806,0.7117456793785095,0.9255249500274658
75,leaders,leaderal,0.2241446288688058,0.7470439672470093,0.6334198117256165,0.7515876293182373,0.148686796426773,0.7310173511505127,0.953900933265686
75,leaders,leader,0.4014884065319648,0.8619875311851501,0.7285363674163818,0.8551054000854492,0.6565590500831604,0.8288506865501404,0.984786868095398
76,financial,financialed,0.1448651760996051,0.7181149125099182,0.7768861055374146,0.8382095098495483,0.171798899769783,0.7105211019515991,0.9154678583145142
76,financial,financiales,0.0952523071817982,0.719727635383606,0.7665852308273315,0.8900306820869446,0.2142295688390731,0.8016369342803955,0.8614553213119507
76,financial,financialal,0.1819540294186729,0.8038026690483093,0.7558819055557251,0.8507598638534546,0.2742075622081756,0.8161135911941528,0.9415273666381836
76,financial,financialor,0.1781659542039909,0.7391337752342224,0.7456811666488647,0.7529499530792236,0.2004928141832351,0.7358168363571167,0.9461511969566344
76,financial,financialization,0.2337086829427858,0.6777008175849915,0.7502951622009277,0.7766400575637817,0.3053844571113586,0.7485236525535583,0.8638775944709778
76,financial,financials,0.2951612644905105,0.7343430519104004,0.7830216884613037,0.9128721356391908,0.5189873576164246,0.8002536296844482,0.8709201216697693
76,financial,financialals,0.209479363720708,0.8218101859092712,0.7526881694793701,0.8253403902053833,0.3071743547916412,0.7647373676300049,0.9632224440574646
76,financial,financiality,0.1420688275936698,0.7175438404083252,0.7575192451477051,0.8239813446998596,0.2356317341327667,0.795219361782074,0.8399351239204407
76,financial,financialism,0.1861494845423533,0.6512250900268555,0.7670060396194458,0.755295991897583,0.2399531751871109,0.7732184529304504,0.8462746739387512
76,financial,financialize,0.1816436979131714,0.7664985656738281,0.7188553810119629,0.839640200138092,0.1955211907625198,0.6735232472419739,0.9493751525878906
76,financial,financialally,0.1686068709625213,0.7796411514282227,0.7318888902664185,0.8325977921485901,0.2672474384307861,0.748511552810669,0.9532006978988647
76,financial,financializes,0.1230269194090784,0.8003668785095215,0.7370730638504028,0.8314245343208313,0.1326394826173782,0.7340134978294373,0.9352344274520874
76,financial,financialized,0.20428542460285,0.7262833714485168,0.7619004249572754,0.8071808218955994,0.3440094292163849,0.793045163154602,0.9605331420898438
76,financial,financializations,0.1686068709625213,0.8150426745414734,0.7387418746948242,0.7239665389060974,0.2014088630676269,0.7567681670188904,0.8678367733955383
76,financial,financializers,0.1686068709625213,0.619447648525238,0.6736245155334473,0.74657142162323,0.1740503758192062,0.6368625164031982,0.7996727228164673
76,financial,financializing,0.1868756608292269,0.7537944912910461,0.759951114654541,0.8080768585205078,0.2076625972986221,0.7758151888847351,0.8837876319885254
76,engines,engined,0.3308994677543405,0.6425749063491821,0.6417745351791382,0.7936896681785583,0.5503157377243042,0.8139340281486511,0.9107801914215088
76,engines,enginer,0.1050308103358976,0.6824302673339844,0.6682641506195068,0.7143146991729736,0.4182976186275482,0.7196525931358337,0.8398405313491821
76,engines,engineeer,0.0775026738717618,0.6965111494064331,0.6936383247375488,0.6838927268981934,0.1936743706464767,0.7613816857337952,0.900073766708374
76,engines,engineing,0.2372838802573922,0.7097811698913574,0.6780730485916138,0.8243576288223267,0.2207647413015365,0.7378809452056885,0.9042694568634032
76,engines,enginizer,0.2651396565233848,0.4871400892734527,0.5227196216583252,0.4514992833137512,0.2032645046710968,0.4893587529659271,0.9083114862442015
76,engines,engineation,0.2157945724873995,0.7074205875396729,0.6895988583564758,0.7664818167686462,0.1884422600269317,0.7201575636863708,0.9311144351959229
76,engines,engineed,0.157594643081017,0.6808737516403198,0.673330545425415,0.6807352900505066,0.1083309575915336,0.7549836039543152,0.9048932194709778
76,engines,enginees,0.2226279876804043,0.7000159025192261,0.6974062323570251,0.8778204917907715,0.1208046004176139,0.7422147989273071,0.9025806188583374
76,engines,engineor,0.1642345311944082,0.7483401894569397,0.6811046600341797,0.6925488710403442,0.2361108809709549,0.7502475380897522,0.9316243529319764
76,engines,enginion,0.2020592987505459,0.4763126969337463,0.465026706457138,0.4026153981685638,0.2150666266679763,0.5684057474136353,0.8921865820884705
76,engines,engining,0.2490779096983222,0.450766921043396,0.5094952583312988,0.4307999312877655,0.2212218791246414,0.6319860219955444,0.885520875453949
76,engines,enginize,0.2157945724873995,0.3965782523155212,0.4686554074287414,0.3815971612930298,0.2114017009735107,0.4522942006587982,0.8442002534866333
76,engines,enginers,0.1812381671878934,0.7083098888397217,0.7210484743118286,0.7581584453582764,0.2589158415794372,0.7336362600326538,0.8926591873168945
76,engines,engine,0.5100880927887973,0.8713352680206299,0.822217583656311,0.9134562015533448,0.8367176651954651,0.9395073652267456,0.9644389152526855
76,engines,engineeers,0.0919490391526509,0.7788600325584412,0.7497934699058533,0.7383723258972168,0.1832693368196487,0.7700383067131042,0.9410642981529236
76,engines,enginivity,0.2157945724873995,0.4852676689624786,0.5156378149986267,0.3349089622497558,0.1790748834609985,0.6114537715911865,0.8982837796211243
77,find,finds,0.104155303364467,0.8501977324485779,0.759669840335846,0.8683032989501953,0.550994873046875,0.8023107647895813,0.9629607796669006
77,find,findability,0.0397351102696005,0.6769931316375732,0.6834971904754639,0.4221475422382355,0.1496413350105285,0.6121861934661865,0.9228501319885254
77,find,findeer,0.0721874142875514,0.7614006996154785,0.6869056224822998,0.5872385501861572,0.1229981184005737,0.693537175655365,0.9735469222068788
77,find,findeds,0.0667462566561659,0.6234824061393738,0.6308259963989258,0.6795760989189148,0.1013951301574707,0.5374555587768555,0.9023158550262452
77,find,findder,0.0724821180574714,0.7429467439651489,0.7234015464782715,0.5750739574432373,0.1714161187410354,0.6825788021087646,0.9629926681518556
77,find,findive,0.0667462566561659,0.7942817211151123,0.6974862813949585,0.5390305519104004,0.1514869928359985,0.6743759512901306,0.9622133374214172
77,find,findity,0.0667462566561659,0.7233747243881226,0.7322760820388794,0.578550398349762,0.1241012141108512,0.6558327078819275,0.9292263984680176
77,find,findion,0.0377310577940547,0.7980153560638428,0.7307705879211426,0.7053335905075073,0.1417279839515686,0.5498531460762024,0.9659469127655028
77,find,findors,0.0683694635988716,0.8140910863876343,0.7164626717567444,0.5707842111587524,0.1569478660821914,0.571965217590332,0.9654673933982848
77,find,findibility,0.0251392424357575,0.8179585933685303,0.6300880908966064,0.5338901281356812,0.1586247980594635,0.8325904011726379,0.913801610469818
77,find,findal,0.0229489944288167,0.699440598487854,0.7408307790756226,0.6602671146392822,0.2149241119623184,0.550830066204071,0.9479511976242064
77,find,finded,0.0624165140306537,0.7929213047027588,0.7395694851875305,0.6508973836898804,0.320097416639328,0.7759995460510254,0.9318926334381104
77,find,findes,-0.0247927963064793,0.6881245374679565,0.7402732372283936,0.7322276830673218,0.2487350404262542,0.6139501333236694,0.9184295535087584
77,find,findic,0.0267957374339741,0.7200717926025391,0.7217671871185303,0.6007156372070312,0.1578393280506134,0.5878057479858398,0.8750432729721069
77,find,findly,-0.0033216070308987,0.7172728776931763,0.731683611869812,0.6085315942764282,0.1489703357219696,0.5464221239089966,0.9382584691047668
77,find,findor,0.0998877574608834,0.763109028339386,0.7244623899459839,0.6176978349685669,0.2000337988138198,0.7481691837310791,0.9554775953292848
77,find,findable,0.0725190448513975,0.716026782989502,0.7109227180480957,0.6522754430770874,0.3733844757080078,0.748585045337677,0.9570896029472352
77,find,findably,0.0667462566561659,0.8121905326843262,0.6373691558837891,0.4722132086753845,0.123893603682518,0.6847679615020752,0.9645187258720398
77,find,findance,0.0430045617932497,0.7371319532394409,0.7033299207687378,0.4697917699813843,0.1908966898918151,0.6841802597045898,0.9583552479743958
77,find,findally,0.0689408425727241,0.831716775894165,0.687726616859436,0.7129011154174805,0.1956657022237777,0.61051344871521,0.9335450530052184
77,find,findeers,0.0683694635988716,0.779443621635437,0.6873117089271545,0.5526289939880371,0.1062859296798706,0.6320977807044983,0.9694910645484924
77,find,findding,0.0617277942230754,0.8108633160591125,0.6987488865852356,0.6761000156402588,0.178018644452095,0.6905823945999146,0.9754312038421632
77,find,findders,0.0667462566561659,0.8132873773574829,0.6915162801742554,0.5943152904510498,0.151318222284317,0.5948703289031982,0.9770370721817015
77,find,findness,0.0251392424357575,0.7454802393913269,0.7308424711227417,0.6286051273345947,0.2277947813272476,0.5223658084869385,0.928038775920868
77,find,findables,0.0448238122079727,0.5434733629226685,0.6560750603675842,0.577183723449707,0.1045887842774391,0.5535578727722168,0.901029109954834
77,find,findabilities,0.0667462566561659,0.4781333208084106,0.5560635328292847,0.6688117384910583,0.0601718612015247,0.517678439617157,0.865587592124939
77,find,finddings,0.0683694635988716,0.6100325584411621,0.6361562013626099,0.6634576320648193,0.1259372979402542,0.5745046138763428,0.9268069863319396
77,find,findableness,0.0667462566561659,0.6064132452011108,0.6282317042350769,0.3827378153800964,0.1054204031825065,0.50163733959198,0.9112669229507446
77,part,partically,0.1103470951022836,0.6885547041893005,0.5707558393478394,0.6984562277793884,0.2777702510356903,0.719832181930542,0.9015631079673768
77,part,partor,0.0787869673214124,0.5613022446632385,0.7124864459037781,0.7287216186523438,0.171857476234436,0.6925235390663147,0.9215574264526368
77,part,partes,0.100907997706891,0.7481186389923096,0.7573009133338928,0.8148256540298462,0.1294877827167511,0.5207432508468628,0.9307700395584106
77,part,parter,0.1271369571474978,0.6273635029792786,0.7639381289482117,0.7287659645080566,0.2554488480091095,0.8082906603813171,0.935415506362915
77,part,parted,0.1694372774169761,0.4684722125530243,0.2892803251743316,0.3465213179588318,0.1271204501390457,0.3822606801986694,0.927007257938385
77,part,partal,0.0598394243962257,0.628615140914917,0.735613226890564,0.7527670860290527,0.2411131113767624,0.7749481201171875,0.949335515499115
77,part,partability,0.0729793971604128,0.589130163192749,0.6166674494743347,0.5938366055488586,0.1610568165779113,0.734113872051239,0.8781103491783142
77,part,partable,0.0547812055422742,0.7209905385971069,0.6667055487632751,0.6763982772827148,0.1803339123725891,0.7894022464752197,0.9404097199440002
77,part,partally,0.1372904788717372,0.7058457136154175,0.6197009086608887,0.7648758292198181,0.1501026153564453,0.6255109906196594,0.9344279170036316
77,part,partance,0.0802372077650622,0.7113968133926392,0.6433016657829285,0.6152663230895996,0.2098420858383178,0.794635534286499,0.9455601572990416
77,part,partence,0.0501637154234994,0.7324283123016357,0.6127548217773438,0.7188961505889893,0.1243859753012657,0.6771652102470398,0.9512655735015868
77,part,partical,0.058176534126961,0.8308561444282532,0.6352831721305847,0.6953300833702087,0.1161591857671737,0.6058070063591003,0.957231342792511
77,part,partible,0.0864308359266559,0.7850608825683594,0.6099196672439575,0.6999897360801697,0.1537118554115295,0.6255274415016174,0.9481912851333618
77,part,partizer,0.0729793971604128,0.7353748083114624,0.6345367431640625,0.6711403727531433,0.2146221846342086,0.7511386871337891,0.9471575021743774
77,part,partions,0.0876239991203917,0.6816418170928955,0.6374725103378296,0.6806180477142334,0.080776110291481,0.6581465005874634,0.8364637494087219
77,part,partment,0.1108161934423221,0.7166855335235596,0.6795132160186768,0.6674830913543701,0.0623849220573902,0.8094791769981384,0.945704996585846
77,part,partness,0.1074012703808281,0.6799081563949585,0.7177892923355103,0.7153528928756714,0.1386626213788986,0.7611111402511597,0.9003099203109741
77,part,partters,0.0729793971604128,0.7206187844276428,0.6614876985549927,0.6904518604278564,0.1733492016792297,0.7680581212043762,0.94504714012146
77,part,partting,0.0927863903077074,0.6523838043212891,0.6837178468704224,0.7448745965957642,0.1506709456443786,0.6880378127098083,0.9489617347717284
77,part,partibilities,0.1165280851706235,0.3751109838485718,0.4688832461833954,0.6146638989448547,0.1473923623561859,0.4213765561580658,0.85038161277771
77,part,partibility,0.1245395114733082,0.8558368682861328,0.5475125312805176,0.5722225308418274,0.1944566816091537,0.5950854420661926,0.9708869457244872
77,part,particality,0.0628753921845947,0.5701708197593689,0.5408229231834412,0.5936135053634644,0.1726085543632507,0.4400954246520996,0.8796910643577576
77,part,partism,0.1093100280717575,0.5900789499282837,0.6991375684738159,0.6128622889518738,0.145621970295906,0.6529757976531982,0.8665425777435303
77,part,partity,0.0735152410584993,0.6823246479034424,0.7180289626121521,0.6981271505355835,0.1876326948404312,0.663457453250885,0.903700590133667
77,part,partion,-0.0173285837575142,0.6076745390892029,0.6994276642799377,0.7252150774002075,0.175576314330101,0.706537127494812,0.9016974568367004
77,part,partize,0.0729793971604128,0.6353720426559448,0.6538455486297607,0.6104615926742554,0.2024164944887161,0.6190080642700195,0.9415504336357116
77,part,partive,0.0729793971604128,0.6083106994628906,0.6626276969909668,0.6811321973800659,0.208918496966362,0.6965705752372742,0.932300329208374
77,part,parttor,0.0729793971604128,0.642659068107605,0.6786761283874512,0.6835013628005981,0.265474796295166,0.5850600600242615,0.9420108795166016
77,part,partors,0.1165280851706235,0.6683851480484009,0.6632636785507202,0.6504455804824829,0.1318071782588958,0.7054412961006165,0.9327868223190308
77,part,parteds,0.125752613260644,0.3847032785415649,0.3698179125785827,0.325409322977066,0.070679597556591,0.3545565605163574,0.8514779806137085
77,part,parters,0.0941477622930213,0.5877678990364075,0.7263455390930176,0.7037548422813416,0.1738652735948562,0.7995224595069885,0.9324939250946044
77,part,partals,-0.0050279339378563,0.6487417817115784,0.6471704244613647,0.7078161835670471,0.1727931201457977,0.6138375401496887,0.946962833404541
77,part,partances,0.1165280851706235,0.7508120536804199,0.5903211236000061,0.6122406721115112,0.1737861633300781,0.8091298937797546,0.9428650140762328
77,part,partation,0.0943489465942668,0.6876695156097412,0.6845570802688599,0.7497864961624146,0.1568692624568939,0.6007400155067444,0.9507095217704772
77,part,partative,0.0729793971604128,0.6362910866737366,0.5750024318695068,0.635222315788269,0.101667046546936,0.6274227499961853,0.9033811688423156
77,part,partences,0.0729793971604128,0.4147826433181762,0.6080699563026428,0.6990799903869629,0.0885685235261917,0.490286111831665,0.8811498880386353
77,part,partization,0.1165280851706235,0.6594196557998657,0.6789340972900391,0.6316429972648621,0.2011084258556366,0.6620548367500305,0.9324253797531128
77,part,partibles,0.0214193558674214,0.5163252353668213,0.6100201606750488,0.651111364364624,0.1642597466707229,0.4548006653785705,0.8597636818885803
77,part,particals,0.0737372629671396,0.5978715419769287,0.6204459071159363,0.6176537275314331,0.0545768178999424,0.44469153881073,0.8559198379516602
77,part,partities,0.0971919175989095,0.7617011070251465,0.6379926204681396,0.6555426120758057,0.1148971244692802,0.5843555331230164,0.9409357309341432
77,part,partatives,0.1165280851706235,0.4463717341423034,0.5831326246261597,0.5865657329559326,0.0618897415697574,0.4618442356586456,0.880570650100708
77,part,partations,0.0339757316112782,0.6708375215530396,0.6173559427261353,0.7218573689460754,0.093887411057949,0.7136012315750122,0.9407635927200316
77,part,partments,0.0301639822139296,0.7782769203186035,0.6343005895614624,0.5853050947189331,0.0375279523432254,0.7716298699378967,0.9573039412498474
77,part,parttable,0.0491950286047819,0.6635527610778809,0.5933287143707275,0.5634828209877014,0.1587720960378646,0.6856667399406433,0.9323585033416748
77,time,timeables,0.0683449976707572,0.5397641658782959,0.6458313465118408,0.6560382843017578,0.2989344894886017,0.741890549659729,0.8922872543334961
77,time,timeation,0.0683449976707572,0.7280595302581787,0.6722883582115173,0.6482956409454346,0.3394190073013305,0.7123753428459167,0.9580655694007874
77,time,timables,0.0431388132731605,0.5096668004989624,0.2549237012863159,0.3868549466133117,0.0409783162176609,0.4911872148513794,0.9187803268432616
77,time,timation,0.0705637041153638,0.5634598731994629,0.1668129414319992,0.3917152285575866,0.1552592068910598,0.4212404787540436,0.9630723595619202
77,time,timeable,0.0216112843308189,0.7734742760658264,0.6672518849372864,0.7095198631286621,0.3526645302772522,0.8495504856109619,0.9547821879386902
77,time,timeally,0.026675626690516,0.8295457363128662,0.6169871091842651,0.7172256708145142,0.3633610606193542,0.7648040056228638,0.9676010608673096
77,time,timeings,0.0692944506838878,0.8623030185699463,0.6217078566551208,0.6427230834960938,0.2013396918773651,0.7456748485565186,0.9811176061630248
77,time,timeness,0.0667706217275603,0.7638694047927856,0.7109659910202026,0.6872566342353821,0.2378184050321579,0.7717424631118774,0.8872411251068115
77,time,timization,0.0431388132731605,0.5683176517486572,0.1602457165718078,0.325429618358612,0.0511979721486568,0.3724369406700134,0.9626470804214478
77,time,timizing,0.0576175042249234,0.603992223739624,0.1680733263492584,0.3249521255493164,0.0950308516621589,0.3903203010559082,0.9673152565956116
77,time,timal,-0.0157132770023984,0.4371729493141174,0.2565255165100097,0.2847605943679809,0.2094245553016662,0.5145851969718933,0.956783890724182
77,time,timic,0.0651450135413085,0.2724509239196777,0.1818368434906005,0.3237015604972839,0.1140796467661857,0.4130303561687469,0.82707679271698
77,time,timed,0.1022630335817913,0.7304161787033081,0.3066194653511047,0.7065463066101074,0.3086847066879272,0.5797901749610901,0.9418565034866332
77,time,timor,0.0196890891223757,0.3680509328842163,0.1399628669023513,0.1758846044540405,0.0666566416621208,0.3095455169677734,0.9495095014572144
77,time,timeal,0.0754559171570641,0.7807599306106567,0.739009439945221,0.7139894366264343,0.3309791386127472,0.7659159302711487,0.9742578268051147
77,time,timals,0.026675626690516,0.5525961518287659,0.201104462146759,0.2986767292022705,0.1818090677261352,0.4056565761566162,0.9503753185272216
77,time,timeor,0.0604651844552749,0.7921701669692993,0.7079160809516907,0.5739867687225342,0.4154414534568786,0.7249414324760437,0.9792978167533876
77,time,timeic,0.0683449976707572,0.7471083402633667,0.6879914402961731,0.5946111679077148,0.2929472327232361,0.8021345734596252,0.947457492351532
77,time,timeed,0.0514009249199933,0.8093234300613403,0.7483055591583252,0.7138699293136597,0.4040887057781219,0.8852844834327698,0.9749476909637452
77,time,timeer,0.0662717282490318,0.6981121897697449,0.7744637727737427,0.5970687866210938,0.3737496435642242,0.8705924153327942,0.9583007097244264
77,time,timees,0.0560759885472314,0.679884672164917,0.7384535670280457,0.7750449776649475,0.2932279407978058,0.6854392290115356,0.948867678642273
77,time,timeds,0.0763558815289502,0.4478229880332947,0.3840221166610718,0.6555564999580383,0.243475541472435,0.5565741658210754,0.7720997929573059
77,time,timize,0.0712362413010151,0.5721514821052551,0.1770268082618713,0.319779634475708,0.0814119428396225,0.3801047205924988,0.928318440914154
77,time,timity,0.0146923046847284,0.6062792539596558,0.1972996294498443,0.3882668614387512,0.1205096170306205,0.4012861549854278,0.9681974053382874
77,time,timion,0.047669825979299,0.5750948786735535,0.2157841026782989,0.2922002673149109,0.1278230994939804,0.3916452825069427,0.94325190782547
77,time,timors,0.0457048100489275,0.436425507068634,0.2574891149997711,0.1690468788146972,0.1945397555828094,0.4426758885383606,0.8011517524719238
77,time,timally,0.0683449976707572,0.6452553868293762,0.1541362106800079,0.3571302890777588,0.1682538539171219,0.4253023564815521,0.9729852676391602
77,time,timable,0.0341091659592472,0.6311460137367249,0.1572611927986145,0.4134061932563782,0.0613518431782722,0.4590024054050445,0.9530552625656128
77,time,timeing,0.0733460669009966,0.6964402198791504,0.7733931541442871,0.6987515091896057,0.2640078961849212,0.8604004383087158,0.9558661580085754
77,time,timeive,0.0683449976707572,0.7066858410835266,0.6379328370094299,0.6379287242889404,0.2601271271705627,0.7516838908195496,0.969236433506012
77,time,timeers,0.0712362413010151,0.7289595603942871,0.7236250042915344,0.6341457366943359,0.3815753757953644,0.8353095650672913,0.9554084539413452
77,time,timizes,0.0712362413010151,0.6390038728713989,0.0848798900842666,0.3293248414993286,0.0317493490874767,0.3663839697837829,0.9615712761878968
77,time,timizer,0.0683449976707572,0.5502981543540955,0.1902152448892593,0.323731005191803,0.0667158216238021,0.41051185131073,0.9420816898345948
77,time,timized,0.0263471630949868,0.6391019821166992,0.1669547259807586,0.3352791666984558,0.056972187012434,0.4101235270500183,0.970775067806244
77,time,timations,0.065057309074691,0.580802321434021,0.1078430563211441,0.391584575176239,0.1200774908065795,0.3247057199478149,0.953995645046234
77,time,timeability,0.044603302807841,0.6388625502586365,0.6089047193527222,0.606253981590271,0.3214950263500213,0.7973385453224182,0.8622970581054688
77,job,jobs,0.3661389127610807,0.7691254615783691,0.6407116651535034,0.8073869347572327,0.6668798923492432,0.8171913623809814,0.956924557685852
77,job,jobabilities,0.1484765497206043,0.4170491695404053,0.5601034164428711,0.6784083843231201,0.2400408834218979,0.5927305817604065,0.8774479031562805
77,job,jobly,0.1043647693388631,0.7008708715438843,0.7521583437919617,0.6115541458129883,0.1720073819160461,0.8519880771636963,0.9023428559303284
77,job,jobor,0.070826258288419,0.6568211317062378,0.7449567914009094,0.6071324348449707,0.0816202536225318,0.8661484718322754,0.955107808113098
77,job,jobal,0.0388311960715654,0.6522468328475952,0.7584230899810791,0.6397318840026855,0.2905391752719879,0.8455237746238708,0.9530366659164428
77,job,jobed,0.1408502877453197,0.7193261981010437,0.7692588567733765,0.7483628988265991,0.0242286324501037,0.8440985083580017,0.953977644443512
77,job,jobes,0.0967266334427476,0.5336290001869202,0.7654218673706055,0.7663203477859497,0.1621863543987274,0.8011942505836487,0.9302068948745728
77,job,jober,0.0808037861456779,0.5720775127410889,0.7842261791229248,0.6430495977401733,0.134889006614685,0.8387753367424011,0.9359394907951356
77,job,jobic,0.0345416147480362,0.667029619216919,0.7377594709396362,0.5861140489578247,0.2214374244213104,0.8658702969551086,0.9529600143432616
77,job,jobiality,0.1002941607804574,0.4223679006099701,0.6186071634292603,0.5917319059371948,0.1723435074090957,0.6608592867851257,0.8441745042800903
77,job,jobable,0.1374647053720162,0.7099590301513672,0.7223562598228455,0.6254352331161499,0.2485794126987457,0.8345814347267151,0.9491923451423644
77,job,jobence,0.1449514647828391,0.672588586807251,0.6738417744636536,0.7093755006790161,0.081330731511116,0.863228976726532,0.9521142244338988
77,job,jobisms,0.1212097699199229,0.7748950123786926,0.678564190864563,0.6048515439033508,0.2060833424329757,0.8884842991828918,0.9685879945755004
77,job,jobings,0.1449514647828391,0.74382084608078,0.7302509546279907,0.6630298495292664,0.2394039183855056,0.8978846073150635,0.9663304686546326
77,job,jobness,0.0877253056821875,0.6522765159606934,0.7475425004959106,0.6993741393089294,0.1487504988908767,0.8389843106269836,0.928051233291626
77,job,jobability,0.1553651630759058,0.5239473581314087,0.7010459303855896,0.5369559526443481,0.2669308483600616,0.7295741438865662,0.9222524762153624
77,job,jobers,-0.0112206983030028,0.5999215841293335,0.7771539688110352,0.6173403263092041,0.1070976853370666,0.8032954931259155,0.9372644424438475
77,job,jobbal,0.077478479043544,0.7903391718864441,0.7102288007736206,0.6885718703269958,0.2169500291347503,0.8859335780143738,0.9708968997001648
77,job,jobbed,0.1529285894845699,0.7127769589424133,0.7079252004623413,0.5781419277191162,0.3002687692642212,0.901397168636322,0.9562639594078064
77,job,jobals,0.1002941607804574,0.6785827875137329,0.7084414958953857,0.6269718408584595,0.2178552746772766,0.8759396076202393,0.9587298035621644
77,job,jobing,0.2952037467065201,0.710746169090271,0.7872873544692993,0.7469120621681213,0.3134278059005737,0.8162320852279663,0.955827295780182
77,job,jobism,0.1312218943774218,0.4859105944633484,0.754071831703186,0.587674617767334,0.2252087742090225,0.7734149694442749,0.8186638355255127
77,job,jobive,0.1449514647828391,0.6091252565383911,0.7004121541976929,0.6344618797302246,0.1068296805024147,0.873231828212738,0.9542446732521056
77,job,jobity,0.0785675345963607,0.6525387763977051,0.7423650026321411,0.6710444688796997,0.2202341556549072,0.8141025900840759,0.9506752490997314
77,job,jobial,0.1002941607804574,0.7160369157791138,0.7141181826591492,0.6065515279769897,0.147282063961029,0.8916187882423401,0.9622038006782532
77,job,jobics,0.151083442448108,0.6832167506217957,0.7005329132080078,0.5100353956222534,0.1915303021669387,0.8867524862289429,0.960035502910614
77,job,jobation,0.085193959847932,0.6625282764434814,0.7300251722335815,0.6923856735229492,0.3110701143741607,0.8419528603553772,0.9577096104621888
77,job,jobbable,0.1449514647828391,0.4870193004608154,0.6427812576293945,0.623574435710907,0.0578852221369743,0.6735768914222717,0.9373979568481444
78,formal,formalations,0.2021379115906435,0.6920477747917175,0.7457879781723022,0.8797866106033325,0.1751513183116912,0.7268341779708862,0.8996130228042603
78,formal,formalation,0.1733935520345655,0.6663434505462646,0.7591346502304077,0.8941637277603149,0.1843827366828918,0.772537112236023,0.9533764123916626
78,formal,formallized,0.2013158479722236,0.8511707782745361,0.7373139262199402,0.7693685293197632,0.1400181651115417,0.7898539304733276,0.959074854850769
78,formal,formalive,0.2021379115906435,0.727587878704071,0.7585735321044922,0.9113492369651794,0.1184537336230278,0.8152886033058167,0.939095377922058
78,formal,formalling,0.2249535933275569,0.8067695498466492,0.7500492930412292,0.8824043273925781,0.1614582240581512,0.6085532903671265,0.9745213389396667
78,formal,formallize,0.2021379115906435,0.5489143133163452,0.6600995063781738,0.8246879577636719,0.1293315589427948,0.6778374910354614,0.9500714540481568
78,formal,formalment,0.1733935520345655,0.7813457250595093,0.7384634613990784,0.9094321727752686,0.1869228929281234,0.6913021802902222,0.9611931443214417
78,formal,formalness,0.1984322978010639,0.728829562664032,0.7758737206459045,0.9200499057769777,0.183778628706932,0.7654650211334229,0.8859032392501831
78,formal,formals,0.38321964669532,0.7296029925346375,0.801399827003479,0.9448441863059998,0.4601900577545166,0.6343907713890076,0.8723777532577515
78,formal,formaled,0.1859499277784223,0.7506113052368164,0.7897285223007202,0.8934543132781982,0.1064135953783989,0.8439972996711731,0.9570131897926332
78,formal,formales,0.2877328382911133,0.5795055031776428,0.7772730588912964,0.9288105368614196,0.1300344169139862,0.7521201372146606,0.8747729659080505
78,formal,formaler,0.2992209500669345,0.8008856773376465,0.7787593603134155,0.8482494354248047,0.200505793094635,0.7720019221305847,0.9413248300552368
78,formal,formalic,0.2021379115906435,0.7602490186691284,0.7581474781036377,0.8595625162124634,0.1773389875888824,0.8204470276832581,0.916027843952179
78,formal,formally,0.3687494987380051,0.7949886322021484,0.6399778127670288,0.795006513595581,0.5301352739334106,0.7184681296348572,0.966719388961792
78,formal,formalor,0.2746704117529466,0.796791136264801,0.7489031553268433,0.8202319741249084,0.1412404179573059,0.7025498151779175,0.9671334624290466
78,fallacy,fallacys,0.3929807353779076,0.7107435464859009,0.939424216747284,0.9349750280380248,0.2328330278396606,0.8783060312271118,0.894545316696167
78,fallacy,fallacied,0.3802066250014529,0.4043422937393188,0.7027764916419983,0.4577520191669464,0.282736212015152,0.6060235500335693,0.9529550671577454
78,fallacy,fallacies,0.5294549385066595,0.6910337209701538,0.7777782678604126,0.7754940390586853,0.76106196641922,0.8738147616386414,0.9593713283538818
79,grasslands,grasslander,0.3840935817262805,0.6488007307052612,0.7327215671539307,0.7759642601013184,0.2595218420028686,0.6488005518913269,0.9323146939277648
79,grasslands,grasslanders,0.4860766514618905,0.6403986215591431,0.7709833383560181,0.8483089804649353,0.2595978081226349,0.6403985619544983,0.9309123158454896
79,grasslands,grasslanding,0.4081161896741939,0.7261675596237183,0.736040472984314,0.8939177393913269,0.2320310622453689,0.7261673212051392,0.9190828800201416
79,grasslands,grassland,0.6327299515589444,0.862639307975769,0.8061304092407227,0.9663927555084229,0.8596931099891663,0.8626387715339661,0.8900745511054993
80,printer,printering,0.2602088923558138,0.7371874451637268,0.8607122898101807,0.8943455815315247,0.1977912038564682,0.8340392708778381,0.9140924215316772
80,printer,printerror,0.0958810725161415,0.823392391204834,0.825839638710022,0.7067465782165527,0.139992281794548,0.7901169657707214,0.9553403258323668
80,printer,printerrors,0.0786540323312847,0.6237547397613525,0.7829352617263794,0.6545379757881165,0.1147933676838874,0.7336451411247253,0.8678117394447327
80,printer,printeres,0.2311279220841702,0.7012165784835815,0.8576820492744446,0.8877685070037842,0.1407779604196548,0.7925203442573547,0.9008209109306335
80,printer,printerer,0.1819195942351204,0.7561105489730835,0.8546385765075684,0.8837662935256958,0.233323648571968,0.843409538269043,0.9285393357276917
80,printer,printered,0.1586360794125182,0.7921269536018372,0.8555881977081299,0.8145653009414673,0.2072738409042358,0.7399153113365173,0.948674499988556
80,printer,printerly,0.2225111067268921,0.7503933310508728,0.8467319011688232,0.7604414224624634,0.1641851514577865,0.8100847005844116,0.9223475456237792
80,printer,printers,0.5108189906486111,0.9118062257766724,0.8489348888397217,0.943816602230072,0.8416121602058411,0.8165975213050842,0.9836440086364746
80,offline,offlinings,0.2230933638644649,0.5944193601608276,0.7160706520080566,0.3218149244785309,0.2397055476903915,0.6490582823753357,0.8260797262191772
80,offline,offlined,0.2859009701605036,0.7715035080909729,0.7571201920509338,0.554259181022644,0.4052099883556366,0.7195422053337097,0.971583604812622
80,offline,offlines,0.2451971219260396,0.8614102602005005,0.860333263874054,0.860210120677948,0.2815415859222412,0.8215988278388977,0.9824542999267578
80,offline,offlineness,0.2377936095986466,0.7672925591468811,0.8766274452209473,0.8389674425125122,0.140402689576149,0.8288027048110962,0.955487847328186
80,offline,offlining,0.3090269234720557,0.7120392322540283,0.692121148109436,0.3675490021705627,0.2686264514923095,0.7197375297546387,0.9743652939796448
80,offline,offlineds,0.2230933638644649,0.6398965120315552,0.7557474374771118,0.4820732474327087,0.2448454052209854,0.6721807718276978,0.8212471008300781
81,ibm,ibms,0.3374881390881836,0.7467393279075623,0.821030855178833,0.9619141817092896,0.1868602782487869,0.7991041541099548,0.918431043624878
81,ibm,ibming,0.1782463027318299,0.6942653656005859,0.826285719871521,0.8582844734191895,0.2045858949422836,0.7122195959091187,0.8882768154144287
81,ibm,ibmism,0.2749158338051324,0.6794213652610779,0.8285791873931885,0.8328505158424377,0.0730868056416511,0.6788652539253235,0.8974931240081787
81,ibm,ibmness,0.2982998640890595,0.7799027562141418,0.8244048953056335,0.8456710577011108,0.0403031632304191,0.7619743943214417,0.9632859230041504
81,quote,quoteability,0.1542636794145361,0.6542319655418396,0.8079463839530945,0.6065237522125244,0.244421973824501,0.6552485227584839,0.850806713104248
81,quote,quotization,0.1542636794145361,0.3422380089759826,0.4721933007240295,0.1064487397670745,0.0580503568053245,0.3984502553939819,0.8283607363700867
81,quote,quoteations,0.2224137009159434,0.716924786567688,0.8038198947906494,0.6592208743095398,0.2636738717556,0.792130172252655,0.9492971301078796
81,quote,quotatives,0.1228548185597086,0.4677573442459106,0.4640496075153351,0.6240909099578857,0.1304171830415725,0.487051784992218,0.8460346460342407
81,quote,quotative,0.1225275446518685,0.589982271194458,0.4587867558002472,0.6810588836669922,0.2214324921369552,0.680637776851654,0.9174479246139526
81,quote,quotor,0.1542636794145361,0.4568852186203003,0.4315655827522278,0.2147234380245208,0.1192188113927841,0.5977934002876282,0.9254398345947266
81,quote,quoter,0.2253785055565179,0.7129679322242737,0.8229883313179016,0.6858264207839966,0.5513145923614502,0.6509963274002075,0.91647207736969
81,quote,quotes,0.3893400300328664,0.7614798545837402,0.7184842824935913,0.8080582618713379,0.7391980290412903,0.8620794415473938,0.9561961889266968
81,quote,quoted,0.243761273869108,0.7382066249847412,0.648414134979248,0.7587663531303406,0.6093963384628296,0.7935634255409241,0.9590930342674256
81,quote,quotal,0.177369732970061,0.579152524471283,0.4235230684280395,0.5227625966072083,0.0850462466478347,0.5540896058082581,0.9454056024551392
81,quote,quotize,0.1542636794145361,0.4338293671607971,0.4377920031547546,0.1923121809959411,0.0377192609012126,0.4739830195903778,0.926220953464508
81,quote,quotity,0.1542636794145361,0.3605396747589111,0.4497907161712646,0.2373768240213394,0.0801639258861541,0.4130456447601318,0.9172126054763794
81,quote,quoting,0.2791562391270807,0.7887108325958252,0.7050989866256714,0.6921724081039429,0.6700489521026611,0.8244130611419678,0.9576205015182496
81,quote,quotion,0.1367935490777218,0.5198777914047241,0.4523776769638061,0.3386143445968628,0.0393850170075893,0.603759765625,0.9062067270278932
81,quote,quotics,0.1542636794145361,0.4539192914962768,0.4512211680412292,0.1924677789211273,0.0128036765381693,0.5324447751045227,0.8789241909980774
81,quote,quotals,0.1314479976776228,0.5372251272201538,0.4900976419448852,0.5123637914657593,0.1227165162563324,0.5041595697402954,0.9024118185043336
81,quote,quoters,0.271166740100014,0.6107988953590393,0.8267571926116943,0.6329405307769775,0.4620372354984283,0.6117932200431824,0.8635807037353516
81,quote,quotely,0.0692887830207319,0.7791870832443237,0.8311154246330261,0.6773310899734497,0.2801181375980377,0.8151791095733643,0.8837485313415527
81,quote,quoteor,0.1376843517227153,0.7581120729446411,0.8088653087615967,0.5638377070426941,0.2255612164735794,0.7622089385986328,0.9475141167640686
81,quote,quoteed,0.1474587348469483,0.7825525403022766,0.827609121799469,0.7107149362564087,0.1565394252538681,0.7882090210914612,0.912309229373932
81,quote,quoteds,0.2471451795676096,0.6798263788223267,0.5814108848571777,0.6744768619537354,0.1158711686730384,0.6680944561958313,0.8742228150367737
81,quote,quotees,0.2692585828896812,0.6679832935333252,0.8305248618125916,0.7671163082122803,0.1597508490085601,0.6591627597808838,0.9109629988670348
81,quote,quoteal,0.2125133408658901,0.7797677516937256,0.8066039681434631,0.7671244144439697,0.2974542677402496,0.7621204853057861,0.8982464075088501
81,quote,quoteable,0.1854996047768925,0.7707698345184326,0.824984073638916,0.6293625831604004,0.5216400623321533,0.7743140459060669,0.9212799668312072
81,quote,quoteness,0.1027036381215448,0.6953397989273071,0.8207393884658813,0.6742729544639587,0.2786219120025635,0.7785472869873047,0.8487361669540405
81,quote,quoticals,0.1314479976776228,0.412298321723938,0.451674222946167,0.1333706825971603,-0.052758265286684,0.4993931353092193,0.8665173053741455
81,quote,quotition,0.2146000354841001,0.3930069804191589,0.4695034027099609,0.2498608827590942,0.0667017549276351,0.4654278755187988,0.8692431449890137
81,quote,quoteing,0.1626382591255984,0.7356183528900146,0.8345107436180115,0.676983118057251,0.2147319763898849,0.7352546453475952,0.8921238780021667
81,quote,quotings,0.0845558613920733,0.6910874843597412,0.6141974925994873,0.621644139289856,0.1271746456623077,0.647028923034668,0.8852167725563049
81,quote,quotions,0.2011114278329772,0.5100475549697876,0.4854228496551513,0.2326655983924865,0.0170587189495563,0.6035165786743164,0.8604706525802612
81,quote,quotives,0.1152600138654015,0.4358632862567901,0.4480814933776855,0.2600447535514831,0.0258180517703294,0.4880085289478302,0.8356319069862366
81,quote,quotible,0.1542636794145361,0.376138687133789,0.4631681442260742,0.2512568235397339,0.0596588738262653,0.4368682503700256,0.928749978542328
81,quote,quotized,0.2011114278329772,0.5732560157775879,0.4821698069572449,0.1347018480300903,0.0259893927723169,0.6394448280334473,0.9419224262237548
81,quote,quoteables,0.0721840304396565,0.5270142555236816,0.761245608329773,0.5704442262649536,0.2665373384952545,0.4991642534732818,0.8794932961463928
81,quote,quoteation,0.2258668716220983,0.7752962708473206,0.8207285404205322,0.757659912109375,0.2775109708309173,0.7744147181510925,0.9030497670173644
81,quote,quotitions,0.2269730194828898,0.3997806012630462,0.4969108402729034,0.1687694787979126,0.0448625870048999,0.4555671811103821,0.8511601686477661
82,itunes,itune,0.395023634937099,0.5310550928115845,0.3084707260131836,0.2640734612941742,0.8513774275779724,0.3792943656444549,0.8942961692810059
82,itunes,ituned,0.2973058762414243,0.4537976384162903,0.3071635365486145,0.2071194946765899,0.1910214871168136,0.3892353773117065,0.9311634302139282
82,itunes,ituning,0.2884686903424426,0.4732368588447571,0.4078165888786316,0.1776451766490936,0.1637070327997207,0.3521462976932525,0.9099121689796448
82,error,errorizing,0.1564154748694922,0.7999868988990784,0.8189078569412231,0.6677836179733276,0.2013077139854431,0.7730887532234192,0.9565736055374146
82,error,erroror,0.1796088626918051,0.8234218955039978,0.7936168909072876,0.5804179906845093,0.3339473903179168,0.7910308837890625,0.9705995917320251
82,error,erroric,0.1564154748694922,0.8064504861831665,0.8197656869888306,0.6510483622550964,0.3360598683357239,0.7286691665649414,0.9006209373474121
82,error,errorer,0.2033505575547213,0.7971026301383972,0.8194206953048706,0.6398690938949585,0.3470774590969085,0.7521247863769531,0.8943467736244202
82,error,errores,0.1449709731907641,0.7523139715194702,0.8254436254501343,0.8697062730789185,0.4344964623451233,0.7679563760757446,0.8939330577850342
82,error,errored,0.2665429402411612,0.8312583565711975,0.8279179334640503,0.7904303073883057,0.5380846858024597,0.8047084808349609,0.9269742369651794
82,error,erroral,0.1564154748694922,0.7734462022781372,0.821367621421814,0.6594089269638062,0.3285509049892425,0.7046735882759094,0.9576643109321594
82,error,errors,0.3675131943553605,0.8524195551872253,0.7823213338851929,0.878199577331543,0.7936115860939026,0.8980447053909302,0.93785160779953
82,error,errorred,0.2110102988746847,0.7752701044082642,0.8015807867050171,0.7548644542694092,0.3366965055465698,0.7749671339988708,0.9520418047904968
82,error,errorors,0.1796088626918051,0.8265151977539062,0.8068957328796387,0.444709300994873,0.2241799980401992,0.7639177441596985,0.9580846428871156
82,error,errorize,0.1564154748694922,0.7317646741867065,0.8122482299804688,0.5864969491958618,0.2017452865839004,0.7475789189338684,0.9426466822624208
82,error,errorism,0.102619486790588,0.6917917728424072,0.834994375705719,0.4517039060592651,0.3414855599403381,0.7572635412216187,0.7862194180488586
82,error,errority,0.1564154748694922,0.8178489804267883,0.8307465314865112,0.5935132503509521,0.2879175245761871,0.7929635643959045,0.9062007069587708
82,error,erroring,0.2478451934685177,0.7845287322998047,0.833647608757019,0.8798012733459473,0.6185213327407837,0.7762609720230103,0.9335803389549256
82,error,errorable,0.1335997931325788,0.764137864112854,0.8150086402893066,0.7075680494308472,0.4176742434501648,0.7417840957641602,0.9467628598213196
82,error,errorizer,0.1564154748694922,0.7472038269042969,0.8007452487945557,0.4504484534263611,0.2239332199096679,0.7545614242553711,0.94505375623703
82,error,errorisms,0.1564154748694922,0.7885655164718628,0.8007853627204895,0.5054064989089966,0.2774255275726318,0.8018694519996643,0.9394859075546264
82,error,errorness,-0.0403343862599863,0.7930511236190796,0.8120864629745483,0.6642273664474487,0.345648318529129,0.7723416686058044,0.9437060952186584
82,error,errorring,0.1796088626918051,0.8301832675933838,0.7967419028282166,0.6127067804336548,0.3041343986988067,0.7616914510726929,0.9512678980827332
83,jetstar,jetstars,0.6067394619081379,0.8815782070159912,0.9374687671661376,0.91996169090271,0.5236366987228394,0.9288668036460876,0.914921224117279
83,airlines,airline,0.6203746874906554,0.7867213487625122,0.7010819911956787,0.955263614654541,0.8332638144493103,0.8557028770446777,0.9781848192214966
83,airlines,airlining,0.2459682750642437,0.4417186677455902,0.472952663898468,0.3574874997138977,0.2790662944316864,0.6192783117294312,0.9620572924613952
83,airlines,airlineal,0.2489309864717971,0.7248503565788269,0.5648049116134644,0.8842548727989197,0.236436441540718,0.7395974397659302,0.9198223352432252
83,airlines,airlineed,0.2758792731873564,0.7111073136329651,0.5844701528549194,0.7986859083175659,0.2250900268554687,0.6931878328323364,0.872901439666748
83,airlines,airlineds,0.2996209680502726,0.6892375946044922,0.6250371336936951,0.8714778423309326,0.2754174172878265,0.8225800395011902,0.8817648887634277
83,airlines,airlinees,0.2590342726062965,0.6074707508087158,0.5934330821037292,0.9395219087600708,0.3001002967357635,0.7713633179664612,0.7453134655952454
83,airlines,airlineer,0.2489309864717971,0.6336644887924194,0.5878147482872009,0.8783246278762817,0.2300766706466674,0.8090141415596008,0.8178139925003052
83,airlines,airlined,0.2313805741804377,0.6921888589859009,0.5475066304206848,0.8455814123153687,0.2572260797023773,0.7448544502258301,0.8826139569282532
83,hong,honging,0.1994241195179308,0.7345098257064819,0.8343974351882935,0.8878194093704224,0.244902029633522,0.8678264021873474,0.9659523963928224
83,hong,honglied,0.1916458478578227,0.570270299911499,0.7011462450027466,0.8417154550552368,0.2988577783107757,0.7451290488243103,0.9206284880638124
83,hong,hongs,0.2174301614675622,0.7838058471679688,0.8289481401443481,0.908932089805603,0.5614550113677979,0.8611233830451965,0.9212425351142884
83,hong,hongly,0.2078604899170289,0.8246095180511475,0.8057732582092285,0.8824036717414856,0.333588570356369,0.8103896379470825,0.9528735280036926
83,kong,kongs,0.284305196084568,0.7066656351089478,0.8485198616981506,0.8670728802680969,0.7135270833969116,0.7024132609367371,0.9083950519561768
83,kong,kongness,0.1890933747163233,0.6432154178619385,0.8358272314071655,0.7836836576461792,0.1630909293889999,0.75669926404953,0.899590015411377
83,kong,kongism,0.1967680499264084,0.5700976252555847,0.8383501768112183,0.6783702373504639,0.1840505748987198,0.7114458680152893,0.8052801489830017
83,kong,konging,0.2144427861552618,0.7404190897941589,0.8512828350067139,0.6567533016204834,0.1765262335538864,0.7475618124008179,0.971453070640564
84,key,keic,0.1121363799990455,0.2597161531448364,0.3298090398311615,0.3118863403797149,-0.0021804356947541,0.5394380688667297,0.8513256907463074
84,key,keys,0.3137681037757522,0.6291451454162598,0.5832513570785522,0.8330493569374084,0.611758291721344,0.7415551543235779,0.9097379446029664
84,key,keily,0.0539070130257,0.23770771920681,0.274030327796936,0.2820060849189758,0.0996861159801483,0.3972313702106476,0.8357240557670593
84,key,keior,0.142162656041477,0.2851846814155578,0.3060232400894165,0.2519881129264831,0.0544585734605789,0.3767184913158417,0.8512580394744873
84,key,keics,0.0976141258025239,0.2223374098539352,0.3103304505348205,0.2723126709461212,0.0211656372994184,0.4074627459049225,0.8232643008232117
84,key,keies,0.1159302620231636,0.1786162555217743,0.2856767177581787,0.2190502882003784,0.1253558248281479,0.3661051988601684,0.7721280455589294
84,key,keier,0.0544310006783527,0.2631279826164245,0.2979127168655395,0.239736795425415,0.1362396329641342,0.3939034640789032,0.8431335091590881
84,key,keyal,0.1009878865378007,0.5768265724182129,0.7653200030326843,0.6604166626930237,0.0807588919997215,0.6570380926132202,0.900505542755127
84,key,keyed,0.2253556331747039,0.4176640212535858,0.762839674949646,0.7646585702896118,0.3958711624145508,0.7386899590492249,0.8564475178718567
84,key,keyes,0.1200050739402423,0.396539956331253,0.771279513835907,0.7161072492599487,0.2190119326114654,0.6350399851799011,0.8472777605056763
84,key,keyer,0.240180550708385,0.4218437671661377,0.7815039157867432,0.6720507144927979,0.2077021151781082,0.7265310883522034,0.8558644652366638
84,key,keyic,0.1389415468782778,0.6853107213973999,0.7442479133605957,0.6160377264022827,0.1310133934020996,0.6799513101577759,0.945414423942566
84,key,keyly,0.1265252629051306,0.399488091468811,0.7598693370819092,0.6803839802742004,0.1511862576007843,0.6875532865524292,0.8159053325653076
84,key,keyor,0.1544913574816572,0.4680752754211426,0.7529574632644653,0.6603492498397827,0.0203032419085502,0.6823397874832153,0.8572415113449097
84,key,keyability,0.1204298075394373,0.4173559546470642,0.6717818975448608,0.4432605504989624,0.1611782163381576,0.6997507810592651,0.8486853837966919
84,key,keilies,0.0976141258025239,0.1577782332897186,0.2940515577793121,0.2375324964523315,0.1023062244057655,0.369240403175354,0.812070369720459
84,key,keiness,0.0034188108920335,0.2150223851203918,0.2555877566337585,0.2313691973686218,0.013565463013947,0.4293180704116821,0.8405467867851257
84,key,keyable,0.1067934183586479,0.4156616926193237,0.7252295017242432,0.6341710090637207,0.2964609563350677,0.7568036913871765,0.8535890579223633
84,key,keyance,0.1204298075394373,0.3627291619777679,0.6860406398773193,0.5799497365951538,0.1373311579227447,0.5462836027145386,0.8367634415626526
84,key,keyence,0.0751024095526744,0.4326571822166443,0.6908868551254272,0.6474511027336121,0.0675062388181686,0.6585767269134521,0.8535250425338745
84,key,keyions,0.1659043509043932,0.7274789810180664,0.6764194965362549,0.652501106262207,0.1147009581327438,0.6301341652870178,0.9526612758636476
84,key,keyized,0.1659043509043932,0.735037088394165,0.7276911735534668,0.5879127383232117,0.0626723989844322,0.7267541885375977,0.9301146268844604
84,key,keyings,0.0937364344692692,0.6095563173294067,0.7015513181686401,0.6257438659667969,0.0359630994498729,0.586277961730957,0.8955456018447876
84,key,keyness,0.111924318420695,0.2574822008609772,0.2504698038101196,0.1556905508041381,0.1713701039552688,0.4344579577445984,0.770659863948822
84,key,keylies,0.0976141258025239,0.6690349578857422,0.6886627674102783,0.6117827296257019,0.1863640248775482,0.6956052780151367,0.9138131141662598
84,key,keilys,0.142162656041477,0.1953513622283935,0.3096922636032104,0.2210340946912765,0.0960916876792907,0.3937040567398071,0.8382354974746704
84,key,keyion,0.1204298075394373,0.3619512915611267,0.7285728454589844,0.6878580451011658,0.1343095004558563,0.6586241722106934,0.8459233641624451
84,key,keying,0.2347217176708361,0.4436553716659546,0.7899788618087769,0.6426631212234497,0.373563677072525,0.734174907207489,0.828863263130188
84,key,keyism,0.1591505392148622,0.3371708393096924,0.7498961687088013,0.4906849861145019,0.0652062371373176,0.6665476560592651,0.801774263381958
84,key,keyers,0.1627532644324403,0.5280425548553467,0.764108419418335,0.6582003235816956,0.2558558881282806,0.70787113904953,0.8859317898750305
84,key,keyables,0.0976141258025239,0.3368903696537018,0.679628849029541,0.5300083160400391,0.2373397946357727,0.5734718441963196,0.8637552261352539
84,key,keyality,0.1659043509043932,0.4624510407447815,0.6741085648536682,0.5456585884094238,0.0890561267733573,0.689696192741394,0.8649511337280273
84,key,keyative,0.1204298075394373,0.5254436731338501,0.6610044240951538,0.5399779081344604,0.224096730351448,0.6736427545547485,0.8702056407928467
84,man,mans,0.1794413596170647,0.6913356781005859,0.321505606174469,0.8410681486129761,0.5988215208053589,0.4182225465774536,0.9485732316970824
84,man,manal,0.089692721564783,0.5742705464363098,0.4038709998130798,0.2470022290945053,0.0923844650387764,0.5952135324478149,0.9574625492095948
84,man,maned,0.0830868422338604,0.5240046381950378,0.4040374159812927,0.228705883026123,0.2657601237297058,0.6745926141738892,0.9556796550750732
84,man,manibles,0.0558672327977968,0.5950310230255127,0.3041802644729614,0.2497473657131195,0.1340768486261367,0.4620281457901001,0.957282543182373
84,man,manities,0.0838675518484609,0.381087064743042,0.2947567403316498,0.2181302011013031,0.0316378474235534,0.5996508598327637,0.9252085089683532
84,man,maniving,0.1074272740907882,0.5389059782028198,0.2984723448753357,0.2001894414424896,0.1650542914867401,0.4122692942619324,0.905280828475952
84,man,manizers,0.1560796838181752,0.4671913683414459,0.3364215791225433,0.1822022795677185,0.0144292600452899,0.5579084157943726,0.9379000663757324
84,man,manizing,0.1600578876809838,0.5339372158050537,0.3143945932388305,0.226321280002594,-0.0179253853857517,0.580098032951355,0.9431981444358826
84,man,mannable,0.0790195238099406,0.6311427354812622,0.3223993182182312,0.2017900943756103,0.1014072522521019,0.6831191778182983,0.95005863904953
84,man,mannally,0.1117873921466876,0.5669854879379272,0.2939065396785736,0.2724375128746032,0.0761063396930694,0.6340485215187073,0.935941219329834
84,man,mannings,0.1186457541310928,0.5542287826538086,0.3887787163257599,0.2174344807863235,0.2122534960508346,0.6774386167526245,0.898359477519989
84,man,manability,0.1286323927277475,0.5928910970687866,0.2473377883434295,0.1921529769897461,-0.0323101170361042,0.5813583731651306,0.8798553347587585
84,man,manable,0.1254412780133584,0.5885607004165649,0.2905583381652832,0.2419756352901458,-0.01484558545053,0.6204800605773926,0.9558176398277284
84,man,manally,0.0643040024208552,0.4369138479232788,0.2820838689804077,0.2289920449256897,0.0557444542646408,0.4386180937290191,0.9003549218177795
84,man,manible,0.1246441919712069,0.5703948140144348,0.3084662556648254,0.2557187080383301,0.1530201882123947,0.5788142085075378,0.9559077620506288
84,man,manized,0.1074272740907882,0.6057151556015015,0.294785588979721,0.2575417160987854,-0.0132242115214467,0.5770844221115112,0.9506137371063232
84,man,manizer,0.0363780755947104,0.5226609706878662,0.3519924283027649,0.2330292761325836,0.0520334690809249,0.6040879487991333,0.949783444404602
84,man,manizes,0.1074272740907882,0.4433964192867279,0.3287740051746368,0.2193137407302856,-0.0233573671430349,0.614625096321106,0.9289129376411438
84,man,manisms,0.1523740875906637,0.3460555672645569,0.2630325555801391,0.1984511911869049,0.0290983244776725,0.550079882144928,0.9087103605270386
84,man,manings,0.0454980843836293,0.3911911845207214,0.4035334289073944,0.2375082671642303,0.0594657436013221,0.5867943167686462,0.911923050880432
84,man,manment,0.0456079268047402,0.6845208406448364,0.6436507701873779,0.3708201646804809,0.0408929921686649,0.7180514931678772,0.9446340203285216
84,man,manness,0.1078779424243327,0.6203204393386841,0.3692763447761535,0.2029332220554351,0.070266306400299,0.656892716884613,0.9522160291671752
84,man,mannals,0.0712006967027115,0.5574243664741516,0.3272156119346618,0.1702364683151245,0.086159810423851,0.6131865382194519,0.918635070323944
84,man,mannors,0.1188733371440225,0.6290700435638428,0.3284211158752441,0.2288560271263122,0.0847214013338089,0.6788759231567383,0.9408826231956482
84,man,manning,0.1873660457422071,0.7106010913848877,0.2892976403236389,0.226619467139244,0.202257439494133,0.5455363392829895,0.9489239454269408
84,man,manization,0.0846115923538748,0.3339719474315643,0.2783327102661133,0.1586561501026153,0.0414969436824321,0.5975028872489929,0.8541924357414246
84,man,manize,0.0558672327977968,0.4930571913719177,0.3632622361183166,0.2167625725269317,-0.0012251221342012,0.6200587153434753,0.9445292949676514
84,man,manity,0.1173254269445978,0.4672621488571167,0.3518643081188202,0.2610676288604736,0.3153080642223358,0.6711564660072327,0.9243852496147156
84,man,manive,0.0684236085416536,0.4904887080192566,0.3455397486686706,0.2378869950771331,0.1453274637460708,0.5127836465835571,0.946086049079895
84,man,manism,0.1176061012244388,0.4319292306900024,0.3189309537410736,0.208127349615097,0.0834616422653198,0.6175085306167603,0.9470348954200744
84,man,maning,0.1105748352143763,0.4978431761264801,0.3470266163349151,0.2318797707557678,0.2211740016937255,0.4570898115634918,0.9237456917762756
84,man,manial,0.0431674248257879,0.6019860506057739,0.3849196434020996,0.2605336010456085,0.0695114806294441,0.5863586068153381,0.9586197137832642
84,man,maneer,0.1176061012244388,0.4366594552993774,0.4252457022666931,0.2619386911392212,0.1248296126723289,0.6600437760353088,0.9018158912658693
84,man,manals,0.1301727856679116,0.5370737314224243,0.3371511697769165,0.2720816433429718,0.0188646521419286,0.5741827487945557,0.9475795030593872
84,man,mannor,0.1138381379323531,0.5676271915435791,0.4031729698181152,0.2482051849365234,0.1320426017045974,0.6654065251350403,0.9591336846351624
84,man,mannal,0.0375536419921313,0.4037406146526336,0.3816890716552734,0.1884657591581344,0.0649084597826004,0.6078122854232788,0.8758772015571594
84,insurance,insurancy,0.1952888796064448,0.4472807049751282,0.4587638974189758,0.3869184851646423,0.32259202003479,0.4710316658020019,0.8507344722747803
84,insurance,insurancys,0.1968339228154417,0.4345001578330993,0.4466432332992553,0.3794046640396118,0.2720299065113067,0.5022594928741455,0.8518387675285339
84,insurance,insurancer,0.2464172185873763,0.6670761704444885,0.7804699540138245,0.7372639179229736,0.3119961023330688,0.7616996765136719,0.8920736312866211
84,insurance,insurances,0.3513197902004542,0.6869282722473145,0.8011804819107056,0.904201865196228,0.8046280145645142,0.7439695596694946,0.9196029901504515
84,insurance,insuranced,0.2333325112903329,0.7433032989501953,0.7751024961471558,0.789787769317627,0.2841844856739044,0.761651873588562,0.93565434217453
84,insurance,insurancance,0.1808562458587349,0.4068973660469055,0.4500634968280792,0.4227949976921081,0.2947415113449096,0.4304521977901459,0.8556729555130005
84,insurance,insuranceers,0.1808562458587349,0.6239126920700073,0.8060927391052246,0.7540146708488464,0.2500289976596832,0.7505373358726501,0.9030079245567322
84,insurance,insuranceing,0.1951730821625046,0.7602810859680176,0.8072243928909302,0.8801144957542419,0.2673684954643249,0.8068550825119019,0.9009984135627748
84,insurance,insuranceion,0.1808562458587349,0.7210139036178589,0.7761954069137573,0.7881770133972168,0.2604507207870483,0.7166309356689453,0.9326810836791992
84,insurance,insurancances,0.1808562458587349,0.3435862958431244,0.4395215809345245,0.4273370802402496,0.2831570506095886,0.4271387755870819,0.8328720927238464
84,insurance,insuranceance,0.1808562458587349,0.7375468611717224,0.7578132152557373,0.7977802157402039,0.2240224182605743,0.7727620601654053,0.9338871240615844
84,insurance,insuranceness,0.1808562458587349,0.7612630724906921,0.7702277898788452,0.8113193511962891,0.2354318648576736,0.7948228120803833,0.916581392288208
84,insurance,insurancies,0.1867353056391238,0.4844271540641784,0.4440485537052154,0.330069899559021,0.2825607061386108,0.5390037298202515,0.8086749315261841
84,insurance,insurancing,0.2018883626203022,0.4388363063335418,0.4428358376026153,0.3461563289165497,0.2919414639472961,0.4982434213161468,0.8728742003440857
84,insurance,insuranceds,0.1852545017103229,0.7955132722854614,0.7984581589698792,0.8215035200119019,0.2721019387245178,0.8522086143493652,0.9368917346000672
84,insurance,insuranceed,0.1852545017103229,0.7360992431640625,0.788054347038269,0.7965685129165649,0.2841378152370453,0.7768208980560303,0.921436607837677
84,insurance,insuranceal,0.2302484562964571,0.7131503820419312,0.7705153226852417,0.7903248071670532,0.314702957868576,0.8085045218467712,0.92584228515625
84,insurance,insurancees,0.2103975070715139,0.665712833404541,0.7889457941055298,0.9004596471786499,0.2709543704986572,0.7469822764396667,0.8944058418273926
84,insurance,insurancely,0.1808562458587349,0.765925407409668,0.7682156562805176,0.7131259441375732,0.2186712026596069,0.8039125204086304,0.9338343739509584
84,insurance,insuranceor,0.2302102786417685,0.6676188111305237,0.7646753191947937,0.6938942670822144,0.2621412277221679,0.8129843473434448,0.9145300388336182
84,insurance,insurancers,0.1266494268294969,0.6702264547348022,0.8002999424934387,0.7526093125343323,0.2578338384628296,0.7791551351547241,0.8992676138877869
85,largest,largests,0.1142741315344094,0.7386243343353271,0.7628890872001648,0.8806553483009338,0.3195348680019378,0.8010501265525818,0.8500619530677795
85,species,speciesism,0.282304798735047,0.547369658946991,0.7484742999076843,0.7545748949050903,0.340262770652771,0.7146657705307007,0.8028839230537415
85,species,speciesization,0.2442944617464968,0.7113982439041138,0.7520103454589844,0.730439305305481,0.2505261600017547,0.6893934607505798,0.9182258248329164
85,species,speciesness,0.2745545468847776,0.6388881206512451,0.753506064414978,0.8161231875419617,0.2984514534473419,0.7285083532333374,0.8957294821739197
85,species,specieses,0.2607756683536978,0.636871337890625,0.7726587057113647,0.9173603057861328,0.2930247187614441,0.8793085217475891,0.8926404714584351
85,eel,eels,0.4194024426034393,0.8029969930648804,0.7147376537322998,0.8954319953918457,0.8029369115829468,0.8021957278251648,0.9323665499687196
85,eel,eeles,0.1812071994986433,0.6637822389602661,0.8722248673439026,0.927620530128479,0.090608574450016,0.8176302909851074,0.9712603688240052
85,eel,eeler,0.3728109689162806,0.6379862427711487,0.8732137680053711,0.7617447376251221,0.1394050270318985,0.7998809814453125,0.9348729252815248
85,eel,eeled,0.3609970061717673,0.7567839622497559,0.8666542768478394,0.8158146142959595,0.1279287189245224,0.7955812215805054,0.9641616940498352
85,eel,eelly,0.3051247469080422,0.7863027453422546,0.8559286594390869,0.7938012480735779,0.1393378973007202,0.8326230049133301,0.902616560459137
85,eel,eelatively,0.3897597759310036,0.5463173389434814,0.7993350028991699,0.7218294739723206,0.0622117966413497,0.5931238532066345,0.9578379988670348
85,eel,eelance,0.2844327283290291,0.7616504430770874,0.8405575156211853,0.747914731502533,0.0604327172040939,0.7313539981842041,0.9749205708503724
85,eel,eelence,0.3897597759310036,0.7880275845527649,0.8394454717636108,0.7700762748718262,0.0148578388616442,0.8066532611846924,0.9759759902954102
85,eel,eelings,0.3531951715864063,0.7867593765258789,0.8526498675346375,0.8496960401535034,0.0370963402092456,0.8111600279808044,0.978966474533081
85,eel,eelment,0.2938329276367076,0.7883038520812988,0.8357365131378174,0.6966754198074341,0.0717495381832122,0.8604139089584351,0.972165048122406
85,eel,eelling,0.2693374078754944,0.7654265761375427,0.8609055876731873,0.848015546798706,0.0222120061516761,0.8417252898216248,0.971619188785553
85,eel,eeller,0.3507561103818689,0.7752441167831421,0.8645470142364502,0.7292799949645996,0.079574130475521,0.8002968430519104,0.9742010235786438
85,eel,eelial,0.3897597759310036,0.8438960313796997,0.8546955585479736,0.8372174501419067,0.1188591942191124,0.8876580595970154,0.9858245849609376
85,eel,eeling,0.3568608101974054,0.7288141250610352,0.873175859451294,0.8255983591079712,0.4240438640117645,0.7814030051231384,0.8852002024650574
85,eel,eelion,0.3897597759310036,0.7540912628173828,0.862547755241394,0.789710521697998,0.0768156796693801,0.7756280303001404,0.9758490920066832
85,eel,eelers,0.3117524448327343,0.7038832902908325,0.8757556676864624,0.838699460029602,0.1060458794236183,0.7939430475234985,0.951687216758728
85,eel,eeleds,0.3897597759310036,0.6208127737045288,0.7789739370346069,0.8445943593978882,0.1653134375810623,0.7007942199707031,0.9479013085365297
85,eel,eeleer,0.3669440941940902,0.7407993078231812,0.8616011142730713,0.7682455778121948,0.1025781109929084,0.8848217725753784,0.970507562160492
85,eel,eelations,0.3507561103818689,0.7481868267059326,0.8533451557159424,0.7893614768981934,0.0680429562926292,0.8154821395874023,0.9787161350250244
85,eel,eelation,0.3897597759310036,0.7810092568397522,0.868563175201416,0.7767928838729858,0.0894042700529098,0.7473893165588379,0.9733979105949402
85,eel,eeliving,0.2844327283290291,0.8276852965354919,0.823144257068634,0.5919525623321533,-0.0037859238218516,0.8857070207595825,0.9806306958198548
85,eel,eellings,0.3897597759310036,0.6689077019691467,0.8514249920845032,0.8808678984642029,-0.0035859602503478,0.8300659656524658,0.8611509203910828
85,eel,eelments,0.3507561103818689,0.7934126853942871,0.8398714661598206,0.7559103965759277,0.0446784384548664,0.8757754564285278,0.9753031134605408
86,low,lows,0.2514338086191998,0.7070618867874146,0.8037168979644775,0.8387800455093384,0.4291098117828369,0.7585684657096863,0.8411919474601746
86,low,lowor,0.1786834098664081,0.4287968277931213,0.7217651605606079,0.7425657510757446,0.1368293166160583,0.757817268371582,0.9562973976135254
86,low,lowal,0.1662328269464611,0.754095196723938,0.7654070854187012,0.7702035903930664,0.0840257778763771,0.7235376238822937,0.963427186012268
86,low,lowed,0.1331843883649247,0.5618192553520203,0.3547728657722473,0.2982869744300842,0.2963120937347412,0.6053564548492432,0.9098001718521118
86,low,lowes,0.1769937914370236,0.4883847534656524,0.34776771068573,0.2684050798416137,0.167464017868042,0.414578229188919,0.9114505052566528
86,low,lowic,0.0905425962386624,0.7572118043899536,0.7493293881416321,0.7281256914138794,0.0798807516694068,0.7126664519309998,0.8321035504341125
86,low,lowalities,0.113689671593682,0.5052772760391235,0.568277895450592,0.6931759119033813,0.0233106222003698,0.6436356902122498,0.9414209127426147
86,low,lowanced,0.0746860060445474,0.6603457927703857,0.6647985577583313,0.683163046836853,0.1259558796882629,0.7312413454055786,0.983067750930786
86,low,lowances,0.1566179315927457,0.8306612968444824,0.6725184321403503,0.6203002333641052,0.0620796643197536,0.7948139309883118,0.9609410166740416
86,low,lowable,0.1455000728651942,0.8141663074493408,0.7261622548103333,0.7555179595947266,0.2084377855062484,0.819893479347229,0.9134557247161864
86,low,lowance,0.0112031417216349,0.7850792407989502,0.7067187428474426,0.6852920055389404,0.1463707536458969,0.723540723323822,0.9801555275917052
86,low,loweers,0.1588906551137566,0.4662182331085205,0.3611740171909332,0.2862658500671386,0.1513968855142593,0.3281274139881134,0.8385215401649475
86,low,lowence,0.113689671593682,0.6150974035263062,0.2993867397308349,0.2929238677024841,0.1709285080432891,0.4877412319183349,0.9321914911270142
86,low,lowings,0.0550068524933743,0.8032954335212708,0.7096005082130432,0.7419942617416382,0.1171700283885002,0.4480429887771606,0.9780673384666444
86,low,lowness,0.1620167234020416,0.7568861246109009,0.749620795249939,0.8025408387184143,0.3860703110694885,0.7674441933631897,0.923589527606964
86,low,lowwers,0.1588906551137566,0.6310380101203918,0.6636027097702026,0.6691752076148987,0.1402736157178878,0.5551374554634094,0.9505025744438172
86,low,lowwing,0.0908739898567687,0.5471168756484985,0.7145083546638489,0.6572443246841431,0.0452292338013649,0.6519625186920166,0.7592538595199585
86,low,lowability,0.1351489602508404,0.6647378206253052,0.6655578017234802,0.5644145011901855,0.1765899211168289,0.7490981817245483,0.9453763961791992
86,low,loweer,0.1617308360277804,0.4632856547832489,0.3699336349964142,0.2846525907516479,0.1574937254190445,0.3685623407363891,0.8434219360351562
86,low,loweds,0.113689671593682,0.5818179845809937,0.3517453372478485,0.2797668874263763,0.1169206649065017,0.54381263256073,0.932960331439972
86,low,lowwer,0.1517761337856515,0.826775312423706,0.699205756187439,0.7157131433486938,0.1624970436096191,0.6588507294654846,0.9821227192878724
86,low,lowwed,0.0083626239917075,0.8081520199775696,0.7090317010879517,0.6620488166809082,0.1368521004915237,0.7731801271438599,0.9662374258041382
86,low,lowism,0.113689671593682,0.6339543461799622,0.7271997928619385,0.6218991279602051,0.0574243851006031,0.713046669960022,0.908271074295044
86,low,lowing,0.1338022555737172,0.7127929925918579,0.7804569602012634,0.7939637899398804,0.3450188934803009,0.6564816236495972,0.9554916024208068
86,low,lowion,0.1588906551137566,0.7886415719985962,0.6966261863708496,0.8023316860198975,0.0635151341557502,0.6869896054267883,0.977641463279724
86,low,lowics,0.113689671593682,0.8216549158096313,0.7001200914382935,0.6101453304290771,0.052569780498743,0.6793906688690186,0.9191833734512328
86,monocytes,monocyte,0.7441334948209016,0.6110171675682068,0.6969571113586426,0.7350965738296509,0.7736073136329651,0.5908567905426025,0.8475114107131958
87,manila,manilaes,0.3588508282768511,0.7755003571510315,0.8260557651519775,0.8943933248519897,0.1781061738729477,0.7755001783370972,0.9093960523605348
87,manila,manilas,0.3723931987297589,0.8109334707260132,0.8355627655982971,0.909864902496338,0.3188129067420959,0.8109334707260132,0.8645869493484497
88,mexico,mexicanes,0.1611635523157541,0.5270180702209473,0.6073427200317383,0.6732362508773804,0.1016612350940704,0.7072951793670654,0.8646422028541565
88,mexico,mexicaner,0.178008552896814,0.3980453014373779,0.576663076877594,0.5621961951255798,0.1309836208820343,0.6138619184494019,0.7759793996810913
88,mexico,mexicaned,0.1320619012856066,0.3372670114040375,0.56733638048172,0.5389037132263184,0.0894922986626625,0.6431206464767456,0.875809371471405
88,mexico,mexicanal,0.1897157219718932,0.4187502264976501,0.5622839331626892,0.6338899731636047,0.1368908286094665,0.6699965000152588,0.9356796145439148
88,mexico,mexicanor,0.2017502477597302,0.4534560143947601,0.5718154311180115,0.5631370544433594,0.1916818618774414,0.7247084379196167,0.898892343044281
88,mexico,mexicanisms,0.1937346514908195,0.301948219537735,0.594027042388916,0.4692563712596893,0.1760921776294708,0.6669740676879883,0.7635222673416138
88,mexico,mexicanized,0.2194979579285354,0.3650583624839782,0.5789163112640381,0.5246089100837708,0.1221060454845428,0.6773500442504883,0.8746148943901062
88,mexico,mexicanizes,0.0599533617784758,0.4562404751777649,0.5776076316833496,0.6300276517868042,0.0838522538542747,0.706948459148407,0.930628538131714
88,mexico,mexicanness,0.2115906793941,0.3055603504180908,0.5599968433380127,0.5963987708091736,0.2135386317968368,0.600335955619812,0.7951914668083191
88,mexico,mexicanization,0.2294977644572606,0.4153139293193817,0.6059020757675171,0.5549291968345642,0.1473376154899597,0.6701540350914001,0.8300836682319641
88,mexico,mexicans,0.343817403604964,0.4106861054897308,0.583579957485199,0.6728787422180176,0.5745205879211426,0.6501452922821045,0.7957460880279541
88,mexico,mexicanicity,0.1480975547737013,0.3686050772666931,0.5442692041397095,0.5436875224113464,0.1988866478204727,0.5686728954315186,0.8156949877738953
88,mexico,mexicanizing,0.1923695197479422,0.4795554876327514,0.574266254901886,0.5415821075439453,0.1122769936919212,0.6357070207595825,0.919992446899414
88,mexico,mexicanity,0.0561365639687681,0.4397429525852203,0.5867965221405029,0.583279013633728,0.1653664708137512,0.6776593923568726,0.8238744735717773
88,mexico,mexicanism,0.1732563934441319,0.581849992275238,0.5815944671630859,0.5478678941726685,0.2069192826747894,0.693991482257843,0.7808535695075989
88,mexico,mexicanize,0.1274816981424847,0.5158873796463013,0.5808118581771851,0.5693166255950928,0.1094471737742424,0.6762514710426331,0.9173006415367126
88,mexico,mexican,0.3756291220692105,0.4217512607574463,0.6659839153289795,0.7567053437232971,0.6598142981529236,0.7822893261909485,0.9303634762763976
88,mexico,mexicos,0.2721143831932367,0.5006176233291626,0.790926992893219,0.8833364248275757,0.274857759475708,0.7346400022506714,0.8825464248657227
88,climate,climatizers,0.2039476693047659,0.4799283742904663,0.4156441688537597,0.1839748471975326,0.1991936564445495,0.4041277766227722,0.8996151685714722
88,climate,climatizing,0.2293789449228067,0.4959057569503784,0.4033606648445129,0.2846090495586395,0.2613091468811035,0.3973868787288666,0.8617104291915894
88,climate,climateers,0.2930376675569987,0.5976100564002991,0.8142661452293396,0.7349770665168762,0.2157543897628784,0.5546396374702454,0.904331922531128
88,climate,climatized,0.1585986041006973,0.4912675619125366,0.413107305765152,0.2556246519088745,0.3424776494503021,0.5566984415054321,0.9188873171806335
88,climate,climatizer,0.058561130545975,0.4805270731449127,0.4020947813987732,0.1932498514652252,0.217662513256073,0.4643613696098327,0.922852337360382
88,climate,climatizes,0.1959929626216772,0.4050758481025696,0.4084765911102295,0.2584327161312103,0.2162578552961349,0.3715011477470398,0.8625428676605225
88,climate,climator,0.1566530040859578,0.4382601976394653,0.4101053476333618,0.2224465906620025,0.2261867523193359,0.4430992007255554,0.9121511578559875
88,climate,climated,0.193021138333242,0.6521437168121338,0.7722632884979248,0.7847994565963745,0.2706755697727203,0.6299208402633667,0.9315177202224731
88,climate,climater,0.1569892970725426,0.6603305339813232,0.7826586961746216,0.7082543969154358,0.2561940848827362,0.5191031694412231,0.935142457485199
88,climate,climates,0.3611571473234333,0.565227746963501,0.6840759515762329,0.8550442457199097,0.5937185883522034,0.8781364560127258,0.8995080590248108
88,climate,climatal,0.2635593800786558,0.4879588186740875,0.4046053886413574,0.2533907294273376,0.2447513788938522,0.4429335296154022,0.8948562145233154
88,climate,climatization,0.140193635438774,0.4257253408432007,0.4431484937667846,0.2254095375537872,0.4635215699672699,0.2942177057266235,0.8507213592529297
88,climate,climation,0.1569892970725426,0.5274313688278198,0.4134525060653686,0.3420729637145996,0.2845841646194458,0.4597384631633758,0.8921366333961487
88,climate,climating,0.2332265579402272,0.4560289680957794,0.3870484232902527,0.0934710800647735,0.2625213861465454,0.6026527881622314,0.8892632722854614
88,climate,climately,0.1959929626216772,0.6948946118354797,0.7703372836112976,0.746571958065033,0.2709114253520965,0.5878129005432129,0.9025053977966307
88,climate,climateor,0.244534364748742,0.6504614353179932,0.769192636013031,0.7076212763786316,0.1944901198148727,0.6824809312820435,0.9029764533042908
88,climate,climateer,0.2009237586152845,0.5832653641700745,0.7943410873413086,0.707670271396637,0.256169319152832,0.4655410349369049,0.9043371081352234
88,climate,climators,0.1711798009680189,0.4640815854072571,0.4187972247600555,0.2345394194126129,0.2070257663726806,0.4345945417881012,0.8808322548866272
88,climate,climatize,0.1863026160435718,0.4029475450515747,0.3951273262500763,0.2645781934261322,0.239742711186409,0.4323634505271911,0.8967115879058838
89,mineral,mineralizes,0.3133737939933483,0.7386521697044373,0.8010942935943604,0.8242365717887878,0.3917550146579742,0.6722078323364258,0.951379120349884
89,mineral,mineralizer,0.2607376463664785,0.6743821501731873,0.784328281879425,0.802096962928772,0.192660242319107,0.686573326587677,0.8810326457023621
89,mineral,mineralized,0.4521643106849171,0.7111709117889404,0.8102477788925171,0.849311113357544,0.5540544390678406,0.788313627243042,0.9697786569595336
89,mineral,mineralness,0.3053448574431202,0.7380383014678955,0.8098981380462646,0.8852008581161499,0.1654321998357772,0.742042601108551,0.8908119201660156
89,mineral,mineralor,0.3149404535908049,0.7035585641860962,0.7966243028640747,0.8183799982070923,0.1765933483839035,0.6680832505226135,0.9079300165176392
89,mineral,minerales,0.322760848390946,0.6272457838058472,0.821685791015625,0.9097535610198976,0.1765896677970886,0.7002790570259094,0.8610131144523621
89,mineral,mineraler,0.266449986239982,0.6901075839996338,0.8070692420005798,0.8414963483810425,0.1150444075465202,0.7202564477920532,0.8222679495811462
89,mineral,mineraled,0.2246492903727871,0.7027616500854492,0.8130853176116943,0.8618832230567932,0.1352685540914535,0.7958987951278687,0.934822916984558
89,mineral,mineralic,0.2846018956593024,0.7322019338607788,0.8065959215164185,0.8684520721435547,0.5127655267715454,0.8898593187332153,0.8807355165481567
89,mineral,minerally,0.3878705043305594,0.7634667754173279,0.8034517168998718,0.8408885598182678,0.4476931989192962,0.7828845977783203,0.825752854347229
89,mineral,minerals,0.5671039156505441,0.8022521734237671,0.7726372480392456,0.940209150314331,0.7890444993972778,0.5994819402694702,0.9778373837471008
89,mineral,minerallization,0.3327958469967468,0.7420424222946167,0.8010194301605225,0.7768568396568298,0.1518289297819137,0.6319289803504944,0.8563307523727417
89,mineral,mineralizations,0.3460751221182858,0.7587753534317017,0.7870543599128723,0.7907695770263672,0.5098001956939697,0.6105155944824219,0.9177889227867126
89,mineral,mineralality,0.3149404535908049,0.7331380844116211,0.8055019378662109,0.8474107980728149,0.1268510222434997,0.5023209452629089,0.8878263235092163
89,mineral,mineralities,0.3282635878564829,0.7567548751831055,0.7965684533119202,0.8657389879226685,0.1711035817861557,0.6693638563156128,0.9388257265090942
89,mineral,mineralizers,0.2764603768689898,0.5641199350357056,0.7230414152145386,0.7774758338928223,0.1701183915138244,0.6527795195579529,0.7935936450958252
89,mineral,mineralizing,0.3667294442799353,0.7294712662696838,0.802497148513794,0.8159815073013306,0.548783540725708,0.744185745716095,0.902604877948761
89,mineral,minerallized,0.3149404535908049,0.7731932401657104,0.8006342053413391,0.8144707679748535,0.133941575884819,0.6968512535095215,0.9673196077346802
89,mineral,mineralers,0.2636529559219218,0.6563172340393066,0.8288825154304504,0.8044723272323608,0.093183547258377,0.7280399203300476,0.8994561433792114
89,mineral,mineraller,0.3560103733051091,0.7283932566642761,0.8024411797523499,0.7630113959312439,0.2043969333171844,0.6820032596588135,0.9295708537101746
89,mineral,minerality,0.3920467527968531,0.6316946744918823,0.8035449385643005,0.9032304286956788,0.3854513168334961,0.8069248199462891,0.8710976839065552
89,mineral,mineralism,0.2636529559219218,0.6850336194038391,0.8240249156951904,0.8538125157356262,0.1659973561763763,0.7509896159172058,0.8779962658882141
89,mineral,mineralize,0.3777100393229189,0.7468814849853516,0.8011691570281982,0.836829662322998,0.3622434139251709,0.6537058353424072,0.945851743221283
89,mineral,mineralization,0.4839978218570117,0.661653995513916,0.8113913536071777,0.7843292951583862,0.4627276659011841,0.6844589114189148,0.9104880094528198
89,element,elementers,0.045841913578782,0.7509316802024841,0.8130849599838257,0.6986141204833984,0.2043380439281463,0.6675958633422852,0.9159079790115356
89,element,elementics,0.0339569965388971,0.7169036269187927,0.766052782535553,0.582935094833374,0.1717416197061538,0.6402651071548462,0.8755139708518982
89,element,elementing,0.226175596723685,0.7111905813217163,0.8165426254272461,0.8054850697517395,0.2513103187084198,0.6174877285957336,0.904254913330078
89,element,elemention,0.2374972587146402,0.7174816131591797,0.7943553924560547,0.796505331993103,0.2744439244270324,0.6580188274383545,0.9132679104804992
89,element,elemential,0.1604859699616854,0.7966094017028809,0.7684911489486694,0.5811401605606079,0.2978160679340362,0.7486386895179749,0.9349918365478516
89,element,elementive,0.1969105632706642,0.6948614120483398,0.789322018623352,0.7109997868537903,0.2421586066484451,0.7360026240348816,0.9249403476715088
89,element,elementism,0.2120460112546768,0.4976580739021301,0.8082883358001709,0.6089708805084229,0.2642575800418854,0.6354919672012329,0.8459115624427795
89,element,elementors,0.0936450013668284,0.7986868619918823,0.7972273826599121,0.7193755507469177,0.2094061076641082,0.6782116889953613,0.9138587713241576
89,element,elementable,0.1730423457055422,0.7620748281478882,0.7910469770431519,0.6624202728271484,0.2244479656219482,0.6887916922569275,0.92539244890213
89,element,elementical,0.2612389535775564,0.7830908298492432,0.7649580240249634,0.6762034296989441,0.203790858387947,0.7485026717185974,0.9376224279403688
89,element,elementials,0.1730423457055422,0.7925941944122314,0.7557471394538879,0.554832935333252,0.2333855628967285,0.6538556814193726,0.9313430786132812
89,element,elementized,0.1502266639686288,0.8117939233779907,0.7971704602241516,0.684408962726593,0.2578538060188293,0.7595375776290894,0.9374977946281432
89,element,elementlies,0.2612389535775564,0.7180342674255371,0.7335565686225891,0.6537684202194214,0.1909132450819015,0.7723115086555481,0.8997102975845337
89,element,elementtals,0.2612389535775564,0.5576159954071045,0.7189255952835083,0.7011417150497437,0.2340625077486038,0.6195345520973206,0.8565753102302551
89,element,elemented,0.193689463600482,0.7278233170509338,0.8067804574966431,0.7863019108772278,0.2147271186113357,0.7214581370353699,0.9234164357185364
89,element,elementes,0.1930242718080589,0.6927942037582397,0.8087871670722961,0.8869223594665527,0.2433243691921234,0.6665955185890198,0.9159114956855774
89,element,elementer,0.2141712558180024,0.7335476875305176,0.8162862658500671,0.6947805881500244,0.2617331743240356,0.7281282544136047,0.912352979183197
89,element,elemently,0.2612389535775564,0.8276691436767578,0.7959935069084167,0.6978393197059631,0.2599478960037231,0.7686069011688232,0.9112218618392944
89,element,elementor,0.1330519017307143,0.7901365756988525,0.8054916858673096,0.7116425633430481,0.2453860640525818,0.6850488781929016,0.9240651726722716
89,element,elementic,0.2075862605915275,0.7919479608535767,0.8005423545837402,0.6915682554244995,0.2014262080192566,0.7536777257919312,0.9124035835266112
89,element,elementation,0.0037745368200446,0.6952424049377441,0.7860448360443115,0.7678704261779785,0.2963467538356781,0.6892794966697693,0.9017615914344788
89,element,elementative,0.2612389535775564,0.6627682447433472,0.7358863353729248,0.5976871252059937,0.2154847234487533,0.6708033084869385,0.9196091890335084
89,element,elementicals,0.1969105632706642,0.6002748012542725,0.7341830730438232,0.7023289203643799,0.176332488656044,0.6506592631340027,0.8849096894264221
89,element,elementially,0.2612389535775564,0.6102287173271179,0.7049129605293274,0.5615546703338623,0.2244318574666977,0.7094090580940247,0.8926731944084167
89,element,elementicity,0.2612389535775564,0.5476582646369934,0.6692084074020386,0.682019054889679,0.2015490382909774,0.5737778544425964,0.8415091633796692
89,element,elementizing,0.2612389535775564,0.7966868877410889,0.7901094555854797,0.653923749923706,0.2638476490974426,0.7155617475509644,0.9180454015731812
89,element,elementtable,0.2760497669738703,0.757152795791626,0.7361694574356079,0.5208025574684143,0.2160030454397201,0.7049043774604797,0.9195116758346558
90,native,nativizes,0.1930250839069097,0.5058044195175171,0.3980005979537964,0.3277893662452698,0.1833683848381042,0.3084587454795837,0.8929142951965332
90,native,nativized,0.2427688961306872,0.3641940355300903,0.3691537380218506,0.4094533622264862,0.4338550567626953,0.4326219856739044,0.84154212474823
90,native,nativization,0.245365913190262,0.182703822851181,0.3871104717254638,0.3407053053379059,0.3360651135444641,0.378998339176178,0.7636482119560242
90,native,natived,0.1884893912309291,0.7503058910369873,0.7619166374206543,0.874947726726532,0.2439198940992355,0.5835726261138916,0.9197112917900084
90,native,natives,0.3985982917254868,0.7379354238510132,0.678484320640564,0.7978646755218506,0.6056524515151978,0.6870986819267273,0.9661563634872437
90,native,nativer,0.2507246329402738,0.7441714406013489,0.7897332310676575,0.8498780131340027,0.2480374723672866,0.5493177175521851,0.9162705540657043
90,native,nativeizers,0.2414460296444635,0.5084781050682068,0.6743890643119812,0.7301978468894958,0.1487992256879806,0.5183424949645996,0.842673122882843
90,native,nativation,0.1540214183577751,0.4222678542137146,0.34300497174263,0.2890746593475342,0.184131845831871,0.3240988254547119,0.833003580570221
90,native,nativeized,0.1414650426139183,0.716162383556366,0.7375648021697998,0.8478450179100037,0.1457434296607971,0.7894120812416077,0.9778056740760804
90,native,nativement,0.1375982284442959,0.7496651411056519,0.7126666307449341,0.7926236987113953,0.190023124217987,0.4739846885204315,0.954107701778412
90,native,nativeness,0.2154239419989422,0.6115709543228149,0.760090708732605,0.854390561580658,0.4989572763442993,0.737327516078949,0.8821823000907898
90,native,nativizing,0.2300631173958265,0.4252287447452545,0.3841018080711365,0.3430391550064087,0.2179968655109405,0.3802554905414581,0.8247737288475037
90,native,nativize,0.2187660237697781,0.4403279721736908,0.3959238827228546,0.3621198534965515,0.242914468050003,0.3364515900611877,0.9177051782608032
90,native,natively,0.3130287243405696,0.6377455592155457,0.7562388181686401,0.8635530471801758,0.4743473529815674,0.4778196811676025,0.91352379322052
90,native,nativeds,0.2414460296444635,0.7836531400680542,0.7606445550918579,0.794524073600769,0.0443750396370887,0.5061668157577515,0.9032962322235109
90,native,nativers,0.1930250839069097,0.7217325568199158,0.7859494090080261,0.8168889880180359,0.2378031909465789,0.6283789873123169,0.9514837861061096
90,native,nativeor,0.2414460296444635,0.7971171140670776,0.7534240484237671,0.8200544118881226,0.1832413375377655,0.577014148235321,0.9675378203392028
90,mexican,mexicanes,0.2739440753506917,0.6252486109733582,0.7965927124023438,0.8559234142303467,0.1282452642917633,0.6850894689559937,0.8878180384635925
90,mexican,mexicaner,0.2911987306938742,0.7493130564689636,0.7759382724761963,0.8250486850738525,0.0928766652941703,0.7994881868362427,0.8787177801132202
90,mexican,mexicaned,0.2605434844223556,0.820640504360199,0.7967502474784851,0.7185198664665222,0.0672907009720802,0.8412304520606995,0.946118175983429
90,mexican,mexicanal,0.2097050846501799,0.6834990382194519,0.7747182846069336,0.8188859224319458,0.1796571612358093,0.8301016092300415,0.9445872902870178
90,mexican,mexicanor,0.2842851792852718,0.7625975012779236,0.756115198135376,0.774512529373169,0.1624084264039993,0.8481259942054749,0.9427915811538696
90,mexican,mexicanisms,0.2727306987516669,0.7502474188804626,0.7700165510177612,0.6265591382980347,0.2012561559677124,0.8105739951133728,0.8476139903068542
90,mexican,mexicanized,0.3234986467062881,0.8019156455993652,0.7997564673423767,0.7591620683670044,0.1823693662881851,0.8453229069709778,0.934588611125946
90,mexican,mexicanizes,0.1379375688999162,0.8197228908538818,0.7844600081443787,0.7017315626144409,0.1259917318820953,0.8669302463531494,0.9653137922286988
90,mexican,mexicanness,0.3207004517523826,0.7163301706314087,0.7738328576087952,0.7724624872207642,0.2103681713342666,0.8287963271141052,0.8476570844650269
90,mexican,mexicanization,0.3211500135417262,0.6829673647880554,0.7978196144104004,0.6858625411987305,0.1775123029947281,0.7904748320579529,0.8427626490592957
90,mexican,mexicans,0.4844810172586731,0.6506878137588501,0.7868474125862122,0.830339789390564,0.706157922744751,0.6722078323364258,0.835347592830658
90,mexican,mexicanicity,0.2605603248890574,0.5403277277946472,0.6778467893600464,0.713096559047699,0.1940456479787826,0.6220548748970032,0.8483115434646606
90,mexican,mexicanizing,0.2941833469776042,0.8050127029418945,0.8018501400947571,0.7061384916305542,0.1586134880781173,0.8546967506408691,0.9603455662727356
90,mexican,mexicanity,0.1421630252796577,0.7293189167976379,0.774115264415741,0.7332718372344971,0.185336098074913,0.8360204100608826,0.8776368498802185
90,mexican,mexicanism,0.2637621770392564,0.5850278735160828,0.784829318523407,0.6778040528297424,0.2195564806461334,0.6991199254989624,0.8046360611915588
90,mexican,mexicanize,0.1215639357505065,0.8231287002563477,0.7768499851226807,0.7503838539123535,0.1559599190950393,0.8751704096794128,0.9691022038459778
90,mexican,mexicos,0.3254483527720372,0.665999174118042,0.546614408493042,0.7254133224487305,0.2430905401706695,0.7298174500465393,0.9040310978889464
90,mexican,mexico,0.3756291220692105,0.4217512607574463,0.6659839153289795,0.7567053437232971,0.6598142981529236,0.7700905203819275,0.9303634762763976
92,pandora,pandoraly,0.485529519314744,0.7402603030204773,0.8068172931671143,0.8574129939079285,0.3978053331375122,0.7402604222297668,0.8004716038703918
92,pandora,pandoras,0.3771341620574266,0.6978219747543335,0.82954341173172,0.9264069199562072,0.5548076033592224,0.6978220343589783,0.8108685612678528
93,protecting,protectables,0.281396067860344,0.5267927050590515,0.6420192122459412,0.7343071103096008,0.1487936675548553,0.6099826693534851,0.8699880838394165
93,protecting,protectation,0.2314169241935429,0.7275890111923218,0.6908340454101562,0.8110513687133789,0.185080736875534,0.6649031639099121,0.9233132004737854
93,protecting,protectibles,0.1408532173514169,0.528580367565155,0.6659155488014221,0.7544177770614624,0.212165430188179,0.5577099919319153,0.8146932721138
93,protecting,protects,0.3542434532487404,0.8533340692520142,0.8145976066589355,0.8764650225639343,0.656636118888855,0.6813367009162903,0.9124663472175598
93,protecting,protectization,0.2314169241935429,0.768862247467041,0.7048352956771851,0.7973548173904419,0.2507355809211731,0.6975062489509583,0.9577558636665344
93,protecting,protect,0.4493408839646051,0.9231244921684264,0.814644455909729,0.9512295722961426,0.7641514539718628,0.8313226103782654,0.9833584427833556
93,protecting,protectable,0.2640412421038792,0.7321885228157043,0.6765930652618408,0.7969470620155334,0.2650528848171234,0.5365583300590515,0.9479785561561584
93,protecting,protectency,0.2314169241935429,0.7936586141586304,0.6761969327926636,0.8164395093917847,0.158546969294548,0.7515921592712402,0.8593820929527283
93,protecting,protectible,0.2333266593695244,0.7922266721725464,0.6817408800125122,0.7960120439529419,0.2505655884742737,0.6286735534667969,0.8613975644111633
93,protecting,protectings,0.1798568829005515,0.6670318841934204,0.8150320053100586,0.9130997061729432,0.2776597738265991,0.6020434498786926,0.7287765741348267
93,protecting,protectting,0.1798568829005515,0.8228955268859863,0.6933947801589966,0.9276618957519532,0.3633527159690857,0.78749680519104,0.8941848874092102
93,protecting,protectability,0.2329653758993641,0.6125645637512207,0.700376033782959,0.7711615562438965,0.197825938463211,0.5533313155174255,0.8946616649627686
93,protecting,protectics,0.2509964905352281,0.8107582330703735,0.6955822706222534,0.6584726572036743,0.21804840862751,0.669221043586731,0.882352352142334
93,protecting,protecteor,0.2314169241935429,0.5942234396934509,0.655846118927002,0.6324583292007446,0.1013882905244827,0.5654252171516418,0.936029314994812
93,protecting,protecteds,0.1924132586444082,0.6476871371269226,0.6098402142524719,0.7441558837890625,0.1583891808986663,0.516243040561676,0.7282253503799438
93,protecting,protecteer,0.1074890433966571,0.7966174483299255,0.7012890577316284,0.6612226366996765,0.1612046957015991,0.6156414747238159,0.8801389336585999
93,protecting,protecters,0.1366123011149499,0.6260933876037598,0.7079365253448486,0.7806079387664795,0.3476686179637909,0.6723609566688538,0.8923537135124207
93,protecting,protectted,0.1305939113583602,0.8108634948730469,0.6685642600059509,0.7863368988037109,0.3133524060249328,0.6749280095100403,0.8873317837715149
93,protecting,protecttor,0.2086012424566295,0.7665188312530518,0.6886848211288452,0.7240461111068726,0.2177586406469345,0.7246585488319397,0.9364911913871764
93,protecting,protecter,0.1330304712540689,0.670146107673645,0.6859114170074463,0.7706693410873413,0.3625379502773285,0.6015705466270447,0.8807229399681091
93,protecting,protectes,0.1047358457313568,0.5670250654220581,0.6833370923995972,0.8417857885360718,0.2184414863586425,0.5565835237503052,0.8022656440734863
93,protecting,protected,0.3235134623309063,0.824720025062561,0.7209739089012146,0.7954488396644592,0.5214290022850037,0.4181520342826843,0.923593282699585
93,protecting,protectal,0.1924132586444082,0.766089677810669,0.6727891564369202,0.6794523000717163,0.1786559075117111,0.5390196442604065,0.8799203038215637
93,protecting,protectly,0.2086012424566295,0.7455596327781677,0.6732666492462158,0.8128960132598877,0.2470924109220504,0.6532365083694458,0.7898502349853516
93,protecting,protectic,0.1924132586444082,0.7978946566581726,0.6806306838989258,0.6623796224594116,0.2391289323568344,0.5417182445526123,0.8904221057891846
93,protecting,protectibility,0.2314169241935429,0.796885073184967,0.6775327324867249,0.7847365736961365,0.2186009883880615,0.702972412109375,0.8786306381225586
93,embankment,embankments,0.5438428061977795,0.6716480255126953,0.8510518670082092,0.9558610916137696,0.7930024862289429,0.4776191115379333,0.8366429209709167
94,samosa,samosas,0.6040408154647874,0.65748131275177,0.9382117986679076,0.909417986869812,0.8815857172012329,0.8266561031341553,0.9336296319961548
95,soda,sodaing,0.3311456235848611,0.8285175561904907,0.8457437753677368,0.8527588844299316,0.1328883618116378,0.7199146747589111,0.8668748140335083
95,soda,sodas,0.4728596806229204,0.7284877300262451,0.8528965711593628,0.8947890996932983,0.7923670411109924,0.728983998298645,0.8254045844078064
95,soda,sodaic,0.3391987774571223,0.766898512840271,0.8324953317642212,0.7211364507675171,0.1237212494015693,0.5754412412643433,0.8652161955833435
95,soda,sodaer,0.2564103831484495,0.7824574112892151,0.8346360921859741,0.707451581954956,0.2511994242668152,0.6532655358314514,0.8628003597259521
95,soda,sodaly,0.2792260648853629,0.8186551332473755,0.8215194940567017,0.7389825582504272,0.1508243083953857,0.6070623993873596,0.8913204669952393
95,water,waterial,0.0857705126241079,0.8534724712371826,0.6525793075561523,0.5145689249038696,0.203543946146965,0.8951472640037537,0.9746452569961548
95,water,waterion,0.1573149685864985,0.7304681539535522,0.7004668116569519,0.6856909990310669,0.20376518368721,0.8059471845626831,0.9729236960411072
95,water,watering,0.270591514684067,0.7167843580245972,0.3604422211647033,0.7232353687286377,0.3975314795970917,0.8051621317863464,0.9807884693145752
95,water,waterize,0.0532767047017755,0.8251279592514038,0.6717103123664856,0.6159971952438354,0.1790359616279602,0.8950336575508118,0.9808114767074584
95,water,waterism,0.1085861943610213,0.6558166742324829,0.6836945414543152,0.6116463541984558,0.2059548199176788,0.743951141834259,0.8727051615715027
95,water,waterive,0.0305788632627521,0.7005162835121155,0.6616867184638977,0.6043253540992737,0.2061093747615814,0.7999407052993774,0.9595606327056884
95,water,watereds,0.1085861943610213,0.5972683429718018,0.4117282032966614,0.6485103964805603,0.1608110964298248,0.7178086638450623,0.7438240647315979
95,water,waterers,0.2162578991216062,0.655999481678009,0.7544481158256531,0.573890209197998,0.3434935808181762,0.7454688549041748,0.9712986946105956
95,water,waterred,0.0920042771500045,0.7571470737457275,0.6666461825370789,0.6088384389877319,0.1319011151790619,0.868294894695282,0.9818363785743712
95,water,waterror,0.1600770427881641,0.8291170597076416,0.6219348907470703,0.5605487823486328,0.1873921304941177,0.8860584497451782,0.9063642024993896
95,water,wateral,0.0724066537169964,0.7451887130737305,0.7227162718772888,0.6154712438583374,0.2314299941062927,0.7898841500282288,0.9671950936317444
95,water,watered,0.2256193379476062,0.7371805906295776,0.3492363095283508,0.7344154119491577,0.3773885071277618,0.7785940170288086,0.9799308776855468
95,water,wateror,-0.0146067472060588,0.7690500617027283,0.7256509065628052,0.5850858092308044,0.1850947886705398,0.8035538792610168,0.9776164293289183
95,water,wateres,0.0773846860019032,0.6776928901672363,0.7619028687477112,0.717769205570221,0.1456673890352249,0.7815622091293335,0.9599494934082032
95,water,waterer,0.1868496515384711,0.572147011756897,0.7740870714187622,0.5637232065200806,0.3772423863410949,0.7380644679069519,0.9224759936332704
95,water,waterly,0.0697006903452591,0.7553094625473022,0.7283615469932556,0.6140288710594177,0.190371960401535,0.7967406511306763,0.9117481708526612
95,water,waterable,0.0999273516189197,0.7026900053024292,0.6921085119247437,0.665101170539856,0.1822714060544967,0.762946367263794,0.9378041625022888
95,water,waterized,0.0999273516189197,0.8326482772827148,0.6857061982154846,0.6418050527572632,0.1625831127166748,0.8822230696678162,0.9852004051208496
95,water,waterisms,0.1535800446049486,0.8461262583732605,0.6308338642120361,0.6688785552978516,0.2026999741792678,0.8868334293365479,0.97116881608963
95,water,waterings,0.2261662874938745,0.6588267087936401,0.4150059819221496,0.6528509855270386,0.275743693113327,0.7144574522972107,0.8899204134941101
95,water,waterials,0.1535800446049486,0.759885847568512,0.6161784529685974,0.5067644119262695,0.1970286220312118,0.8840409517288208,0.976812481880188
95,water,waterical,0.0180224875188953,0.8579882979393005,0.6292973756790161,0.6197007298469543,0.1855917572975158,0.8936127424240112,0.9877273440361024
95,water,waterness,0.1356124461657386,0.7757902145385742,0.718548059463501,0.7019510269165039,0.1649045944213867,0.8190635442733765,0.9642627835273744
95,water,waterment,0.1573149685864985,0.739284336566925,0.6537570953369141,0.6650537252426147,0.1347537785768509,0.8207752108573914,0.9608440399169922
95,water,waterlies,0.1535800446049486,0.7567363977432251,0.6257177591323853,0.5561856031417847,0.12699656188488,0.8620214462280273,0.9705618619918824
95,water,waterring,0.1899063379553283,0.8042536377906799,0.6779175996780396,0.640963077545166,0.1824294179677963,0.9023011922836304,0.979363977909088
95,water,waterative,0.0305788632627521,0.79736328125,0.6372181177139282,0.5539934039115906,0.166978657245636,0.8156856894493103,0.9821033477783204
95,water,waterrally,0.0697006903452591,0.607390820980072,0.5900817513465881,0.6071261167526245,0.1438038647174835,0.6368688344955444,0.9629060626029968
95,water,waterrible,0.0570261530680299,0.6003104448318481,0.5943022966384888,0.6505690813064575,0.1507196873426437,0.6713966131210327,0.9499253034591676
95,water,waterization,0.1085861943610213,0.6877009868621826,0.6823373436927795,0.5883445739746094,0.1822545230388641,0.7380995154380798,0.9497360587120056
96,star,starality,0.0581273718092387,0.7535266280174255,0.6307404041290283,0.6796607971191406,0.0824134349822998,0.7598138451576233,0.9550768136978148
96,star,starrings,0.1035312730841277,0.5772967338562012,0.4063294529914856,0.5484939217567444,-0.0119840558618307,0.2899970114231109,0.8698161840438843
96,star,staror,0.1718331558502126,0.6707119941711426,0.7455986142158508,0.7240585684776306,0.1505572199821472,0.714541494846344,0.9631109237670898
96,star,starly,0.0871943794944326,0.6072672605514526,0.7480897903442383,0.7317935824394226,0.12525275349617,0.7377087473869324,0.8928940892219543
96,star,staral,0.0430969673066579,0.6298328638076782,0.7500419616699219,0.8010734915733337,0.1559212803840637,0.770200252532959,0.9604789614677428
96,star,starable,0.1587800140265191,0.7612982988357544,0.6986654996871948,0.748393177986145,0.1557609140872955,0.7340748310089111,0.9268523454666138
96,star,starical,0.1199467190952867,0.7779974937438965,0.6335954666137695,0.6757347583770752,0.1008059903979301,0.7820971012115479,0.9671114087104796
96,star,starlies,0.010449586637635,0.7092498540878296,0.6561068296432495,0.700829267501831,0.1783733814954757,0.7588978409767151,0.8848568797111511
96,star,starment,0.1654016554966874,0.7361820936203003,0.6626533269882202,0.6510144472122192,0.1665395349264145,0.7509617805480957,0.9777596592903136
96,star,starness,0.1318912825424975,0.7458376884460449,0.7359643578529358,0.7836015820503235,0.1517601311206817,0.8184661865234375,0.9662685990333556
96,star,starrers,0.1458052914807679,0.4901567995548248,0.3508667349815368,0.5267115831375122,0.2722562849521637,0.7340232729911804,0.966290295124054
96,star,starrize,0.0971310373583733,0.575446605682373,0.3178282976150512,0.5348724126815796,-0.0210860706865787,0.2396156042814254,0.958408772945404
96,star,starring,0.2439414611137045,0.6232222318649292,0.299864262342453,0.5867956876754761,0.374735414981842,0.3261021971702575,0.9632874727249146
96,star,stareer,0.1767731902765947,0.4994607269763946,0.3473780453205108,0.3290176391601562,0.037380214780569,0.4818572103977203,0.918420135974884
96,star,starism,0.1654016554966874,0.4555469751358032,0.731417179107666,0.6413054466247559,0.0690635219216346,0.7741851806640625,0.7621098756790161
96,star,starize,0.1248149600527113,0.7324495315551758,0.6930056810379028,0.6698492765426636,0.0308178104460239,0.7316147089004517,0.9581773281097412
96,star,starive,0.1199467190952867,0.7206432223320007,0.6896029710769653,0.7220999002456665,0.1006686389446258,0.7522189021110535,0.951258659362793
96,star,starlys,0.060486569745819,0.5922263264656067,0.6794255375862122,0.669305145740509,0.1214278787374496,0.5828139185905457,0.9439693689346312
96,star,starred,0.2257868469316634,0.6768815517425537,0.4130416512489319,0.7087231874465942,0.4092696905136108,0.3412655591964721,0.9627026319503784
96,star,starral,0.1199467190952867,0.5394561290740967,0.3615127205848694,0.6181719303131104,0.0780135318636894,0.299542486667633,0.964707612991333
96,star,starrer,0.1851712427010914,0.5551904439926147,0.4126076698303222,0.5903741121292114,0.2425196319818496,0.7279235124588013,0.9681709408760072
96,star,starability,0.1199467190952867,0.6664829850196838,0.6497737765312195,0.6454334259033203,0.0979716032743454,0.7486687302589417,0.8853829503059387
96,wars,war,0.4125609580157094,0.6946178674697876,0.5633887648582458,0.9121929407119752,0.7586047053337097,0.5840407609939575,0.948703408241272
96,wars,warallies,0.258796976207643,0.322329580783844,0.5477529764175415,0.5346746444702148,0.0949555188417434,0.3293946087360382,0.8820630311965942
96,wars,warallied,0.2642152658289362,0.4995430707931518,0.5427782535552979,0.5838896036148071,0.0190202053636312,0.2168729603290558,0.9396170377731324
96,wars,warable,0.1191596214867875,0.5827791690826416,0.5387874841690063,0.5963374376296997,0.0602452047169208,0.2458325624465942,0.9152489900588988
96,wars,warence,0.2037946505097489,0.4778021275997162,0.4029480814933777,0.2134627401828766,0.0544530153274536,0.0746968314051628,0.9173672199249268
96,wars,warings,0.0365531970015854,0.5933043956756592,0.5867593288421631,0.6026080250740051,0.1809970438480377,0.2387291342020034,0.9437940716743468
96,wars,warisms,0.258796976207643,0.6583155393600464,0.5836226940155029,0.6430350542068481,0.1682829707860946,0.4980409443378448,0.931721329689026
96,wars,warlied,0.2037946505097489,0.4707206487655639,0.5136526823043823,0.4989946782588959,0.1315593719482422,0.3138912320137024,0.9105073809623718
96,wars,warlies,0.1990000043810469,0.6154953241348267,0.5408416390419006,0.5805585980415344,0.1822420507669448,0.3958659470081329,0.9457472562789916
96,wars,warment,0.1522346092167576,0.4835898280143738,0.3820123076438904,0.2239778786897659,0.0914349853992462,0.0876589193940162,0.9311381578445436
96,wars,warness,0.0984676029077744,0.5625468492507935,0.4086014032363891,0.1668193340301513,0.0441923066973686,0.1314943730831146,0.9408917427062988
96,wars,warrers,0.2037946505097489,0.4581913948059082,0.5092695951461792,0.4969542026519775,0.1784087568521499,0.3855954706668854,0.8480445742607117
96,wars,warreds,0.2037946505097489,0.4888703227043152,0.5095733404159546,0.5956438183784485,0.1323831528425216,0.4168491065502167,0.8720647096633911
96,wars,warring,0.2781158199076502,0.7258130311965942,0.5325167179107666,0.5874073505401611,0.4906318783760071,0.2627598643302917,0.9525468945503236
96,wars,warrors,0.1097567268912355,0.4549966752529144,0.5064245462417603,0.5690767765045166,0.1755126714706421,0.4290463626384735,0.8676894307136536
96,wars,waror,0.2037946505097489,0.5398058295249939,0.5183100700378418,0.4500846862792969,0.26283660531044,0.3542243540287018,0.9020827412605286
96,wars,warly,0.0618636657432362,0.5518518686294556,0.4848570823669433,0.4761424660682678,0.0693605914711952,0.3865452408790588,0.8697507977485657
96,wars,warer,0.0685859438741701,0.5085025429725647,0.3615306615829468,0.1563847661018371,0.1469502747058868,0.1827010810375213,0.9163283109664916
96,wars,wared,0.106590000275545,0.5364977121353149,0.3746957778930664,0.2145590782165527,0.3631255626678467,0.2606552839279175,0.916683316230774
96,wars,waral,0.0552938525029626,0.5204410552978516,0.4997893273830414,0.5151267051696777,0.1334999948740005,0.2384787946939468,0.8965902328491211
96,wars,wareer,0.2415423208644605,0.3964881598949432,0.362822026014328,0.1906314343214035,0.0850045606493949,0.2669055759906769,0.8784489035606384
96,wars,warers,0.1792981335863527,0.4896318912506103,0.4401399493217468,0.1961696892976761,0.1775912046432495,0.1258158087730407,0.9301303625106812
96,wars,warlys,0.2037946505097489,0.4344877600669861,0.4463355839252472,0.4916675388813019,0.0749628692865371,0.2962114810943603,0.9035635590553284
96,wars,warors,0.2526526973670758,0.6586687564849854,0.557645857334137,0.5045603513717651,0.2903652787208557,0.4158247709274292,0.9300638437271118
96,wars,warial,0.2289110025041596,0.6370831727981567,0.5507293939590454,0.4913816154003143,0.0910302177071571,0.3516128659248352,0.9439366459846495
96,wars,waring,0.0823386226136343,0.4487154483795166,0.5038130283355713,0.6545965671539307,0.401572436094284,0.3711693584918976,0.8884443044662476
96,wars,warism,0.2181917640086223,0.3970064520835876,0.5428053140640259,0.6737973093986511,0.1878587305545807,0.4239928126335144,0.8364564180374146
96,wars,warity,0.1809789687728356,0.5943009853363037,0.5381447672843933,0.685494065284729,0.1076298952102661,0.3087307810783386,0.9247367978096008
96,wars,warive,0.2037946505097489,0.5910113453865051,0.5273700952529907,0.5625754594802856,0.1049596518278122,0.2603365778923034,0.946771502494812
96,wars,warion,-0.0323835604100887,0.5304645299911499,0.5137743949890137,0.53203946352005,0.1527525931596756,0.2062760293483734,0.9202547669410706
96,wars,warrer,0.0100546575285921,0.6793291568756104,0.5425995588302612,0.3963744044303894,0.1586349308490753,0.4159573912620544,0.9444558024406432
96,wars,warred,0.2382557822874115,0.6192605495452881,0.5438663959503174,0.5605220198631287,0.3333853781223297,0.2956430912017822,0.9348742961883544
96,wars,warral,0.0833722824542398,0.6444129943847656,0.5661947131156921,0.5012479424476624,0.0827869698405265,0.2954815030097961,0.9511973261833192
96,wars,warror,0.1572473037786979,0.6679723858833313,0.5310584306716919,0.5341489315032959,0.1342967450618744,0.3794617056846618,0.9524178504943848
96,wars,warables,0.2037946505097489,0.4771320819854736,0.5090305805206299,0.5680278539657593,0.0910029485821724,0.4056581258773803,0.8983325958251953
96,wars,warities,0.2037946505097489,0.6461325883865356,0.5801385641098022,0.6363500952720642,0.1388971358537674,0.3916478753089905,0.92021906375885
96,wars,warments,0.2037946505097489,0.4479791820049286,0.4038975834846496,0.168962225317955,0.1325889825820922,0.1019294634461402,0.936893343925476
96,wars,warrally,0.2526526973670758,0.4339601099491119,0.5301876068115234,0.4533549845218658,0.0488681942224502,0.2436239570379257,0.9230668544769288
96,wars,warrings,0.1750335105643985,0.5757431983947754,0.4986521601676941,0.6048212051391602,0.1834423989057541,0.430105984210968,0.7867606282234192
97,stomach,stomachically,0.253595007981306,0.8123327493667603,0.7406325340270996,0.7645201683044434,0.291127860546112,0.7345861792564392,0.9357995986938475
97,stomach,stomachs,0.3907670724988294,0.6357922554016113,0.7943177819252014,0.8827459812164307,0.7297311425209045,0.8257066011428833,0.8098039031028748
97,stomach,stomachers,0.1927213547564611,0.7101763486862183,0.794884443283081,0.8090395927429199,0.3230270743370056,0.7199996113777161,0.954982578754425
97,stomach,stomachion,0.0850239700409107,0.6327256560325623,0.7571265697479248,0.8557441830635071,0.2654527425765991,0.8057031035423279,0.778265655040741
97,stomach,stomaching,0.1919632682464008,0.6601439118385315,0.7839289307594299,0.8456388711929321,0.4129719734191894,0.7126045823097229,0.9179381728172302
97,stomach,stomachics,0.3037359267944806,0.8303553462028503,0.7606473565101624,0.7973968982696533,0.229546308517456,0.7553977370262146,0.8737531304359436
97,stomach,stomachable,0.2556153630440618,0.6748356819152832,0.7699347734451294,0.6923352479934692,0.3002195954322815,0.7555457353591919,0.9454919695854188
97,stomach,stomachical,0.2020349666883146,0.832863450050354,0.7643393278121948,0.7629116773605347,0.2936500310897827,0.7777324914932251,0.9562732577323914
97,stomach,stomachor,0.191775660695258,0.7802864909172058,0.7504976987838745,0.8046631813049316,0.3264587521553039,0.7560281157493591,0.9699963331222534
97,stomach,stomachal,0.23006361474039,0.7512838840484619,0.7791531085968018,0.8527799248695374,0.3748655319213867,0.8337675333023071,0.9148963093757628
97,stomach,stomaches,0.2401132424436992,0.6241820454597473,0.7853373885154724,0.8757154941558838,0.7102949023246765,0.7707511782646179,0.8597596287727356
97,stomach,stomacher,0.133398469215341,0.723305344581604,0.7708415985107422,0.8234071731567383,0.2473876178264618,0.6837478876113892,0.9215209484100342
97,stomach,stomached,0.2351017093952036,0.7337213754653931,0.7889350652694702,0.7849677801132202,0.5573134422302246,0.7191355228424072,0.9487367868423462
97,stomach,stomachic,0.3659455955191316,0.7909042835235596,0.7746818661689758,0.8173573613166809,0.430433839559555,0.8021300435066223,0.900849997997284
97,stomach,stomachly,0.304474286780332,0.7500529289245605,0.7769560813903809,0.7591755390167236,0.371034175157547,0.7734735608100891,0.9193496704101562
97,disorder,disorders,0.6118348160273386,0.8928091526031494,0.7373770475387573,0.8858224153518677,0.8107703924179077,0.8727962970733643,0.9771949648857116
97,disorder,disorderable,0.2466903226624033,0.6544750332832336,0.8072551488876343,0.7909541130065918,0.2404814809560775,0.8455994129180908,0.8833138942718506
97,disorder,disorderings,0.2735476682383384,0.810674786567688,0.8167681694030762,0.8075228929519653,0.2765924334526062,0.8875486254692078,0.9415258765220642
97,disorder,disorderness,0.2567026676572785,0.6458069086074829,0.8301244974136353,0.9123860597610474,0.2483600229024887,0.8943458199501038,0.8543775677680969
97,disorder,disorderization,0.2466903226624033,0.7510215044021606,0.8190999031066895,0.752152681350708,0.2252520620822906,0.9110084772109984,0.8966771364212036
97,disorder,disorderer,0.2735476682383384,0.7073463201522827,0.8218966722488403,0.7668840885162354,0.2720932960510254,0.8560510873794556,0.8807297945022583
97,disorder,disorderes,0.2797964035940954,0.6167000532150269,0.8278137445449829,0.9223695993423462,0.2594604194164276,0.8841898441314697,0.8725922107696533
97,disorder,disordered,0.4430555102295268,0.6568937301635742,0.8138285875320435,0.8197416067123413,0.6103571057319641,0.8284538984298706,0.9133254885673524
97,disorder,disorderor,0.3141440366532005,0.812885582447052,0.8043532371520996,0.7909224033355713,0.2788087725639343,0.8950834274291992,0.9371103644371032
97,disorder,disorderism,0.2238746409254899,0.5819132924079895,0.8296420574188232,0.8958730697631836,0.296918123960495,0.8997288346290588,0.8303053975105286
97,disorder,disordering,0.2973594682959858,0.6831623315811157,0.8322215676307678,0.8375884294509888,0.4751704335212707,0.8522509932518005,0.9022194147109984
97,disorder,disorderers,0.3098657916139984,0.6578510999679565,0.8457404375076294,0.7747348546981812,0.255323588848114,0.8488793969154358,0.8754499554634094
97,disorder,disorderred,0.2972893631012546,0.7660491466522217,0.7944708466529846,0.8170546889305115,0.2224598079919815,0.8614515066146851,0.9593189358711244
98,tiffany,tiffanyism,0.2533952029461215,0.5038754940032959,0.8226959109306335,0.7761517763137817,0.5575761795043945,0.6518938541412354,0.8773407340049744
98,tiffany,tiffanyisms,0.2613981186433776,0.794836163520813,0.7997217774391174,0.7786633968353271,0.5569412112236023,0.8089902997016907,0.9689421057701112
98,tiffany,tiffanies,0.2832560801419524,0.4927022457122803,0.4593617916107178,0.2577875852584839,0.4616407752037048,0.4400045573711395,0.8595066070556641
98,tiffany,tiffanys,0.4396582407526282,0.707084059715271,0.8273302316665649,0.9079715013504028,0.7282902598381042,0.7792297005653381,0.8725432753562927
98,keys,key,0.3137681037757522,0.6291451454162598,0.5832513570785522,0.8330493569374084,0.611758291721344,0.8433194160461426,0.9097379446029664
98,keys,keic,0.0929704814463673,0.3999471664428711,0.3627254664897918,0.2648357152938843,0.0310910753905773,0.4816762208938598,0.8914117813110352
98,keys,keily,0.0098936356248141,0.4091607630252838,0.3391417860984802,0.2109329849481582,0.0268294960260391,0.5266249775886536,0.8825570344924927
98,keys,keior,0.1905771677649631,0.4172740280628204,0.3726270496845245,0.1743718981742859,0.0595925860106945,0.5053732395172119,0.8970289826393127
98,keys,keics,0.1905771677649631,0.3817484974861145,0.4129833579063415,0.286342054605484,0.0287909600883722,0.4486057460308075,0.8766175508499146
98,keys,keies,0.2055620180358756,0.3258199691772461,0.3910555243492126,0.2239013314247131,0.0302575211971998,0.446402370929718,0.8308242559432983
98,keys,keier,0.0901595639628109,0.2328429222106933,0.3317158222198486,0.1758204698562622,0.1234271898865699,0.3232054412364959,0.8734996914863586
98,keys,keyal,0.108065801899902,0.5714589357376099,0.5098861455917358,0.4665566384792328,0.0647353827953338,0.6133193969726562,0.9236918091773988
98,keys,keyed,0.284829246719582,0.6158660650253296,0.5252051949501038,0.7262575030326843,0.4566268622875213,0.5942527651786804,0.9280439019203186
98,keys,keyes,0.124389122918308,0.4810510277748108,0.5683304667472839,0.7170611023902893,0.4340362846851349,0.511761486530304,0.8936543464660645
98,keys,keyer,0.1592506338918775,0.6334540843963623,0.4940014779567718,0.5381370782852173,0.260446697473526,0.4846384227275848,0.9244065880775452
98,keys,keyic,0.1287578204789151,0.5519564151763916,0.5156315565109253,0.4782222211360931,0.1697227209806442,0.6123361587524414,0.9198412895202636
98,keys,keyly,0.1174660012075805,0.6633453965187073,0.5042706727981567,0.4913643896579742,0.1391637176275253,0.6838784217834473,0.913118839263916
98,keys,keyor,0.1428993825933594,0.6973298788070679,0.530886173248291,0.4866020679473877,0.1092028021812439,0.6737517714500427,0.9261313676834106
98,keys,keyability,0.2133928495018765,0.5744512677192688,0.5599737763404846,0.3481082320213318,0.146562322974205,0.6063404679298401,0.9093689918518066
98,keys,keilies,0.1905771677649631,0.3306020498275757,0.4088697433471679,0.2336132377386093,0.1028870940208435,0.4056683182716369,0.8760172724723816
98,keys,keiness,0.0963818528544726,0.3979252576828003,0.3700868785381317,0.1589460670948028,-0.0074591552838683,0.4417190551757812,0.8896613121032715
98,keys,keyable,0.1816741347204673,0.6245986819267273,0.5497198104858398,0.5283317565917969,0.3077743947505951,0.7002182006835938,0.930214822292328
98,keys,keyance,0.2133928495018765,0.5709585547447205,0.5494413375854492,0.4499821662902832,0.1391634494066238,0.6073911190032959,0.9051272869110109
98,keys,keyence,0.095976097968795,0.6215740442276001,0.582181453704834,0.5294002294540405,0.1710559576749801,0.6299358606338501,0.9150642156600952
98,keys,keyions,0.2133928495018765,0.5351436138153076,0.5606410503387451,0.6541715860366821,0.2010732591152191,0.7384630441665649,0.8910155892372131
98,keys,keyized,0.2133928495018765,0.6210516691207886,0.5317755937576294,0.4768785834312439,0.1007637605071067,0.6923131346702576,0.8971550464630127
98,keys,keyings,0.1102419800618068,0.6939737200737,0.5412552356719971,0.5867091417312622,0.1422786712646484,0.67446368932724,0.9331468939781188
98,keys,keyness,0.1726758021822267,0.3877345323562622,0.3566815853118896,0.1589489579200744,0.1340589076280594,0.5100088119506836,0.8269287347793579
98,keys,keylies,0.1905771677649631,0.5933979153633118,0.5590810775756836,0.5091239213943481,0.2023680508136749,0.6669443845748901,0.9202643036842346
98,keys,keilys,0.1905771677649631,0.3763681948184967,0.3485248982906341,0.2295097112655639,0.1070052534341812,0.4427869021892547,0.8816819190979004
98,keys,keyion,0.2133928495018765,0.5908012390136719,0.527948260307312,0.5505939722061157,0.1729377806186676,0.6537488698959351,0.909056842327118
98,keys,keying,0.2830697048041199,0.6394115686416626,0.4946069717407226,0.5434846878051758,0.3831475675106048,0.6800680160522461,0.902474582195282
98,keys,keyism,0.0712691013667591,0.5075581073760986,0.5179866552352905,0.3823837339878082,0.1136354580521583,0.5531977415084839,0.871330976486206
98,keys,keyers,0.1771109102918372,0.7076961994171143,0.5674784779548645,0.5823125243186951,0.2830013036727905,0.6414400935173035,0.9455755352973938
98,keys,keyables,0.1905771677649631,0.5672199726104736,0.5269948244094849,0.5179944038391113,0.243195965886116,0.6140012741088867,0.915696144104004
98,keys,keyality,0.2626404555385075,0.612271785736084,0.562225878238678,0.4090726375579834,0.0932027548551559,0.6347455382347107,0.9188597202301024
98,keys,keyative,0.2133928495018765,0.5877251625061035,0.5294469594955444,0.3701955676078796,0.133746400475502,0.6120561361312866,0.912638247013092
99,vegetable,vegetablies,0.3049512140191766,0.2562130093574524,0.5801483392715454,0.4252391159534454,0.1647465974092483,0.4883382022380829,0.8472323417663574
99,vegetable,vegetablely,0.3049512140191766,0.5930602550506592,0.8285427093505859,0.8368532657623291,0.192360520362854,0.7810391187667847,0.8765712380409241
99,vegetable,vegetableor,0.3049512140191766,0.6046096086502075,0.8145200610160828,0.7814891338348389,0.262394905090332,0.6359110474586487,0.94496750831604
99,vegetable,vegetableds,0.2312376515727219,0.6585323810577393,0.8351234793663025,0.8194693922996521,0.1953645944595337,0.5960440635681152,0.9129937887191772
99,vegetable,vegetablees,0.3049512140191766,0.5034317374229431,0.8403252363204956,0.8917726278305054,0.1862332820892334,0.6645165681838989,0.8424346446990967
99,vegetable,vegetablers,0.2540533333096353,0.5374184250831604,0.8436721563339233,0.7821269631385803,0.1983222514390945,0.6451295614242554,0.8850969672203064
99,vegetable,vegetableized,0.3049512140191766,0.5992563366889954,0.8427254557609558,0.8301565647125244,0.1741497665643692,0.7321656346321106,0.9272631406784058
99,vegetable,vegetableness,0.3259169251904499,0.5809057950973511,0.8259748220443726,0.8590251803398132,0.1851464807987213,0.6819167137145996,0.8953850269317627
99,vegetable,vegetables,0.5929048614698715,0.6394493579864502,0.7603667974472046,0.902805745601654,0.7425645589828491,0.7230404019355774,0.8340178728103638
99,vegetable,vegetabler,0.3049512140191766,0.5630082488059998,0.826111912727356,0.8181672096252441,0.2291139960289001,0.6857039928436279,0.874687671661377
99,vegetable,vegetabled,0.2024932920166439,0.6558255553245544,0.8225118517875671,0.8417490720748901,0.2323872447013855,0.722669780254364,0.9291592240333556
99,vegetable,vegetably,0.3055722852007783,0.4282040596008301,0.5527942776679993,0.4211260676383972,0.5768214464187622,0.5630344152450562,0.9135170578956604
99,vegetable,vegetableizing,0.2540533333096353,0.62079918384552,0.8394138813018799,0.7971073389053345,0.1295034140348434,0.682897686958313,0.9210602045059204
99,vegetable,vegetability,0.2931593021515911,0.2964434623718261,0.5609239935874939,0.4346930384635925,0.1759350299835205,0.5654745101928711,0.8089343309402466
99,vegetable,vegetablized,0.2540533333096353,0.4246816039085388,0.6019997596740723,0.382197231054306,0.1966312825679779,0.4666830599308014,0.9186995625495912
99,fermentation,fermentations,0.5979614437119619,0.9107280969619752,0.9645240306854248,0.9580562114715576,0.7964973449707031,0.9421402215957642,0.9192330241203308
99,fermentation,fermentational,0.3517633536719609,0.8974176049232483,0.9557608366012572,0.9633426666259766,0.2782929837703705,0.9414764046669006,0.9108316898345948
99,fermentation,fermentationes,0.4066269612197725,0.8930387496948242,0.9613803625106812,0.9504389762878418,0.2403643280267715,0.9303781390190125,0.9151767492294312
100,weight,weightes,0.2061527015002892,0.6105804443359375,0.7835323810577393,0.903465986251831,0.2874539196491241,0.4659357964992523,0.8855046033859253
100,weight,weighter,0.1651550387833302,0.531943678855896,0.8013166785240173,0.6710754632949829,0.4130951464176178,0.5886753797531128,0.8916808366775513
100,weight,weightal,0.1891594131930223,0.6880322694778442,0.7790196537971497,0.759435772895813,0.1529508233070373,0.5649887919425964,0.9645073413848876
100,weight,weightly,0.124163920873181,0.7121297121047974,0.7885175347328186,0.753713846206665,0.2292893379926681,0.6247661113739014,0.8762142658233643
100,weight,weightor,0.1937595943590574,0.6663088798522949,0.7761577367782593,0.6612107753753662,0.2878813743591308,0.5936315655708313,0.9684895873069764
100,weight,weightable,0.1349312128509774,0.554932177066803,0.7756444215774536,0.752922534942627,0.1175426989793777,0.5012446641921997,0.8814546465873718
100,weight,weightness,0.1457150238671805,0.6932446956634521,0.7991582751274109,0.856478214263916,0.2508419752120971,0.6990211009979248,0.8522000312805176
100,weight,weightment,0.2006624708291316,0.667553186416626,0.7342400550842285,0.8517371416091919,0.2442964315414428,0.6324224472045898,0.8969458937644958
100,weight,weights,0.3879335462076583,0.7852709293365479,0.6255434155464172,0.7493842244148254,0.6521012187004089,0.4872540235519409,0.9633643627166748
100,weight,weightted,0.212443645575739,0.6440719366073608,0.7594806551933289,0.830532431602478,0.190817192196846,0.6497405171394348,0.901538908481598
100,weight,weighters,0.1510987594600119,0.5151656866073608,0.8103646039962769,0.6515098810195923,0.2193103432655334,0.7005496025085449,0.895484209060669
100,weight,weightism,0.2000589188546241,0.6102430820465088,0.7794713973999023,0.6834332346916199,0.2516336143016815,0.6790019273757935,0.8419593572616577
100,weight,weightments,0.1891594131930223,0.7412020564079285,0.7326871752738953,0.7908450365066528,0.2124679982662201,0.7144731879234314,0.9314160943031312
100,weight,weighttable,0.1891594131930223,0.7466520071029663,0.7375603914260864,0.5190815329551697,0.1706515103578567,0.4910721480846405,0.974103569984436
100,loss,lossibility,0.0987351785708453,0.7318369746208191,0.6862483620643616,0.6795480251312256,0.2183981388807296,0.7578272819519043,0.891544759273529
100,loss,lossation,0.0798017529553196,0.6271190643310547,0.7716309428215027,0.7667228579521179,0.2280814200639724,0.7386217713356018,0.949997067451477
100,loss,lossible,0.0656601908408752,0.599730372428894,0.7218233942985535,0.7571799755096436,0.2187290042638778,0.6989050507545471,0.9003329873085022
100,loss,lossness,0.1158085107351596,0.7110950946807861,0.7796164155006409,0.8234172463417053,0.2621452212333679,0.7361454963684082,0.8673936724662781
100,loss,lossations,0.0798017529553196,0.7452186346054077,0.7408726811408997,0.7642346620559692,0.2104986757040023,0.749030590057373,0.9002988338470459
100,loss,lossing,0.1764381919906345,0.6579955816268921,0.786052942276001,0.8700460195541382,0.5381948947906494,0.7631394863128662,0.926909565925598
100,loss,lossion,0.1502952198638366,0.690207302570343,0.7646746039390564,0.7957143783569336,0.2272215485572815,0.7534003257751465,0.9563446640968324
100,loss,losseer,0.1969819016231117,0.6498469114303589,0.7043540477752686,0.7159555554389954,0.1411509066820144,0.7945907115936279,0.9532445669174194
100,loss,lossers,0.0922138656292109,0.5970399379730225,0.7962694764137268,0.7094950675964355,0.2297224551439285,0.688978910446167,0.908729076385498
100,loss,lossors,0.1969819016231117,0.6949055194854736,0.728421688079834,0.6518765687942505,0.1842866390943527,0.7285943031311035,0.9378616213798524
100,loss,lossor,0.0722878887655674,0.6170852184295654,0.7332556247711182,0.6957226395606995,0.204252690076828,0.739057719707489,0.9519641399383544
100,loss,lossal,0.0187122520915203,0.7129614949226379,0.7586000561714172,0.76423579454422,0.2508067190647125,0.7574054002761841,0.928709089756012
100,loss,lossly,0.07419229528624,0.6179883480072021,0.7551124095916748,0.7643802165985107,0.0375604443252086,0.737362265586853,0.8639035224914551
100,loss,losses,0.4025831272393442,0.7982573509216309,0.6734407544136047,0.892280101776123,0.691141664981842,0.8341443538665771,0.9240614771842957
100,loss,losser,0.1056581081822369,0.4905573725700378,0.7767714858055115,0.7292500734329224,0.4232844114303589,0.6934187412261963,0.883754312992096
100,loss,lossed,0.1849212067018951,0.6638249158859253,0.7797332406044006,0.792558491230011,0.5271775722503662,0.7426289916038513,0.9209918975830078
102,calendar,calendarally,0.0825676205191715,0.7414646744728088,0.7788593173027039,0.8895317912101746,0.2293968647718429,0.7414646744728088,0.9483104348182678
102,calendar,calendarized,0.0712680238383414,0.5023711919784546,0.8225899934768677,0.9030588865280152,0.2364876121282577,0.5023711919784546,0.9286075830459596
102,calendar,calendarizer,0.1053833022560849,0.7642350196838379,0.7948846220970154,0.8181474208831787,0.2524675726890564,0.7642349600791931,0.955795407295227
102,calendar,calendarical,0.0447583658863508,0.7350610494613647,0.7999759912490845,0.8311458826065063,0.2589321136474609,0.7350611686706543,0.9584472179412842
102,calendar,calendarness,0.1502471576936092,0.725853443145752,0.8112014532089233,0.8608641028404236,0.2987493276596069,0.7258531451225281,0.8603134155273438
102,calendar,calendarallied,0.1502471576936092,0.5748578310012817,0.7066546678543091,0.8660584092140198,0.1530024856328964,0.574857771396637,0.9441905617713928
102,calendar,calendarizers,0.0825676205191715,0.578128457069397,0.7476344108581543,0.8112888336181641,0.2469081729650497,0.5781283378601074,0.8122519850730896
102,calendar,calendarizing,0.1223966768345436,0.6699950695037842,0.8163613677024841,0.9175623655319214,0.2319634705781936,0.6699950098991394,0.9522953033447266
102,calendar,calendaricities,0.1053833022560849,0.5031394958496094,0.6754941940307617,0.8367194533348083,0.2228081226348877,0.5031392574310303,0.8385903835296631
102,calendar,calendars,0.2922417739935468,0.6024059057235718,0.8456233739852905,0.9547473788261414,0.7961249351501465,0.6024057269096375,0.8116630911827087
102,calendar,calendarial,0.0907898894517048,0.75359046459198,0.8051220178604126,0.8128573894500732,0.2794393599033355,0.7535905241966248,0.95151686668396
102,calendar,calendarics,0.1053833022560849,0.6849948167800903,0.7920889854431152,0.817999541759491,0.2598602771759033,0.6849945783615112,0.8147375583648682
102,calendar,calendaring,0.1859900820455938,0.4991962015628814,0.8321018218994141,0.9476805925369264,0.5381342172622681,0.4991959929466247,0.8538855910301208
102,calendar,calendarism,0.1509300728554729,0.5464965105056763,0.8372336626052856,0.8275305032730103,0.2637978196144104,0.5464963316917419,0.8138276934623718
102,calendar,calendarity,0.1053833022560849,0.4814825654029846,0.8162626624107361,0.8476852178573608,0.2955307364463806,0.4814826846122741,0.8818789720535278
102,calendar,calendarize,0.069971030826894,0.7551913261413574,0.7927328944206238,0.895876407623291,0.2372747212648391,0.7551913261413574,0.9687867760658264
102,calendar,calendarred,0.126505462830693,0.691973090171814,0.7775841951370239,0.8619711399078369,0.2499353140592575,0.6919732689857483,0.9695292711257936
102,calendar,calendaror,0.1502471576936092,0.7168756723403931,0.7980276346206665,0.867343544960022,0.3094037473201751,0.7168757915496826,0.9753711819648744
102,calendar,calendarly,0.1096604622496331,0.6645656824111938,0.8123250007629395,0.8490837812423706,0.3800874352455139,0.6645656228065491,0.8370517492294312
102,calendar,calendaric,-0.0304981283302874,0.609598696231842,0.8169547319412231,0.8585011959075928,0.3088191449642181,0.6095986366271973,0.8873868584632874
102,calendar,calendared,0.1274424879230643,0.7063869833946228,0.8194301128387451,0.8957599401473999,0.4317602813243866,0.7063870429992676,0.957385003566742
102,calendar,calendarer,0.1053833022560849,0.5504589080810547,0.8158212304115295,0.916500210762024,0.2540265619754791,0.5504586100578308,0.9490329027175904
102,calendar,calendarically,0.1053833022560849,0.7061200141906738,0.7807559370994568,0.867894172668457,0.2539425492286682,0.7061200141906738,0.9555391669273376
102,calendar,calendarization,0.0615078950067365,0.4837552607059479,0.8344119787216187,0.8881956338882446,0.238948181271553,0.4837550222873688,0.8261953592300415
103,clothing,clothings,0.2776966846568764,0.7978723645210266,0.8039820790290833,0.9327486753463744,0.7358571290969849,0.8731170296669006,0.8769803047180176
103,clothing,clothingable,0.2279685608655554,0.8024219274520874,0.7781113982200623,0.8102363348007202,0.243913248181343,0.8218724727630615,0.95877206325531
103,clothing,clothinging,0.1711816763089855,0.7969726920127869,0.8171796202659607,0.8730095624923706,0.2554593384265899,0.8499640226364136,0.8993667364120483
103,clothing,clothingly,0.1321780107598509,0.7969691753387451,0.778647243976593,0.7578308582305908,0.1895283162593841,0.823208212852478,0.8816247582435608
103,clothing,clothingor,0.2279685608655554,0.78840172290802,0.7590305805206299,0.6758891940116882,0.1630875915288925,0.772026538848877,0.9650107622146606
103,clothing,clothinged,0.195320198076167,0.8258413672447205,0.7950975894927979,0.8414635062217712,0.2264412194490432,0.8571735620498657,0.9586390852928162
103,clothing,clothinges,0.1947474006267799,0.722581684589386,0.790368914604187,0.9239885807037354,0.2282866537570953,0.844789981842041,0.9171167612075806
103,clothing,clothinger,0.1949743754519875,0.7485116720199585,0.7927734851837158,0.6902390718460083,0.2406377345323562,0.814917802810669,0.9576822519302368
103,winter,winterable,0.1457043810191529,0.745785117149353,0.7373920679092407,0.7965594530105591,0.2306812107563018,0.7758625745773315,0.9286030530929564
103,winter,winterisms,0.2304327472877805,0.7801653146743774,0.699954092502594,0.745044469833374,0.2464618235826492,0.7545145153999329,0.947545289993286
103,winter,winterized,0.2100405945150357,0.7619068026542664,0.7457724809646606,0.7001309394836426,0.4978401660919189,0.7181785702705383,0.9533472657203674
103,winter,winterizer,0.2026814391181557,0.7636721134185791,0.7115926742553711,0.6228935718536377,0.3733602166175842,0.7956491708755493,0.9488865733146667
103,winter,winterizes,0.1582845234684901,0.7533679604530334,0.7156095504760742,0.6953527331352234,0.2621447443962097,0.7106990218162537,0.9389134049415588
103,winter,winterings,0.1918207376236165,0.7355861067771912,0.7226769328117371,0.7597073316574097,0.2567954659461975,0.7585623264312744,0.954778015613556
103,winter,winterlies,0.1457043810191529,0.771906852722168,0.7016677856445312,0.7370902299880981,0.2693953812122345,0.7657609581947327,0.9486773014068604
103,winter,winterlied,0.1570328736921725,0.5036005973815918,0.6865411996841431,0.6301427483558655,0.1869565397500991,0.6093446612358093,0.9004687070846558
103,winter,winterness,0.1203892917976243,0.7782212495803833,0.7609158754348755,0.9056283235549928,0.2643123269081116,0.7656288743019104,0.9269484877586364
103,winter,winterals,0.1457043810191529,0.7823566794395447,0.7358818054199219,0.6745008230209351,0.2589765787124634,0.8082017302513123,0.9553747773170472
103,winter,winterism,0.1922047358004064,0.6871166229248047,0.752178430557251,0.787901759147644,0.2838257253170013,0.6639019250869751,0.9192579388618468
103,winter,winterion,0.1060452614466089,0.6403642296791077,0.7560210227966309,0.740301251411438,0.3021056354045868,0.696200966835022,0.9470064640045166
103,winter,wintering,0.2773202460814105,0.7640624046325684,0.7982829809188843,0.85243821144104,0.470641553401947,0.800854504108429,0.96369206905365
103,winter,winterers,0.1829893133802921,0.7028839588165283,0.7916613221168518,0.7306652069091797,0.2583588361740112,0.7325869202613831,0.95256245136261
103,winter,winterize,0.2477506045977962,0.752197265625,0.7321833968162537,0.7187725305557251,0.4757548868656158,0.8226662278175354,0.9454751014709472
103,winter,winterred,0.1661816306971478,0.7027072906494141,0.7074893712997437,0.7167094945907593,0.1923610568046569,0.7337045073509216,0.9427061080932616
103,winter,winters,0.28814901923913,0.8739500641822815,0.5919173955917358,0.903734803199768,0.7616869807243347,0.926045835018158,0.9770222902297974
103,winter,winterizers,0.1922047358004064,0.6185038685798645,0.6715279221534729,0.6337589025497437,0.2515559494495392,0.6257528066635132,0.8672274947166443
103,winter,winterizing,0.2373076874384463,0.7779137492179871,0.7394627332687378,0.7416396141052246,0.46797975897789,0.7950838804244995,0.9391109347343444
103,winter,winterments,0.1228886992822395,0.7503076791763306,0.6876652836799622,0.7016368508338928,0.2452731728553772,0.7172641754150391,0.9473941922187804
103,winter,winterization,0.1448194550602382,0.704697847366333,0.7566050291061401,0.726447343826294,0.4412348866462707,0.6916550397872925,0.8963736891746521
103,winter,winterizations,0.0868491787174462,0.771644115447998,0.7127988934516907,0.727164089679718,0.2420651465654373,0.8052877187728882,0.9601144194602966
103,winter,wintered,0.2315144095941237,0.7649492025375366,0.7816795110702515,0.7652438879013062,0.4828727841377258,0.7755800485610962,0.9324872493743896
103,winter,winteres,0.1457043810191529,0.6208593249320984,0.7809559106826782,0.8416383266448975,0.2567147016525268,0.7519562840461731,0.9232802987098694
103,winter,winterer,0.0852341050664582,0.6287021636962891,0.8003866672515869,0.6571441888809204,0.2792952358722687,0.7848349213600159,0.9235999584197998
103,winter,winterly,0.1741423725338229,0.7582685351371765,0.7844685316085815,0.7881543636322021,0.6015828847885132,0.7876024842262268,0.921629011631012
104,gastrointestinal,gastrointestinally,0.3547661112898082,0.9390522837638856,0.97029310464859,0.938823401927948,0.387669026851654,0.9352722764015198,0.9385462403297424
104,gastrointestinal,gastrointestinals,0.3313895799408588,0.9241724014282228,0.9754688143730164,0.9452752470970154,0.3551000654697418,0.9136857986450196,0.9321398735046388
104,fistula,fistulas,0.66188420768143,0.8679725527763367,0.9289226531982422,0.9484375715255736,0.8309102058410645,0.9198688864707948,0.9192275404930116
104,fistula,fistulaes,0.4580807366362671,0.8320448994636536,0.924221932888031,0.935029923915863,0.3287235200405121,0.8949233889579773,0.8979234099388123
105,wall,wallled,0.0781097023258002,0.6944135427474976,0.7132548689842224,0.7431780099868774,0.2991473972797394,0.575878918170929,0.935604214668274
105,wall,walller,0.1514642661065232,0.5807522535324097,0.7555577754974365,0.612557053565979,0.3913662433624267,0.4690447747707367,0.9111228585243224
105,wall,wallors,0.1967214624858243,0.7356789112091064,0.7305206060409546,0.6961076259613037,0.0048902234993875,0.5261601209640503,0.9439166188240052
105,wall,wallers,0.1983111233967601,0.4720019102096557,0.3835569024085998,0.1894288808107376,0.2915810346603393,0.3987294733524322,0.8307746648788452
105,wall,walleds,0.1920509615504993,0.6486024260520935,0.498713731765747,0.6724929809570312,0.1365635395050048,0.4301720261573791,0.9271690845489502
105,wall,walleer,0.1455566045286592,0.6351215243339539,0.7165011167526245,0.5840013027191162,0.1205826252698898,0.4546058177947998,0.9243136048316956
105,wall,wallism,0.1551477363209268,0.5364846587181091,0.3574300408363342,0.1655253469944,0.1245007142424583,0.265419453382492,0.9199057817459106
105,wall,wallize,0.1227409227917458,0.7491925954818726,0.7074390649795532,0.729019820690155,0.1565055251121521,0.6949517726898193,0.9490267634391784
105,wall,wallion,0.1455566045286592,0.6468864679336548,0.7364523410797119,0.6573694944381714,0.1376338303089141,0.6744308471679688,0.9369496703147888
105,wall,walling,0.2272801386221274,0.754599392414093,0.782936692237854,0.81595778465271,0.5047785043716431,0.8379173278808594,0.9551213979721068
105,wall,walls,0.3560046998633773,0.8470445871353149,0.6829589605331421,0.8794510960578918,0.7821666598320007,0.8251071572303772,0.9765637516975404
105,wall,wallablies,0.1455566045286592,0.5354837775230408,0.5724426507949829,0.6790373921394348,0.0447888933122158,0.5460931658744812,0.8746765851974487
105,wall,walles,0.1194183033222779,0.5758144855499268,0.7673933506011963,0.8284521102905273,0.300764799118042,0.5838261842727661,0.8664455413818359
105,wall,waller,0.1374630211142095,0.5393432974815369,0.3248730301856994,0.1982188820838928,0.2671332955360412,0.2341980785131454,0.8973575234413147
105,wall,walled,0.2225379453382382,0.5758602619171143,0.4659387469291687,0.7058380246162415,0.3857402801513672,0.4897730052471161,0.9362033009529114
105,wall,wallal,0.0725688097126859,0.628192663192749,0.7476965188980103,0.7172545194625854,0.0747877657413482,0.6855101585388184,0.933556079864502
105,wall,wallly,0.1043283285302393,0.664654552936554,0.7550498247146606,0.7242133617401123,0.3260487020015716,0.4808131456375122,0.8988155722618103
105,wall,wallic,0.0939965632356679,0.6458920240402222,0.7515681982040405,0.6179208159446716,0.1792952716350555,0.6555319428443909,0.9440722465515136
105,wall,wallor,0.2152535188045333,0.4811692833900451,0.7481021881103516,0.6655113697052002,0.0197167452424764,0.583099901676178,0.9319838285446168
105,wall,wallably,0.1227409227917458,0.8027722239494324,0.6226484775543213,0.7085214257240295,0.0653043314814567,0.6201472282409668,0.9706583619117736
105,wall,wallable,0.2058713367833143,0.7244976162910461,0.7161906957626343,0.7320681810379028,0.0641069263219833,0.7753108739852905,0.9483128786087036
105,wall,wallance,0.2357258644096113,0.6519565582275391,0.6684815883636475,0.6122475862503052,0.0975419208407402,0.5593516230583191,0.9361355304718018
105,wall,wallence,0.1227409227917458,0.7264339923858643,0.6961740851402283,0.7183710336685181,0.1087006703019142,0.471459299325943,0.9567123055458068
105,wall,wallisms,0.1683092666875831,0.4469433426856994,0.3588095009326935,0.1232846975326538,0.1117065995931625,0.2484078854322433,0.8959442377090454
105,wall,wallings,0.0527040880628204,0.7189001441001892,0.7150537371635437,0.756168782711029,0.1322109699249267,0.8188082575798035,0.9496697783470154
105,wall,wallizer,0.0837372572426112,0.815656304359436,0.7195485234260559,0.6521629095077515,0.1790717989206314,0.5833241939544678,0.9697123765945436
105,wall,wallness,0.1438744791771734,0.7678422927856445,0.7661145329475403,0.8147684335708618,0.1494923084974289,0.5318588614463806,0.9531500935554504
105,wall,wallables,0.2738239854299513,0.5796298384666443,0.6842713356018066,0.7074759006500244,0.0371527373790741,0.6717429161071777,0.900782346725464
105,wall,wallances,0.1455566045286592,0.7933724522590637,0.6469548940658569,0.6621201038360596,0.0728811025619506,0.6050550937652588,0.9698690176010132
105,wall,wallation,0.2105983786991577,0.6629303693771362,0.7193704843521118,0.6748961806297302,0.1319773644208908,0.7014617919921875,0.9434217810630798
105,wall,walliving,0.1920509615504993,0.7218133211135864,0.606523871421814,0.624617338180542,0.1487219184637069,0.5831664204597473,0.9540990591049194
105,wall,wallability,0.1920509615504993,0.7665188312530518,0.6784070730209351,0.6865633726119995,0.0467717610299587,0.7409480214118958,0.9317026138305664
105,decoration,decorations,0.4499258244314132,0.59529709815979,0.7969185709953308,0.9068262577056884,0.8074672818183899,0.7859382033348083,0.9684116840362548
105,decoration,decorationed,0.2488788955602582,0.8418818712234497,0.8242794275283813,0.897727370262146,0.1671113073825836,0.821505606174469,0.9414644241333008
105,decoration,decorationes,0.3582320444379362,0.8179776668548584,0.8321816921234131,0.9417089223861694,0.1563566774129867,0.852433979511261,0.8809342384338379
105,decoration,decorational,0.2490490457170764,0.8494629263877869,0.8188928961753845,0.8842284679412842,0.6302497386932373,0.8630926012992859,0.9561418890953064
105,decoration,decorationally,0.2716945772971715,0.8072380423545837,0.7859854698181152,0.9250596165657043,0.2014164328575134,0.8425711393356323,0.9046242833137512
106,pet,pets,0.4742006648192832,0.8363456726074219,0.5932717323303223,0.8412299752235413,0.7953708171844482,0.7036736011505127,0.9805639386177064
106,pet,petenceds,0.0764904961932501,0.5090917348861694,0.3881515860557556,0.3215799927711487,0.0328769907355308,0.3915568590164184,0.954584777355194
106,pet,petencies,0.0568911409729235,0.6579638719558716,0.3338687419891357,0.3360275030136108,0.0142952920868992,0.4619084596633911,0.958175003528595
106,pet,petter,0.0658595701341138,0.505724310874939,0.8103746771812439,0.7100329399108887,0.3397423326969147,0.7593062520027161,0.8907678723335266
106,pet,petted,0.2898448934637594,0.7240450382232666,0.804038941860199,0.8104743957519531,0.438597172498703,0.7964127659797668,0.9606879949569702
106,pet,pettal,0.1544978272915193,0.7015762329101562,0.8077300786972046,0.646691620349884,0.1338229775428772,0.6544192433357239,0.9638753533363342
106,pet,pettor,0.1517422100807254,0.7128497362136841,0.8078698515892029,0.734426736831665,0.1770119369029998,0.7672179937362671,0.9689643383026124
106,pet,peteer,0.1539507377176241,0.5719518065452576,0.3708800077438354,0.3382557928562164,0.054113995283842,0.5062220096588135,0.8666560649871826
106,pet,peteds,0.1714440808754196,0.6128154397010803,0.3646257221698761,0.3397329151630401,0.0290527567267417,0.4924932420253753,0.9411636590957642
106,pet,petial,0.1773135090284327,0.8023831844329834,0.7814236879348755,0.6246525645256042,0.0925174877047538,0.6519789695739746,0.975242793560028
106,pet,petion,0.0448227850284517,0.6456413269042969,0.7952587008476257,0.6820015907287598,0.1401185095310211,0.6333426237106323,0.9547308683395386
106,pet,peting,0.1003207666382123,0.5665408372879028,0.8357004523277283,0.7814972400665283,0.3056960105895996,0.7497449517250061,0.8469278216362
106,pet,petize,0.1383098434792981,0.8336265087127686,0.7833973169326782,0.7065965533256531,0.0123103614896535,0.6720992922782898,0.9738451838493348
106,pet,petive,0.1845100784174725,0.6400661468505859,0.7906870245933533,0.6625885963439941,0.1297628134489059,0.5660406351089478,0.9725886583328248
106,pet,petity,0.1773135090284327,0.4885473847389221,0.4158377647399902,0.2730441093444824,0.0304709244519472,0.4601905047893524,0.9516067504882812
106,pet,petism,0.2013550789985323,0.6386854648590088,0.8109213709831238,0.6628643274307251,-0.0111257890239357,0.6989574432373047,0.9333089590072632
106,pet,petors,0.2013550789985323,0.6908202171325684,0.7837119102478027,0.6627059578895569,0.1222686767578125,0.5079693794250488,0.9611643552780152
106,pet,petic,0.1138587134694247,0.6347182393074036,0.8227344751358032,0.6198635101318359,0.0635366663336753,0.7657493948936462,0.9483489990234376
106,pet,petes,0.0566695454200934,0.524628758430481,0.3910948038101196,0.3270831108093261,0.0950742959976196,0.5134942531585693,0.865886926651001
106,pet,petly,0.1138587134694247,0.7099605798721313,0.8143598437309265,0.6901923418045044,0.1699538975954055,0.7213428020477295,0.9097429513931274
106,pet,petor,0.1488849681596647,0.5115872025489807,0.8185939788818359,0.6510688066482544,0.1428008824586868,0.5356046557426453,0.9451584219932556
106,pet,peted,0.1561613261043945,0.5976201891899109,0.3956667184829712,0.3760300874710083,0.1456104218959808,0.460299015045166,0.9359198808670044
106,pet,petability,0.2250967738614485,0.7176970839500427,0.7774885892868042,0.5675457715988159,0.1045968011021614,0.632403552532196,0.9673633575439452
106,pet,petance,0.1773135090284327,0.7504182457923889,0.7793108224868774,0.5537897944450378,0.0954529121518135,0.5601475834846497,0.9612149596214294
106,pet,petable,0.1335085372800693,0.7638504505157471,0.8038691878318787,0.6819844245910645,0.1275042742490768,0.7567253112792969,0.9787060618400574
106,pet,petence,0.1047205466317398,0.5448424816131592,0.3724632561206817,0.3332293927669525,0.0207850039005279,0.4087169170379638,0.8844525218009949
106,pet,petency,0.0966040581262421,0.6720609664916992,0.3462017178535461,0.3306166529655456,0.0232618860900402,0.4805444478988647,0.9650591611862184
106,pet,peteers,0.1068200421199156,0.5555801391601562,0.3417662382125854,0.3031944036483764,0.0333461984992027,0.4905773401260376,0.8946386575698853
106,pet,petizes,0.1257534677354413,0.8371782898902893,0.7570801377296448,0.6876190900802612,-0.016075050458312,0.723760724067688,0.9766417145729064
106,pet,petizer,0.067816376570781,0.794061541557312,0.7774471044540405,0.6457861065864563,0.0394367240369319,0.7524288892745972,0.965091109275818
106,pet,petical,0.1544978272915193,0.802553653717041,0.7803695201873779,0.6278204917907715,0.066687598824501,0.6878010630607605,0.9780627489089966
106,pet,petions,0.0867498021863067,0.6679515838623047,0.7673203349113464,0.6656675338745117,0.0629336163401603,0.6101706624031067,0.958396315574646
106,pet,petings,0.1773135090284327,0.7611128091812134,0.7843368649482727,0.699432373046875,0.0612537376582622,0.5455881357192993,0.9710745215415956
106,pet,petness,0.200465122394465,0.793782651424408,0.7985413670539856,0.8007314205169678,0.1152866333723068,0.6585714221000671,0.973580539226532
106,pet,petting,0.2687747928053942,0.5691838264465332,0.8103508949279785,0.7634947299957275,0.448812872171402,0.738798201084137,0.850369930267334
106,pet,petters,0.0882084445327453,0.5122223496437073,0.7882749438285828,0.701596736907959,0.168270006775856,0.6943878531455994,0.9180562496185304
106,pet,pettals,0.082087037872982,0.5004923343658447,0.7634609937667847,0.6499189138412476,0.120636485517025,0.5830570459365845,0.9330239295959472
106,pet,petables,0.2151984488068148,0.5525456070899963,0.7624460458755493,0.6321737170219421,0.0899461209774017,0.6084820032119751,0.9131593704223632
106,pet,petation,0.0993061779301635,0.6333032250404358,0.8066502809524536,0.670441746711731,0.0836262330412864,0.6379330158233643,0.9608058333396912
106,pet,petative,0.1383098434792981,0.7035712003707886,0.7417294979095459,0.6624174118041992,0.0735351964831352,0.640256941318512,0.9706389904022216
106,pet,petibles,0.2305709182467246,0.5600296854972839,0.7446345090866089,0.5961098670959473,0.0920987650752067,0.6024197936058044,0.9046217799186708
106,pet,petities,0.0924659892903978,0.5178467035293579,0.4080615043640136,0.2679663002490997,0.0609376952052116,0.4460019469261169,0.9110485911369324
106,pet,petively,0.2013550789985323,0.6961117386817932,0.7408280968666077,0.671872615814209,0.0922685340046882,0.5813822150230408,0.9627907276153564
106,pet,petizing,0.1773135090284327,0.8095747828483582,0.789948582649231,0.6981525421142578,0.0122659867629408,0.733035147190094,0.9718805551528932
106,pet,petizers,0.1773135090284327,0.5968751907348633,0.7423809766769409,0.5864629745483398,0.0146442120894789,0.7146723866462708,0.8485867977142334
106,pet,pettable,0.1724079468632373,0.6643854379653931,0.7488505840301514,0.5808802247047424,0.4586723446846008,0.6842683553695679,0.956241488456726
106,pet,pettably,0.1773135090284327,0.4228609800338745,0.721701979637146,0.5571426153182983,0.137100338935852,0.5634020566940308,0.8645482659339905
106,pet,pettings,0.1933988267140734,0.5509015321731567,0.7512937188148499,0.7190959453582764,0.4375369846820831,0.6920623779296875,0.8962071537971497
106,pet,pettability,0.1773135090284327,0.5124428868293762,0.717546820640564,0.5464305877685547,0.1174021214246749,0.5585419535636902,0.8782036304473877
106,pig,pigs,0.446054491915234,0.8804370164871216,0.6556323766708374,0.901921808719635,0.8035083413124084,0.846590518951416,0.9823671579360962
106,pig,pigers,0.1876742295242029,0.6455974578857422,0.827671468257904,0.8110211491584778,0.1019251495599746,0.7342243194580078,0.912130892276764
106,pig,pigeer,0.2494935768102509,0.6438219547271729,0.7755370140075684,0.7597897052764893,0.1530496478080749,0.7825033664703369,0.9366477727890016
106,pig,pigger,0.3014741570749905,0.6949465870857239,0.8188924789428711,0.7905182242393494,0.3316023051738739,0.8317772150039673,0.947761297225952
106,pig,pigged,0.2549804646301468,0.7316671013832092,0.787164032459259,0.8187317252159119,0.3996746242046356,0.8437116146087646,0.950157344341278
106,pig,pigism,0.3075071325813702,0.6043579578399658,0.8254563808441162,0.801399827003479,0.1324058920145034,0.7761306166648865,0.8225674033164978
106,pig,pigity,0.2494935768102509,0.7131122946739197,0.813951849937439,0.8528503775596619,0.055737167596817,0.8082069158554077,0.9569968581199646
106,pig,piging,0.2121363069016445,0.7233728170394897,0.8306162357330322,0.8186467885971069,0.1494916230440139,0.8150185942649841,0.9193069338798524
106,pig,pigion,0.2498643647716938,0.7083936929702759,0.7980161905288696,0.8160996437072754,0.2053014189004898,0.6998373866081238,0.9635518789291382
106,pig,pigors,0.1078897087535502,0.721602201461792,0.7805835008621216,0.7837845087051392,0.0964957252144813,0.7402169704437256,0.9636513590812684
106,pig,pigal,0.1715496114576684,0.6564645171165466,0.8145424723625183,0.826069712638855,0.1037166640162468,0.7408584356307983,0.9630054831504822
106,pig,piger,0.0985344172817699,0.6564335823059082,0.8273419141769409,0.8217086791992188,0.1723419427871704,0.7534272074699402,0.9145044684410096
106,pig,piges,0.070237292348495,0.6230075359344482,0.8241817355155945,0.8652557730674744,0.0923632979393005,0.7901716828346252,0.9319691061973572
106,pig,piged,0.2902524772381877,0.7663288116455078,0.8260406255722046,0.795499324798584,0.0634451508522033,0.823901891708374,0.9531058073043824
106,pig,pigor,0.132482580162847,0.5873027443885803,0.797177791595459,0.7673925161361694,0.1188190951943397,0.6982323527336121,0.960667371749878
106,pig,pigly,0.2282988990702605,0.7111296653747559,0.8102598190307617,0.7967198491096497,0.1042911484837532,0.8238288164138794,0.8849349617958069
106,pig,pigation,0.3393882361907691,0.6975615620613098,0.818324625492096,0.8022677898406982,0.1913286000490188,0.7641427516937256,0.9657025933265686
106,pig,piggable,0.197598517374581,0.4878919124603271,0.7378012537956238,0.7795305252075195,0.2220782041549682,0.6561955809593201,0.8911085724830627
106,pig,piggings,0.2494935768102509,0.4611253142356872,0.7427349090576172,0.7732369899749756,0.2211908251047134,0.6598811149597168,0.7724088430404663
106,pig,piggers,0.2782588644966018,0.6879334449768066,0.7866287231445312,0.7934035062789917,0.2557191550731659,0.8149270415306091,0.8855404853820801
106,pig,piggors,0.2494935768102509,0.4684782028198242,0.7331171035766602,0.6876746416091919,0.196535512804985,0.6884080171585083,0.8582761287689209
106,pig,pigging,0.2650150331462004,0.7098276615142822,0.7860198020935059,0.8055420517921448,0.442127525806427,0.8269158601760864,0.8262326121330261
106,pig,pigions,0.1625340988908022,0.6785697937011719,0.7752002477645874,0.7767209410667419,0.1501075774431228,0.6888216137886047,0.9366760849952698
106,pig,pigness,0.3151802072241519,0.736235499382019,0.8093124628067017,0.8690776228904724,0.20199915766716,0.8199625015258789,0.9459481239318848
107,homemade,homemaders,0.3258944714650756,0.7184692621231079,0.8663119077682495,0.7542629241943359,0.2881067991256714,0.7278536558151245,0.9607527256011964
107,homemade,homemadelies,0.2513640452096917,0.7096033096313477,0.8194591999053955,0.7779937982559204,0.205726757645607,0.7802291512489319,0.9769147038459778
107,homemade,homemadeness,0.3152899272304343,0.7501985430717468,0.8440320491790771,0.8783514499664307,0.233660489320755,0.7849767804145813,0.9734343886375428
107,homemade,homemadeism,0.3258944714650756,0.6162834167480469,0.8497025966644287,0.7120766639709473,0.2334370911121368,0.7850255370140076,0.8371371626853943
107,homemade,homemades,0.3638616814983823,0.6713885068893433,0.8533187508583069,0.9115507006645204,0.6190441846847534,0.784421443939209,0.8701251149177551
107,homemade,homemaded,0.2513640452096917,0.7598587274551392,0.8390421867370605,0.8844781517982483,0.3157546520233154,0.7899080514907837,0.9480220079421996
107,recipes,reciped,0.2477073833347117,0.7220799922943115,0.71571946144104,0.6121917963027954,0.6700173020362854,0.8481424450874329,0.9485276341438292
107,recipes,reciper,0.2517078693696992,0.675544261932373,0.7167108654975891,0.7378308773040771,0.3027276992797851,0.7969522476196289,0.939486801624298
107,recipes,recipal,0.1564017289715784,0.3379081785678863,0.4888429045677185,0.1921447068452835,0.2204217910766601,0.4710808396339416,0.9287582039833068
107,recipes,recipor,0.1564017289715784,0.49090775847435,0.5057241916656494,0.1483800262212753,0.2242361456155777,0.563692569732666,0.9519410729408264
107,recipes,recipe,0.6466509132043834,0.9180193543434144,0.8257508277893066,0.8967783451080322,0.7772308588027954,0.8910907506942749,0.9877737760543824
107,recipes,recipics,0.2033362537562352,0.5050204992294312,0.545089840888977,0.2286415994167328,0.1309451311826706,0.5969700813293457,0.9267777800559998
107,recipes,reciping,0.2246866805192968,0.3707473874092102,0.4894762337207794,0.1938942074775695,0.1582844257354736,0.5174584984779358,0.8817847371101379
107,recipes,recipeds,0.2366841772370808,0.741735577583313,0.7710011005401611,0.7236406207084656,0.3796902298927307,0.8693898916244507,0.9606413245201112
107,recipes,recipees,0.2911076613330194,0.648627758026123,0.7454384565353394,0.914291501045227,0.7151161432266235,0.8416728377342224,0.8395403623580933
107,recipes,recipeer,0.0469045965139267,0.6238269805908203,0.7224054336547852,0.753744900226593,0.3507169187068939,0.8123658895492554,0.8643368482589722
107,recipes,recipers,0.2286710700124529,0.6516642570495605,0.7661942839622498,0.7654484510421753,0.3248103559017181,0.8133325576782227,0.9082894325256348
107,recipes,recipals,0.2366841772370808,0.2919104993343353,0.5564867258071899,0.2307099103927612,0.2167291641235351,0.4457717537879944,0.8865985870361328
107,recipes,recipical,0.1642920264395414,0.3699561655521393,0.5567461252212524,0.1349343657493591,0.055532980710268,0.5409965515136719,0.8489376902580261
108,which,whichers,0.0234103831949606,0.6758254170417786,0.7135956287384033,0.611956000328064,0.2051845490932464,0.4943087995052337,0.9531574249267578
108,which,whiching,0.059234093143638,0.6681403517723083,0.7451842427253723,0.5891439914703369,0.2303843200206756,0.6593942642211914,0.9514199495315552
108,which,whichity,0.0862465224246914,0.6840744614601135,0.6764448881149292,0.5926224589347839,0.2360264956951141,0.6719845533370972,0.8185269832611084
108,which,whichical,0.0453129741753607,0.7784079313278198,0.5959921479225159,0.587023138999939,0.1463573724031448,0.7171642184257507,0.9610863924026488
108,which,whichness,0.0946842989480723,0.6973891258239746,0.6762527227401733,0.6120131015777588,0.2589309215545654,0.5206162929534912,0.9195568561553956
108,which,whichly,0.0877387735018529,0.6674602627754211,0.6901013851165771,0.6791937351226807,0.1422716826200485,0.4065150320529938,0.9585583806037904
108,which,whichor,0.0898724989484549,0.6034727096557617,0.6951366662979126,0.4951719939708709,0.2424620985984802,0.5890737175941467,0.9500237703323364
108,which,whiched,0.0736934361237288,0.6787581443786621,0.7044687271118164,0.6876426935195923,0.4156778454780578,0.4900062680244446,0.9409813284873962
108,which,whiches,0.0806994595353142,0.5465805530548096,0.7210137248039246,0.7620732188224792,0.3600186109542846,0.5536626577377319,0.8601770997047424
108,which,whicher,0.08623426414792,0.6185630559921265,0.7358253002166748,0.5846816897392273,0.2311384528875351,0.5788511633872986,0.9423574209213256
108,which,whichs,0.0858955741664238,0.6211134195327759,0.7866310477256775,0.7918446660041809,0.5876281261444092,0.6219445466995239,0.7959700226783752
108,day,daic,0.0214162405096252,0.4632435142993927,0.2740876972675323,0.2372328490018844,0.0635580271482467,0.4059275388717651,0.8871516585350037
108,day,daied,0.0238758786598467,0.501722514629364,0.2460069209337234,0.3306471705436706,0.1040865629911422,0.3970707952976227,0.9230220317840576
108,day,daies,0.0789983358339854,0.5267794132232666,0.2560494840145111,0.2647978961467743,0.2460719496011734,0.4140060842037201,0.9171185493469238
108,day,daier,0.0364771651934184,0.4891868531703949,0.2796177268028259,0.227000743150711,0.1540447324514389,0.4177301526069641,0.9374673366546632
108,day,daics,0.0783168954066746,0.4673820734024048,0.2590702474117279,0.1843803375959396,0.0880836993455886,0.3372687697410583,0.8776534795761108
108,day,dayed,0.0154755174929899,0.645108163356781,0.7461963891983032,0.7570059299468994,0.1643395572900772,0.6082034111022949,0.9398112893104552
108,day,dayes,0.093792220265896,0.6204609274864197,0.7446882128715515,0.8403865694999695,0.2792991995811462,0.5713052153587341,0.9445807933807372
108,day,dayer,0.0909285632432322,0.5983288288116455,0.7620969414710999,0.6512171626091003,0.3474051654338836,0.6515900492668152,0.92715585231781
108,day,dayal,0.034194327809561,0.5436826944351196,0.7183054685592651,0.7435353994369507,0.0598242953419685,0.5889498591423035,0.940243363380432
108,day,dayly,0.0839110430320563,0.7057680487632751,0.7471687197685242,0.7515525817871094,0.2826129198074341,0.5644160509109497,0.9186084270477296
108,day,dayor,0.1031725338122602,0.667262852191925,0.6803215742111206,0.5916883945465088,0.4937227666378021,0.5350428223609924,0.9535447359085084
108,day,dayability,0.0457603136108197,0.6951966285705566,0.6244258880615234,0.6509857177734375,0.1467165350914001,0.5888503193855286,0.9551916122436525
108,day,daicly,0.0457603136108197,0.4159448444843292,0.2532249689102173,0.2789357602596283,0.0775351002812385,0.3379336297512054,0.8966904878616333
108,day,daiers,0.0345515759807101,0.4697269201278686,0.2418782711029052,0.1945568621158599,0.1963214576244354,0.3982355892658233,0.9354742169380188
108,day,dayers,0.1098189548844107,0.6667718887329102,0.7385580539703369,0.6729369163513184,0.2561470568180084,0.618901252746582,0.9463237524032592
108,day,daying,0.0360151163164516,0.6598008871078491,0.7664583921432495,0.7818354368209839,0.4094067513942718,0.6699655055999756,0.9401217103004456
108,day,dayism,0.088204268966739,0.5633176565170288,0.6930034756660461,0.6670649647712708,0.2837588489055633,0.6940834522247314,0.8488336801528931
108,day,dayals,0.0723861077897414,0.7057980298995972,0.6387206315994263,0.6691147089004517,0.2106604725122451,0.6955081224441528,0.9590917229652404
108,day,dayallied,0.0903493148305187,0.5785698294639587,0.5025444626808167,0.7388356924057007,0.0847308561205864,0.5635438561439514,0.9511328935623168
108,day,dainess,0.0730946594873362,0.4914049804210663,0.2593674063682556,0.2255326956510543,0.0599469691514968,0.4393238425254822,0.9488425850868224
108,day,dayable,0.0457603136108197,0.7389788031578064,0.6826475858688354,0.7252368330955505,0.1589584499597549,0.6393982172012329,0.9504628777503968
108,day,dayance,0.0730946594873362,0.7872551679611206,0.6379706263542175,0.6477594375610352,0.2206204980611801,0.6149543523788452,0.9697953462600708
108,day,dayisms,0.0457603136108197,0.8178266882896423,0.6019472479820251,0.6940184831619263,0.2930440902709961,0.7527205348014832,0.974079728126526
108,day,dayment,0.0167210774899017,0.719650149345398,0.6747291088104248,0.7040233612060547,0.085155576467514,0.6999838948249817,0.9348685145378112
108,day,daylies,0.0385577992385048,0.7130762338638306,0.6154188513755798,0.7108386754989624,0.142878845334053,0.7086656093597412,0.9404585361480712
108,day,dayness,0.0475828613771302,0.7402511239051819,0.7274940609931946,0.7807102799415588,0.1926774382591247,0.6998605132102966,0.9485982060432434
108,halloween,halloweenness,0.2592837949571556,0.7958899736404419,0.827803909778595,0.875908374786377,0.1098761558532714,0.8654066920280457,0.9637256860733032
108,halloween,halloweens,0.3599706597641982,0.601621150970459,0.8328766822814941,0.9313260912895204,0.735389232635498,0.8584228754043579,0.9053401350975036
108,halloween,halloweenity,0.2101671109872016,0.7428597807884216,0.8287575840950012,0.8461222648620605,0.2045750021934509,0.8685888051986694,0.9643591046333312
108,halloween,halloweenism,0.2655893359296417,0.6646031141281128,0.8332300782203674,0.8226569890975952,0.1798188686370849,0.8781864047050476,0.8490846753120422
109,civil,civillization,0.1195037750612141,0.6923695206642151,0.7260785102844238,0.7663321495056152,0.2270862907171249,0.8411239385604858,0.8269415497779846
109,civil,civillizations,0.1481003102886527,0.506860077381134,0.6906062364578247,0.7631813883781433,0.2282545864582061,0.6705761551856995,0.7587499618530273
109,civil,civiliality,0.1779485113228816,0.4922329783439636,0.6690064072608948,0.7593647241592407,0.0897938683629036,0.7330803871154785,0.781243085861206
109,civil,civilally,0.2020158539377122,0.6085374355316162,0.7061265707015991,0.8207255005836487,0.2310952395200729,0.8455665111541748,0.8472775220870972
109,civil,civilials,0.1779485113228816,0.7447887659072876,0.7387889623641968,0.7643115520477295,0.1348187029361724,0.7841135263442993,0.8337600231170654
109,civil,civilions,0.2139931072752652,0.6141270399093628,0.7264137268066406,0.8232547044754028,0.1344483494758606,0.7350850701332092,0.7867347002029419
109,civil,civilness,0.1590356306487333,0.5378130674362183,0.7628391981124878,0.8739178776741028,0.2469151467084884,0.8165319561958313,0.7722536325454712
109,civil,civiller,0.1551328295859682,0.5567487478256226,0.7586637735366821,0.7295740842819214,0.2205938845872879,0.7566663026809692,0.748241126537323
109,civil,civilism,0.1930042584122195,0.3475942611694336,0.750191330909729,0.7660591006278992,0.1234409734606742,0.7633424997329712,0.752942681312561
109,civil,civiling,0.2257575488006284,0.5763608813285828,0.7784494161605835,0.8574557900428772,0.1833726912736892,0.6423079967498779,0.777633547782898
109,civil,civilion,0.1208424630497601,0.569682240486145,0.7417385578155518,0.7884159088134766,0.1643920838832855,0.7224022150039673,0.7515803575515747
109,civil,civilic,0.2257575488006284,0.6885949373245239,0.774590253829956,0.7893965840339661,0.2076473534107208,0.8304160833358765,0.8497303128242493
109,civil,civilor,0.2353079196719077,0.6081748604774475,0.7500191926956177,0.7382911443710327,0.2172747552394867,0.6716756224632263,0.7437458634376526
109,civil,civiles,0.3187804437936528,0.509015679359436,0.7752362489700317,0.8330501914024353,0.3401013016700744,0.684721052646637,0.7782500982284546
109,civil,civiler,0.1551328295859682,0.6181207299232483,0.765434741973877,0.8198380470275879,0.1970832794904709,0.7330232262611389,0.8473086953163147
109,civil,civiled,0.1161291640368336,0.625451385974884,0.7748037576675415,0.8601776957511902,0.2505326569080353,0.6351970434188843,0.8108362555503845
109,civil,civils,0.2795239251563184,0.6308621764183044,0.7937558889389038,0.9013983011245728,0.4331553280353546,0.6909339427947998,0.8439854979515076
109,civil,civilations,0.0948615130850889,0.6139754056930542,0.7218430638313293,0.801444411277771,0.216870367527008,0.7651900053024292,0.7797417640686035
109,civil,civilation,0.1513251693029698,0.580788254737854,0.7564598321914673,0.7858835458755493,0.2539065480232239,0.748259425163269,0.7932285666465759
109,civil,civilially,0.2257575488006284,0.4690975248813629,0.6805960536003113,0.7069891691207886,0.1187222376465797,0.6734923124313354,0.7823258638381958
109,civil,civillized,0.154639465856,0.696382999420166,0.7225598096847534,0.6893847584724426,0.2211121618747711,0.849721372127533,0.8227459192276001
109,defense,defensability,0.1810763669273926,0.4742463231086731,0.3722283840179443,0.2376191467046737,0.3106797337532043,0.576383113861084,0.9237008094787598
109,defense,defensatives,0.2109873650505053,0.5299191474914551,0.4025957584381103,0.2487066388130188,0.2832933962345123,0.6366075277328491,0.9046395421028136
109,defense,defenser,0.2023007695077666,0.704952597618103,0.7961342334747314,0.6355036497116089,0.2174525111913681,0.8314193487167358,0.9149928092956544
109,defense,defenses,0.4253037275072991,0.7663441896438599,0.6472467184066772,0.8665573000907898,0.7388922572135925,0.7487724423408508,0.9658433198928832
109,defense,defensed,0.3139111323207702,0.7468640804290771,0.7931808233261108,0.747062623500824,0.282864898443222,0.8010756969451904,0.9409378170967102
109,defense,defensor,0.1719744031936119,0.4305312037467956,0.3802809715270996,0.2867469787597656,0.2681702971458435,0.5640928745269775,0.9365621209144592
109,defense,defenseability,0.2109873650505053,0.6403623819351196,0.7341198325157166,0.6945351362228394,0.1762491017580032,0.840238630771637,0.9268518090248108
109,defense,defenseively,0.2347290599134215,0.7662795186042786,0.7097036838531494,0.7372869253158569,0.2727713882923126,0.8198297619819641,0.9272218942642212
109,defense,defensors,0.1363991886606476,0.495563805103302,0.3815897703170776,0.2785698473453522,0.1316283941268921,0.5303621292114258,0.8890807032585144
109,defense,defensers,0.2412201931761286,0.6815599203109741,0.7848573923110962,0.68500816822052,0.1810514479875564,0.8647121787071228,0.9158785343170166
109,defense,defenseor,0.2347290599134215,0.777564287185669,0.7648741006851196,0.6128742694854736,0.2304340898990631,0.8189802765846252,0.95085346698761
109,defense,defenseed,0.2347290599134215,0.7111278772354126,0.7901875376701355,0.7843272686004639,0.1823895871639251,0.7654076218605042,0.8748981356620789
109,defense,defensely,0.2446589585518039,0.7334171533584595,0.7794966697692871,0.718798041343689,0.1955993920564651,0.8078060746192932,0.8671888709068298
109,defense,defensize,0.2347290599134215,0.4266495704650879,0.4088085889816284,0.263557106256485,0.0881929174065589,0.5982457995414734,0.8736746907234192
109,defense,defensics,0.2579614618906036,0.5244879126548767,0.4061562418937683,0.2793529629707336,0.1727449297904968,0.5911960601806641,0.9484379887580872
109,defense,defensing,0.2286431103225585,0.4564279913902282,0.3792282938957214,0.2975920736789703,0.6023353934288025,0.6173112392425537,0.8861408233642578
109,defense,defension,0.1941423644694455,0.4830745458602905,0.3929343521595001,0.3051264584064483,0.1793210208415985,0.6191657781600952,0.936785876750946
109,defense,defensable,0.1902140473502421,0.4588277041912079,0.3464664220809936,0.2741047441959381,0.27922323346138,0.5837488770484924,0.9139398336410522
109,defense,defenseion,0.186570100616761,0.7764190435409546,0.7696934938430786,0.7092692852020264,0.1998739540576934,0.8304884433746338,0.9516822099685668
109,defense,defenseive,0.2243969228045557,0.7586346864700317,0.7540963292121887,0.6894758939743042,0.3216814398765564,0.8520939350128174,0.9113427996635436
109,defense,defensions,0.2347290599134215,0.4245086908340454,0.3923011422157287,0.2977759540081024,0.1595531404018402,0.562358558177948,0.856910765171051
109,defense,defensative,0.2231827972021881,0.50924152135849,0.3808131515979767,0.2442552149295807,0.3058488965034485,0.611120879650116,0.9221925139427184
109,defense,defenseable,0.1941423644694455,0.6741310358047485,0.7448537349700928,0.7551791667938232,0.1723000258207321,0.7625503540039062,0.9002761244773865
109,defense,defenseance,0.2310402214757122,0.8225094079971313,0.7605989575386047,0.6288319826126099,0.186357244849205,0.8261460661888123,0.962104320526123
109,defense,defensement,0.2310402214757122,0.7779190540313721,0.7504704594612122,0.7161870002746582,0.0680158510804176,0.8640370965003967,0.9513370394706726
109,siren,sireneer,0.3039127108067545,0.8000147342681885,0.8264942169189453,0.8488540649414062,0.260656476020813,0.8434151411056519,0.9734529852867126
109,siren,sirenize,0.2242114422516839,0.8252386450767517,0.8246430158615112,0.8637574911117554,0.2160082906484604,0.7546392679214478,0.972499668598175
109,siren,sirenity,0.2030896979715718,0.7752264142036438,0.8326672315597534,0.8644859790802002,0.2325580716133117,0.7935202121734619,0.950568914413452
109,siren,sirenics,0.342916376355889,0.8213562369346619,0.8340982794761658,0.8267117142677307,0.2227650582790374,0.7931162714958191,0.9698798656463624
109,siren,sirenism,0.2523526695137632,0.6853782534599304,0.8409406542778015,0.8211225867271423,0.2095320224761963,0.7917158007621765,0.883449137210846
109,siren,sirenion,0.3974209143297735,0.6868792176246643,0.8252353072166443,0.8703393936157227,0.2534918487071991,0.7967987656593323,0.9485606551170348
109,siren,sirening,0.3296259515477196,0.7934180498123169,0.8595442771911621,0.8677196502685547,0.2534930408000946,0.7911867499351501,0.9577819108963012
109,siren,sirens,0.4209227687584011,0.8584886789321899,0.7181387543678284,0.8515353798866272,0.7964141964912415,0.8371630311012268,0.9814276695251464
109,siren,sirenically,0.3201006946189758,0.7645823955535889,0.7942730188369751,0.8359725475311279,0.2011018991470337,0.7752284407615662,0.9474985599517822
109,siren,sirenical,0.3240663505490505,0.8290481567382812,0.8072327375411987,0.8487949371337891,0.1982283890247345,0.7947703003883362,0.973219871520996
109,siren,sirenized,0.1972985796958674,0.8423051238059998,0.8312432765960693,0.8535314202308655,0.2045855224132537,0.8289937973022461,0.980866551399231
109,siren,sirened,0.2334192438982374,0.8160430192947388,0.8477345705032349,0.8558987379074097,0.3227268159389496,0.8083775043487549,0.9520889520645142
109,siren,sirenes,0.1790310019530531,0.5995996594429016,0.8505343794822693,0.8887515664100647,0.3284476697444916,0.7708826661109924,0.926049828529358
109,siren,sirener,0.3039127108067545,0.7782080769538879,0.8481041193008423,0.8654717206954956,0.3228898644447326,0.8588140606880188,0.9640113115310668
109,siren,sirenic,0.2817002840526729,0.7501220107078552,0.8424628973007202,0.822273850440979,0.2270428538322448,0.7988499999046326,0.9400044083595276
110,career,careers,0.1114636150559477,0.6449755430221558,0.6692963242530823,0.8822146654129028,0.735136866569519,0.7285832762718201,0.9079042673110962
110,career,careerability,0.1384702957013536,0.5845409631729126,0.7241408824920654,0.7309685349464417,0.2173859626054763,0.8191009163856506,0.860682487487793
110,career,careering,0.1780480365413948,0.6601495742797852,0.77074134349823,0.8763864040374756,0.2061464786529541,0.5966529250144958,0.949084460735321
110,career,careerism,0.1740317448777557,0.5214555263519287,0.7593938112258911,0.7056341171264648,0.3263553082942962,0.6629235744476318,0.8015629053115845
110,career,careerers,0.1707356432038429,0.5747224688529968,0.7558929920196533,0.6974878907203674,0.2094020247459411,0.5888559222221375,0.918966829776764
110,career,careerical,0.1384702957013536,0.7455795407295227,0.6950535774230957,0.7377550601959229,0.1964601576328277,0.7896782755851746,0.95696359872818
110,career,careerisms,0.1384702957013536,0.6449375152587891,0.6969450116157532,0.7216174602508545,0.1545090526342392,0.7381779551506042,0.9208757281303406
110,career,careerment,0.1891682169495766,0.6672161817550659,0.7023311853408813,0.8250176906585693,0.263920396566391,0.6878836750984192,0.9638895988464355
110,career,careeror,0.171913561606394,0.653997004032135,0.7409617900848389,0.6771570444107056,0.2983869612216949,0.5438413023948669,0.9462321996688844
110,career,careered,0.1126129725363448,0.6274747848510742,0.7616012096405029,0.7772219181060791,0.2619487643241882,0.5411167144775391,0.9548914432525636
110,career,careerer,0.1924895579287996,0.5869840383529663,0.7622868418693542,0.7448405027389526,0.2187590301036834,0.5738072395324707,0.8577663898468018
110,career,careeres,0.015918030001523,0.521334171295166,0.7628028988838196,0.8441490530967712,0.2400805354118347,0.4017296433448791,0.8818863034248352
110,career,careeral,0.1609353480020816,0.5793691277503967,0.7518563270568848,0.7886817455291748,0.2465414255857467,0.520124614238739,0.9649488925933838
110,plan,plannor,0.1383389426759317,0.8193740844726562,0.6871449947357178,0.4904994964599609,0.1785345673561096,0.8841978907585144,0.9821244478225708
110,plan,planned,0.2948971202843915,0.756909966468811,0.5824719667434692,0.7774919271469116,0.5957262516021729,0.7373579740524292,0.9792961478233336
110,plan,plannal,0.1383389426759317,0.8125938773155212,0.6746113300323486,0.4756547212600708,0.1979690045118332,0.8538673520088196,0.9860867261886596
110,plan,planeer,0.1620806375388479,0.5894680023193359,0.3221156597137451,0.1851650476455688,0.1359037905931472,0.4572511315345764,0.8600249886512756
110,plan,planial,0.1167552330111575,0.8238933086395264,0.701718807220459,0.5543745756149292,0.1106895133852958,0.8661640286445618,0.9741021394729614
110,plan,planity,0.0939395512742441,0.6708502769470215,0.7259588241577148,0.6341932415962219,0.1434132307767868,0.823291540145874,0.9509011507034302
110,plan,planing,0.1307521692089596,0.6824965476989746,0.7982163429260254,0.7647913694381714,0.3028712868690491,0.8224779963493347,0.8610661625862122
110,plan,planal,0.0970526769026736,0.6277033090591431,0.7529944777488708,0.5800647139549255,0.1283385455608368,0.8256218433380127,0.9376338124275208
110,plan,planed,0.1344924475439815,0.5963045358657837,0.325482428073883,0.2571821212768554,0.3036669790744781,0.453721821308136,0.9461366534233092
110,plan,planly,0.1152311515626122,0.7425677180290222,0.7496988773345947,0.7009583115577698,0.2092092484235763,0.7903769612312317,0.910003125667572
110,plan,planor,0.1152311515626122,0.6231290102005005,0.7275747656822205,0.5241574048995972,0.1509576439857483,0.8273707628250122,0.9745433926582336
110,plan,plans,0.4081587059238646,0.9033852815628052,0.6975111961364746,0.857168436050415,0.804835319519043,0.8703952431678772,0.990271806716919
110,plan,planization,0.1620806375388479,0.6425668001174927,0.7347928881645203,0.609935998916626,0.1611234694719314,0.8655200600624084,0.9511379599571228
110,plan,plannability,0.1167552330111575,0.5762367844581604,0.6261986494064331,0.5661938190460205,0.1922667324542999,0.6687451601028442,0.881488025188446
110,plan,planable,0.1032942625899103,0.759928286075592,0.7324264049530029,0.6774898767471313,0.0607069954276084,0.7952979803085327,0.9558242559432985
110,plan,planeers,0.1167552330111575,0.5907694101333618,0.3330270648002624,0.1864740252494812,0.1182012781500816,0.4551630020141601,0.9385830760002136
110,plan,planings,0.0928453719920269,0.8157801628112793,0.7210735082626343,0.621349573135376,0.1351736187934875,0.8728728294372559,0.9759898781776428
110,plan,planment,0.1620806375388479,0.7665756940841675,0.7166105508804321,0.646652102470398,0.1138642504811286,0.8621748089790344,0.9355787634849548
110,plan,planning,0.3514966198350092,0.8451383113861084,0.5607423186302185,0.6820698976516724,0.6079697012901306,0.8354485034942627,0.970215916633606
110,plan,planness,0.0777515674620228,0.7378063201904297,0.7385661602020264,0.6370198130607605,0.194793626666069,0.8362186551094055,0.915360987186432
110,plan,planneds,0.1214939420948718,0.6429462432861328,0.52475905418396,0.6687349081039429,0.1753766685724258,0.7224714756011963,0.8477144241333008
110,plan,planability,0.1620806375388479,0.6567704081535339,0.6784834861755371,0.5805914998054504,0.0886120870709419,0.8424772620201111,0.9311506152153016
110,plan,planities,0.1244485618770863,0.7340970039367676,0.6593631505966187,0.6041650772094727,0.1238137036561966,0.8732084631919861,0.9576521515846252
110,plan,plannable,0.1316042420536117,0.7904057502746582,0.6488678455352783,0.6430396437644958,0.2247965633869171,0.8481804132461548,0.9731506109237672
110,plan,plannings,0.1077029783426891,0.6021968126296997,0.5157163143157959,0.6142942905426025,0.4233852624893188,0.7398961782455444,0.7102779150009155
111,branched,branchizing,0.4049548144717816,0.6179239749908447,0.5852681398391724,0.7003997564315796,0.0780588239431381,0.5932669043540955,0.956067442893982
111,branched,branchments,0.4049548144717816,0.6896688938140869,0.6038049459457397,0.655571460723877,0.0471969284117221,0.4507088661193847,0.9619205594062804
111,branched,branchs,0.1970022881027659,0.5899391174316406,0.4631451964378357,0.6917173862457275,0.3087349832057953,0.6120334267616272,0.8567772507667542
111,branched,branch,0.2542406492207886,0.748558759689331,0.4882229566574096,0.7329944372177124,0.4609736800193786,0.7220308780670166,0.9684043526649476
111,branched,branchable,0.1242177265454344,0.6530489325523376,0.5744861960411072,0.7214094400405884,0.1560145020484924,0.631734311580658,0.9396930932998656
111,branched,branchings,0.3319698926089577,0.5514640808105469,0.7096878290176392,0.7491787075996399,0.3809752166271209,0.6148791909217834,0.8458291888237
111,branched,branchness,0.3821391327348681,0.6259276270866394,0.5144988298416138,0.7000730633735657,0.0436108857393264,0.6706724762916565,0.9550471305847168
111,branched,branchial,0.3424505873590133,0.5323964357376099,0.586829423904419,0.6590458154678345,0.1897618323564529,0.7205173969268799,0.8557546138763428
111,branched,branching,0.4498063221069994,0.9085295796394348,0.8035572171211243,0.7495043277740479,0.7199185490608215,0.7859752178192139,0.9816150665283204
111,branched,branchion,0.2184642593353596,0.4924001395702362,0.5771173238754272,0.7077385187149048,0.0621855966746807,0.6965915560722351,0.918101966381073
111,branched,brancheds,0.4049548144717816,0.4927510619163513,0.8686083555221558,0.953620433807373,0.1418899744749069,0.7581300735473633,0.8285307884216309
111,branched,branchers,0.2489401522752431,0.5035167932510376,0.5420969724655151,0.6082910299301147,0.0961831957101821,0.5841057300567627,0.9091874957084656
111,branched,branchly,0.4049548144717816,0.6159152984619141,0.4722321927547455,0.6514524817466736,0.1230100244283676,0.6863495111465454,0.9369471073150636
111,branched,branchor,0.3659511489226469,0.6263769865036011,0.5233778953552246,0.5728265643119812,0.0911536067724227,0.6830783486366272,0.9599339365959167
111,branched,branchal,0.3090279661774856,0.4507133364677429,0.5426932573318481,0.6591705083847046,0.099724568426609,0.7579190135002136,0.8967818021774292
111,branched,branches,0.3007319893048358,0.6789324283599854,0.5942418575286865,0.705634355545044,0.4918673038482666,0.5308382511138916,0.954239010810852
111,branched,brancher,0.2071320562573836,0.4422882795333862,0.4937301576137543,0.5814093351364136,0.1302471756935119,0.6284443736076355,0.8375734686851501
111,branched,branchability,0.4049548144717816,0.5377510786056519,0.5910162925720215,0.6391085386276245,0.0618997104465961,0.5511354804039001,0.885646641254425
111,chain,chainables,0.132647943820016,0.6221482753753662,0.7137179374694824,0.680668830871582,0.188114508986473,0.6830275058746338,0.8992906808853149
111,chain,chainly,0.242249868225025,0.7872228622436523,0.7946211695671082,0.7116413712501526,0.2041086256504058,0.8081014156341553,0.8847256898880005
111,chain,chainor,0.2185081733621088,0.7667725682258606,0.7675797939300537,0.7909621000289917,0.2342279106378555,0.7832800149917603,0.9703204035758972
111,chain,chainal,0.1709818880994062,0.7619549036026001,0.7972689270973206,0.7803447842597961,0.2736309766769409,0.8688170313835144,0.9684907793998718
111,chain,chaines,0.0736564066425335,0.6198062896728516,0.8002475500106812,0.908444344997406,0.2412282973527908,0.7538359761238098,0.9151073098182678
111,chain,chainer,0.181267075767842,0.710117757320404,0.801697850227356,0.8397901058197021,0.2810325622558594,0.8215409517288208,0.9255293011665344
111,chain,chained,0.2575323484683149,0.7997101545333862,0.5217639207839966,0.763938307762146,0.37396439909935,0.7523889541625977,0.9743608236312866
111,chain,chainable,0.2071415444649357,0.7942075729370117,0.7666071653366089,0.7136125564575195,0.3296847939491272,0.8219746947288513,0.9491601586341858
111,chain,chainings,0.1880086481986535,0.7816897630691528,0.7515503764152527,0.7972647547721863,0.1728545576333999,0.7482395172119141,0.9596412777900696
111,chain,chainness,0.242249868225025,0.7854108810424805,0.7800254225730896,0.8126456141471863,0.2392891198396682,0.8027564883232117,0.9542225003242492
111,chain,chainning,0.1547939042871849,0.7130942344665527,0.7702351808547974,0.7651092410087585,0.2636187672615051,0.7179160118103027,0.880756139755249
111,chain,chains,0.4280987402407595,0.7816600799560547,0.7379117012023926,0.9207496643066406,0.8116702437400818,0.7243431210517883,0.9598277807235718
111,chain,chainability,0.2047387970301537,0.6488697528839111,0.7418565154075623,0.6926320791244507,0.2287774235010147,0.7856094241142273,0.9242540001869202
111,chain,chainned,0.142429666154108,0.819003701210022,0.7489595413208008,0.7633363604545593,0.1633791327476501,0.7329001426696777,0.9385153651237488
111,chain,chaining,0.2778016055531869,0.7350360155105591,0.8091979026794434,0.8345087766647339,0.4354692697525024,0.7872287034988403,0.92275869846344
111,chain,chainers,0.1695960158157745,0.6996185183525085,0.8175952434539795,0.8262037038803101,0.1353571563959121,0.7540015578269958,0.9447391629219056
111,amino,aminoly,0.3171710981593182,0.6359267234802246,0.8429263234138489,0.8996164202690125,0.3851100206375122,0.8355213403701782,0.8544737100601196
111,amino,aminos,0.4764712594935086,0.4773576259613037,0.8469974994659424,0.9532079100608826,0.4739695787429809,0.8073068261146545,0.8355488181114197
111,acid,acidically,0.1940964482398891,0.7669064998626709,0.5718635320663452,0.7746202349662781,0.2108528912067413,0.7679019570350647,0.9664510488510132
111,acid,acidiclies,0.2205967852088616,0.6545293927192688,0.5409576892852783,0.6190448999404907,0.1909022629261016,0.6779152750968933,0.977400243282318
111,acid,acidicness,0.226035140967556,0.6961243748664856,0.5381160974502563,0.7047936916351318,0.3186182975769043,0.7879599332809448,0.9337828755378724
111,acid,acids,0.592875790728122,0.8977588415145874,0.7063091397285461,0.8928102254867554,0.7170826196670532,0.8593339323997498,0.9859166145324708
111,acid,acidance,0.1891887384993204,0.6749225854873657,0.7873513102531433,0.761041522026062,0.2475426942110061,0.7785376310348511,0.9413466453552246
111,acid,acidizer,0.278403733647204,0.6953160762786865,0.7916005849838257,0.7777899503707886,0.2720720171928406,0.7984412908554077,0.9671024084091188
111,acid,acidized,0.3442880206818903,0.6519198417663574,0.8068767189979553,0.7865157127380371,0.3837697207927704,0.8284716010093689,0.9218971729278564
111,acid,acidicly,0.1579277476216566,0.6863117218017578,0.526758074760437,0.7755679488182068,0.2088015377521515,0.7737356424331665,0.9119100570678712
111,acid,acidical,0.1984881706246523,0.7992969155311584,0.5674362182617188,0.768796980381012,0.1964432299137115,0.7537306547164917,0.9143097400665284
111,acid,acidness,0.2913136117864548,0.6453288197517395,0.7987000942230225,0.8514240980148315,0.2545673847198486,0.8234719634056091,0.9193206429481506
111,acid,acidly,0.1149424605206914,0.7257996797561646,0.7921260595321655,0.7811083793640137,0.1974751651287078,0.813362717628479,0.9386690258979796
111,acid,acidor,0.2558511763906573,0.7264256477355957,0.8036301136016846,0.7606602907180786,0.3111965656280517,0.7955073118209839,0.9764689803123474
111,acid,acider,0.1679559703847146,0.745212197303772,0.8088749647140503,0.7599557638168335,0.2513956725597381,0.7695291638374329,0.9619329571723938
111,acid,acides,0.2661410336820481,0.6413538455963135,0.8201178908348083,0.8912625908851624,0.5100884437561035,0.7420592904090881,0.9582703709602356
111,acid,acided,0.1398626140804209,0.7135390639305115,0.8110971450805664,0.8138864636421204,0.256846934556961,0.8309780359268188,0.8933993577957153
111,acid,acidic,0.4582548729276149,0.9094321131706238,0.6298708915710449,0.8572083115577698,0.6693967580795288,0.8660700917243958,0.9641461372375488
111,acid,acidal,0.252656859418821,0.7954828143119812,0.8090424537658691,0.8394795656204224,0.2268504500389099,0.8306346535682678,0.984832763671875
111,acid,acidization,0.2686408676280222,0.5898306369781494,0.8153675198554993,0.7591071128845215,0.3078068196773529,0.7731625437736511,0.8751783967018127
111,acid,aciding,0.2297753176707626,0.6548536419868469,0.8306981921195984,0.8442087173461914,0.2578562498092651,0.7622037529945374,0.8661621809005737
111,acid,acidism,0.2796878339535849,0.4790389537811279,0.8156679272651672,0.8155326843261719,0.2695508301258087,0.7679729461669922,0.8573651313781738
111,acid,acidize,0.2433072538986157,0.7299284934997559,0.788703441619873,0.7958084344863892,0.2816829681396484,0.8492544293403625,0.9173842668533324
111,acid,acidial,0.2069596359338492,0.8477034568786621,0.7902383804321289,0.7284532785415649,0.2541452944278717,0.877524733543396,0.9794849753379822
111,acid,acidics,0.1460748584751305,0.7311709523200989,0.5455456972122192,0.7900198698043823,0.2188785821199417,0.7751998901367188,0.8084685802459717
111,acid,acidder,0.2796878339535849,0.686380922794342,0.7863959074020386,0.6261078715324402,0.1919331103563308,0.7463323473930359,0.9686768651008606
111,acid,aciddor,0.2297753176707626,0.7732030749320984,0.7601398229598999,0.6644179821014404,0.1847156882286071,0.882151186466217,0.978879988193512
111,acid,acidation,0.2391011385096088,0.5961108207702637,0.8239349126815796,0.8053727149963379,0.209567442536354,0.7467791438102722,0.9206541776657104
111,acid,acidicity,0.2449158560305766,0.6245189309120178,0.5685470700263977,0.7440251111984253,0.1781769394874572,0.7582964897155762,0.8250131607055664
111,acid,acidizing,0.3411398269087211,0.6199426054954529,0.8080705404281616,0.7999175786972046,0.3741471171379089,0.8040962815284729,0.9058319330215454
113,deadlift,deadlifts,0.7549388388801295,0.7074478268623352,0.918936252593994,0.9461163282394408,0.8660065531730652,0.8226166367530823,0.8927573561668396
113,deadlift,deadliftings,0.42591491822386,0.5671546459197998,0.777664065361023,0.8799182772636414,0.343968003988266,0.7169546484947205,0.7646604776382446
113,deadlift,deadlifting,0.6726085183125615,0.8029558062553406,0.8282185792922974,0.9096988439559937,0.8773993849754333,0.7288852334022522,0.9322126507759094
113,proper,propered,0.0857524276095232,0.8314101099967957,0.8072893619537354,0.8857076168060303,0.1975754052400589,0.7098807096481323,0.9635726809501648
113,proper,properer,0.1970795378426244,0.7864911556243896,0.8090932369232178,0.8014404773712158,0.1733852475881576,0.7190160155296326,0.9144301414489746
113,proper,properes,0.1434392342633879,0.7429558634757996,0.8099678754806519,0.8280373811721802,0.1716139465570449,0.7059348821640015,0.929433822631836
113,proper,properal,0.1637597587077925,0.7843336462974548,0.7896997928619385,0.852737307548523,0.2532291114330292,0.6697840094566345,0.969736635684967
113,proper,properally,0.1572956918997193,0.77583247423172,0.7371915578842163,0.8412544131278992,0.2212741523981094,0.7903377413749695,0.981708824634552
113,proper,properness,0.1939058846434422,0.7613694667816162,0.7912448644638062,0.8214247226715088,0.3784664869308471,0.6637661457061768,0.8836513757705688
113,proper,properment,0.2347346164673369,0.7496375441551208,0.764494001865387,0.8206088542938232,0.2934595346450805,0.718864381313324,0.9186133742332458
113,proper,properations,0.1475717748955713,0.6948137879371643,0.7515676617622375,0.7780916690826416,0.2430791407823562,0.7128468751907349,0.9335793852806092
113,proper,propers,0.2278022556027497,0.8102600574493408,0.8409608602523804,0.8892840147018433,0.3313672840595245,0.7118967771530151,0.8889816403388977
113,proper,properative,0.1637597587077925,0.7508515119552612,0.7391434907913208,0.7821612358093262,0.2628363668918609,0.7209575772285461,0.9666566252708436
113,proper,properation,0.2404431442295142,0.5600346326828003,0.7875556945800781,0.7976565361022949,0.2630162537097931,0.6444251537322998,0.8889394998550415
113,proper,properities,0.0806251690728787,0.7900858521461487,0.7401958703994751,0.7588862776756287,0.1303753852844238,0.6706380248069763,0.968927562236786
113,proper,propering,0.1349144143964199,0.7727686166763306,0.8191525936126709,0.8184365034103394,0.2912983894348144,0.6658679246902466,0.9448000192642212
113,proper,properity,0.1208930354684809,0.7604303359985352,0.7824437022209167,0.814193844795227,0.1602915078401565,0.6698602437973022,0.8980204463005066
113,form,forms,0.2902581398650933,0.8676174283027649,0.7318280339241028,0.9343470335006714,0.7905499339103699,0.8343387842178345,0.9724905490875244
113,form,formables,0.0662101983637664,0.6405064463615417,0.6695543527603149,0.6781947612762451,0.160650223493576,0.5951751470565796,0.9163275361061096
113,form,formances,0.099123626069034,0.803815484046936,0.6420303583145142,0.652660071849823,0.1038347780704498,0.8030630350112915,0.9260093569755554
113,form,formmally,0.1332258418269341,0.6966415643692017,0.6485419273376465,0.6276299953460693,0.146035686135292,0.6857950091362,0.9582789540290833
113,form,formabilities,0.0500222145515452,0.5443559885025024,0.5130267143249512,0.7306762933731079,0.1651010364294052,0.5598289966583252,0.8857900500297546
113,form,formes,0.0399759922399904,0.6995538473129272,0.775592565536499,0.8169364333152771,0.342023640871048,0.7579028606414795,0.9139615297317504
113,form,formed,0.2225250872553839,0.7179467678070068,0.5319392681121826,0.527673602104187,0.4077413082122803,0.6940710544586182,0.9185802340507508
113,form,formic,0.0992509243606642,0.7947951555252075,0.7551961541175842,0.6742116212844849,0.0868900418281555,0.8385273218154907,0.9584574699401855
113,form,formly,0.0274088002534534,0.7458953261375427,0.7683170437812805,0.6261842250823975,0.2201193869113922,0.8454092741012573,0.9234928488731384
113,form,formor,0.0247614893041468,0.7406902313232422,0.7306197285652161,0.7234930992126465,0.3899675607681274,0.7633519768714905,0.9640058279037476
113,form,formeer,0.0185324131921627,0.7632597088813782,0.6727675795555115,0.7201448082923889,0.1490690857172012,0.8206204175949097,0.9608920812606812
113,form,formeds,0.0890258801006798,0.6979750990867615,0.5243089199066162,0.5258593559265137,0.1561807096004486,0.625654399394989,0.7949442863464355
113,form,formmer,0.1116980448314947,0.8650997281074524,0.7204411625862122,0.7400733828544617,0.1970409601926803,0.8567648530006409,0.9777562618255616
113,form,formmed,0.1457984801839147,0.8557581305503845,0.696491003036499,0.7314558029174805,0.1784629672765731,0.8411670327186584,0.958648681640625
113,form,formmal,0.1152114922966899,0.8530988693237305,0.6978504657745361,0.7173696160316467,0.2274549007415771,0.818452000617981,0.9783363342285156
113,form,formors,0.0965581214509293,0.8157763481140137,0.6787333488464355,0.7116917371749878,0.1368617713451385,0.7521682381629944,0.9638335704803468
113,form,formism,0.1323122169006232,0.5748294591903687,0.752483069896698,0.6400779485702515,0.2242555618286132,0.7034592628479004,0.872251033782959
113,form,formity,0.0940250911140558,0.7408044934272766,0.7409443855285645,0.7288429737091064,0.2052360475063324,0.7876505255699158,0.8921996355056763
113,form,forming,0.2164233546199314,0.8214015364646912,0.5315211415290833,0.5788325071334839,0.4605608284473419,0.7426465749740601,0.9686493873596193
113,form,formion,-0.037621959909468,0.7920401096343994,0.7364920973777771,0.7527071833610535,0.0825727134943008,0.8398064970970154,0.966689944267273
113,form,formics,0.0945966157846678,0.7860511541366577,0.6750271320343018,0.6112073063850403,0.1251226961612701,0.8149034976959229,0.9265658259391784
113,form,formability,0.068465846084889,0.7200759649276733,0.6608642339706421,0.6426103115081787,0.2278060168027877,0.7301546931266785,0.9188256859779358
113,form,formable,0.0900035128994299,0.790382981300354,0.6979876160621643,0.6987077593803406,0.3054151535034179,0.7700644731521606,0.9661047458648682
113,form,formably,0.1364657705096059,0.7589033842086792,0.6192471981048584,0.5097259283065796,0.1789911538362503,0.8278163075447083,0.9524033665657043
113,form,formance,0.0862319541233903,0.8073006272315979,0.6840189695358276,0.7413622140884399,0.0739668905735015,0.8023010492324829,0.9426278471946716
113,form,formical,0.0890258801006798,0.8449604511260986,0.657115638256073,0.6479249000549316,0.1377981305122375,0.8519260883331299,0.9550171494483948
113,form,formible,0.0776373890015259,0.8504669666290283,0.6486110687255859,0.7203331589698792,0.176071897149086,0.8141921758651733,0.9356735944747924
113,form,formions,0.0505544617821769,0.8592389822006226,0.6764851212501526,0.6832546591758728,0.0630609095096588,0.833314836025238,0.9748412370681764
113,form,formings,0.0933408892596921,0.6905449032783508,0.5341161489486694,0.556855320930481,0.177690327167511,0.5921056270599365,0.8734663724899292
113,form,formming,0.0890258801006798,0.8543826937675476,0.6864580512046814,0.7831772565841675,0.2687489092350006,0.8499537110328674,0.9671909809112548
113,form,formness,0.1044533456507943,0.7340120077133179,0.7537681460380554,0.7159098386764526,0.2643466889858246,0.7844794988632202,0.906955897808075
114,derivatives,derivativeness,0.2689579342758566,0.7068655490875244,0.7292822599411011,0.7617554664611816,0.2170327454805374,0.7161340117454529,0.9057813286781312
114,derivatives,derivative,0.3751006338845817,0.8388853073120117,0.8167818784713745,0.9243580102920532,0.7205915451049805,0.914833128452301,0.9622036218643188
114,derivatives,derivativity,0.3254240003337506,0.4463369250297546,0.5729292035102844,0.529215931892395,0.2906309962272644,0.4028152227401733,0.8608881235122681
114,derivatives,derivatively,0.2354215187891966,0.7247230410575867,0.7048478126525879,0.7040418982505798,0.2527960836887359,0.6833682060241699,0.902022123336792
114,derivatives,derivativees,0.3254240003337506,0.7167009115219116,0.7313193082809448,0.9172966480255128,0.28092160820961,0.7671780586242676,0.9167734980583192
114,derivatives,derivativers,0.3792185805694331,0.7449166774749756,0.7441328763961792,0.7410997748374939,0.3038898110389709,0.7525018453598022,0.9411961436271667
114,derivatives,derivativized,0.3952609149452221,0.3661779165267944,0.5799058675765991,0.5010972023010254,0.2272877246141433,0.4032959938049316,0.8780727982521057
114,derivatives,derivativer,0.3792185805694331,0.672134518623352,0.693829357624054,0.7203120589256287,0.2885073125362396,0.6844668388366699,0.9063324332237244
114,derivatives,derivatived,0.3376214162965238,0.6824759840965271,0.6916556358337402,0.7855446338653564,0.1845728605985641,0.6959253549575806,0.9075495600700378
114,composite,composited,0.3622077144998742,0.7170623540878296,0.8257254362106323,0.9116612672805786,0.4856120645999908,0.8062007427215576,0.9633805155754088
114,composite,composites,0.5107265927348331,0.6457232236862183,0.8446705341339111,0.9381513595581056,0.7259997725486755,0.8466601967811584,0.92906254529953
114,composite,compositer,0.3413241527421376,0.7049575448036194,0.8329929709434509,0.8750582933425903,0.2066392749547958,0.7900474071502686,0.9637307524681092
114,composite,compositation,0.2556975557265852,0.4585188031196594,0.5088709592819214,0.5307533740997314,0.0534925870597362,0.6216976642608643,0.9229434132575988
114,composite,compositeness,0.3024702788416262,0.671027421951294,0.811767578125,0.8788514733314514,0.381876677274704,0.8275429606437683,0.905968964099884
114,composite,compositition,0.1938782084405372,0.3984112739562988,0.5208504796028137,0.4628400206565857,0.1358922719955444,0.6084038615226746,0.8685261011123657
114,composite,compositively,0.239509571914364,0.4805356860160827,0.5187454223632812,0.5185028314590454,0.0799842476844787,0.6278138756752014,0.9140895009040833
114,composite,compositers,0.2556975557265852,0.6870806217193604,0.8349035382270813,0.847657322883606,0.1703845560550689,0.7597208619117737,0.933128833770752
114,composite,compositely,0.3015897183194223,0.7760509848594666,0.8160213232040405,0.9236031770706176,0.4391317367553711,0.8077976703643799,0.9595714807510376
114,composite,compositing,0.3005753623569835,0.4283757209777832,0.5009936094284058,0.5191234350204468,0.3377742171287536,0.6160885095596313,0.8761464953422546
114,composite,compositive,0.2371080380793884,0.4670941233634949,0.5181189775466919,0.5132595300674438,0.4062141478061676,0.6167238354682922,0.9451482892036438
114,composite,compositable,0.3066621699906054,0.5729343295097351,0.5113564133644104,0.4961483478546142,0.0794587060809135,0.6165658831596375,0.9449283480644226
114,composite,compositeion,0.2556975557265852,0.7676458358764648,0.809863805770874,0.8906243443489075,0.1509662419557571,0.7357058525085449,0.9594498872756958
114,composite,compositible,0.2785132374634986,0.53929603099823,0.529444694519043,0.4699660837650299,0.1007008850574493,0.6355078220367432,0.870542049407959
114,composite,compositings,0.1518321590013125,0.4541105031967163,0.5256857872009277,0.5402354001998901,0.0505084730684757,0.603455662727356,0.9516161680221558
114,functions,functioniality,0.1577266191191972,0.5472922325134277,0.6617342233657837,0.5661455988883972,0.1247429251670837,0.7505059838294983,0.8795541524887085
114,functions,functionnality,0.151260204237505,0.5864031910896301,0.6670786738395691,0.6303015947341919,0.3338225483894348,0.6665836572647095,0.8908588886260986
114,functions,functionner,0.1967302846683318,0.6904892921447754,0.6854603290557861,0.6178062558174133,0.2472251951694488,0.7831368446350098,0.9415420293807985
114,functions,functionned,0.1577266191191972,0.5432152152061462,0.6636155843734741,0.7359330058097839,0.1811444461345672,0.7579637765884399,0.8958964943885803
114,functions,functionnal,0.1889366391814911,0.6847561001777649,0.6878795027732849,0.6734876036643982,0.2518818974494934,0.7759894728660583,0.9469701647758484
114,functions,functioners,0.1739146029314184,0.6319288015365601,0.7075231075286865,0.7178776860237122,0.2794049978256225,0.7937556505203247,0.9535562992095948
114,functions,functioneer,0.1187229535700625,0.4606865048408508,0.6690762639045715,0.7032953500747681,0.2116153687238693,0.6544482111930847,0.9237781167030334
114,functions,functioneds,0.1967302846683318,0.5055058002471924,0.5717697143554688,0.4455756247043609,0.2335797250270843,0.3540111780166626,0.8457986116409302
114,functions,functionial,0.2242344411470806,0.7267955541610718,0.6991307735443115,0.5932731628417969,0.148429736495018,0.7696194052696228,0.9481571912765504
114,functions,functionize,0.2206287137371813,0.6818333864212036,0.6959891319274902,0.6257376074790955,0.2112266719341278,0.7426373958587646,0.8999833464622498
114,functions,functionity,0.2061866576120264,0.6538361310958862,0.6908248066902161,0.7704095840454102,0.2170600444078445,0.7402346134185791,0.8828040957450867
114,functions,functionion,0.2215599173978319,0.6322915554046631,0.6771321296691895,0.8262125253677368,0.1873040795326233,0.7099875211715698,0.9432269334793092
114,functions,functioning,0.3225304344334563,0.5229407548904419,0.6000516414642334,0.4490628838539123,0.5105594396591187,0.5136555433273315,0.9351056218147278
114,functions,functionability,0.1519970000799527,0.6285800337791443,0.7056798338890076,0.5966248512268066,0.3824941515922546,0.782508909702301,0.9424659609794616
114,functions,function,0.4725556250935622,0.8504457473754883,0.8053580522537231,0.9053847193717957,0.8180403113365173,0.880272626876831,0.9650405645370485
114,functions,functive,0.134775708667779,0.4528104662895202,0.4552405476570129,0.3901562690734863,0.1593144387006759,0.6258384585380554,0.9093159437179564
114,functions,functionable,0.1595521625404389,0.5960791110992432,0.677334189414978,0.5840905904769897,0.281671941280365,0.6631148457527161,0.9353925585746764
114,functions,functioneers,0.1967302846683318,0.5180358290672302,0.6966947317123413,0.6715627908706665,0.2386714369058609,0.762001633644104,0.9310898184776306
114,functions,functionized,0.2453016122607481,0.6740881204605103,0.6988558769226074,0.6669187545776367,0.1653385907411575,0.7308026552200317,0.9456685781478882
114,functions,functionings,0.226154298361949,0.5108293294906616,0.5317769646644592,0.553627610206604,0.5070438385009766,0.5522472262382507,0.8830060362815857
114,functions,functionment,0.1577266191191972,0.5663756728172302,0.6718918085098267,0.8129795789718628,0.2347045689821243,0.6216934323310852,0.9423458576202391
114,functions,functionning,0.1041976032817953,0.6092183589935303,0.6758699417114258,0.7813622951507568,0.3695355653762817,0.7232551574707031,0.9402684569358826
114,functions,functionness,0.2453016122607481,0.6149762868881226,0.6748700141906738,0.7547719478607178,0.2323163151741027,0.7601723074913025,0.8728970289230347
114,functions,functionnals,0.2340124641988157,0.6627063751220703,0.638291597366333,0.714676558971405,0.1338984817266464,0.7487373948097229,0.9007458090782166
114,functions,functionabilities,0.2453016122607481,0.5565626621246338,0.6509472131729126,0.7898589968681335,0.259333074092865,0.7847645878791809,0.9256291389465332
114,functions,functionnalities,0.1936346798843398,0.6347653865814209,0.6950379014015198,0.6966533660888672,0.3913865983486175,0.7470576167106628,0.9526466131210328
114,functions,functives,0.2309327130921543,0.5055264234542847,0.4674344658851623,0.4523813128471374,0.2118716239929199,0.7105085849761963,0.8964795470237732
114,functions,functionities,0.2453016122607481,0.7499954104423523,0.7353272438049316,0.8163522481918335,0.2229256182909011,0.8745561838150024,0.9612051844596864
114,functions,functionivity,0.1967302846683318,0.6509857177734375,0.6819183826446533,0.6918803453445435,0.1876337379217147,0.694962203502655,0.92660391330719
114,functions,functionnally,0.2096933933771007,0.5305806398391724,0.6944979429244995,0.5965080261230469,0.2254538089036941,0.7786698937416077,0.9335981011390686
114,functions,functionization,0.1577266191191972,0.7050822973251343,0.7041863203048706,0.7068408727645874,0.242414966225624,0.8118861317634583,0.9546800255775452
114,functions,functioned,0.2477301293732921,0.494776576757431,0.650233268737793,0.4111630320549011,0.4336620569229126,0.3495064675807953,0.9227488040924072
114,functions,functioner,0.1349109373822837,0.6429765820503235,0.6555840969085693,0.7106688022613525,0.2476918995380401,0.7195308804512024,0.9217873215675354
114,functions,functiones,0.2059246956361031,0.6250603795051575,0.6905443668365479,0.9431036710739136,0.3082742094993591,0.8489740490913391,0.902941644191742
114,functions,functionly,0.1739146029314184,0.670965313911438,0.6750359535217285,0.609580934047699,0.1931302547454834,0.7568632364273071,0.8840517997741699
114,functions,functionor,0.2047149168167721,0.6488469839096069,0.6744041442871094,0.6650089621543884,0.1640240103006363,0.7324045300483704,0.9473612904548644
115,vitamin,vitaminers,0.3101176057500908,0.6248611211776733,0.8668038845062256,0.8672069311141968,0.3276677131652832,0.6420034170150757,0.8772523999214172
115,vitamin,vitaminize,0.2457892154431985,0.8230078220367432,0.8320633172988892,0.884413480758667,0.3554231226444244,0.6878494620323181,0.9596346020698548
115,vitamin,vitaminizing,0.2863759108871745,0.8191106915473938,0.854252815246582,0.8658742308616638,0.3384405076503753,0.6884923577308655,0.9726466536521912
115,vitamin,vitaminization,0.2557308618204992,0.7943227291107178,0.8556815385818481,0.8519359230995178,0.3234383165836334,0.7471494674682617,0.9360838532447816
115,vitamin,vitaminic,0.1733995067602852,0.7766380310058594,0.8336096405982971,0.8536339998245239,0.3562385439872741,0.6704379320144653,0.8863319158554077
115,vitamin,vitamines,0.2880683189316648,0.5249097347259521,0.8426123261451721,0.9197717308998108,0.6730740666389465,0.7111405730247498,0.8491185307502747
115,vitamin,vitamined,0.2158782173200858,0.7753549814224243,0.8451792001724243,0.8518736362457275,0.3428510725498199,0.7911487221717834,0.935607135295868
115,vitamin,vitaminer,0.1920105135974536,0.6900631189346313,0.839086651802063,0.864511251449585,0.3499147593975067,0.6219534873962402,0.9336888194084167
115,vitamin,vitaminor,0.2362025350884678,0.7686174511909485,0.8284556865692139,0.8526720404624939,0.3312607109546661,0.5350939631462097,0.9586602449417114
115,vitamin,vitaminal,0.2863759108871745,0.818549394607544,0.8397812247276306,0.8674603700637817,0.3669230937957763,0.6469545364379883,0.9387062191963196
115,vitamin,vitaminions,0.1125638405163717,0.7921020984649658,0.8563274145126343,0.8775662183761597,0.3408823609352112,0.6057361960411072,0.9613147974014282
115,vitamin,vitaminizes,0.2362025350884678,0.8222609758377075,0.8401271104812622,0.8352436423301697,0.3450827300548553,0.6514852643013,0.9682355523109436
115,vitamin,vitaminized,0.3005884988186977,0.8323165774345398,0.8468798398971558,0.8645949363708496,0.3504240214824676,0.7527293562889099,0.97642719745636
115,vitamin,vitamins,0.6620309575971817,0.6769335865974426,0.8501127362251282,0.9331881999969482,0.7959892153739929,0.8350710272789001,0.8114616870880127
116,bmw,bmws,0.5095133730421132,0.4449886083602905,0.8334956169128418,0.9205560684204102,0.6978808045387268,0.793848991394043,0.7023411989212036
116,bmw,bmwness,0.3194487036953944,0.7326532602310181,0.8223064541816711,0.8336519002914429,0.1144488602876663,0.6411904096603394,0.9225092530250548
116,offer,offers,0.361171042829583,0.819654107093811,0.7796818017959595,0.8253706693649292,0.769474983215332,0.910460352897644,0.9777911305427552
116,offer,offeral,0.1285147867225187,0.7768048644065857,0.7648851275444031,0.5397007465362549,0.1166784763336181,0.6832671165466309,0.9753082990646362
116,offer,offered,0.3246754928514401,0.8607877492904663,0.7368618249893188,0.8826049566268921,0.7177481055259705,0.8618773221969604,0.982299506664276
116,offer,offeror,0.1954652894371669,0.7597593069076538,0.7561337947845459,0.4637530744075775,0.2315512746572494,0.7450246214866638,0.9615157842636108
116,offer,offeres,0.1411186480965936,0.6528794169425964,0.7809655666351318,0.7515389919281006,0.5492773056030273,0.6760526299476624,0.8770797848701477
116,offer,offerer,0.2343693360331507,0.6766464710235596,0.7774261236190796,0.5320098400115967,0.3501002192497253,0.6351104974746704,0.9412291646003724
116,offer,offeranced,0.1285147867225187,0.6291368007659912,0.6793067455291748,0.5497623682022095,0.1402490437030792,0.609620988368988,0.9667603969573976
116,offer,offerences,0.1387045624009937,0.5733699202537537,0.7035123109817505,0.4657453000545501,0.0755404382944107,0.5267148613929749,0.8983028531074524
116,offer,offerrings,0.14685082085927,0.5921757221221924,0.676322877407074,0.4772361516952514,0.2582610249519348,0.5386541485786438,0.8523080945014954
116,offer,offereds,0.1051398099534887,0.6942633390426636,0.6339893341064453,0.756148099899292,0.1444465517997741,0.6737317442893982,0.8196431398391724
116,offer,offerism,0.1522564815854349,0.6394729018211365,0.7804809808731079,0.2404558062553405,0.1464017629623413,0.7133319973945618,0.7926411032676697
116,offer,offerive,0.1522564815854349,0.7182204723358154,0.7536889314651489,0.4882910251617431,0.2284959852695465,0.7886401414871216,0.9601430892944336
116,offer,offerity,0.107314255150854,0.7528061866760254,0.7643396854400635,0.3740104436874389,0.1426744759082794,0.7744099497795105,0.9203510880470276
116,offer,offerers,0.1601802492877952,0.6675022840499878,0.7827203273773193,0.4546314179897308,0.3680567741394043,0.6747586727142334,0.947839379310608
116,offer,offerred,0.1427791754921041,0.7859397530555725,0.7238938808441162,0.7152587175369263,0.3059903383255005,0.7645484209060669,0.9595783352851868
116,offer,offerror,0.107314255150854,0.844148576259613,0.7269526720046997,0.505463719367981,0.0499318353831768,0.8082964420318604,0.9604986906051636
116,offer,offerors,0.1395813937434764,0.8508709669113159,0.7541855573654175,0.340335339307785,0.1886875331401825,0.7486187815666199,0.9712358117103576
116,offer,offerance,0.1116697861414588,0.7622122168540955,0.737694501876831,0.4164120256900787,0.1040466055274009,0.6978996992111206,0.9625717997550964
116,offer,offerable,0.0982304708037086,0.6064431667327881,0.7423000931739807,0.7717263698577881,0.1510763764381408,0.6061322093009949,0.9172896146774292
116,offer,ofference,0.107314255150854,0.7927500009536743,0.7304476499557495,0.4406021535396576,0.1081128418445587,0.7598945498466492,0.9691250920295716
116,offer,offerring,0.1473961836097135,0.8399159908294678,0.7340015172958374,0.5055251717567444,0.4484200775623321,0.7865033149719238,0.9765093922615052
116,offer,offerability,0.1586974882070171,0.535179853439331,0.7369824647903442,0.3263802528381347,0.0923384055495262,0.5763124823570251,0.924233853816986
117,cristiano,cristianos,0.1514966845104631,0.7315338253974915,0.9656509160995485,0.9154894351959229,0.5404696464538574,0.8532419800758362,0.8013430237770081
117,ronaldo,ronaldos,0.2923935832459068,0.712562084197998,0.8680282831192017,0.9504864811897278,0.3175584077835083,0.9292539358139038,0.733157753944397
118,calories,calorie,0.6792946129525245,0.7658069133758545,0.67931067943573,0.8512861728668213,0.7818788290023804,0.8090146780014038,0.9121091365814208
118,calories,calorieness,0.3326826021830367,0.7013465166091919,0.6943399906158447,0.7480987906455994,0.2856668531894684,0.7250476479530334,0.8882062435150146
118,calories,caloriers,0.3326826021830367,0.7551360130310059,0.7384510040283203,0.8052162528038025,0.4022488892078399,0.802359402179718,0.9077932238578796
118,calories,calorieds,0.280703095684339,0.7490713596343994,0.6596068143844604,0.8361210823059082,0.3408743143081665,0.7495664358139038,0.9046545028686525
118,calories,caloriees,0.3407731339466783,0.6854631900787354,0.7509347200393677,0.8119892477989197,0.379367470741272,0.7511686086654663,0.8964363932609558
118,calories,caloried,0.3578416389787504,0.7378510236740112,0.7154608964920044,0.8131186962127686,0.3400129973888397,0.7587056159973145,0.9024220705032348
118,calories,calorial,0.280703095684339,0.3564521074295044,0.6921947598457336,0.2710242867469787,0.2994706630706787,0.509154200553894,0.8104562759399414
118,an,anly,0.0527437320038519,0.771601676940918,0.7192232012748718,0.5584702491760254,0.2306069582700729,0.5233599543571472,0.9533255100250244
118,an,anism,0.0538748373822794,0.560685396194458,0.6557440757751465,0.4818845689296722,0.1419160068035125,0.5804357528686523,0.8985564112663269
118,an,anity,-0.0051899449655412,0.7508407831192017,0.661652684211731,0.5229231119155884,0.1188289299607276,0.6739019751548767,0.964028000831604
118,an,anlys,0.0092881036147641,0.6298122406005859,0.6580787897109985,0.4791907072067261,0.0626963749527931,0.5686237812042236,0.94559645652771
118,an,anitys,0.0097352922943616,0.6355917453765869,0.624001681804657,0.4879568517208099,0.0410394556820392,0.6024078726768494,0.9383500218391418
118,an,anisms,0.0533385980184112,0.7949588298797607,0.5570838451385498,0.528282105922699,-0.0305011291056871,0.7168982625007629,0.9700482487678528
118,an,anness,0.0298190629126833,0.6089775562286377,0.2472464442253112,0.2507930397987366,0.0139246620237827,0.5612747669219971,0.9465914368629456
118,an,anities,0.0257448518232365,0.7851121425628662,0.5717183351516724,0.4765462875366211,-0.0278460774570703,0.6041419506072998,0.9669549465179444
118,an,anlyness,-0.0034716062742453,0.5965019464492798,0.4644605815410614,0.4171634316444397,0.0439946688711643,0.642673909664154,0.950245440006256
118,egg,eggs,0.5483946803054521,0.765891432762146,0.6893276572227478,0.9120823740959167,0.8286982178688049,0.8545073866844177,0.9516642689704896
118,egg,egges,0.2938017308391867,0.4558717012405395,0.837733268737793,0.8437565565109253,0.564313530921936,0.8192195296287537,0.9202154278755188
118,egg,egger,0.1554708459397913,0.4277526140213012,0.8354412913322449,0.7077113389968872,0.459252655506134,0.7759918570518494,0.931181788444519
118,egg,egged,0.2380644933775956,0.7181344628334045,0.8311759233474731,0.8085852265357971,0.2895281910896301,0.8294767737388611,0.9799765944480896
118,egg,eggor,0.2278946267724917,0.6280913352966309,0.8089112639427185,0.7194679975509644,0.1953247338533401,0.8291708827018738,0.971881091594696
118,egg,eggly,0.1961066486315431,0.7257885932922363,0.8231052160263062,0.7425479888916016,0.1236322671175003,0.8630992770195007,0.9407138824462892
118,egg,eggerness,0.1660752794864438,0.4911040961742401,0.7078015804290771,0.7395377159118652,0.0980879738926887,0.6638065576553345,0.9650523066520692
118,egg,eggability,0.2278946267724917,0.647285521030426,0.7848148345947266,0.7690451145172119,0.0551224499940872,0.8744637370109558,0.9640300273895264
118,egg,egglys,0.2278946267724917,0.5769957304000854,0.7453436851501465,0.7128992676734924,0.082264706492424,0.6658858060836792,0.9561914801597596
118,egg,eggors,0.2278946267724917,0.7106204032897949,0.8016526103019714,0.72679603099823,0.1197998151183128,0.8636825084686279,0.9706956744194032
118,egg,egging,0.1898061872475598,0.652714729309082,0.8456159830093384,0.8272956609725952,0.3050144612789154,0.8570096492767334,0.9483400583267212
118,egg,eggers,0.1117855070775599,0.461547315120697,0.8409899473190308,0.7083612680435181,0.4593590199947357,0.7850187420845032,0.9532411694526672
118,egg,eggged,0.2777308120266016,0.7480050325393677,0.8011713624000549,0.789250373840332,0.0814743191003799,0.8746104836463928,0.9700157046318054
118,egg,eggable,0.2278946267724917,0.7455325126647949,0.808519721031189,0.7817158699035645,0.1911561340093612,0.8677788376808167,0.9697416424751282
118,egg,egggers,0.2278946267724917,0.701978862285614,0.7995589971542358,0.703233003616333,0.1033814251422882,0.877878725528717,0.9397349953651428
118,egg,eggings,0.1357324386519904,0.6873137950897217,0.8128899335861206,0.7647640705108643,0.1860361695289611,0.8720732927322388,0.9673957824707032
118,egg,eggness,0.2505888851006415,0.7601115703582764,0.8217036724090576,0.8501715660095215,0.1450477242469787,0.8750960230827332,0.9784595370292664
118,egg,eggment,0.1763345854795004,0.7378683090209961,0.8040847778320312,0.7407339811325073,0.1641593724489212,0.8567952513694763,0.974738359451294
118,egg,eggables,0.2777308120266016,0.5574783086776733,0.7638663649559021,0.7550046443939209,0.1527802348136901,0.7033768892288208,0.9417605400085448
118,egg,eggality,0.2777308120266016,0.7948182225227356,0.774543285369873,0.7597250938415527,0.133336916565895,0.8759397268295288,0.9806536436080932
118,egg,eggments,0.2777308120266016,0.7612913846969604,0.7929264307022095,0.7342280149459839,0.1320773512125015,0.8713314533233643,0.9764866232872008
119,palpitation,palpitations,0.472148367568605,0.9105680584907532,0.9605879187583924,0.8373787999153137,0.796845018863678,0.96141254901886,0.9297090768814088
119,symptoms,symptomized,0.2121069317926873,0.4709509611129761,0.5557359457015991,0.6730743646621704,0.1855686008930206,0.5935666561126709,0.9571346640586852
119,symptoms,symptomizes,0.2027083200154644,0.5162934064865112,0.5455095171928406,0.7056480050086975,0.1579572409391403,0.5696948766708374,0.9672914743423462
119,symptoms,symptomative,0.2760628837961874,0.4797478318214416,0.5848203897476196,0.6883249282836914,0.1307910978794098,0.6415917277336121,0.8778144717216492
119,symptoms,symptomizing,0.287741354518674,0.5097161531448364,0.5508466958999634,0.712253212928772,0.1985176056623459,0.6068558692932129,0.9096556901931764
119,symptoms,symptom,0.5710652566680061,0.4905353188514709,0.5325143337249756,0.7353346943855286,0.7498959898948669,0.6094431281089783,0.9747948050498962
119,symptoms,symptomization,0.2760628837961874,0.4275791943073272,0.5806407928466797,0.7116373777389526,0.2131021469831466,0.5857716202735901,0.8547276258468628
119,symptoms,symptomize,0.1664609593911784,0.4832171201705932,0.5204905271530151,0.676325261592865,0.1919780224561691,0.5730742812156677,0.9128198623657228
119,symptoms,symptomic,0.2629952990385461,0.5182687044143677,0.5484574437141418,0.632565438747406,0.2396567016839981,0.6538859605789185,0.9200394153594972
119,symptoms,symptomed,0.2760628837961874,0.5548469424247742,0.5124642252922058,0.6758577823638916,0.2006498575210571,0.6141802668571472,0.9523767232894896
119,symptoms,symptomer,0.2212737885977409,0.4585940241813659,0.5176700353622437,0.6266284584999084,0.2151704281568527,0.581659734249115,0.9048052430152892
119,symptoms,symptomes,0.2634809560540205,0.5564690828323364,0.5064688920974731,0.7403545379638672,0.6541056632995605,0.5996555089950562,0.892500102519989
119,symptoms,symptomal,0.2599761850364083,0.4154381155967712,0.5194624662399292,0.6756110787391663,0.1398613452911377,0.6118516325950623,0.8826433420181274
120,birthday,birthdayizer,0.0496579235741755,0.7914817929267883,0.7859523296356201,0.7451597452163696,0.3899843692779541,0.7862996459007263,0.9605847001075744
120,birthday,birthdaylies,0.15498497117615,0.7891695499420166,0.7672831416130066,0.8205462098121643,0.4176794290542602,0.8083942532539368,0.9567791223526
120,birthday,birthdayness,0.2170673958149779,0.7057908773422241,0.8095695972442627,0.8848598599433899,0.3594442009925842,0.8693073391914368,0.913426160812378
120,birthday,birthdayor,0.1967827588017032,0.8137012720108032,0.7782798409461975,0.7594656348228455,0.4466355741024017,0.6552901864051819,0.96740460395813
120,birthday,birthdayer,0.0862097584186067,0.7469886541366577,0.7895867228507996,0.8216083645820618,0.4257706701755523,0.8268442749977112,0.9138094186782836
120,birthday,birthdayes,0.2622350613969233,0.6761444807052612,0.798136830329895,0.9032450318336488,0.3905999362468719,0.7749669551849365,0.9068549275398254
120,birthday,birthdayed,0.189280979863313,0.8254215717315674,0.8126341104507446,0.7813104391098022,0.3191340863704681,0.8483417630195618,0.9547116756439208
120,birthday,birthdaying,0.0868397790014463,0.746463418006897,0.8170104026794434,0.8736685514450073,0.4132985472679138,0.849478542804718,0.934499979019165
120,birthday,birthdayers,0.2018619944436459,0.6959815621376038,0.8190488815307617,0.8150665163993835,0.4039319157600403,0.821387767791748,0.8928343057632446
120,birthday,birthdays,0.5548925058848432,0.6105700731277466,0.808783233165741,0.920781135559082,0.7629531025886536,0.8416427969932556,0.8635808825492859
120,cake,cakeing,0.2121521013163673,0.7335575819015503,0.8318405747413635,0.8350499272346497,0.231525644659996,0.857389509677887,0.8823937177658081
120,cake,cakeity,0.2677051228235875,0.788735032081604,0.8040661811828613,0.8086313009262085,0.2507401406764984,0.760199248790741,0.9236037731170654
120,cake,cakeism,0.2121521013163673,0.628456711769104,0.8131352663040161,0.8017801642417908,0.2243873327970504,0.7704310417175293,0.838986337184906
120,cake,cakings,0.1791099948392969,0.5032893419265747,0.4455855786800384,0.2720576822757721,0.1197005435824394,0.5367856025695801,0.9292755126953124
120,cake,cakeables,0.2613493494842704,0.7141070365905762,0.7508179545402527,0.7268354892730713,0.2698663771152496,0.7391976118087769,0.9137645363807678
120,cake,cakic,0.0990025677083661,0.3539519906044006,0.4432434439659118,0.2802193760871887,0.0938217416405677,0.3377022743225097,0.7381132245063782
120,cake,caked,0.188808501822679,0.6873968243598938,0.8075886964797974,0.7293212413787842,0.289573460817337,0.8292466402053833,0.9129819273948668
120,cake,caker,0.2001020989761488,0.7612531185150146,0.8139862418174744,0.7269726991653442,0.5884819030761719,0.8389929533004761,0.949255645275116
120,cake,cakes,0.5413172272085647,0.8814500570297241,0.7216165661811829,0.8441529273986816,0.835571825504303,0.831158459186554,0.9780887961387634
120,cake,cakal,0.0369533654512799,0.4791204333305359,0.4224461913108825,0.2073398381471634,0.06604565680027,0.4256098866462707,0.92501699924469
120,cake,cakor,0.1275170722934059,0.4889211058616638,0.4173115193843841,0.3152347207069397,0.1091762632131576,0.4309225678443908,0.8647303581237793
120,cake,cakeabilities,0.2613493494842704,0.6252461671829224,0.6824222207069397,0.7609562873840332,0.2607851326465606,0.6964700222015381,0.9115623235702516
120,cake,caking,0.1857934810605741,0.5699222087860107,0.4362510442733764,0.3125737607479095,0.3483206331729889,0.4360098540782928,0.9177154302597046
120,cake,cakion,0.2121521013163673,0.5137784481048584,0.4125003218650818,0.2567381262779236,0.1251671761274337,0.5058856010437012,0.9188805222511292
120,cake,cakers,0.2497326996168366,0.7712646722793579,0.8187738060951233,0.7320988178253174,0.5461809635162354,0.8496668338775635,0.9329881072044371
120,cake,cakeor,0.2207626540402943,0.7858351469039917,0.788422703742981,0.7055882215499878,0.3229500353336334,0.7501801252365112,0.9652442336082458
120,cake,cakees,0.224331086870046,0.7749656438827515,0.8102859258651733,0.8578023910522461,0.3080873787403106,0.8209519982337952,0.9009636640548706
120,cake,cakeed,0.2121521013163673,0.7411670684814453,0.8255720138549805,0.7889512181282043,0.3112997412681579,0.8166667222976685,0.942690908908844
120,cake,cakely,0.2724053838352928,0.7707398533821106,0.7910741567611694,0.7059001326560974,0.3727641701698303,0.7986196875572205,0.9200575947761536
120,cake,cakeability,0.250450467480405,0.7960169315338135,0.7869787216186523,0.730498194694519,0.2887957990169525,0.7786042094230652,0.9463297724723816
120,cake,cakeness,0.2629780056000528,0.8003949522972107,0.7986255884170532,0.8330770134925842,0.2403597235679626,0.8414323925971985,0.9695590138435364
120,design,designals,0.0696088136278041,0.8120667338371277,0.6919955015182495,0.7436780333518982,0.1330906450748443,0.8207901120185852,0.967936635017395
120,design,designned,0.0556169242777907,0.8261982202529907,0.692028284072876,0.7722532153129578,0.171373501420021,0.6515956521034241,0.9606199860572816
120,design,designner,0.1165679003313426,0.7809101343154907,0.7574969530105591,0.6347485780715942,0.2345556914806366,0.7991968393325806,0.9439114928245544
120,design,designnal,0.1130207007907084,0.776139497756958,0.6839130520820618,0.6791125535964966,0.2369984090328216,0.7898792028427124,0.9311344027519226
120,design,designors,0.0829460179210433,0.8141845464706421,0.7081623077392578,0.7086828947067261,0.0798184499144554,0.8418884873390198,0.9718048572540284
120,design,designeds,0.0836478210932243,0.7220630049705505,0.5945216417312622,0.72873455286026,0.1226276159286499,0.6584390997886658,0.869396448135376
120,design,designeer,0.0332234775171977,0.7985302209854126,0.7183673977851868,0.6480779647827148,0.1393557339906692,0.8464053869247437,0.9689895510673524
120,design,designism,0.1331089909704088,0.6510030031204224,0.7448548674583435,0.7110877633094788,0.1083926782011985,0.8519871830940247,0.8822007775306702
120,design,designity,0.0227063261672406,0.7400560975074768,0.7486244440078735,0.7840491533279419,0.1028919965028762,0.7972214221954346,0.9078337550163268
120,design,designive,0.1130207007907084,0.7855295538902283,0.6989249587059021,0.7284073829650879,0.1409204602241516,0.7443836331367493,0.9620049595832824
120,design,designion,0.1130207007907084,0.8251213431358337,0.7333592176437378,0.8446721434593201,0.2015221416950225,0.8443856835365295,0.9725944995880128
120,design,designics,0.1130207007907084,0.7961668968200684,0.6968944668769836,0.6926315426826477,0.1540195941925048,0.8427065014839172,0.923577070236206
120,design,designabilities,0.1340032991350126,0.5066491365432739,0.5540338158607483,0.8385235071182251,0.1512153446674347,0.6798506379127502,0.9103075861930848
120,design,designables,0.0754071923998063,0.578590989112854,0.6706643104553223,0.6695561408996582,0.1028419286012649,0.7456802129745483,0.9069737792015076
120,design,designicals,0.1130207007907084,0.6348257064819336,0.6423740386962891,0.7502052783966064,0.1062190234661102,0.7896544337272644,0.8695993423461914
120,design,designibles,0.1368173930160523,0.6517788171768188,0.659835934638977,0.7002832889556885,0.1802888512611389,0.7849082350730896,0.8784491419792175
120,design,designments,0.0851308534127407,0.784523606300354,0.6692714095115662,0.7589544057846069,0.1512036770582199,0.830608069896698,0.968120813369751
120,design,designability,0.1342465328119139,0.6317144632339478,0.6815429329872131,0.7069340348243713,0.1716535687446594,0.7638406753540039,0.9032313227653505
120,design,designor,0.0784343509947494,0.7762332558631897,0.7284249663352966,0.6769579648971558,0.1269318163394928,0.8347903490066528,0.9703933000564576
120,design,designic,0.0696088136278041,0.814949631690979,0.7275729179382324,0.7054806351661682,0.1090662628412246,0.7490596175193787,0.9442732930183412
120,design,designly,0.0696088136278041,0.780715823173523,0.7386655807495117,0.7694332599639893,0.2123720943927765,0.7279502153396606,0.9305458664894104
120,design,designal,0.0678816288599771,0.8148659467697144,0.7487713098526001,0.7680197954177856,0.157415971159935,0.8377905488014221,0.9725428819656372
120,design,designed,0.1687516764310715,0.8507300019264221,0.6318501830101013,0.7472139596939087,0.4776363372802734,0.8104075789451599,0.9642837643623352
120,design,designes,0.1038582751474238,0.6429283618927002,0.7612823843955994,0.896155834197998,0.5055200457572937,0.7725018858909607,0.8986708521842957
120,design,designable,0.1106107802510195,0.7158770561218262,0.6966755390167236,0.7419761419296265,0.400170236825943,0.7073399424552917,0.9507484436035156
120,design,designence,0.1130207007907084,0.7936322689056396,0.6740751266479492,0.8220961093902588,0.1534035354852676,0.7434000372886658,0.9490652084350586
120,design,designeers,0.103482776923861,0.806459367275238,0.691615641117096,0.6812998056411743,0.1151081994175911,0.8222652077674866,0.9722402095794678
120,design,designized,0.0467931318908908,0.818376898765564,0.7073914408683777,0.811724066734314,0.1562624126672744,0.7016807794570923,0.9713990092277528
120,design,designisms,0.1157692592175575,0.8045032024383545,0.6709858179092407,0.737483561038971,0.0928835272789001,0.844012975692749,0.9500673413276672
120,design,designment,0.0727967203394466,0.8212421536445618,0.7056280374526978,0.8447504043579102,0.1880728006362915,0.8232287764549255,0.959355890750885
120,design,designning,0.107579455782218,0.7871987819671631,0.716740608215332,0.8465763926506042,0.2566238045692444,0.7205178141593933,0.9667667150497437
120,design,designners,0.0892575575844489,0.8090301156044006,0.6981415152549744,0.6597592830657959,0.2200536578893661,0.7858071327209473,0.9694457054138184
120,design,designness,0.1130207007907084,0.768872857093811,0.7551937103271484,0.8125033974647522,0.2390623986721038,0.8289581537246704,0.9269679188728333
121,international,internationalal,-0.0145315302911367,0.7261486053466797,0.733211874961853,0.8640673756599426,0.1223005950450897,0.8261180520057678,0.9665321111679076
121,international,internationally,0.2514504661015128,0.825986921787262,0.543541431427002,0.7883734703063965,0.5922390222549438,0.5798578858375549,0.9630507826805116
121,international,internationalor,0.1326172692035643,0.7292858362197876,0.7414857149124146,0.7930570840835571,0.2383936643600464,0.5662551522254944,0.9520801305770874
121,international,internationaleer,0.1240862137488032,0.5331993103027344,0.5060995817184448,0.5964071750640869,0.115775853395462,0.5923388004302979,0.845935583114624
121,international,internationality,0.146298244130347,0.6774469614028931,0.7044175863265991,0.750971257686615,0.4081955254077911,0.7451033592224121,0.9290626049041748
121,international,internationallys,0.1240862137488032,0.4815588593482971,0.5680879950523376,0.7490465044975281,0.1559095829725265,0.6869443655014038,0.8543667197227478
121,international,internationals,0.2009502854562241,0.7196696996688843,0.5452185869216919,0.7148194909095764,0.4785871207714081,0.4843416213989258,0.9520606994628906
121,international,internationallization,0.0802427310193518,0.8000582456588745,0.629812479019165,0.7176997661590576,0.1029346510767936,0.7563831210136414,0.9666758179664612
121,international,internationalality,0.1240862137488032,0.6763342618942261,0.652686357498169,0.6711269617080688,0.0970273464918136,0.7566319704055786,0.9182215332984924
121,international,internationalities,0.0412390654702172,0.6845659017562866,0.6410117149353027,0.7014955878257751,0.1500950753688812,0.5848074555397034,0.8975326418876648
121,international,internationalally,0.1240862137488032,0.7543079257011414,0.6355209350585938,0.7083895802497864,0.1120598763227462,0.6615126132965088,0.960498571395874
121,international,internationallied,0.0802427310193518,0.5196622014045715,0.622739851474762,0.7917608022689819,0.1314236521720886,0.4511744379997253,0.8869198560714722
121,international,internationalness,0.1326172692035643,0.6593408584594727,0.7303426861763,0.7535225749015808,0.1735549420118332,0.6396944522857666,0.8765540719032288
121,gold,golds,0.2511634358139736,0.6040064096450806,0.794853925704956,0.8189197778701782,0.5784986615180969,0.8066840171813965,0.8869502544403076
121,gold,golders,0.0126030119179813,0.3875693678855896,0.7716240286827087,0.6764665842056274,0.1371676921844482,0.7399593591690063,0.8736490607261658
121,gold,goldeer,-0.0239491083139757,0.516762375831604,0.6733448505401611,0.6482570767402649,0.1476711481809616,0.7711259722709656,0.8792220950126648
121,gold,goldism,0.135476925290668,0.4728074073791504,0.721791684627533,0.6598083972930908,0.1168542355298996,0.7344104647636414,0.874648928642273
121,gold,goldion,0.1060802834319985,0.5213065147399902,0.735741138458252,0.7056275606155396,0.236726701259613,0.7988309860229492,0.8817288875579834
121,gold,golding,0.1217659202529786,0.4753445386886596,0.7742551565170288,0.759806752204895,0.2731210887432098,0.785241425037384,0.8796881437301636
121,gold,goldlys,0.135476925290668,0.4057434201240539,0.6675503849983215,0.6322246789932251,0.0143189560621976,0.710909366607666,0.8736249208450317
121,gold,goldliness,0.1815621814411027,0.5316357612609863,0.6532331705093384,0.6561228036880493,0.1320700347423553,0.721625804901123,0.8810802102088928
121,gold,goldation,0.1815621814411027,0.5446856021881104,0.723900318145752,0.7281635999679565,0.0714812278747558,0.7662362456321716,0.8894280791282654
121,gold,goldor,0.1605204725987982,0.5742239952087402,0.741561770439148,0.6234093904495239,0.1960245817899704,0.7535815238952637,0.8934675455093384
121,gold,goldal,0.1200848080035014,0.5510854721069336,0.741423487663269,0.6990911960601807,0.1709848195314407,0.7741288542747498,0.8886542916297913
121,gold,golded,0.1541041841237037,0.666904091835022,0.7683361768722534,0.7883388996124268,0.137052908539772,0.8146154284477234,0.9216575026512146
121,gold,golder,0.1270642969881774,0.4388632178306579,0.7786917090415955,0.6806886792182922,0.4261507093906402,0.7161992788314819,0.8760848045349121
121,gold,goldes,0.108084593122684,0.4257234036922455,0.7554659843444824,0.7697745561599731,0.0796714946627616,0.7325371503829956,0.8814318776130676
121,gold,goldic,-0.0146060000566858,0.5198925733566284,0.7240339517593384,0.6532539129257202,0.1927907466888427,0.7697120904922485,0.8790321350097656
121,gold,goldly,0.1436975284022097,0.5323460102081299,0.7513049840927124,0.7007314562797546,0.059391938149929,0.8037158846855164,0.8522892594337463
121,gold,goldance,0.135476925290668,0.5935255289077759,0.686805248260498,0.601631224155426,0.178454652428627,0.7336373329162598,0.896758496761322
121,gold,goldding,0.135476925290668,0.5805004239082336,0.7086713314056396,0.7093955278396606,0.1658801287412643,0.7742403745651245,0.8904173970222473
121,gold,goldizer,0.1815621814411027,0.5906378626823425,0.6694473028182983,0.6121340990066528,0.0903837829828262,0.8231124877929688,0.891524612903595
121,gold,goldized,0.1815621814411027,0.7543855905532837,0.7215365171432495,0.7131333947181702,0.1153623536229133,0.8175297379493713,0.9265180826187134
121,gold,goldisms,0.135476925290668,0.6241424083709717,0.6579028367996216,0.6624797582626343,0.1025509014725685,0.8070934414863586,0.8947518467903137
121,gold,goldings,0.1353072492358282,0.4696984887123108,0.6969717741012573,0.7099711298942566,0.199173167347908,0.7062382102012634,0.8750449419021606
121,gold,goldlies,0.1553391991852971,0.5483056902885437,0.629831075668335,0.6599020957946777,0.1583824306726455,0.6992708444595337,0.8730148077011108
121,gold,goldness,0.1163775547256786,0.6126046776771545,0.7326159477233887,0.7795261144638062,0.176284059882164,0.81760573387146,0.8923044204711914
121,gold,goldallies,0.1815621814411027,0.3687427341938019,0.6105912923812866,0.6804091930389404,0.0933500751852989,0.7638466954231262,0.8667364120483398
121,gold,goldization,0.1892429264623572,0.5352272391319275,0.7067606449127197,0.6611579656600952,0.0724408999085426,0.8006492853164673,0.8798161745071411
121,price,pricorities,0.0608264542847019,0.4550082385540008,0.3710956275463104,0.209944874048233,0.1638370603322982,0.4532057344913482,0.9529953598976136
121,price,priceable,0.1216009383863153,0.6007330417633057,0.7720080614089966,0.7159168124198914,0.26105797290802,0.7694032788276672,0.9551712274551392
121,price,priceings,0.1276235893665843,0.7929067015647888,0.760004460811615,0.6884985566139221,0.2634267508983612,0.7484117150306702,0.9777809381484984
121,price,priceness,0.0799078686842242,0.7413313388824463,0.7781209945678711,0.6526516079902649,0.2285351604223251,0.7781806588172913,0.8424735069274902
121,price,pricor,0.0585151445051974,0.5913057327270508,0.3313024640083313,0.2380899488925933,0.2139363139867782,0.4623495936393738,0.9527298212051392
121,price,priced,0.2785708829971721,0.8143265843391418,0.5652137994766235,0.8959790468215942,0.6309567093849182,0.7249135971069336,0.9832823872566224
121,price,prices,0.4035322023265574,0.8603708744049072,0.6894925236701965,0.8931868076324463,0.7570383548736572,0.8048365116119385,0.9888600707054138
121,price,pricer,0.1310651614557652,0.7479455471038818,0.7977950572967529,0.6247859597206116,0.4999163746833801,0.8069589138031006,0.949712097644806
121,price,priceability,0.1276235893665843,0.6130735278129578,0.7622516751289368,0.5449436902999878,0.2671402394771576,0.7399747967720032,0.8953744173049927
121,price,pricity,0.0739708963805554,0.6024034023284912,0.3543342351913452,0.2111558318138122,0.2026131153106689,0.4919481873512268,0.9349703192710876
121,price,priceal,0.1276235893665843,0.8002829551696777,0.7911645174026489,0.7179648876190186,0.2413640916347503,0.7849839329719543,0.97652006149292
121,price,priceer,0.1307272764749117,0.7046340703964233,0.7919754981994629,0.6187340021133423,0.3683992326259613,0.7359470725059509,0.9681802988052368
121,price,pricees,0.1545820124169837,0.6902484893798828,0.7914769649505615,0.8664783239364624,0.3697949945926666,0.7355806827545166,0.9059162139892578
121,price,priceed,0.0928770640566099,0.7185083031654358,0.7838519215583801,0.8189007043838501,0.350631445646286,0.7802363634109497,0.9096516966819764
121,price,priceds,0.1426546082686442,0.6772406101226807,0.5482646226882935,0.7882941961288452,0.1918476819992065,0.6239002346992493,0.8844477534294128
121,price,pricion,-0.0069215708205106,0.4762482643127441,0.3122406601905823,0.2317679524421692,0.2107686102390289,0.5004528760910034,0.93109792470932
121,price,pricing,0.2779849609802434,0.819344699382782,0.5505592823028564,0.801044225692749,0.6504061222076416,0.7717583775520325,0.980859398841858
121,price,pricers,0.1646337282973371,0.7053086757659912,0.7935182452201843,0.6090015769004822,0.452393889427185,0.7643558382987976,0.9625903367996216
121,price,pricely,0.0637508416226097,0.7066673636436462,0.7729768753051758,0.738723874092102,0.4281544387340545,0.7888152599334717,0.8801450133323669
121,price,priceor,0.1348591457075919,0.8125114440917969,0.7785298824310303,0.619047999382019,0.2727343440055847,0.8102941513061523,0.9839627742767334
121,price,prically,0.0836421360216153,0.5142204165458679,0.3446235656738281,0.1789555102586746,0.1413071900606155,0.5379127860069275,0.8716966509819031
121,price,pricable,0.0870368939226082,0.4937836825847626,0.3153168261051178,0.3214236199855804,0.1874776184558868,0.506861686706543,0.9592365622520448
121,price,priceing,0.1267819070930888,0.7161166667938232,0.8147276639938354,0.746171772480011,0.5608572959899902,0.7196702361106873,0.93268483877182
121,price,priceial,0.1276235893665843,0.8721855878829956,0.7585288882255554,0.5791794657707214,0.1625852733850479,0.8227980732917786,0.9793516397476196
121,price,priceers,0.1276235893665843,0.667418360710144,0.7987209558486938,0.6076931953430176,0.3105568289756775,0.7041038870811462,0.9362956881523132
121,price,pricible,0.1276235893665843,0.4827097654342651,0.3765442371368408,0.2297399491071701,0.155970960855484,0.487680047750473,0.8976767063140869
121,price,pricings,0.1368115524829117,0.6133949756622314,0.5278840065002441,0.7709203958511353,0.4648561477661133,0.6458045244216919,0.7131192684173584
122,difference,differencing,0.2085707184800296,0.3939299583435058,0.4561687707901001,0.5683836340904236,0.2984590828418731,0.5986794829368591,0.8011883497238159
122,difference,differencers,0.1674718949907766,0.709160327911377,0.7944273948669434,0.5246546268463135,0.31589275598526,0.777852475643158,0.9238772392272948
122,difference,differencees,0.1031435046838844,0.734757661819458,0.7948203682899475,0.8097622990608215,0.3296377956867218,0.8107830286026001,0.8935628533363342
122,difference,differenceds,0.1958637266874191,0.6940256357192993,0.7764797806739807,0.619530200958252,0.3281391263008117,0.7201995253562927,0.9339750409126282
122,difference,differenceed,0.1609398772096766,0.703251302242279,0.792381227016449,0.6777036190032959,0.331116646528244,0.8590878844261169,0.8967457413673401
122,difference,differencer,0.1428092926992255,0.6684988737106323,0.7944198846817017,0.5535886287689209,0.3747881352901459,0.787395179271698,0.917978048324585
122,difference,differences,0.3704025874171209,0.2188951075077057,0.6850131750106812,0.8739064335823059,0.713096022605896,0.9420501589775084,0.8780364394187927
122,difference,differenced,0.2299034788172823,0.7220991849899292,0.7751452922821045,0.691173791885376,0.3259212672710418,0.8233130574226379,0.9310530424118042
122,difference,differencal,0.1609398772096766,0.2965424060821533,0.4630150198936462,0.5093623995780945,0.2830171585083008,0.5543689131736755,0.7898799180984497
122,difference,differencence,0.2080585904347527,0.4802339076995849,0.765087366104126,0.5426185131072998,0.3584668934345245,0.8224830627441406,0.848284900188446
122,difference,differencings,0.1843168955718365,0.3379076719284057,0.4481815695762634,0.5462324619293213,0.3198090195655823,0.5428525805473328,0.8033895492553711
122,difference,differenceness,0.1381241954727632,0.244941234588623,0.8112779855728149,0.6323094367980957,0.3057217597961426,0.7941554188728333,0.841118335723877
122,difference,differencences,0.1381241954727632,0.1908101588487625,0.704206645488739,0.5348175168037415,0.3317738473415375,0.6819143891334534,0.8083493709564209
122,between,betweenor,0.1139820914914964,0.6611209511756897,0.7089999914169312,0.5481131672859192,0.2678810954093933,0.8431419134140015,0.959491491317749
122,between,betweenal,0.1377237863544126,0.7277657985687256,0.7262022495269775,0.6854205131530762,0.1996781229972839,0.8331161141395569,0.9448106288909912
122,between,betweened,0.1410731008686003,0.7445085048675537,0.7627264261245728,0.7468822598457336,0.2149781435728073,0.8500303030014038,0.8923717737197876
122,between,betweener,0.0639255252943475,0.6582820415496826,0.7455673217773438,0.6053845882415771,0.2887243032455444,0.8298234343528748,0.9004303812980652
122,between,betweenized,0.1377237863544126,0.7944169044494629,0.7055125832557678,0.5677140951156616,0.1911588907241821,0.8167192935943604,0.9213157892227172
122,between,betweenings,0.1377237863544126,0.7806088924407959,0.684664249420166,0.5833631157875061,0.2289720773696899,0.7527793049812317,0.935823380947113
122,between,betweenness,0.1717294100337258,0.7023707032203674,0.708334743976593,0.6227324604988098,0.1923825442790985,0.7921963930130005,0.8681967854499817
122,between,betweens,0.1265938037220029,0.6478976607322693,0.773236095905304,0.7251272201538086,0.6055136322975159,0.839634358882904,0.8531070947647095
122,between,betweening,0.1148795864466659,0.7462931275367737,0.7633166909217834,0.6762375831604004,0.2674919366836548,0.89842289686203,0.9468281865119934
122,between,betweenity,0.0822447193605203,0.7129509449005127,0.715498149394989,0.6164801120758057,0.2080395072698593,0.7952009439468384,0.8790310621261597
122,between,betweeners,0.1155595270504265,0.6643392443656921,0.7384480237960815,0.5764800906181335,0.2631517946720123,0.7457420229911804,0.9401988983154296
122,series,seriesally,0.113347463614218,0.8398195505142212,0.6546396613121033,0.754555344581604,0.1276394724845886,0.8166837096214294,0.9798786044120787
122,series,seriesness,0.1347928631803353,0.7843896150588989,0.7241650819778442,0.7613055109977722,0.2328539788722992,0.7598748207092285,0.9396045207977296
122,series,seriesment,0.113347463614218,0.8262050151824951,0.6486716270446777,0.7470333576202393,0.2297177463769912,0.7905300855636597,0.9798004031181335
122,series,seriessize,0.1467037378556282,0.4569374024868011,0.6012451648712158,0.6894792318344116,0.1296951174736023,0.7200614809989929,0.9512269496917723
122,series,serieser,0.1675225964804389,0.8010611534118652,0.7698012590408325,0.7393616437911987,0.2310093492269516,0.8055680394172668,0.9628385305404664
122,series,serieses,0.1831798565036522,0.8076525330543518,0.765620768070221,0.8909192681312561,0.6503356099128723,0.8136038780212402,0.8924314975738525
122,series,seriesed,0.1246468371508056,0.8318901062011719,0.760982871055603,0.7776784896850586,0.2064719349145889,0.8211995363235474,0.9644720554351808
122,series,seriesic,0.1623899711879946,0.841719388961792,0.7383890151977539,0.6619609594345093,0.14662666618824,0.8434182405471802,0.977445125579834
122,series,seriesal,0.1580682801166204,0.7849067449569702,0.7358456254005432,0.7240550518035889,0.1822434663772583,0.8167855739593506,0.9706256985664368
122,series,seriesly,0.1148249033484761,0.8223891258239746,0.7507727146148682,0.7197670936584473,0.1687325835227966,0.8308847546577454,0.9170262217521667
122,series,seriesor,0.1652411502846676,0.8357062339782715,0.6975714564323425,0.6718037128448486,0.2181589007377624,0.7821858525276184,0.9729624390602112
122,series,seriesing,0.1585345580432515,0.7159783840179443,0.7626074552536011,0.8060154914855957,0.1915159672498703,0.759987473487854,0.9374173879623412
122,parallel,parallelals,0.25196651196271,0.7472912073135376,0.7714611291885376,0.8767231702804565,0.1282945871353149,0.7637203335762024,0.9080010056495668
122,parallel,paralleller,0.2085403070597927,0.7909808158874512,0.7864131927490234,0.8305193185806274,0.2112248092889785,0.8428424596786499,0.9610278010368348
122,parallel,parallelled,0.2463731128815891,0.797521710395813,0.7793679237365723,0.9449734091758728,0.485116183757782,0.8489465117454529,0.936512053012848
122,parallel,parallelize,0.3986414353528554,0.712551474571228,0.769821286201477,0.8775761127471924,0.4363001585006714,0.8170868158340454,0.9475330710411072
122,parallel,parallelity,0.2872228432217631,0.7216644883155823,0.7986680865287781,0.920319437980652,0.264738380908966,0.8725042343139648,0.9294947981834412
122,parallel,paralleling,0.326296852088376,0.7636611461639404,0.816648006439209,0.9419468641281128,0.6138346791267395,0.8524140119552612,0.9589632749557496
122,parallel,parallellization,0.2991267820989575,0.8032875061035156,0.7537670135498047,0.8326343297958374,0.1812021136283874,0.8220595717430115,0.9227281212806702
122,parallel,parallelizations,0.3302438806688343,0.8229416608810425,0.7613658905029297,0.8476189374923706,0.1461211144924163,0.7964590787887573,0.9397855997085572
122,parallel,parallellizing,0.2790380006268814,0.6615628004074097,0.6901771426200867,0.8671805262565613,0.1806533932685852,0.8009629845619202,0.9362696409225464
122,parallel,parallelability,0.2621930000458215,0.7104683518409729,0.765093207359314,0.8084923028945923,0.124689020216465,0.838954746723175,0.92299884557724
122,parallel,parallels,0.3469827581499468,0.7322057485580444,0.6227479577064514,0.684752881526947,0.5453932881355286,0.6878635883331299,0.936884880065918
122,parallel,parallelable,0.2690426045629256,0.8281290531158447,0.7844964265823364,0.8543463945388794,0.2053318172693252,0.8636420369148254,0.952601969242096
122,parallel,parallelized,0.4087784472632373,0.7801970839500427,0.799413800239563,0.9021432399749756,0.4167596995830536,0.8743626475334167,0.9577799439430236
122,parallel,parallelizes,0.2611107583222382,0.7738837003707886,0.7589298486709595,0.8928093314170837,0.4302068650722503,0.7658529877662659,0.951760470867157
122,parallel,parallelizer,0.315006311667282,0.7348591685295105,0.7562775611877441,0.780304491519928,0.1762827187776565,0.8117384314537048,0.9355652928352356
122,parallel,parallellize,0.2790380006268814,0.6955696940422058,0.6886855363845825,0.8703588247299194,0.1888854652643203,0.7747316956520081,0.9553861021995544
122,parallel,parallelling,0.2655722947132316,0.8008136749267578,0.786657989025116,0.935759961605072,0.5454918146133423,0.8546978235244751,0.9538472890853882
122,parallel,parallelness,0.2573274478702331,0.7747212648391724,0.7912263870239258,0.9265691041946412,0.2697124779224396,0.8672848343849182,0.9357362389564514
122,parallel,parallelly,0.2625219206522846,0.7868753671646118,0.8002250790596008,0.9340009689331056,0.525650680065155,0.7727779746055603,0.9136635065078736
122,parallel,paralleler,0.3013811886962589,0.756594181060791,0.8086093664169312,0.9036468267440796,0.0964850038290023,0.8590179681777954,0.9306623339653016
122,parallel,paralleles,0.2809115957674514,0.749450147151947,0.8151664733886719,0.9468529224395752,0.0977630540728569,0.7764220833778381,0.9167364835739136
122,parallel,paralleled,0.3274318917536459,0.7907793521881104,0.8098764419555664,0.9409682750701904,0.5280959606170654,0.858932375907898,0.9400191307067872
122,parallel,parallelor,0.3027796954897976,0.8132978677749634,0.7783162593841553,0.8718339800834656,0.158817246556282,0.8360483050346375,0.9568212628364564
122,parallel,parallelities,0.2291508302257966,0.7834299206733704,0.7589883208274841,0.8836629390716553,0.2445255666971206,0.8270368576049805,0.9296797513961792
122,parallel,parallelizing,0.374273549468702,0.7707039713859558,0.7749525308609009,0.8818979859352112,0.4354496896266937,0.8485579490661621,0.9522066116333008
122,parallel,parallelizers,0.3086646900181033,0.5844049453735352,0.7160332798957825,0.7423422336578369,0.1611436456441879,0.7942547798156738,0.8487491011619568
122,parallel,parallellizes,0.2291508302257966,0.6982079744338989,0.6912989616394043,0.8801170587539673,0.1676432639360427,0.7629588842391968,0.9571847915649414
122,parallel,parallellized,0.2795046105429744,0.8559768199920654,0.7361345291137695,0.8368635177612305,0.2077042758464813,0.8089568018913269,0.9603224396705629
122,parallel,parallelization,0.4518703563620646,0.6386526823043823,0.796554684638977,0.8235117197036743,0.4190204739570617,0.8596225380897522,0.9335469603538512
122,circuits,circuitable,0.3081813067391949,0.6140986680984497,0.697222113609314,0.7196745872497559,0.1661792248487472,0.7181336879730225,0.9429657459259032
122,circuits,circuiteers,0.3375343681584051,0.6947927474975586,0.7332242131233215,0.7516269683837891,0.1593399047851562,0.694351315498352,0.9132064580917358
122,circuits,circuitized,0.3424052940735422,0.7128567695617676,0.7194267511367798,0.809689462184906,0.3580196797847748,0.7576383948326111,0.9751555919647216
122,circuits,circuitings,0.3612760630213213,0.6680402755737305,0.7350504398345947,0.8798933029174805,0.309527188539505,0.8196863532066345,0.9014608860015868
122,circuits,circuitation,0.3081813067391949,0.5711583495140076,0.7236703634262085,0.8652583360671997,0.1893597096204757,0.8224274516105652,0.9223382472991944
122,circuits,circuittable,0.3081813067391949,0.7409167289733887,0.7068465352058411,0.7102385759353638,0.135754108428955,0.7319576144218445,0.937390148639679
122,circuits,circuiters,0.3700619611841272,0.6089622378349304,0.7099599838256836,0.8209049105644226,0.2089974284172058,0.8362804651260376,0.9155852198600768
122,circuits,circuiteer,0.2326192824075369,0.5943202376365662,0.6885307431221008,0.7031911015510559,0.1457631736993789,0.6834288835525513,0.8715408444404602
122,circuits,circuitize,0.2853656250022816,0.7208059430122375,0.7128926515579224,0.7685978412628174,0.1370980739593505,0.692875325679779,0.9145494699478148
122,circuits,circuition,0.2432949797284002,0.7048985958099365,0.6818044185638428,0.8467526435852051,0.116761490702629,0.7893747687339783,0.962732434272766
122,circuits,circuiting,0.2850624929364908,0.607208251953125,0.6997642517089844,0.8883230686187744,0.5344697833061218,0.8146559000015259,0.8985229730606079
122,circuits,circuitism,0.2463619594531469,0.5622661113739014,0.7199522256851196,0.7829780578613281,0.1784296631813049,0.7790790796279907,0.843366265296936
122,circuits,circuit,0.5193723512635317,0.720171332359314,0.7727402448654175,0.8738908767700195,0.829666793346405,0.8089255094528198,0.9359126687049866
122,circuits,circuitor,0.3081813067391949,0.7491247653961182,0.6784484386444092,0.7295893430709839,0.0472252517938613,0.7201566100120544,0.9655491709709167
122,circuits,circuitly,0.3081813067391949,0.7584781646728516,0.6861605644226074,0.7935570478439331,0.2269593924283981,0.7510685324668884,0.9227741360664368
122,circuits,circuited,0.3047035222604486,0.698475182056427,0.6931219100952148,0.7229105830192566,0.500944972038269,0.7255383133888245,0.9636861681938172
122,circuits,circuiter,0.2395159766893931,0.6206806898117065,0.6671793460845947,0.7658897638320923,0.1725179851055145,0.7370736598968506,0.867783784866333
122,circuits,circuites,0.2029197795991887,0.5473990440368652,0.7060682773590088,0.9233435988426208,0.2120067775249481,0.8438735604286194,0.8751817345619202
122,circuits,circuital,0.1882064547701345,0.7243938446044922,0.6749924421310425,0.8658390045166016,0.3943053483963012,0.7468352913856506,0.9572071433067322
122,circuits,circuitization,0.3375343681584051,0.6646970510482788,0.7210912108421326,0.7928310632705688,0.1440818309783935,0.8368120193481445,0.937164843082428
123,medvedev,medvedevs,0.4959072299648656,0.8870094418525696,0.9680038690567015,0.9428658485412598,0.5921919345855713,0.8870093822479248,0.8902261257171631
124,does,do,0.3150783083252808,0.8436778783798218,0.645174503326416,0.6107642650604248,0.6014193296432495,0.659874439239502,0.9659647941589355
124,does,dor,0.0281334270220727,0.5568558573722839,0.533939003944397,0.3292746543884277,0.1734518855810165,0.3949761390686035,0.8745904564857483
124,does,doal,0.0493096016294279,0.6494425535202026,0.5301180481910706,0.2924641370773315,0.0619074404239654,0.3689393699169159,0.9078012704849244
124,does,dors,0.0151335638150021,0.4944849014282226,0.5583152770996094,0.3167884349822998,0.2720503211021423,0.3967191874980926,0.8870018124580383
124,does,doals,0.0633396993467562,0.6615601778030396,0.5734365582466125,0.3438521027565002,0.0142774144187569,0.4794721901416778,0.9208937287330629
124,does,doeor,0.0825076723424759,0.5179776549339294,0.3971837759017944,0.3157087564468384,0.0220178645104169,0.2770606577396393,0.9110361933708192
124,does,doeer,0.0452696906676553,0.3238377869129181,0.3738137483596802,0.3554462790489197,0.3149833679199219,0.2785007059574127,0.8472977876663208
124,does,doize,0.0011331675231868,0.4134790301322937,0.325421541929245,0.1840602159500122,0.0864135548472404,0.3065510988235473,0.9024666547775269
124,does,doism,0.1122634044676916,0.5539364814758301,0.3401387333869934,0.2007101476192474,0.1393530517816543,0.2919822335243225,0.8961718678474426
124,does,doive,-0.027599221627646,0.2864154577255249,0.3196854293346405,0.2582086622714996,0.1263513267040252,0.2585301995277405,0.8029125332832336
124,does,doity,0.1186820338543037,0.3404845297336578,0.3181573152542114,0.2162249684333801,0.1778782457113266,0.2782540023326874,0.7977567911148071
124,does,doial,0.1027013866926912,0.3056527376174927,0.3267639577388763,0.2250694632530212,0.0829604044556617,0.2489445805549621,0.725008487701416
124,does,doing,0.3291373652628732,0.7074898481369019,0.5606702566146851,0.3692840337753296,0.325042575597763,0.2883327007293701,0.9379801154136658
124,does,doingness,0.119656522315606,0.6380444169044495,0.504535436630249,0.291650116443634,0.0791547074913978,0.341926246881485,0.8774718046188354
124,does,doables,0.0877701423846182,0.3987014293670654,0.514931321144104,0.2759037613868713,0.0821203589439392,0.3703568279743194,0.8867585062980652
124,does,doessal,0.0825076723424759,0.7959966063499451,0.683959424495697,0.3616183996200561,0.1145605593919754,0.810800313949585,0.9471024870872498
124,does,doesive,0.0825076723424759,0.661342203617096,0.6997771263122559,0.3673698008060455,0.1991471052169799,0.7718192934989929,0.8705041408538818
124,does,doesing,0.0988796540060572,0.6252553462982178,0.7588636875152588,0.5932734608650208,0.1700407415628433,0.538632333278656,0.8838033676147461
124,does,doibles,0.0596919906055625,0.3700179755687713,0.3447348475456238,0.2198148071765899,0.102294310927391,0.227228969335556,0.7554662227630615
124,does,doingor,0.1317920868463669,0.500105619430542,0.5081312656402588,0.25468510389328,0.1378671377897262,0.2703294456005096,0.9065781831741332
124,does,doinged,0.0825076723424759,0.6326048970222473,0.4694106578826904,0.2550948858261108,0.066515527665615,0.3093771338462829,0.905056893825531
124,does,doinger,0.1027013866926912,0.5867294073104858,0.4867971837520599,0.255595862865448,0.0836836099624633,0.2902098298072815,0.8743091225624084
124,does,doinges,0.0803842855017132,0.5580117702484131,0.5329228043556213,0.3686565160751343,0.1074747741222381,0.3510809540748596,0.864803671836853
124,does,doments,0.1122634044676916,0.4455151259899139,0.3690209984779358,0.1758623421192169,0.1012438759207725,0.2347466349601745,0.8834096193313599
124,does,doability,0.1022693680467233,0.602667510509491,0.5395846366882324,0.2140051424503326,0.0698833018541336,0.4675498008728027,0.9260802268981934
124,does,dorness,0.0825076723424759,0.3769652247428894,0.502795934677124,0.2240138947963714,0.1338795125484466,0.3237767815589905,0.8785629272460938
124,does,domentity,0.0305803360868033,0.2872548997402191,0.3605148494243622,0.1736271381378173,0.0959091931581497,0.2491752803325653,0.8448548913002014
124,does,doableness,0.1264430815556074,0.4329894781112671,0.5227126479148865,0.2310549020767212,0.0531619973480701,0.3898248970508575,0.8641031384468079
124,does,doally,0.0596919906055625,0.6884761452674866,0.5288519859313965,0.3899804651737213,0.08294627815485,0.3476361930370331,0.9144973754882812
124,does,doable,0.1886020732906523,0.6460476517677307,0.5443758368492126,0.2920266389846802,0.2082260698080063,0.345394492149353,0.9131550788879396
124,does,doeser,0.1001547915263163,0.4880194962024688,0.7450010776519775,0.4086286425590515,0.1859721094369888,0.5823940634727478,0.8563070297241211
124,does,doeses,0.1238596746600652,0.5777943730354309,0.7692447900772095,0.5748543739318848,0.2429690361022949,0.5168179869651794,0.8806838393211365
124,does,doesed,0.1027013866926912,0.6543976068496704,0.7437694072723389,0.5302298069000244,0.1572222113609314,0.4901850521564483,0.8970804810523987
124,does,doesal,0.1264430815556074,0.6735027432441711,0.7351174354553223,0.3923317193984985,0.2014558166265487,0.6104058027267456,0.8946828246116638
124,does,doeers,0.0825076723424759,0.4574437141418457,0.4013093113899231,0.3322944939136505,0.2639267444610595,0.3185310959815979,0.893334150314331
124,does,doible,0.0788283159266131,0.4128530025482178,0.3232918381690979,0.2055661976337433,0.0907287448644638,0.2879405915737152,0.8809781074523926
124,does,doizer,-0.0021273566804855,0.4311456084251404,0.3433859348297119,0.1635063290596008,0.0537774264812469,0.3090038299560547,0.8950513601303101
124,does,doives,0.0215279958047391,0.2976491451263428,0.3544524312019348,0.1861298233270645,0.1657542437314987,0.2777436673641205,0.755017101764679
124,does,doment,0.0786986520201866,0.4221477806568146,0.328729510307312,0.1678001880645752,0.0844200253486633,0.2205129116773605,0.8664024472236633
124,does,doness,0.0415697892657783,0.6292495727539062,0.463473916053772,0.272311121225357,0.0935285538434982,0.3042541146278381,0.9132125973701476
124,does,dority,0.0467950615573958,0.7058998942375183,0.5361170172691345,0.2343968152999878,0.0313773192465305,0.4750479161739349,0.9453710913658142
124,does,doessing,0.0916351570578127,0.7529444694519043,0.7060167789459229,0.531165361404419,0.1673931181430816,0.7956329584121704,0.9409717917442322
124,does,doinging,0.1353486229227781,0.5988065004348755,0.4780455231666565,0.2667133510112762,0.0477453134953975,0.2563673257827759,0.8666175007820129
124,does,doingity,0.1264430815556074,0.6390600204467773,0.5166913866996765,0.3084505796432495,0.0549033991992473,0.2808456718921661,0.9012871980667114
124,ridiculous,ridiculouslies,0.2697119704048573,0.8645384907722473,0.7700808048248291,0.6070236563682556,0.2184013873338699,0.7169356346130371,0.986876368522644
124,ridiculous,ridiculousment,0.2697119704048573,0.826520562171936,0.77032470703125,0.7034317255020142,0.2282837927341461,0.767279863357544,0.9677183032035828
124,ridiculous,ridiculousness,0.3260737488381913,0.7872442007064819,0.789452314376831,0.7417980432510376,0.6469313502311707,0.7767447829246521,0.9624893069267272
124,ridiculous,ridiculouser,0.3118031173373188,0.7387933731079102,0.7737767696380615,0.6288633346557617,0.186287060379982,0.7392703890800476,0.93174809217453
124,ridiculous,ridiculously,0.3394893220132789,0.6941896677017212,0.7869800329208374,0.7790389060974121,0.6965218782424927,0.6634179353713989,0.9748628735542296
124,ridiculous,ridiculousity,0.1669154213842281,0.789607048034668,0.7839474081993103,0.7756100296974182,0.1655399650335312,0.7781357765197754,0.9780871272087096
124,mean,meanance,0.140100989013501,0.6546518206596375,0.7391042113304138,0.7062848210334778,0.1832928955554962,0.8704928159713745,0.9254382848739624
124,mean,meanable,0.1863739206299679,0.667853593826294,0.7541422843933105,0.7125144004821777,0.1108256429433822,0.8746634721755981,0.9396915435791016
124,mean,meanized,0.140100989013501,0.6669781804084778,0.7582426071166992,0.6653497815132141,0.0920335426926612,0.8908506631851196,0.9177747964859008
124,mean,meanning,0.1057072206318435,0.5695182085037231,0.7239445447921753,0.716926097869873,0.3068910539150238,0.883868932723999,0.8581582307815552
124,mean,meanness,0.2420818237880181,0.6140442490577698,0.759421706199646,0.7908962965011597,0.2305766195058822,0.8036096692085266,0.8995171785354614
124,mean,meanities,0.140100989013501,0.6063316464424133,0.7202023267745972,0.6442301273345947,0.1797419488430023,0.8872991800308228,0.8868101239204407
124,mean,meannings,0.1519545585762499,0.4424214661121368,0.6579208374023438,0.702671229839325,0.0592195875942707,0.6123133897781372,0.8820359706878662
124,mean,meanive,0.1010973234643664,0.7548538446426392,0.7373017072677612,0.682148814201355,0.1893988400697708,0.8931810855865479,0.9376853704452516
124,mean,meanion,0.140100989013501,0.6601060628890991,0.7406491041183472,0.7251166701316833,0.0727439522743225,0.8854943513870239,0.8996225595474243
124,mean,meanial,0.1748023232389172,0.7195756435394287,0.734832763671875,0.643774151802063,0.1150651797652244,0.8946569561958313,0.9314544796943665
124,mean,meaners,0.1209472478403177,0.5977048873901367,0.7892078161239624,0.6733259558677673,0.1089010387659072,0.8767737746238708,0.8781194090843201
124,mean,meaneds,0.140100989013501,0.5668165683746338,0.6678825616836548,0.7420996427536011,0.1707115918397903,0.6004863381385803,0.9110475182533264
124,mean,meanors,0.0885409477205096,0.7136375904083252,0.7438324689865112,0.5986412167549133,0.171226754784584,0.8869431018829346,0.9323945045471193
124,mean,meanlyness,0.140100989013501,0.4879415333271026,0.6337082982063293,0.5640623569488525,0.2326228767633438,0.5353159308433533,0.8928321599960327
124,mean,meanly,0.2071834029587065,0.6330841779708862,0.7718970775604248,0.7005184888839722,0.2413753271102905,0.7957101464271545,0.8921553492546082
124,mean,meanor,0.070980478985198,0.6596004366874695,0.7391774654388428,0.6417961120605469,0.1643868237733841,0.8761455416679382,0.9095380306243896
124,mean,meanes,0.1191680302593305,0.6153563261032104,0.7757561206817627,0.7594361305236816,0.1056607142090797,0.7904160618782043,0.9016610383987428
124,mean,meaner,0.2155956358505408,0.6099791526794434,0.7759169340133667,0.7047012448310852,0.2620349824428558,0.8631142377853394,0.8639432787895203
124,mean,meaned,0.1868874835748095,0.7525156736373901,0.7789850234985352,0.7732566595077515,0.3993960916996002,0.8824971318244934,0.9315388202667236
124,mean,meanal,0.1863739206299679,0.695836067199707,0.7646427154541016,0.7020705342292786,0.1870281100273132,0.8983398079872131,0.9136070609092712
125,what,whats,0.1327675045928258,0.6824562549591064,0.7609552145004272,0.7352734804153442,0.616868257522583,0.6431578397750854,0.8178096413612366
125,what,whatallied,0.0713713980498221,0.4865203499794006,0.5336976051330566,0.413865864276886,0.188832476735115,0.4768758416175842,0.8919612765312195
125,what,whatability,0.0743906694965521,0.7601172924041748,0.6486362814903259,0.3201992809772491,0.2281920462846756,0.5597857236862183,0.9319899678230286
125,what,whating,0.0740749796953319,0.7872287631034851,0.7453298568725586,0.4294210076332092,0.4631264209747314,0.4139497578144073,0.9228074550628662
125,what,whative,0.0713713980498221,0.7799863815307617,0.6753008365631104,0.3963064551353454,0.2495663166046142,0.5709722638130188,0.9200978875160216
125,what,whattal,0.0713713980498221,0.8311029076576233,0.6507961750030518,0.4180761873722076,0.2114185839891433,0.4848811328411102,0.9238535165786744
125,what,whatted,0.0701706972007199,0.8574025630950928,0.6578577160835266,0.480080246925354,0.1955216974020004,0.4725521802902221,0.9459447860717772
125,what,whatter,0.0714990195291123,0.8109759092330933,0.6815381646156311,0.3815786242485046,0.3232622742652893,0.5382037162780762,0.9315364360809326
125,what,whaters,0.0607719324204604,0.7763333320617676,0.721630334854126,0.4395177066326141,0.1355942189693451,0.523500919342041,0.9037781357765198
125,what,whateer,0.0621928990067215,0.823296070098877,0.6322726607322693,0.459794670343399,0.1564114093780517,0.5465439558029175,0.9302316308021544
125,what,whater,0.0484906768908084,0.6872586607933044,0.7305262088775635,0.4769518971443176,0.3267337679862976,0.6134607195854187,0.8855600953102112
125,what,whates,0.0482633941852849,0.6326897144317627,0.7180666327476501,0.5994319915771484,0.1290832161903381,0.6209444999694824,0.8521724939346313
125,what,whated,0.0797860829743304,0.802926778793335,0.7154135704040527,0.5662928819656372,0.4223106503486633,0.5310068726539612,0.9271928668022156
125,what,whator,0.0731070841336405,0.5882769227027893,0.6763938069343567,0.4120635390281677,0.3402690887451172,0.644780695438385,0.8928593993186951
125,what,whatly,0.031533357968743,0.7666404247283936,0.7103927135467529,0.5504207015037537,0.2385863363742828,0.6152898669242859,0.9097107648849488
125,what,whatisms,0.0731070841336405,0.7760120630264282,0.6389027833938599,0.3279685378074646,0.1566185355186462,0.6591538190841675,0.9066503047943116
125,what,whatings,0.0743906694965521,0.8021326065063477,0.6460034251213074,0.3564238548278808,0.2516869306564331,0.5399106740951538,0.9257928729057312
125,what,whatlies,0.031533357968743,0.8311638236045837,0.6185685992240906,0.3553487062454223,0.165506511926651,0.6124640107154846,0.9299684762954712
125,what,whatness,0.0743402800828845,0.793454647064209,0.6926342248916626,0.3954918980598449,0.2694331705570221,0.6231073141098022,0.8927991986274719
125,what,whatting,0.0805492850139621,0.8443926572799683,0.6944925785064697,0.3828837275505066,0.2608135640621185,0.4453337788581848,0.9329333305358888
125,what,whatters,0.0666315232076347,0.8121885061264038,0.6513689756393433,0.3755428194999695,0.2888049781322479,0.5416060090065002,0.9229810833930968
125,what,whatation,0.0713713980498221,0.7656718492507935,0.6975873112678528,0.4445815980434418,0.2501932382583618,0.5325500965118408,0.9161198139190674
125,what,whattable,0.0067683046244646,0.8032827377319336,0.612005889415741,0.2880715429782867,0.1955971270799636,0.5363976955413818,0.929995894432068
125,what,whatabilities,0.0713713980498221,0.4862706065177917,0.4489451050758362,0.4128238558769226,0.212959423661232,0.4573334455490112,0.893561840057373
125,biggest,biggests,0.2233674230960816,0.6467260718345642,0.7904618382453918,0.8164141178131104,0.6603202223777771,0.8290937542915344,0.8469767570495605
125,biggest,biggestness,0.2319315839236193,0.7327020764350891,0.7842392325401306,0.8007844686508179,0.313456654548645,0.8721873164176941,0.9693132042884828
125,biggest,biggesting,0.2319315839236193,0.7366088628768921,0.7902768850326538,0.819331169128418,0.3086813986301422,0.7193182110786438,0.9505714774131776
125,biggest,biggestly,0.2375719445388503,0.6556276082992554,0.7519406080245972,0.6708585619926453,0.3262156546115875,0.7860418558120728,0.9518019556999208
125,waterfall,waterfallics,0.3711589514249098,0.6375036239624023,0.813513994216919,0.8151427507400513,0.2697382271289825,0.723456084728241,0.9093242883682252
125,waterfall,waterfalling,0.3044830689851945,0.7420284748077393,0.8319174647331238,0.884993314743042,0.6396282911300659,0.8432650566101074,0.9013726115226746
125,waterfall,waterfallers,0.3281835030153275,0.714404284954071,0.8325167894363403,0.8064367771148682,0.2299132943153381,0.7487304210662842,0.9270848631858826
125,waterfall,waterfaller,0.3217603134105636,0.6913497447967529,0.8155019283294678,0.7749438285827637,0.2495656013488769,0.7725016474723816,0.9266384243965148
125,waterfall,waterfalled,0.3258785557568786,0.7835142612457275,0.8275131583213806,0.8204246163368225,0.1974731534719467,0.8363766074180603,0.9492071270942688
125,waterfall,waterfalls,0.5289798896573321,0.7931753396987915,0.8076409101486206,0.9118338227272034,0.783603310585022,0.8980134725570679,0.9687241315841676
125,world,worlders,0.1256279326059175,0.6918560266494751,0.7275777459144592,0.6630125045776367,0.3862627744674682,0.8936328887939453,0.9600310921669006
125,world,worlding,0.1194125831874438,0.7214463949203491,0.7665141820907593,0.7180649042129517,0.4519027173519134,0.8791952729225159,0.944443941116333
125,world,worldism,0.1107753934181061,0.4541015028953552,0.7189570665359497,0.676856517791748,0.2508752644062042,0.8608183860778809,0.8626075387001038
125,world,worldity,0.0950298992375878,0.6415112018585205,0.7089463472366333,0.7515605688095093,0.2586926519870758,0.8887817859649658,0.8761118650436401
125,world,worldive,0.0523197192814223,0.6498904228210449,0.6549192667007446,0.6934981346130371,0.2717887461185455,0.8960474729537964,0.9534417986869812
125,world,worldance,0.0431497053928261,0.697386622428894,0.6539424061775208,0.6917102336883545,0.3175907433032989,0.8824179768562317,0.9332437515258788
125,world,worldings,0.108204942361005,0.7680866718292236,0.6734572052955627,0.6977584362030029,0.2984106838703155,0.895997166633606,0.9630181789398192
125,world,worldisms,0.099050011904477,0.6742634177207947,0.6374209523200989,0.6134722828865051,0.2205684334039688,0.8907583355903625,0.8844888806343079
125,world,worldized,0.099050011904477,0.7078760862350464,0.7086600661277771,0.6611332297325134,0.3019031584262848,0.8749634623527527,0.9540759921073914
125,world,worldness,0.0897227285315131,0.6521100997924805,0.7286627292633057,0.7627128958702087,0.1801457852125167,0.8823206424713135,0.9092280864715576
125,world,worlds,0.2148542840274239,0.7665984034538269,0.5122264623641968,0.825370192527771,0.634970486164093,0.8209328055381775,0.953148603439331
125,world,worldization,0.108204942361005,0.5614058971405029,0.7006977200508118,0.6428360939025879,0.2609728276729584,0.8667483925819397,0.891228973865509
125,world,worlderness,0.0950298992375878,0.6105310916900635,0.5409201979637146,0.6644660234451294,0.2542677223682403,0.688202977180481,0.9533885717391968
125,world,worldes,0.0716673125731631,0.4490095376968384,0.7532046437263489,0.8157045245170593,0.3059483766555786,0.8978756666183472,0.8868632912635803
125,world,worlder,0.1161656563564579,0.7309903502464294,0.768060028553009,0.6540608406066895,0.4164974093437195,0.8947578072547913,0.959164261817932
125,world,worlded,0.0823975423275335,0.7758913636207581,0.7462456822395325,0.6860564947128296,0.2722706794738769,0.8901731371879578,0.9440093636512756
125,world,worldal,0.0891366217154344,0.6608999967575073,0.7432156205177307,0.7245934009552002,0.3274602591991424,0.8516267538070679,0.9426555037498474
125,world,worldor,0.0892049717353579,0.748151957988739,0.7355819940567017,0.6692187786102295,0.2904560267925262,0.8962950110435486,0.9641107320785522
125,world,worldation,0.0973409380873271,0.674060583114624,0.7045007944107056,0.7176886796951294,0.2698544859886169,0.875336229801178,0.9579654335975648
125,world,worldizing,0.0973409380873271,0.703977108001709,0.691719114780426,0.6542510986328125,0.2577942311763763,0.8786565065383911,0.9517053365707396
126,canon,canonability,0.2347404854711325,0.618492603302002,0.7997252941131592,0.6890050172805786,0.1867753863334655,0.6603968143463135,0.8821285367012024
126,canon,canones,0.2813053469615394,0.631112277507782,0.8411097526550293,0.8631473779678345,0.2503131926059723,0.7050606608390808,0.882785975933075
126,canon,canoned,0.2915235855694505,0.690507173538208,0.8346688747406006,0.781399130821228,0.1419710367918014,0.7682702541351318,0.924020528793335
126,canon,canonal,0.3126606416157708,0.6090301275253296,0.8306146264076233,0.7905601263046265,0.2343493849039077,0.7699140310287476,0.904527485370636
126,canon,canonor,0.2119248037342191,0.7518763542175293,0.8283824920654297,0.8571876287460327,0.1988211870193481,0.7315118312835693,0.9231650233268738
126,canon,canonly,0.2059783649504393,0.7048304677009583,0.8210673332214355,0.7294362783432007,0.240809291601181,0.7652246356010437,0.9090864062309264
126,canon,canons,0.4001280995517829,0.8167939186096191,0.6267261505126953,0.8070691227912903,0.7231167554855347,0.5466925501823425,0.9001867175102234
126,canon,canoneers,0.3190682432945539,0.6874599456787109,0.8024118542671204,0.7861906886100769,0.2324441373348236,0.7113543748855591,0.8995838761329651
126,canon,canonlied,0.2347404854711325,0.5052005052566528,0.7435592412948608,0.7854673862457275,0.2251529097557068,0.5886045694351196,0.8561635613441467
126,canon,canonness,0.1957368199219979,0.6597214937210083,0.8145872354507446,0.8047229647636414,0.0706971287727356,0.6963487267494202,0.8833597898483276
126,canon,canonnal,0.2848545215072965,0.7213026285171509,0.7990550994873047,0.6918127536773682,0.0794798135757446,0.7861210703849792,0.900551438331604
126,canon,canoning,0.271923237587418,0.6226581931114197,0.8375802040100098,0.8098620772361755,0.1275568455457687,0.6405915021896362,0.9020256996154784
126,canon,canonial,0.129413437869158,0.703945517539978,0.8048377633094788,0.6882699728012085,0.1066917404532432,0.7568632364273071,0.9265149235725404
126,canon,canonism,0.1439894498959218,0.5280168652534485,0.8214947581291199,0.7303686738014221,0.1668179631233215,0.6483227610588074,0.8596433997154236
126,canon,canonity,0.2258891218031057,0.6376131772994995,0.8210178017616272,0.7827498316764832,0.2067278772592544,0.7272067070007324,0.8790611624717712
126,canon,canoneer,0.0973086533954302,0.646942138671875,0.7920776605606079,0.810388445854187,0.2570871114730835,0.7026200294494629,0.9022381901741028
126,canon,canoners,0.1831804441781411,0.6084697842597961,0.8392820358276367,0.8092901706695557,0.1601495444774627,0.7181127071380615,0.8831133842468262
126,canon,canonality,0.2347404854711325,0.6219050288200378,0.8004472255706787,0.6782266497612,0.1942852139472961,0.8275125026702881,0.8864912390708923
126,canon,canonments,0.2347404854711325,0.6239625811576843,0.8120747208595276,0.6429022550582886,0.1077684983611106,0.5471489429473877,0.8826991319656372
126,driver,driverized,0.2465155578069855,0.8217582702636719,0.7685869336128235,0.7920477390289307,0.1457482725381851,0.8126397132873535,0.9680896401405334
126,driver,driverness,0.1750812001515754,0.7335201501846313,0.7767361402511597,0.7720818519592285,0.1984644532203674,0.7446557879447937,0.938165247440338
126,driver,driverrally,0.2465155578069855,0.5608538389205933,0.6718326210975647,0.7356935739517212,0.1229821890592575,0.651549756526947,0.9535613656044006
126,driver,drivering,0.2258165446862822,0.7019256353378296,0.7972047328948975,0.8337259292602539,0.1845719367265701,0.687250554561615,0.8830840587615967
126,driver,driverive,0.2660300781416154,0.5873531103134155,0.7402403354644775,0.6228640079498291,0.1906589120626449,0.7342023253440857,0.9628711342811584
126,driver,driverers,0.2465155578069855,0.7124892473220825,0.8021906614303589,0.7988386154174805,0.1577929109334945,0.6978883147239685,0.9235146045684814
126,driver,driverred,-0.01567679348914,0.8000938892364502,0.7413898706436157,0.7986884117126465,0.1345012933015823,0.8239675164222717,0.9390822649002076
126,driver,drivers,0.556514389428082,0.6463130116462708,0.7881988883018494,0.9145920276641846,0.8465046286582947,0.9004655480384827,0.926400661468506
126,driver,driveror,0.1750812001515754,0.7222109436988831,0.7713586091995239,0.8369829654693604,0.2065025866031646,0.7513554692268372,0.9747915267944336
126,driver,driveres,0.2900552696754434,0.6522266268730164,0.7971048951148987,0.8565583825111389,0.1914797872304916,0.6733630299568176,0.8861060738563538
126,driver,driverer,0.2109368609510507,0.6690824627876282,0.7965196371078491,0.8529047966003418,0.1760619580745697,0.7350963950157166,0.9168453812599182
126,driver,drivered,0.1861393612418413,0.7816816568374634,0.7951908111572266,0.7624979019165039,0.1634547710418701,0.7722393274307251,0.9004104733467102
126,driver,driverly,0.1978968818884888,0.7447447776794434,0.7611559629440308,0.7089096903800964,0.0796293243765831,0.704832911491394,0.916967511177063
127,is,isity,0.0304274360758364,0.8075101971626282,0.6493667960166931,0.4029387831687927,-0.036128032952547,0.56605064868927,0.9189732074737548
127,is,isism,-0.0354975007948622,0.5316012501716614,0.309832215309143,0.3388938307762146,-0.0174814593046903,0.6121535897254944,0.8997104167938232
127,is,isness,0.035736832601157,0.676199734210968,0.2797257900238037,0.4251628220081329,0.219910442829132,0.6652631163597107,0.925081729888916
127,it,itly,0.0471042697170535,0.7371318340301514,0.715457558631897,0.4681070446968078,0.3137648701667785,0.7293950915336609,0.8655771017074585
127,it,itity,0.0306156869446415,0.7512975931167603,0.6522084474563599,0.3638301491737366,0.0867521092295646,0.7034173011779785,0.8792613744735718
127,it,itism,0.0015606812422205,0.7220368385314941,0.6496431231498718,0.3191728293895721,0.0545955300331115,0.7204201817512512,0.845969557762146
127,it,itnessing,0.0229921243653269,0.6109004020690918,0.5924252867698669,0.3120844662189483,-0.0264841299504041,0.5873154997825623,0.9196234345436096
127,it,itlies,0.0467338192282431,0.8392634987831116,0.5355337262153625,0.4158548414707184,-0.0029315848369151,0.822243332862854,0.980700671672821
127,it,itness,0.0273801909432228,0.795965313911438,0.6594537496566772,0.3730608820915222,0.1181658208370208,0.6959569454193115,0.8979818224906921
127,okay,okayly,0.1640849006601117,0.8038489818572998,0.7258710265159607,0.6161848902702332,0.2655319571495056,0.7898290753364563,0.9476420283317566
127,okay,okayer,0.2512227453098341,0.7875673770904541,0.7272419929504395,0.6893248558044434,0.1993761509656906,0.7669680118560791,0.962301790714264
127,okay,okayed,0.1954492695209765,0.8030157089233398,0.7335637807846069,0.6507916450500488,0.3470642566680908,0.8077301383018494,0.944056272506714
127,okay,okaily,0.1261951867137193,0.346545934677124,0.5156331062316895,0.3724495470523834,0.1227606907486915,0.4912236630916595,0.9265595078468324
127,okay,okaies,0.1990512168289078,0.363847553730011,0.5006363987922668,0.4734640717506408,0.1682464033365249,0.4423553645610809,0.9006968140602112
127,okay,okays,0.1716739329873169,0.7223832607269287,0.7649027109146118,0.7096945643424988,0.2705597877502441,0.8262911438941956,0.8780791759490967
127,okay,okaic,0.2452582915480639,0.3192223310470581,0.5298720002174377,0.5080074667930603,0.1608093976974487,0.5205269455909729,0.9325873255729676
127,okay,okayers,0.1966886536222364,0.8066648244857788,0.7442281246185303,0.5663251280784607,0.1931238323450088,0.7630219459533691,0.9742261171340942
127,okay,okaying,0.2227551015919087,0.7190793752670288,0.7453713417053223,0.5845824480056763,0.306266039609909,0.8469571471214294,0.9250875115394592
127,okay,okayness,0.2295976262823913,0.7872400283813477,0.7240543365478516,0.4369620382785797,0.4468710422515869,0.761666476726532,0.9578680992126464
127,drink,drinkally,0.2179283411848386,0.8230399489402771,0.7376703023910522,0.7841292023658752,0.2085257768630981,0.8156634569168091,0.8045229911804199
127,drink,drinkings,0.1598064205518808,0.6385302543640137,0.5660392642021179,0.7517206072807312,0.5922003984451294,0.7985942959785461,0.7690048217773438
127,drink,drinkking,0.145299490135369,0.8570452928543091,0.7656543254852295,0.7763963937759399,0.1953046917915344,0.8461694121360779,0.9191876649856568
127,drink,drinklied,0.1704246715024528,0.5803182721138,0.6427816152572632,0.6597994565963745,0.2530595660209656,0.6934981346130371,0.93016117811203
127,drink,drinklies,0.1704246715024528,0.8088486194610596,0.7230229377746582,0.6794737577438354,0.2774282395839691,0.8339961767196655,0.943503201007843
127,drink,drinkibility,0.2179283411848386,0.8323909640312195,0.7023149132728577,0.614800214767456,0.2244105488061905,0.8271387815475464,0.8416514992713928
127,drink,drinkities,0.1704246715024528,0.8331181406974792,0.762259840965271,0.6745550036430359,0.1941053867340088,0.8087815046310425,0.911300003528595
127,drink,drinks,0.4279573153766586,0.803409218788147,0.7502626180648804,0.8471329212188721,0.815507173538208,0.9254065155982972,0.974230408668518
127,drink,drinkor,0.1181081391139215,0.7572972178459167,0.7554550170898438,0.6334995031356812,0.2083433419466018,0.685291588306427,0.9685737490653992
127,drink,drinkes,0.1720833599568741,0.6947488188743591,0.7858632802963257,0.8266898393630981,0.122495025396347,0.8060133457183838,0.8157287240028381
127,drink,drinked,0.1936430914870006,0.7457079887390137,0.7774156928062439,0.792422890663147,0.5753604769706726,0.8931760191917419,0.8189078569412231
127,drink,drinkity,0.2179283411848386,0.7264978885650635,0.7879924774169922,0.7078371047973633,0.1453315019607544,0.8304703831672668,0.9120638966560364
127,drink,drinking,0.3730989901945716,0.8646655678749084,0.6690241098403931,0.8661149740219116,0.7225548624992371,0.9212856292724608,0.9823483228683472
127,drink,drinkker,0.1704246715024528,0.8108940124511719,0.7581342458724976,0.612726092338562,0.1693646907806396,0.8985366225242615,0.8912168145179749
127,yogurt,yogurtness,0.3656699267856874,0.7670365571975708,0.8709956407546997,0.8281954526901245,0.32904052734375,0.8942391276359558,0.8814408779144287
127,yogurt,yogurts,0.5090667755775466,0.9677257537841796,0.9511663913726808,0.95626038312912,0.7983382940292358,0.972303867340088,0.9705549478530884
127,yogurt,yogurtive,0.2895881119739139,0.7017332911491394,0.8788723945617676,0.89555823802948,0.2480477392673492,0.8721734881401062,0.8386149406433105
127,yogurt,yogurting,0.2226601907972209,0.7623984813690186,0.9197527170181274,0.9107747077941896,0.2836829721927643,0.9216691851615906,0.8681420087814331
127,yogurt,yogurted,0.3419282319227713,0.8435426950454712,0.9187024831771852,0.8481508493423462,0.2965945601463318,0.9521915316581726,0.9372777938842772
127,after,afterism,0.0243426579640096,0.7107905149459839,0.6545901298522949,0.4336539208889007,0.1802379935979843,0.6872090101242065,0.8495993614196777
127,after,aftering,0.1014310638015391,0.6588529348373413,0.7311307191848755,0.6908358335494995,0.4839626550674438,0.8393531441688538,0.8660672903060913
127,after,afterers,0.0807863659439634,0.7209863662719727,0.6801912784576416,0.5044502019882202,0.2252513319253921,0.6727355122566223,0.9497273564338684
127,after,afterally,0.0807863659439634,0.8188948035240173,0.6048845052719116,0.6907919645309448,0.0918167605996131,0.7353566884994507,0.9075906872749328
127,after,afterable,0.0614474177335338,0.7308850288391113,0.6289275884628296,0.6517439484596252,0.0615775100886821,0.6652311086654663,0.8244959115982056
127,after,afterlies,0.0614474177335338,0.8049310445785522,0.5598693490028381,0.5549697279930115,0.1275841742753982,0.6900730729103088,0.9582237601280212
127,after,afterment,0.1089499804833859,0.7268124222755432,0.5967971086502075,0.5277360081672668,0.0086856773123145,0.7196044921875,0.9157775640487672
127,after,afterness,0.0979606055581612,0.6312224864959717,0.6489180326461792,0.5505639910697937,0.0707009136676788,0.72443687915802,0.8704217076301575
127,after,afterrally,0.0614474177335338,0.5828704833984375,0.5349792838096619,0.5523656606674194,0.2186880558729171,0.6584974527359009,0.9732564091682434
127,after,afterly,0.0764316803156818,0.6762838959693909,0.6963177919387817,0.7053262591362,0.1113315224647522,0.7931843400001526,0.8167243599891663
127,after,afterer,0.1185099988525457,0.6563347578048706,0.7179951667785645,0.5460928678512573,0.2387403100728988,0.6568726301193237,0.8630935549736023
127,after,afteres,0.0386317359966204,0.6552830934524536,0.6925418972969055,0.6112532615661621,0.2152912020683288,0.7465159296989441,0.7911699414253235
127,after,aftered,0.0807687726982306,0.6803518533706665,0.7094660401344299,0.6808688640594482,0.2399139553308487,0.7060920596122742,0.8516960740089417
127,after,afteral,0.0950023444619203,0.7986549139022827,0.7081654071807861,0.6065400838851929,0.105481170117855,0.685471773147583,0.9552451968193054
127,eating,eat,0.4611843913374125,0.8601475954055786,0.7505618333816528,0.8898931741714478,0.7042677998542786,0.9231001138687134,0.9700695276260376
127,eating,eatal,0.1785545791506594,0.7244924306869507,0.6156358122825623,0.4495545625686645,0.0738187879323959,0.5921165943145752,0.9276641607284546
127,eating,eated,0.1711818362574945,0.7858065962791443,0.6605526208877563,0.6663752794265747,0.3873868286609649,0.7017670273780823,0.8817871809005737
127,eating,eator,0.0985660399511202,0.6341023445129395,0.6234101057052612,0.4346886575222015,0.088821105659008,0.6373602747917175,0.9672427773475648
127,eating,eatly,0.0746047165669114,0.6743502020835876,0.6356258988380432,0.5297811031341553,0.1763867735862732,0.534851610660553,0.8400953412055969
127,eating,eates,0.0519086285608122,0.6177114844322205,0.6465024352073669,0.6415588855743408,0.2866466045379638,0.5677483677864075,0.8251602649688721
127,eating,eatic,0.1321488264887457,0.6974996328353882,0.6144288778305054,0.4501312375068664,0.2044291347265243,0.6584275364875793,0.8143065571784973
127,eating,eatings,0.2221157755782218,0.7159831523895264,0.8130857944488525,0.8908612132072449,0.5807762742042542,0.7637408375740051,0.8751935958862305
127,eating,eations,0.1785545791506594,0.7994805574417114,0.6243733763694763,0.6183993816375732,0.202215626835823,0.5796294808387756,0.8440273404121399
127,eating,eatives,0.1785545791506594,0.8024725914001465,0.6323267221450806,0.4545103311538696,0.169559970498085,0.6446620225906372,0.7819103598594666
127,eating,eatible,0.1216858221980955,0.7815933227539062,0.6242638230323792,0.5531935095787048,0.233788326382637,0.6598232388496399,0.8289833068847656
127,eating,eatness,0.1785545791506594,0.7464647889137268,0.669209361076355,0.7447217702865601,0.2311116456985473,0.5495379567146301,0.8307966589927673
127,eating,eatment,0.1578618691718378,0.7445075511932373,0.6218594312667847,0.6204790472984314,0.1784107238054275,0.6804268956184387,0.8964908123016357
127,eating,eatters,0.1530336511380275,0.7356127500534058,0.6435725688934326,0.5529062151908875,0.2380268573760986,0.6345008611679077,0.8378052711486816
127,eating,eatting,0.2376430405053581,0.8113454580307007,0.6489855051040649,0.8773499727249146,0.744872510433197,0.7897661924362183,0.8822778463363647
127,eating,eation,0.1244272427990513,0.7970855236053467,0.6309353113174438,0.6151957511901855,0.2681362926959991,0.5858393907546997,0.9704702496528624
127,eating,eatics,0.1785545791506594,0.788711428642273,0.6229835748672485,0.3943930864334106,0.1865670084953308,0.599368155002594,0.9177082180976868
127,eating,eative,0.1150622053713556,0.7619608044624329,0.6255640983581543,0.5684200525283813,0.2089473456144333,0.7666434049606323,0.8807153701782227
127,eating,eatism,0.1785545791506594,0.7299937009811401,0.6350836753845215,0.6042420864105225,0.1308519691228866,0.5708701014518738,0.824647068977356
127,eating,eateer,0.1785545791506594,0.755643367767334,0.6143031120300293,0.4946561455726623,0.1279273927211761,0.693176805973053,0.8823821544647217
127,eating,eateds,0.1530336511380275,0.5850757360458374,0.5833884477615356,0.6155300736427307,0.130678653717041,0.6603606343269348,0.8774164915084839
127,eating,eatter,0.1530023673565136,0.6821086406707764,0.6183023452758789,0.5241646766662598,0.2469566315412521,0.6910314559936523,0.918548047542572
127,eating,eatted,0.2026465200558344,0.7870774269104004,0.6359947323799133,0.6543840169906616,0.1952338814735412,0.7579143047332764,0.9040473103523254
127,eating,eators,0.1785545791506594,0.7754970788955688,0.6262790560722351,0.4684258103370666,0.0748259797692298,0.5712866187095642,0.8808802962303162
127,eating,eatibles,0.049529578826029,0.5979845523834229,0.6127665042877197,0.5375714302062988,0.2240685671567917,0.6646520495414734,0.8813295960426331
127,eating,eativity,0.1452148240307985,0.7564033269882202,0.6402272582054138,0.6752088069915771,0.1702688783407211,0.6549150943756104,0.8142217993736267
127,eating,eatments,0.1530336511380275,0.7613707780838013,0.6367958784103394,0.595677375793457,0.1709411442279815,0.6421423554420471,0.8317878842353821
127,persimmon,persimmoning,0.4341186806501821,0.778042733669281,0.9647316336631776,0.8684335947036743,0.2747453451156616,0.9306800961494446,0.8832702040672302
127,persimmon,persimmones,0.3951150151010476,0.7477165460586548,0.9637844562530518,0.9454182386398317,0.2527644336223602,0.9230265617370604,0.9292372465133668
127,persimmon,persimmonation,0.4113029989132687,0.7759629487991333,0.9570926427841188,0.8634560108184814,0.2136258631944656,0.9092810750007628,0.8532338738441467
127,persimmon,persimmons,0.5824358310666663,0.8878667950630188,0.9697935581207277,0.955154538154602,0.803459644317627,0.9631991982460022,0.957192599773407
128,nail,nailed,0.2908829436193923,0.8652545213699341,0.6198652982711792,0.5554364323616028,0.4367730319499969,0.760500431060791,0.9793656468391418
128,nail,nailes,0.204738837680378,0.6274666786193848,0.8445325493812561,0.876822292804718,0.1236338838934898,0.8195676207542419,0.9510543346405028
128,nail,nailer,0.3639241490046652,0.4747321903705597,0.8415898680686951,0.8238365650177002,0.3854285776615143,0.8077303171157837,0.9015209078788756
128,nail,nailly,0.1142454228576699,0.6244785785675049,0.8367224335670471,0.802525520324707,0.2402399033308029,0.8173683285713196,0.9559731483459472
128,nail,nailor,0.0977653139178851,0.6449187994003296,0.8302289247512817,0.8075820207595825,0.2493070513010025,0.7874031066894531,0.9708347916603088
128,nail,nailation,0.2516772549333723,0.548920214176178,0.8291614055633545,0.8557826280593872,0.2192709743976593,0.801878035068512,0.9337279200553894
128,nail,nailability,0.2516772549333723,0.5804687738418579,0.8105926513671875,0.7963540554046631,0.1878325790166854,0.7516544461250305,0.92640620470047
128,nail,nails,0.5279776714943589,0.9027305841445924,0.679253101348877,0.8879437446594238,0.753242015838623,0.8388119339942932,0.988356113433838
128,nail,nailler,0.1717297704074156,0.574836790561676,0.8386812210083008,0.7761247158050537,0.2410416603088379,0.7836583256721497,0.9726468324661256
128,nail,nailled,0.1611135480912462,0.6810076236724854,0.8248090147972107,0.8862202167510986,0.21734419465065,0.7408767342567444,0.9510069489479064
128,nail,nailors,0.0272155475260936,0.6967203617095947,0.8295274376869202,0.7879605889320374,0.2136444598436355,0.8137620687484741,0.9631316065788268
128,nail,nailers,0.328333021262035,0.4835105538368225,0.846921980381012,0.8147951364517212,0.379650205373764,0.8116865158081055,0.8518344163894653
128,nail,naileer,0.302478698473505,0.6442188024520874,0.8167008757591248,0.8043494820594788,0.1117892041802406,0.7636592984199524,0.9673262238502502
128,nail,nailing,0.3293634168308723,0.5701991319656372,0.8637824058532715,0.8715794086456299,0.4619545042514801,0.7899044752120972,0.9030838012695312
128,nail,nailize,0.302478698473505,0.7165071964263916,0.8259661197662354,0.8502763509750366,0.1062400341033935,0.8065760135650635,0.9694734811782836
128,nail,nailable,0.2413653327058657,0.6666672229766846,0.8325905799865723,0.8101269006729126,0.3159781396389007,0.8346641659736633,0.949019730091095
128,nail,nailings,0.2439419023771299,0.6647424101829529,0.8290914297103882,0.8491191864013672,0.0906595662236213,0.7833273410797119,0.8819685578346252
128,nail,naillers,0.2288615731964589,0.6115666627883911,0.8183174133300781,0.7879883050918579,0.2209918200969696,0.8112581968307495,0.9548979997634888
128,nail,nailling,0.1332325241515049,0.6028611660003662,0.8294944167137146,0.8755713701248169,0.2476257383823394,0.730101466178894,0.9638972878456116
128,scratches,scratcher,0.191381742724784,0.5750235915184021,0.6396201848983765,0.6470813155174255,0.3534709513187408,0.7623921632766724,0.8794264197349548
128,scratches,scratched,0.4290841939827431,0.9036852717399596,0.7425506114959717,0.8727933168411255,0.6736336946487427,0.8387423753738403,0.9882557988166808
128,scratches,scratchor,0.3371019211618231,0.5445994138717651,0.6555875539779663,0.5618288516998291,0.1895411163568496,0.7864415049552917,0.9630772471427916
128,scratches,scratchable,0.3485380084682566,0.5879409313201904,0.6774455308914185,0.7484690546989441,0.6144578456878662,0.7031147480010986,0.9260148406028748
128,scratches,scratchings,0.15480291579516,0.5608799457550049,0.6956503987312317,0.7817626595497131,0.3488434851169586,0.8538650870323181,0.7679775357246399
128,scratches,scratchness,0.3702498299768167,0.675640344619751,0.6501526832580566,0.8481824398040771,0.1529573053121566,0.7552006840705872,0.9131872057914734
128,scratches,scratchs,0.3161631183848923,0.6319964528083801,0.6394022703170776,0.8372340202331543,0.772523820400238,0.8890469074249268,0.8541276454925537
128,scratches,scratchers,0.1398783954983052,0.5952246785163879,0.6798433661460876,0.6862415671348572,0.3841813504695892,0.7946059107780457,0.8969868421554565
128,scratches,scratching,0.3672548088749398,0.830938458442688,0.774900496006012,0.8035282492637634,0.6362265348434448,0.8026432991027832,0.9674662351608276
128,scratches,scratchism,0.2590945900635538,0.5776001811027527,0.664226770401001,0.7018179297447205,0.1491765230894088,0.6785582900047302,0.877710223197937
128,scratches,scratchity,0.275282573875775,0.655957818031311,0.6824615001678467,0.7877417802810669,0.1162151992321014,0.6900672316551208,0.9489378333091736
128,scratches,scratch,0.3670030829409604,0.8365405797958374,0.6849683523178101,0.8617263436317444,0.5235498547554016,0.8716205358505249,0.9812439680099488
128,scratches,scratchables,0.2855418798688316,0.5173416137695312,0.6613130569458008,0.7533887624740601,0.1978818625211715,0.7638378143310547,0.9138659238815308
128,scratches,scratchability,0.3420598542735537,0.5117245316505432,0.7063114643096924,0.7084810733795166,0.1712136566638946,0.6401877999305725,0.8937134146690369
128,paint,paintably,0.193258257194915,0.8002512454986572,0.7246094346046448,0.7420768737792969,0.1748813390731811,0.832729697227478,0.8901161551475525
128,paint,paintable,0.2849832276462905,0.7349580526351929,0.7626433372497559,0.7950942516326904,0.5286610722541809,0.8251718878746033,0.9203609228134156
128,paint,paintence,0.193258257194915,0.8441919684410095,0.7732886672019958,0.7868427038192749,0.157126098871231,0.838862419128418,0.8918740749359131
128,paint,paintness,0.1773602763588025,0.8015521168708801,0.7937099933624268,0.8335283994674683,0.2529337108135223,0.8504035472869873,0.9159428477287292
128,paint,paintting,0.1573414692285344,0.792711615562439,0.7980408072471619,0.9197903871536256,0.263542115688324,0.8256524205207825,0.80195552110672
128,paint,paintables,0.2704564381458281,0.6290984153747559,0.7070509195327759,0.7643395066261292,0.1947275698184967,0.7795817255973816,0.8849401473999023
128,paint,paintal,0.0449164661596485,0.8164527416229248,0.7771239280700684,0.6421733498573303,0.1590421944856643,0.842454731464386,0.9575336575508118
128,paint,painted,0.3927144718124307,0.7762197256088257,0.6533682346343994,0.8727137446403503,0.7034907341003418,0.7496829628944397,0.9719933867454528
128,paint,paintes,0.2113622690221628,0.7588272094726562,0.8075695037841797,0.8719807863235474,0.1579439789056778,0.8677881956100464,0.8355108499526978
128,paint,paintly,0.1605152757777426,0.8001635074615479,0.7784532308578491,0.7293828725814819,0.2725436091423034,0.8455856442451477,0.882770836353302
128,paint,paintor,0.1609532785037403,0.7779156565666199,0.7721790075302124,0.7420432567596436,0.2977770268917084,0.8571363091468811,0.9705246090888976
128,paint,painttable,0.2519129821506259,0.7446041703224182,0.740622341632843,0.6042436957359314,0.1860554665327072,0.8338503837585449,0.9241170883178712
128,paint,painttings,0.0609454430003499,0.6820173859596252,0.7236703038215637,0.8740367889404297,0.2461022436618805,0.8184525966644287,0.850455641746521
128,paint,paintors,0.0524831366762751,0.8023450374603271,0.7705707550048828,0.7455050349235535,0.2753106951713562,0.8480076789855957,0.9646695852279664
128,paint,paintism,0.2416886666656947,0.655116856098175,0.7866641283035278,0.764935314655304,0.1818946003913879,0.8353540301322937,0.8182129859924316
128,paint,painteer,0.193258257194915,0.8130770921707153,0.7603664398193359,0.6656007766723633,0.1372250765562057,0.8355228900909424,0.9595690369606018
128,paint,painteds,0.0831208879287975,0.7150719165802002,0.5779270529747009,0.8146804571151733,0.1795476526021957,0.7936704158782959,0.8851507306098938
128,paint,paintter,0.2416886666656947,0.7500465512275696,0.7795246839523315,0.7711677551269531,0.2179666757583618,0.8601764440536499,0.9199029803276062
128,paint,paintted,0.1536185814958862,0.7852621078491211,0.7781555652618408,0.8434048891067505,0.2552400231361389,0.8470186591148376,0.9136651754379272
128,paint,paintability,0.2324193737748563,0.7019506096839905,0.7664700150489807,0.7640749216079712,0.4072610437870025,0.8371797800064087,0.8931412696838379
129,how,hows,0.12297051301164,0.6667210459709167,0.7595952153205872,0.4471447169780731,0.4520390629768371,0.8474761247634888,0.814647912979126
129,how,howally,0.0758793434123283,0.8062847256660461,0.7050012350082397,0.6202753782272339,0.1360639631748199,0.7086853981018066,0.9712299704551696
129,how,howings,0.0758793434123283,0.7881618738174438,0.6862491369247437,0.3907793760299682,0.1009901762008667,0.6006927490234375,0.9430543780326844
129,how,howizer,0.0111004235937378,0.7796308398246765,0.6508338451385498,0.3598054349422455,0.1048021167516708,0.6999298334121704,0.9696387052536012
129,how,howible,0.0758793434123283,0.8073922395706177,0.6583478450775146,0.3948812484741211,0.0595392659306526,0.5628241896629333,0.941090166568756
129,how,howlies,0.0353110251504733,0.506804883480072,0.2731125950813293,0.1782346069812774,0.0433944873511791,0.4551326334476471,0.8552497625350952
129,how,howness,0.0842935417867555,0.7637266516685486,0.7171924114227295,0.3452780246734619,0.2598266899585724,0.7278483510017395,0.8484276533126831
129,how,howly,0.0561182538957756,0.5111552476882935,0.2390460968017578,0.233694776892662,0.1355487406253814,0.3208790719509125,0.8892732858657837
129,how,howic,-0.021674300519599,0.8011232614517212,0.7243319153785706,0.3446455001831054,0.1329916268587112,0.7243020534515381,0.9664307236671448
129,how,howed,0.0783967677161546,0.5405694246292114,0.2894471883773803,0.2399302870035171,0.2479711174964904,0.4732592403888702,0.937378704547882
129,how,hower,0.0357545748654348,0.3770551681518554,0.2632580101490021,0.2235472798347473,0.1488855481147766,0.5563752055168152,0.9331471920013428
129,how,howes,0.0483463929501241,0.399107277393341,0.2517833709716797,0.2000366449356079,0.1110759079456329,0.5118556618690491,0.9250577688217164
129,how,howal,0.05164283383252,0.7351496815681458,0.712866485118866,0.4040300548076629,0.1563246846199035,0.5492045879364014,0.9517612457275392
129,how,howor,0.0339161053306512,0.5867924690246582,0.6980931162834167,0.3276205062866211,0.2491514831781387,0.6328639388084412,0.9587929248809814
129,how,howizers,0.0758793434123283,0.6050682067871094,0.5813139081001282,0.3413307070732116,0.1113643050193786,0.6351253986358643,0.8702961206436157
129,how,howwible,0.0593624266707029,0.5576716065406799,0.5645086765289307,0.3153666853904724,0.2326886653900146,0.4463015794754028,0.960072100162506
129,how,howing,0.0719887076301484,0.7618571519851685,0.7579050064086914,0.4575714766979217,0.2222354859113693,0.7956759333610535,0.9536008834838868
129,how,howial,0.0339161053306512,0.8250280022621155,0.6753193140029907,0.3568663597106933,0.0539217293262481,0.6236039996147156,0.971329391002655
129,how,howers,0.0602853940201787,0.4167551398277282,0.2755297422409057,0.2242828160524368,0.0798923224210739,0.5455886125564575,0.9210615158081056
129,how,howeer,0.070095923187744,0.3638807535171509,0.2689208388328552,0.2096729874610901,0.2262876480817794,0.6034054160118103,0.8409509658813477
129,how,howwor,0.0521376485494121,0.5356410145759583,0.5815587043762207,0.4271468818187713,0.0755181163549423,0.4043914973735809,0.9367927312850952
129,how,howliness,0.0339161053306512,0.6103091835975647,0.2427404969930648,0.1753269433975219,0.0684854686260223,0.2686191201210022,0.9421659111976624
129,select,selectability,0.1269167695294975,0.6203004717826843,0.7720721960067749,0.6332529783248901,0.3508109748363495,0.7667168378829956,0.956456422805786
129,select,selectic,0.1422820714892619,0.7506824731826782,0.7985584735870361,0.7019070386886597,0.2159651666879654,0.8188762664794922,0.9514604806900024
129,select,selectly,0.0761000788291257,0.8110989332199097,0.7951886653900146,0.7001153826713562,0.2712773084640503,0.8162394762039185,0.9141375422477722
129,select,selectal,-0.0087231061592258,0.75038743019104,0.7988460063934326,0.7423871159553528,0.1482781767845153,0.8034314513206482,0.9718373417854308
129,select,selected,0.1551072464059584,0.7550826668739319,0.638424277305603,0.7421969175338745,0.6924795508384705,0.9053914546966552,0.9722564220428468
129,select,selecter,0.0318804840043538,0.6724424362182617,0.8103947639465332,0.7896422743797302,0.3974924385547638,0.8501150012016296,0.9236465692520142
129,select,selectes,0.109413467727959,0.5976699590682983,0.826199471950531,0.8486127853393555,0.1640112698078155,0.7999551296234131,0.8657037019729614
129,select,selectibility,0.0880832319793244,0.701866865158081,0.7455487847328186,0.6233391761779785,0.1251583099365234,0.781596302986145,0.9443224668502808
129,select,selectabilities,0.065267550242411,0.484374463558197,0.64776611328125,0.7421536445617676,0.1453727036714553,0.6274818778038025,0.8929125070571899
129,select,selectables,0.1233406365738217,0.6065371036529541,0.7245052456855774,0.6106956601142883,0.1505461484193802,0.7479228377342224,0.9243583083152772
129,select,selectative,0.065267550242411,0.6056474447250366,0.7409947514533997,0.6143738627433777,0.1265187114477157,0.7982195615768433,0.9583570957183838
129,select,selecttable,0.1477456860551649,0.7181586027145386,0.7550351619720459,0.7017821073532104,0.2259225696325302,0.8179225921630859,0.9739616513252258
129,select,selecttables,0.1085032398704502,0.5068341493606567,0.7300745248794556,0.6200171709060669,0.1945528537034988,0.7338244915008545,0.8793755769729614
129,select,selectallied,0.065267550242411,0.645868182182312,0.6875178813934326,0.7254136800765991,0.173514038324356,0.6529620885848999,0.9767871499061584
129,select,selects,0.1465595916171152,0.7474648952484131,0.6654345989227295,0.8744195103645325,0.6042898893356323,0.8439317345619202,0.8457813262939453
129,select,selectted,0.138251448299781,0.844334602355957,0.7966699600219727,0.8420596718788147,0.2269429415464401,0.8537312150001526,0.9791179895401
129,select,selecting,0.2117897406060638,0.787726879119873,0.6616288423538208,0.8724409937858582,0.688901960849762,0.9237610697746276,0.9677290916442872
129,select,selectics,-0.0282428266419994,0.65969318151474,0.7818988561630249,0.6054472923278809,0.1927332580089569,0.7442411780357361,0.9640905261039734
129,select,selectism,0.0489631355881502,0.577635645866394,0.8099641799926758,0.6115301847457886,0.0957522690296173,0.7980484366416931,0.9077671766281128
129,select,selecteds,0.0703533395310107,0.5284581184387207,0.5593994855880737,0.7173798084259033,0.1332110315561294,0.6229973435401917,0.8985333442687988
129,select,selecteer,0.0049284166840783,0.7462767958641052,0.784428596496582,0.6606849431991577,0.2412537485361099,0.8546547889709473,0.973061501979828
129,select,selecteor,0.1322449347333664,0.6206997632980347,0.7205210328102112,0.6794708967208862,0.1590442955493927,0.7462166547775269,0.9669851660728456
129,select,selecters,0.028879301267029,0.6752908229827881,0.821391224861145,0.7593539953231812,0.1345249563455581,0.79926598072052,0.9705049991607666
129,select,selectable,0.1378223511415924,0.7158358097076416,0.7759289741516113,0.6487429738044739,0.4195470511913299,0.8541045784950256,0.9617756009101868
129,select,selectably,0.0866454215856836,0.7602111101150513,0.7462269067764282,0.5132898092269897,0.2908267378807068,0.7892473936080933,0.9776561856269836
129,select,selectance,0.065267550242411,0.6597887873649597,0.7751778364181519,0.6854596138000488,0.1113665997982025,0.8216209411621094,0.9283537268638612
129,select,selectally,0.0509481807307221,0.8342975378036499,0.7584712505340576,0.7914749383926392,0.2112904489040374,0.8282563090324402,0.9657120108604432
129,select,selectible,0.1018221465314547,0.7266870737075806,0.7573392391204834,0.6795411109924316,0.1514593213796615,0.8383265137672424,0.9444186091423036
129,select,selectings,0.1085032398704502,0.7195826768875122,0.5997798442840576,0.8207603096961975,0.2133902162313461,0.7094553112983704,0.8226234316825867
129,select,selectness,0.0938872825020627,0.7435252666473389,0.7976040840148926,0.7375433444976807,0.2018729448318481,0.7964579463005066,0.9321394562721252
129,select,selectment,0.0475127381218645,0.7198076248168945,0.7794520854949951,0.7707613706588745,-0.0002477104717399,0.8659676313400269,0.9279450178146362
129,select,selectting,0.1011947727893743,0.8135547637939453,0.8055868148803711,0.849862813949585,0.2014781087636947,0.8792070746421814,0.981557071208954
129,computer,computerliness,0.1528029128217131,0.8236132860183716,0.693583607673645,0.5940964818000793,0.2617525458335876,0.7689422965049744,0.9426968097686768
129,computer,computerals,0.1078393735659467,0.8615379333496094,0.7295498251914978,0.5640558004379272,0.2124199271202087,0.7552039623260498,0.9433316588401794
129,computer,computering,0.1305578037454418,0.7484164237976074,0.7777811288833618,0.7864176034927368,0.5655117630958557,0.8597418069839478,0.8553644418716431
129,computer,computerism,0.0551996809826923,0.6849721670150757,0.7457209825515747,0.6211880445480347,0.143106073141098,0.7640074491500854,0.8338574171066284
129,computer,computerers,0.112216217377737,0.7396754026412964,0.7712932229042053,0.6466614007949829,0.205864667892456,0.7694481611251831,0.9048027992248536
129,computer,computerred,0.2001971261260521,0.8102449774742126,0.711356520652771,0.6823400259017944,0.0286303628236055,0.7482900619506836,0.9497493505477904
129,computer,computerror,0.1078393735659467,0.8720558881759644,0.6936060190200806,0.5307773947715759,0.0790989696979522,0.721172571182251,0.9380860924720764
129,computer,computers,0.3799971694524943,0.8710808753967285,0.7433302998542786,0.8980478644371033,0.7748076319694519,0.8111655116081238,0.9731295108795166
129,computer,computerable,0.1528029128217131,0.7865381240844727,0.7339586019515991,0.6603193879127502,0.2255090773105621,0.7945649027824402,0.9426745772361756
129,computer,computerally,0.0850236918290333,0.8374130725860596,0.7117316722869873,0.7198982238769531,0.2194742262363433,0.8106650114059448,0.9621156454086304
129,computer,computerisms,-0.0681081771630696,0.8445885181427002,0.7326493263244629,0.6544516086578369,0.1306275874376297,0.7795187830924988,0.966479241847992
129,computer,computerness,0.0981342045061102,0.7797637581825256,0.7313532829284668,0.737764298915863,0.225101962685585,0.7886168956756592,0.8685636520385742
129,computer,computerring,0.199925659862632,0.8708446025848389,0.7153981924057007,0.6465907096862793,0.0725322291254997,0.7942216992378235,0.9621985554695128
129,computer,computeror,0.0976905561723086,0.821332573890686,0.7509307265281677,0.6682722568511963,0.2229693830013275,0.7411937713623047,0.959361732006073
129,computer,computerly,0.136671319402227,0.8052018284797668,0.7492313385009766,0.6875970363616943,0.2975043356418609,0.8159202933311462,0.9300264120101928
129,computer,computeric,0.1528029128217131,0.7714550495147705,0.7527889609336853,0.6356586813926697,0.1556643694639206,0.8382037878036499,0.8004019856452942
129,computer,computerer,0.1097749245249607,0.7657167315483093,0.7808085083961487,0.7006892561912537,0.2230364829301834,0.7748743891716003,0.8545793890953064
129,computer,computeres,0.1760991403109786,0.6694292426109314,0.7712140679359436,0.7937834858894348,0.1509769260883331,0.7369568943977356,0.8405761122703552
129,computer,computered,0.1330807621419262,0.8081624507904053,0.7724759578704834,0.7071222066879272,0.2329461425542831,0.8411841988563538,0.9561384320259094
129,computer,computeral,0.1528029128217131,0.821848452091217,0.7611353397369385,0.6573412418365479,0.2499198764562606,0.8132641911506653,0.9397351741790771
129,computer,computerrized,0.1078393735659467,0.835208535194397,0.6898641586303711,0.6332602500915527,0.0507237575948238,0.7949966788291931,0.9708714485168456
129,monitors,monitored,0.2623635608483858,0.8292615413665771,0.7067515850067139,0.4633911252021789,0.5048812627792358,0.6824283003807068,0.976555585861206
129,monitors,monitoral,0.2275272176775906,0.760593593120575,0.7015044689178467,0.6663705706596375,0.1582452654838562,0.7527963519096375,0.9541624188423156
129,monitors,monitorer,0.1860834775848291,0.6977084875106812,0.6934364438056946,0.7263911962509155,0.1448474079370498,0.7471819519996643,0.9049111008644104
129,monitors,monitores,0.2390264042540786,0.6914262175559998,0.71311354637146,0.8400397300720215,0.1481592357158661,0.8526896238327026,0.8799695372581482
129,monitors,monitorly,0.250342899414504,0.7577080726623535,0.6928936839103699,0.5448136925697327,0.1657136976718902,0.7663283944129944,0.8699517250061035
129,monitors,monitoror,0.2605034904296024,0.7168612480163574,0.6978553533554077,0.6928515434265137,0.212426871061325,0.7383793592453003,0.9532937407493592
129,monitors,monitorations,0.250342899414504,0.7187395095825195,0.7538995742797852,0.6546793580055237,0.1629513204097747,0.8005543351173401,0.9327906966209412
129,monitors,monitorizing,0.1723355683162347,0.755202054977417,0.7556090950965881,0.6345726847648621,0.1335777193307876,0.791441798210144,0.941140592098236
129,monitors,monitor,0.4196063234124744,0.8999923467636108,0.8185680508613586,0.8936047554016113,0.8445918560028076,0.7574474215507507,0.985323965549469
129,monitors,monitorability,0.2726875387778625,0.6694878339767456,0.7376147508621216,0.6109695434570312,0.1219613924622535,0.7557963728904724,0.9072171449661256
129,monitors,monitorred,0.159779192572378,0.7034512758255005,0.717827558517456,0.6718854904174805,0.1998234689235687,0.7281671166419983,0.9252211451530457
129,monitors,monitorral,0.250342899414504,0.7442847490310669,0.7064828872680664,0.722184419631958,0.1873922497034073,0.7431485652923584,0.9640038013458252
129,monitors,monitoring,0.322256734060771,0.8747371435165405,0.7011770606040955,0.4722347259521484,0.5851436853408813,0.7708860635757446,0.9807069301605223
129,monitors,monitorism,0.3010901858735785,0.6210168600082397,0.7258856296539307,0.562004029750824,0.1537357121706009,0.7897325754165649,0.8617412447929382
129,monitors,monitority,0.250342899414504,0.7094001770019531,0.7156932950019836,0.6218831539154053,0.1423566937446594,0.7899128198623657,0.906330704689026
129,monitors,monitorize,0.1889100274498613,0.7443314790725708,0.7307295799255371,0.6059702634811401,0.1442961245775222,0.7560762763023376,0.8702905774116516
129,monitors,monitorial,0.2449714616690892,0.7729715704917908,0.72406005859375,0.5104137063026428,0.1619092971086502,0.7383494973182678,0.8973810076713562
129,monitors,monitorers,0.1987828581215126,0.644699215888977,0.7617966532707214,0.7312647700309753,0.1689039021730423,0.8267099857330322,0.9089772701263428
129,monitors,monitorization,0.1187807122737652,0.7509678602218628,0.746152400970459,0.6182134747505188,0.1126683130860328,0.8106696605682373,0.9486915469169616
129,monitors,monitorable,0.1895197722798234,0.7249747514724731,0.7332521080970764,0.6144424676895142,0.3004069626331329,0.7477981448173523,0.933552384376526
129,monitors,monitorings,0.1656876013936224,0.7054804563522339,0.6317843794822693,0.4944141507148742,0.443518191576004,0.7882592082023621,0.8242101669311523
129,monitors,monitorizes,0.2474374928875496,0.7467586994171143,0.7536535263061523,0.6094691753387451,0.1746644526720047,0.7648338079452515,0.8629983067512512
129,monitors,monitorized,0.1150017092347581,0.7883298993110657,0.7393920421600342,0.6469210386276245,0.1350614130496978,0.7824024558067322,0.9513407945632936
129,monitors,monitorring,0.1458407627443873,0.7696631550788879,0.7142466306686401,0.6052827835083008,0.1784401684999466,0.7343225479125977,0.9079132080078124
130,red,reds,0.3189073112905332,0.8393683433532715,0.4243530035018921,0.7194360494613647,0.4960556328296661,0.5415980219841003,0.9595227241516112
130,red,redally,0.08567801236949,0.777146577835083,0.6238903999328613,0.7082428932189941,0.0891695991158485,0.7181367874145508,0.9402022361755372
130,red,redance,-0.020428927552613,0.7319360971450806,0.6383556127548218,0.5933483839035034,0.1332334131002426,0.5607384443283081,0.9463056325912476
130,red,redable,0.1170350809101037,0.7361911535263062,0.669165849685669,0.742972731590271,0.1476386487483978,0.6347571015357971,0.9500941038131714
130,red,redders,0.0726283561986782,0.577059805393219,0.664647102355957,0.6111475825309753,0.1935587525367736,0.6017526984214783,0.9450938105583192
130,red,redding,0.174599837119772,0.6454277038574219,0.1573463380336761,0.202962726354599,0.1577984988689422,0.3136819005012512,0.9360438585281372
130,red,redence,0.0891553997637757,0.7286151647567749,0.612718939781189,0.6952635049819946,0.0428289175033569,0.7127434015274048,0.9533288478851318
130,red,redency,0.1352306608545427,0.7578856945037842,0.573309600353241,0.552803099155426,0.0374797470867633,0.5546789169311523,0.9510818719863892
130,red,redible,0.0578413518739881,0.8077667951583862,0.5952310562133789,0.6584082841873169,0.0999367237091064,0.5631443858146667,0.9621401429176332
130,red,redical,0.1001412621180568,0.7793920040130615,0.6321983933448792,0.6390161514282227,0.0171800218522548,0.6261407732963562,0.9703550934791564
130,red,redings,0.0911271280162732,0.6996985077857971,0.6622868776321411,0.6816642880439758,0.0982262641191482,0.5912989377975464,0.952763855457306
130,red,redions,0.153483790070668,0.7030720114707947,0.6417228579521179,0.6814099550247192,0.0813618451356887,0.607742428779602,0.9442607760429382
130,red,redials,0.0602047369320338,0.5758411884307861,0.5954656600952148,0.6318870186805725,0.1283745318651199,0.6985303163528442,0.6987191438674927
130,red,redizer,0.08567801236949,0.7716724872589111,0.6585886478424072,0.5923417806625366,0.098498597741127,0.5857207775115967,0.9550962448120116
130,red,redlies,0.0694900285572688,0.6331261396408081,0.6104271411895752,0.5485009551048279,0.1791881769895553,0.628477931022644,0.9261004328727722
130,red,redment,0.1084936941064034,0.7450699806213379,0.66376793384552,0.6116673946380615,0.185049369931221,0.5932384133338928,0.9495851993560792
130,red,redness,0.1789935284375651,0.7151128053665161,0.7083892226219177,0.8095948696136475,0.3334950804710388,0.7782102823257446,0.9520396590232848
130,red,redically,0.1063969654406943,0.6742581725120544,0.5954657793045044,0.6650356650352478,0.0138591891154646,0.624605655670166,0.9542994499206544
130,red,redal,0.0821456742469219,0.4868759214878082,0.7151291370391846,0.6820588111877441,0.1350935250520706,0.683605432510376,0.9206886887550354
130,red,reded,0.1910671178503906,0.7350273728370667,0.7562651634216309,0.6682581901550293,0.1233598738908767,0.814791738986969,0.9481932520866394
130,red,redes,0.0945427514792143,0.4526195526123047,0.7547448873519897,0.7348524332046509,0.0526790916919708,0.6115994453430176,0.9257084727287292
130,red,reder,0.069615780866018,0.6623031497001648,0.7785766124725342,0.6586410403251648,0.2687828242778778,0.6897236108779907,0.931755542755127
130,red,redic,0.0718473439251946,0.4384821653366089,0.7368751764297485,0.651254415512085,0.0881193727254867,0.6752022504806519,0.8468859791755676
130,red,redly,0.1393446434716924,0.7092156410217285,0.7392081618309021,0.7352192401885986,0.3134950399398803,0.8509408235549927,0.9460988640785216
130,red,redics,0.0694900285572688,0.6945770978927612,0.6430854797363281,0.5725759267807007,0.0277922004461288,0.6129220724105835,0.9469733834266664
130,red,redial,0.0749381821408762,0.7244592905044556,0.676671028137207,0.6512798070907593,0.1106244847178459,0.6523737907409668,0.942240595817566
130,red,redion,0.1170350809101037,0.6392817497253418,0.6953610777854919,0.6708349585533142,0.1057486087083816,0.6780205965042114,0.9471914768218994
130,red,reding,0.1054168922323751,0.6204742193222046,0.7711977958679199,0.7258370518684387,0.1008471101522445,0.6859515309333801,0.9390407800674438
130,red,redism,0.1352306608545427,0.5932280421257019,0.6885857582092285,0.5773001313209534,0.1099586635828018,0.6974595785140991,0.9355788826942444
130,red,redity,0.08567801236949,0.6989918947219849,0.6956700086593628,0.7530360221862793,0.067874014377594,0.7172812819480896,0.948724925518036
130,red,redive,0.1460328475012985,0.5292313694953918,0.6577666997909546,0.6930939555168152,0.0570195540785789,0.6611563563346863,0.922429621219635
130,red,redize,0.1084936941064034,0.7126699686050415,0.6629621982574463,0.6098313331604004,0.081379659473896,0.608595073223114,0.9352160692214966
130,red,rededs,-0.0085173025410004,0.565099835395813,0.666663646697998,0.618870735168457,0.0618647783994674,0.6280689835548401,0.918487787246704
130,red,redeer,0.1040543179988907,0.6678721904754639,0.6400216221809387,0.6155158877372742,0.0180668663233518,0.541825532913208,0.9374926686286926
130,red,reders,0.0326444865492454,0.6150066256523132,0.7466331720352173,0.620546817779541,0.0997355878353118,0.6488820314407349,0.9388645887374878
130,red,reddal,0.0741543395263737,0.7277994155883789,0.6547626256942749,0.6322439312934875,0.0683315247297287,0.5940865874290466,0.9478976726531982
130,red,redded,0.121920478921139,0.8065225481987,0.6461144089698792,0.6977801322937012,0.3833783864974975,0.8302010893821716,0.965484857559204
130,red,redder,0.2035785146840486,0.6734293699264526,0.7074156999588013,0.577469527721405,0.4979172348976135,0.7026023864746094,0.964246928691864
130,red,reddor,0.1399617178881993,0.6585813760757446,0.6359769701957703,0.6449377536773682,0.092780590057373,0.5724989771842957,0.9362998604774476
130,red,redliness,0.1128970946266919,0.6807485818862915,0.6073260307312012,0.6415573358535767,0.164565309882164,0.6267963647842407,0.954934298992157
130,red,redlyness,0.1084936941064034,0.4987599849700928,0.5630195140838623,0.5734800100326538,0.1205971911549568,0.6121329069137573,0.9404062032699584
130,red,redanced,0.153483790070668,0.5409062504768372,0.6104387044906616,0.6022361516952515,0.1412557363510131,0.6778688430786133,0.9524564146995544
130,red,redances,0.1084936941064034,0.7820053100585938,0.5772496461868286,0.5974982976913452,0.1155088692903518,0.6454018354415894,0.9543665647506714
130,red,redation,0.0466743468203554,0.6409658193588257,0.6987195611000061,0.6439511775970459,0.1287824958562851,0.715390145778656,0.9421932697296144
130,red,reddings,0.0677282986073723,0.5155115723609924,0.2692906260490417,0.2038437128067016,0.1555078029632568,0.4648747146129608,0.8354846239089966
130,red,redially,0.0891553997637757,0.5418840050697327,0.6104854345321655,0.5582727193832397,0.0778252109885215,0.6431727409362793,0.9351934790611268
130,red,redicals,0.0891553997637757,0.5860949754714966,0.6174490451812744,0.5861024856567383,0.013279590755701,0.6558798551559448,0.9481901526451112
130,red,redability,0.0723103991827159,0.7515336275100708,0.6131731271743774,0.6411094665527344,0.1425756812095642,0.5373690128326416,0.9476455450057985
130,red,redations,0.1084936941064034,0.719870924949646,0.6087092161178589,0.6786208748817444,0.1145952641963958,0.5750284194946289,0.938756823539734
130,red,redibility,0.0395425308459688,0.818205714225769,0.5448077321052551,0.564502477645874,0.1015178337693214,0.6891402006149292,0.9645522236824036
130,coral,coralations,0.3278979254142937,0.6645539402961731,0.803246259689331,0.8486697673797607,0.1490119099617004,0.6977468729019165,0.9669581055641174
130,coral,corallys,0.1791469636402394,0.5715831518173218,0.7174252867698669,0.8092427849769592,0.26538947224617,0.6035921573638916,0.8906692862510681
130,coral,coralled,0.1738604125048307,0.6120973825454712,0.8177161812782288,0.803063154220581,0.1632422506809234,0.6842444539070129,0.9773251414299012
130,coral,coralize,0.2000566286098503,0.7456749081611633,0.8076839447021484,0.7727887034416199,0.1842665821313858,0.653968334197998,0.9702825546264648
130,coral,corality,0.1651682972366805,0.6327464580535889,0.81878662109375,0.8430701494216919,0.2197163701057434,0.7407193183898926,0.914326012134552
130,coral,coralion,0.2343386130015952,0.7047907114028931,0.8147929310798645,0.8404045104980469,0.1662889271974563,0.6820985674858093,0.973076343536377
130,coral,coraling,0.1864179468932189,0.6994399428367615,0.8314142823219299,0.8117003440856934,0.1892079561948776,0.7110951542854309,0.9737201929092408
130,coral,coralation,0.2032629474742787,0.5460718870162964,0.8172537088394165,0.7777162790298462,0.1502407044172287,0.6651574969291687,0.8576106429100037
130,coral,coralizing,0.267591337781171,0.7424064874649048,0.8084819912910461,0.7422101497650146,0.1887966990470886,0.6685153841972351,0.9788132905960084
130,coral,corals,0.5586938438989466,0.5188040733337402,0.8428834676742554,0.9195255637168884,0.8338434100151062,0.7241326570510864,0.8274744153022766
130,coral,coraled,0.1704950791375317,0.7279651165008545,0.8244267702102661,0.8259609341621399,0.1579035520553589,0.7551816701889038,0.976844847202301
130,coral,corales,0.2511190801739782,0.571177065372467,0.8277484178543091,0.8898929357528687,0.210142970085144,0.7123560905456543,0.9638807773590088
130,coral,corally,0.1364886427056057,0.6770846843719482,0.8093978762626648,0.8140782117843628,0.5495859980583191,0.662304162979126,0.963584303855896
130,coral,coralic,0.0914695507271879,0.6063306927680969,0.8228491544723511,0.8518879413604736,0.2352947741746902,0.7947852611541748,0.8518518209457397
130,coral,coralization,0.1311931633043212,0.4918475449085235,0.8159264326095581,0.7574606537818909,0.1923981308937072,0.6429439187049866,0.8561197519302368
130,coral,coralized,0.2997411722267772,0.7781349420547485,0.8110319375991821,0.7929446697235107,0.2148283272981643,0.7524736523628235,0.9797043204307556
130,coral,coralizes,0.3081780332251471,0.7564610242843628,0.801271915435791,0.8073291778564453,0.1656268537044525,0.686004102230072,0.9726192355155944
130,coral,coralling,0.1481410240728587,0.7289122343063354,0.8075015544891357,0.8301610350608826,0.252592533826828,0.6550410985946655,0.9828751683235168
130,picture,picturally,0.1544988529560374,0.3766238093376159,0.4249680340290069,0.4613795876502991,0.2863495647907257,0.4080811738967895,0.8285914659500122
130,picture,picturably,0.1221321529729386,0.4029708802700043,0.4166932106018066,0.4386594295501709,0.2403574585914611,0.3942622244358063,0.783935010433197
130,picture,picturable,0.1696905087223178,0.3927050232887268,0.4214516878128052,0.4518870413303375,0.2604697346687317,0.4335842430591583,0.9341169595718384
130,picture,pictureing,0.172731982083723,0.7055027484893799,0.795575737953186,0.6292842626571655,0.3244015574455261,0.7911509275436401,0.9440644979476928
130,picture,pictureize,0.17718208491829,0.7928766012191772,0.7368465662002563,0.4919565916061401,0.3052507042884826,0.867116391658783,0.9452186226844788
130,picture,picturical,0.1221321529729386,0.5323833227157593,0.4323450326919555,0.4747360348701477,0.2055622488260269,0.5236615538597107,0.8856901526451111
130,picture,picturings,0.1660944936061755,0.5280748605728149,0.4403543472290039,0.4933128654956817,0.2645555138587951,0.547383725643158,0.9317303895950316
130,picture,picturizer,0.1411151024944031,0.4761866629123688,0.4305891990661621,0.4004195630550384,0.2674616873264313,0.4583223164081573,0.9132620692253112
130,picture,picturizes,0.1140230959275156,0.5376917719841003,0.4034002125263214,0.42049440741539,0.2675335109233856,0.4331663846969604,0.9303231835365297
130,picture,picturized,0.0920112156179948,0.5046783685684204,0.4056940674781799,0.4513682425022125,0.2618936598300934,0.4491536915302276,0.9438651204109192
130,picture,picturability,0.1439340940506283,0.4292765259742737,0.4137178659439087,0.4138209819793701,0.2598044872283935,0.4169999957084656,0.8095207810401917
130,picture,pictureizing,0.1221321529729386,0.775468111038208,0.7501552700996399,0.4700693190097809,0.3235536515712738,0.8545152544975281,0.9663906693458556
130,picture,picturables,0.1676757889135445,0.4215959310531616,0.4142797589302063,0.4392529726028442,0.2384794950485229,0.4003785848617553,0.8184992074966431
130,picture,picturality,0.1221321529729386,0.3960498571395874,0.4223875403404236,0.4371499419212341,0.2798455953598022,0.4282485246658325,0.778218686580658
130,picture,picturation,0.0889904279827013,0.4415961503982544,0.4233211874961853,0.4980480074882507,0.2572122514247894,0.4276022315025329,0.8474109768867493
130,picture,pictureized,0.1221321529729386,0.7795346975326538,0.7477543354034424,0.571951687335968,0.2375798225402832,0.8375536203384399,0.9642698764801024
130,picture,picturelies,0.1221321529729386,0.7588359713554382,0.7132977843284607,0.5275939702987671,0.2244284301996231,0.7649198770523071,0.9691277146339417
130,picture,pictureness,0.1188466903534142,0.6830890774726868,0.7636494636535645,0.5123977661132812,0.3472566902637481,0.836987316608429,0.9453845024108888
130,picture,picturizing,0.1481011146466464,0.5059695243835449,0.4252981543540954,0.4481782913208008,0.2370912134647369,0.4400328397750854,0.9187896251678468
130,picture,picturizers,0.1221321529729386,0.462197482585907,0.4289726018905639,0.3665450811386108,0.2498169392347335,0.3964768946170807,0.8613189458847046
130,picture,picturor,0.1676757889135445,0.5438010096549988,0.4218010902404785,0.4263514578342438,0.2942555248737335,0.5708315968513489,0.9576897025108336
130,picture,pictural,0.0581248922088777,0.3854032754898071,0.4329214990139007,0.4541151821613312,0.3889078497886657,0.4069786369800567,0.8718646764755249
130,picture,picturer,0.1099617691161184,0.6355878114700317,0.7860604524612427,0.5215988159179688,0.2854839265346527,0.6887040138244629,0.9428544044494628
130,picture,pictured,0.1818536585209589,0.7647722363471985,0.5148636698722839,0.7434513568878174,0.4795421063899994,0.8717790246009827,0.9685127139091492
130,picture,picturic,0.1221321529729386,0.4853350818157196,0.4237057864665985,0.4351211488246918,0.1958481073379516,0.5456281900405884,0.8938344120979309
130,picture,picturization,0.1183192319920256,0.4505009055137634,0.4265881776809692,0.3293066024780273,0.3205622136592865,0.3650345206260681,0.892514705657959
130,picture,pictureability,0.1676757889135445,0.5683674216270447,0.7145772576332092,0.4418191313743591,0.2675757110118866,0.7554192543029785,0.884835958480835
130,picture,picturing,0.1751657851022229,0.592056393623352,0.4324459433555603,0.5089021921157837,0.4500170052051544,0.6587531566619873,0.9543261528015136
130,picture,picturize,0.0515466575668185,0.5614027976989746,0.4213843941688537,0.4365072846412658,0.2762655615806579,0.4539519548416137,0.9477928876876832
130,picture,picturees,0.0870141734584259,0.5556648373603821,0.7765629291534424,0.6565810441970825,0.2295239716768264,0.6581255793571472,0.906272292137146
130,picture,pictureds,0.1794648910625541,0.6774889230728149,0.4749861359596252,0.6224268078804016,0.2111921310424804,0.6303132176399231,0.8743231892585754
130,picture,pictureed,0.0705721116799473,0.7003223896026611,0.7709227204322815,0.7038264870643616,0.2368176728487014,0.7948688864707947,0.9478078484535216
130,picture,picturers,0.1520077574511524,0.5397405028343201,0.7677931785583496,0.4840320944786072,0.4731861650943756,0.6019866466522217,0.8940508365631104
130,picture,pictureor,0.1270890934695684,0.7634098529815674,0.758482813835144,0.5089532732963562,0.2921481728553772,0.8034496903419495,0.9699051380157472
130,picture,picturely,0.1324654274295059,0.7450883388519287,0.7714624404907227,0.5471321940422058,0.3155620396137237,0.7651742696762085,0.8900859951972961
130,picture,pictureal,0.1439340940506283,0.7058128118515015,0.7749741077423096,0.5470619201660156,0.2806505262851715,0.7803182005882263,0.9569122195243835
130,picture,picturals,0.083128487423804,0.3935384750366211,0.4107677340507507,0.4310233294963836,0.2568594515323639,0.3957261741161346,0.8350541591644287
130,picture,picturizations,0.1608049602437682,0.5359741449356079,0.4542588889598846,0.3757893741130829,0.2365161478519439,0.4134266972541809,0.8881117701530457
131,disney,disneys,0.397411210619655,0.7560745477676392,0.8085466623306274,0.9133421182632446,0.8321306705474854,0.7560745477676392,0.9279121160507202
131,disney,disneyism,0.313198481740688,0.7278883457183838,0.7970815896987915,0.8255798816680908,0.303053617477417,0.7278884053230286,0.8629799485206604
131,disney,disneyisms,0.2675647233553025,0.7892771363258362,0.7812565565109253,0.7748548984527588,0.2939803004264831,0.7892772555351257,0.9288741946220398
131,disney,disneylies,0.3156727726578642,0.842309296131134,0.7532263994216919,0.7873038053512573,0.2473403960466385,0.842309296131134,0.9711681604385376
131,disney,disneyness,0.2245798901595277,0.7378321886062622,0.7966547012329102,0.8652688264846802,0.2159889638423919,0.737832248210907,0.947843074798584
132,translation,translateabled,0.2165126913092882,0.5615198612213135,0.5712867975234985,0.6365667581558228,0.1123310923576355,0.5800606608390808,0.9152175188064576
132,translation,translatability,0.2904592529100619,0.4561726748943329,0.4837856292724609,0.3745202720165252,0.5743181705474854,0.5113656520843506,0.9070700407028198
132,translation,translatables,0.2690824446966739,0.4845678508281708,0.467417448759079,0.3636658191680908,0.1999482810497284,0.4765137434005737,0.9003819227218628
132,translation,translatation,0.2628644328396168,0.4598726034164428,0.4913835227489471,0.4471848607063293,0.3060094118118286,0.5003647208213806,0.9072117209434508
132,translation,translateable,0.272418453905922,0.7370712757110596,0.5899358987808228,0.7877284288406372,0.4374336898326874,0.720252275466919,0.9528325200080872
132,translation,translateible,0.2165126913092882,0.7007322311401367,0.5717326998710632,0.7141383290290833,0.2025553882122039,0.7177889347076416,0.9079100489616394
132,translation,translativity,0.2253002259712139,0.5014933347702026,0.4754116833209991,0.3291723728179931,0.2967628836631775,0.480460524559021,0.8806704878807068
132,translation,translability,0.2723530442876537,0.3648810982704162,0.4423169195652008,0.3995064198970794,0.2197797447443008,0.3775544464588165,0.8087817430496216
132,translation,translatableness,0.2165126913092882,0.4502589702606201,0.4843180179595947,0.3139757215976715,0.2371487915515899,0.4200551509857178,0.8977639079093933
132,translation,translatibility,0.26588692141519,0.4351814389228821,0.4905887842178345,0.3114453554153442,0.208977997303009,0.412978857755661,0.8781293034553528
132,translation,translating,0.4305810227126924,0.8438299894332886,0.6724087595939636,0.9085875153541564,0.7075747847557068,0.8995064496994019,0.9817981719970704
132,translation,translative,0.1902984187594199,0.5478366613388062,0.4583128094673157,0.4665700793266296,0.5247060060501099,0.4276638031005859,0.9496329426765442
132,translation,translateds,0.2421452265522737,0.804221510887146,0.641607403755188,0.8467124104499817,0.1500394642353058,0.6445097327232361,0.9237068891525269
132,translation,translateed,0.1649526500162968,0.7232551574707031,0.5724430084228516,0.7857924699783325,0.2082353383302688,0.7050318121910095,0.9582470059394836
132,translation,translatees,0.2421452265522737,0.6663999557495117,0.5849652886390686,0.8500369787216187,0.2254486083984375,0.6027364134788513,0.904806673526764
132,translation,translateor,0.2421452265522737,0.7098431587219238,0.623279333114624,0.7062211036682129,0.2134123295545578,0.664911687374115,0.963591694831848
132,translation,translaters,0.2516703959027248,0.7089611887931824,0.6159645318984985,0.704033613204956,0.5241525173187256,0.6508549451828003,0.9032670855522156
132,translation,translatably,0.2165126913092882,0.4988439381122589,0.4680884480476379,0.4434365630149841,0.2351979464292526,0.5481033325195312,0.9439741969108582
132,translation,translatable,0.2864729887098966,0.5179197192192078,0.4728565812110901,0.4309660792350769,0.539082944393158,0.5571957230567932,0.9551047682762146
132,translation,translateion,0.26588692141519,0.6549335718154907,0.6055182218551636,0.8381384015083313,0.2512701749801636,0.621674120426178,0.957677125930786
132,translation,translateing,0.2064602473010412,0.7389933466911316,0.6008279323577881,0.8524398803710938,0.1934421062469482,0.8347463011741638,0.9177918434143066
132,translation,translatized,0.26588692141519,0.4569618105888366,0.4612298905849457,0.4526027739048004,0.2217101156711578,0.5062592625617981,0.942229688167572
132,translation,translatible,0.26588692141519,0.4845541417598724,0.4780756533145904,0.3698319792747497,0.1883147656917572,0.5032057166099548,0.932281255722046
132,translation,translatives,0.1936970095723748,0.4943433701992035,0.4613233804702759,0.4385151267051697,0.2675081193447113,0.4283034205436706,0.8221368789672852
132,translation,translations,0.5294758938119833,0.877084493637085,0.7846007347106934,0.877968430519104,0.8353708386421204,0.8490990400314331,0.9906761050224304
132,translation,translatings,0.1649526500162968,0.7838926315307617,0.5998509526252747,0.8473156690597534,0.2810658514499664,0.7388836145401001,0.919540524482727
132,translation,translable,0.2550983889444712,0.4765284955501556,0.4088659286499023,0.5074165463447571,0.1897651255130767,0.4325698316097259,0.946828305721283
132,translation,translatic,0.1936970095723748,0.4256117939949035,0.4741888642311096,0.4577198028564453,0.2395302951335907,0.4330766797065735,0.9341437816619872
132,translation,translated,0.472592275171628,0.8749529123306274,0.706095814704895,0.9378342628479004,0.6893813014030457,0.8313366174697876,0.9839261770248412
132,translation,translates,0.2963758617341297,0.7564781308174133,0.5984987020492554,0.8930044174194336,0.4657961726188659,0.5363824367523193,0.9821298122406006
132,translation,translater,0.2902694517587794,0.7507025003433228,0.6135437488555908,0.747469961643219,0.5943983793258667,0.6719082593917847,0.9571014046669006
132,translation,translatations,0.2122342284291611,0.5211561322212219,0.4910308420658111,0.406653881072998,0.2688818275928497,0.4621857404708862,0.9489813446998596
132,translation,translate,0.4000000570082249,0.8329223394393921,0.6611133813858032,0.9151339530944824,0.6050676703453064,0.8552113175392151,0.9873018264770508
132,software,softwareions,0.1269262134409335,0.8481221199035645,0.7358552813529968,0.6749792098999023,0.2748142778873443,0.8794445395469666,0.9709441065788268
132,software,softwareical,0.1269262134409335,0.8449808955192566,0.737868070602417,0.6651067733764648,0.173516109585762,0.8788790702819824,0.9540554881095886
132,software,softwarelied,0.0829719603133306,0.4895578622817993,0.6578258275985718,0.6042442321777344,0.1005449816584587,0.6106246113777161,0.9286784529685974
132,software,softwared,0.1527146294484671,0.7760446071624756,0.7610718011856079,0.6855606436729431,0.2373103350400924,0.8287791013717651,0.9251636862754822
132,software,softwarer,0.1613533368741349,0.8250307440757751,0.768204391002655,0.7214161157608032,0.2647777199745178,0.9011587500572203,0.952881395816803
132,software,softwares,0.2580202662015969,0.7617931962013245,0.7740357518196106,0.8994690179824829,0.6819035410881042,0.8251169323921204,0.8852229118347168
132,software,softwarization,0.1322956569793136,0.4145890176296234,0.5096351504325867,0.2690569758415222,0.1624618470668792,0.4656844437122345,0.846748948097229
132,software,softwarion,0.0863395179969574,0.5796739459037781,0.4654386639595032,0.1880559772253036,0.1443303972482681,0.5203346610069275,0.9566469788551332
132,software,softwaring,0.1133033737735953,0.5202149152755737,0.4707264602184295,0.2487326860427856,0.0874017104506492,0.4853789806365967,0.9589462876319884
132,software,softwarers,0.1300129410147356,0.793472409248352,0.7785375714302063,0.7146196365356445,0.2630967795848846,0.8694609999656677,0.9440643191337584
132,software,softwarely,0.0829719603133306,0.7818849086761475,0.7486870288848877,0.6884392499923706,0.2244350761175155,0.834295392036438,0.8193016052246094
132,software,softwareic,0.1564052914720115,0.8163527250289917,0.7569239735603333,0.6653026342391968,0.209196001291275,0.8748061656951904,0.9124037623405457
132,software,softwareor,0.1381394619857545,0.7921755313873291,0.7358443737030029,0.6709656715393066,0.2224221676588058,0.8619164228439331,0.9641650319099426
132,software,softwareal,0.1322956569793136,0.8039932250976562,0.7561374306678772,0.7268213629722595,0.2987638115882873,0.845115602016449,0.9668291807174684
132,software,softwarees,0.1186769199032219,0.7260305881500244,0.770972490310669,0.8540499210357666,0.2503851354122162,0.8094115257263184,0.9073355197906494
132,software,softwareer,0.1186769199032219,0.787265419960022,0.7509115934371948,0.7379462718963623,0.251632809638977,0.8488320708274841,0.9060962796211244
132,software,softwareors,0.1269262134409335,0.8186274766921997,0.7292066812515259,0.7033692598342896,0.1914127022027969,0.8770431876182556,0.9642223119735718
132,software,softwareing,0.1381394619857545,0.7786986827850342,0.780318558216095,0.8418688774108887,0.2536744475364685,0.8362995982170105,0.906017005443573
132,software,softwareism,0.0829719603133306,0.6317196488380432,0.7612002491950989,0.5510797500610352,0.2517665326595306,0.7196253538131714,0.8315536975860596
132,software,softwareion,0.1269262134409335,0.7883296012878418,0.7434922456741333,0.715652585029602,0.2497127056121826,0.8446769118309021,0.9588277339935304
133,dictionary,dictionaried,0.2413386903794655,0.5660973787307739,0.3977063000202179,0.5057626366615295,0.2101051360368728,0.5660971403121948,0.9115843772888184
133,dictionary,dictionaries,0.507919554511752,0.6325435638427734,0.4879744946956634,0.8017593622207642,0.7668818831443787,0.6325433254241943,0.90986430644989
133,dictionary,dictionaryor,0.2264192900653373,0.798079788684845,0.7940088510513306,0.8021914958953857,0.2954424023628235,0.7980799078941345,0.9564653038978576
133,dictionary,dictionarys,0.2634788363442334,0.7366642951965332,0.8227039575576782,0.9351664781570436,0.6619578003883362,0.7366641759872437,0.8592159748077393
133,dictionary,dictionaric,0.2627733988704023,0.559529185295105,0.394640564918518,0.4554595649242401,0.2287280857563018,0.5595291256904602,0.9120842814445496
134,southwest,southwests,0.2962401477318547,0.7023162841796875,0.7861348390579224,0.939123034477234,0.2609049081802368,0.7983850240707397,0.8135399222373962
134,southwest,southwestal,0.290802278393426,0.7393632531166077,0.7662835121154785,0.8880197405815125,0.2315676510334015,0.819367527961731,0.9311587810516356
134,southwest,southwested,0.290802278393426,0.771182656288147,0.7895139455795288,0.7816392183303833,0.1659299731254577,0.8020023703575134,0.882209300994873
134,southwest,southwestly,0.2470549118061043,0.7330785989761353,0.7618257999420166,0.8927158117294312,0.2585690915584564,0.7751476764678955,0.8906884789466858
134,southwest,southwesting,0.2176405762999943,0.714125394821167,0.8018743991851807,0.8321540355682373,0.1808947324752807,0.7590153217315674,0.9307987093925476
134,airline,airlining,0.2509727372511655,0.5624983310699463,0.4726078510284424,0.3823556303977966,0.2524047791957855,0.5467432737350464,0.9585175514221193
134,airline,airlineal,0.2537402562893268,0.6788516044616699,0.7951407432556152,0.9246845841407776,0.2371572852134704,0.8433952331542969,0.9358342289924622
134,airline,airlineed,0.312033637649228,0.6731413006782532,0.8019008040428162,0.8396620750427246,0.1989152580499649,0.8651622533798218,0.8957605957984924
134,airline,airlineds,0.3046254302371943,0.5808970928192139,0.8020618557929993,0.8738280534744263,0.2346311658620834,0.8258894085884094,0.9000067114830017
134,airline,airlinees,0.2640387347932182,0.4898190200328827,0.8049415349960327,0.932925581932068,0.237695962190628,0.7899674773216248,0.7754409313201904
134,airline,airlineer,0.3046254302371943,0.5416750311851501,0.7989969253540039,0.9196716547012328,0.2420537322759628,0.7630103826522827,0.8480720520019531
134,airline,airlined,0.2567387393072877,0.5964697599411011,0.7857270240783691,0.894193172454834,0.2340773493051529,0.8225148916244507,0.9010173082351683
134,airline,airlines,0.6203746874906554,0.7867213487625122,0.7010819911956787,0.955263614654541,0.8332638144493103,0.8434460759162903,0.9781848192214966
135,yahoo,yahooization,0.1672448715354226,0.7548648118972778,0.8464815616607666,0.4736768007278442,0.2186718434095382,0.7340927124023438,0.8819701671600342
135,yahoo,yahooed,0.0762911829802659,0.7854291200637817,0.8385123610496521,0.6500898003578186,0.2535635828971863,0.8087081909179688,0.914842426776886
135,yahoo,yahooer,0.2168746521499309,0.695857048034668,0.8079164028167725,0.7291496396064758,0.3055149912834167,0.7675871849060059,0.8923465013504028
135,yahoo,yahooes,0.189200424262639,0.7018969655036926,0.8219096064567566,0.8750252723693848,0.3033230602741241,0.7496833205223083,0.8855559229850769
135,yahoo,yahooor,0.1672448715354226,0.7421042919158936,0.787075400352478,0.7688801288604736,0.2611455917358398,0.7606714367866516,0.9175841808319092
135,yahoo,yahooness,0.1444291897985092,0.785714864730835,0.839480459690094,0.6513454914093018,0.1422626376152038,0.7410340905189514,0.916287362575531
135,yahoo,yahoor,0.1444291897985092,0.7067756652832031,0.8087611198425293,0.7179111242294312,0.2650674879550934,0.7190048098564148,0.9018285274505616
135,yahoo,yahoos,0.2310738761892055,0.8084125518798828,0.8321626782417297,0.9371323585510254,0.3770200610160827,0.792207658290863,0.9225186705589294
135,yahoo,yahooers,0.2140456826816527,0.7290849685668945,0.8388127088546753,0.6965203285217285,0.2648550868034363,0.761320948600769,0.8906696438789368
135,yahoo,yahooism,0.0797672262788988,0.7176210880279541,0.8403834104537964,0.5308539867401123,0.2718532681465149,0.740932047367096,0.8204967975616455
135,yahoo,yahooize,0.2146194836449738,0.8426014184951782,0.8246391415596008,0.687411904335022,0.1938590258359909,0.7294172644615173,0.9387314319610596
135,yahoo,yahooing,0.1796008572632461,0.779435396194458,0.8341388702392578,0.711400032043457,0.3740882575511932,0.7903139591217041,0.8823530673980713
135,chat,chatables,0.1507242721523266,0.6520111560821533,0.7675541043281555,0.7161279916763306,0.2189461141824722,0.6995495557785034,0.9044659733772278
135,chat,chatation,0.0411223477473175,0.6678716540336609,0.8117809295654297,0.7652247548103333,0.2634484469890594,0.8332524299621582,0.9579536318778992
135,chat,chatities,0.1058418075020258,0.8077410459518433,0.7970870733261108,0.7167977094650269,0.2128036767244339,0.8240771889686584,0.941514253616333
135,chat,chattable,0.0452556640335118,0.592749834060669,0.7828234434127808,0.7990215420722961,0.1436128616333007,0.8185780048370361,0.9428765773773192
135,chat,chattings,0.0562003573915355,0.6499649286270142,0.6130309104919434,0.8654243350028992,0.2267141640186309,0.7759144902229309,0.8362932205200195
135,chat,chats,0.1742140560392306,0.7287815809249878,0.8570969104766846,0.904712438583374,0.7679817080497742,0.7939367890357971,0.8999402523040771
135,chat,chatability,0.1592695102899483,0.6471303701400757,0.7955435514450073,0.7040069103240967,0.2654753029346466,0.7567724585533142,0.9001131653785706
135,chat,chating,0.1568032434436396,0.6588918566703796,0.8511409759521484,0.919942021369934,0.5997275114059448,0.8584610819816589,0.8091405034065247
135,chat,chation,0.1058418075020258,0.7163347601890564,0.8052957653999329,0.7368403077125549,0.2522757649421692,0.8099089860916138,0.9360654950141908
135,chat,chatity,0.0327431888594054,0.7929927110671997,0.818124532699585,0.7728583812713623,0.2117702364921569,0.8231534361839294,0.9564767479896544
135,chat,chatial,0.0542817662090344,0.8367694616317749,0.8011200428009033,0.6307976245880127,0.2022718638181686,0.8571372628211975,0.9703054428100586
135,chat,chators,0.1507242721523266,0.8007219433784485,0.799933910369873,0.7039740085601807,0.1908960342407226,0.8228519558906555,0.9492074847221376
135,chat,chatals,0.1269825772894103,0.8035479187965393,0.7896568775177002,0.7326635122299194,0.1905513107776641,0.8495168089866638,0.946656346321106
135,chat,chaters,0.0939963050899223,0.6278144121170044,0.837882399559021,0.7322942614555359,0.1632754057645797,0.776731550693512,0.9149761199951172
135,chat,chattal,0.0440224602159778,0.6218854784965515,0.8072912693023682,0.6252612471580505,0.1483809649944305,0.7328198552131653,0.9187806844711304
135,chat,chatted,0.1228483865713463,0.7394956946372986,0.8182884454727173,0.7877957224845886,0.539958119392395,0.8446599841117859,0.8736811876296997
135,chat,chatly,0.1269825772894103,0.8022634387016296,0.8259408473968506,0.748812735080719,0.3777123689651489,0.8148725032806396,0.8913925290107727
135,chat,chatic,0.1269825772894103,0.7045627236366272,0.823241114616394,0.6325491070747375,0.2525564730167389,0.8221657872200012,0.9357323050498962
135,chat,chates,0.0639420074022828,0.5453000068664551,0.8362058401107788,0.872719407081604,0.1812710165977478,0.7168353199958801,0.8754997849464417
135,chat,chater,0.010636104147903,0.4519776105880737,0.8415684700012207,0.6954070925712585,0.2339064627885818,0.7102899551391602,0.8845235109329224
135,chat,chator,-0.0400510431406346,0.6861907243728638,0.8163154721260071,0.6318928003311157,0.2205845862627029,0.7904585599899292,0.9259732961654664
135,chat,chated,0.1108297525885214,0.7528432607650757,0.8366320133209229,0.7965675592422485,0.5060549378395081,0.8389118909835815,0.8821655511856079
135,chat,chatal,0.0326594608697,0.5737265348434448,0.8273195624351501,0.7058688402175903,0.237776979804039,0.7462327480316162,0.928798496723175
135,chat,chatations,-0.0036553249556258,0.6868458390235901,0.7827633023262024,0.751902163028717,0.2426244020462036,0.8567379713058472,0.9398622512817384
135,chat,chatable,0.1434817236289799,0.7114332914352417,0.8140468001365662,0.770002007484436,0.2358169555664062,0.8244824409484863,0.9218419194221495
135,chat,chatible,0.0353483405935087,0.7492204308509827,0.7783300876617432,0.6821410655975342,0.2140635102987289,0.830371618270874,0.9567009210586548
135,chat,chatisms,0.1507242721523266,0.8033078908920288,0.8049893379211426,0.6388447284698486,0.2209450751543045,0.8659594655036926,0.9063620567321776
135,chat,chatings,0.1507242721523266,0.7675427198410034,0.8229308128356934,0.8465757966041565,0.2410903424024582,0.7799702882766724,0.9629368782043456
135,chat,chatized,0.1058418075020258,0.8460081815719604,0.8141692876815796,0.7756062746047974,0.2176677733659744,0.8557764887809753,0.9666852951049804
135,chat,chatlies,0.1101375767083505,0.7986756563186646,0.7879151105880737,0.7380282878875732,0.3116143643856048,0.8366682529449463,0.9448204636573792
135,chat,chatness,0.1572758226194677,0.8006079792976379,0.8308113813400269,0.8115361332893372,0.2276769280433654,0.8509960174560547,0.9529752731323242
135,chat,chatting,0.2105789128021185,0.7196316719055176,0.6476194858551025,0.9117097854614258,0.714095413684845,0.8824965953826904,0.9248865842819214
135,chat,chatteds,0.1507242721523266,0.6780202388763428,0.7605663537979126,0.7806258201599121,0.2009526193141937,0.7277287840843201,0.8542794585227966
137,cheap,cheapes,0.2504550367624157,0.7326729893684387,0.827130138874054,0.8190175890922546,0.5229220390319824,0.8182076215744019,0.8710225820541382
137,cheap,cheaper,0.3761989897940334,0.7926353216171265,0.7021052837371826,0.7761619091033936,0.6343376040458679,0.8134808540344238,0.9524834156036376
137,cheap,cheaped,0.2107331910221878,0.8047338724136353,0.831642746925354,0.818498969078064,0.4156667590141296,0.7235497236251831,0.8885502219200134
137,cheap,cheapic,0.1664508215787816,0.8277664184570312,0.8151787519454956,0.6806182265281677,0.2463050335645675,0.6101292967796326,0.9381054639816284
137,cheap,cheaply,0.286274935399698,0.7275134325027466,0.8099128603935242,0.8552392721176147,0.6088955402374268,0.729596734046936,0.8666319847106934
137,cheap,cheapor,0.22973798689751,0.6928609609603882,0.8028475046157837,0.6293409466743469,0.2139435410499572,0.5018563270568848,0.9788954257965088
137,cheap,cheaps,0.2497404038722417,0.7791998386383057,0.8321636915206909,0.82151198387146,0.642320454120636,0.6835792064666748,0.8337981700897217
137,cheap,cheapable,0.1856701045824207,0.7884277105331421,0.8224942684173584,0.8478071093559265,0.2720986008644104,0.861304759979248,0.9256433844566344
137,cheap,cheapness,0.2477492401353137,0.704863429069519,0.8180381059646606,0.7726157307624817,0.4547924697399139,0.6438955664634705,0.916206121444702
137,cheap,cheapive,0.198106982195319,0.8186041116714478,0.791018009185791,0.7365492582321167,0.1827943474054336,0.5811309218406677,0.968151867389679
137,cheap,cheapism,0.2137125817066679,0.6013042330741882,0.8238358497619629,0.5619810819625854,0.1892463862895965,0.5916557312011719,0.8434128165245056
137,cheap,cheapity,0.2093385596672853,0.7462329864501953,0.8094944357872009,0.7817013263702393,0.2265580296516418,0.6851255297660828,0.9504719376564026
137,cheap,cheaping,0.1861831443693593,0.6993521451950073,0.8390466570854187,0.7803474068641663,0.3961271047592163,0.78266441822052,0.9050132632255554
137,cheap,cheapper,0.1792182878216079,0.8223354816436768,0.8057318925857544,0.7227325439453125,0.2185032367706298,0.5909274816513062,0.9710335731506348
137,cheap,cheapers,0.111930738032745,0.6495356559753418,0.6130520105361938,0.6447373628616333,0.1922284662723541,0.7154442667961121,0.8862152695655823
137,cheap,cheapeer,0.2065742843637955,0.7790312170982361,0.7972268462181091,0.6626791954040527,0.1576379388570785,0.5530035495758057,0.9734151363372804
137,cheap,cheapabled,0.198106982195319,0.6593642234802246,0.7426142692565918,0.6959829926490784,0.2292000949382782,0.5283640623092651,0.9559513926506042
137,flights,flightly,0.0583900477103041,0.697966456413269,0.5636860728263855,0.6119289398193359,0.2710103988647461,0.7661555409431458,0.9425305128097534
137,flights,flighted,-0.00755023590444,0.6821786165237427,0.5817252397537231,0.6516880989074707,0.2483622282743454,0.7948405146598816,0.966302454471588
137,flights,flightes,0.1820287422824002,0.6685712337493896,0.6029465198516846,0.8293970823287964,0.3068954646587372,0.8274800777435303,0.9031782746315002
137,flights,flighter,0.024852594787266,0.6764753460884094,0.5441125631332397,0.6802000999450684,0.3069612085819244,0.7389810085296631,0.9381711483001708
137,flights,flightal,0.2335887835753915,0.7017992734909058,0.5802438855171204,0.6690372228622437,0.2670101523399353,0.7749744057655334,0.9779998660087584
137,flights,flightor,0.2107731018384781,0.6901072263717651,0.5932564735412598,0.613358199596405,0.2617542743682861,0.7578968405723572,0.9679802060127258
137,flights,flighters,0.1893149931802037,0.7421107888221741,0.6313292980194092,0.7296314239501953,0.3166667520999908,0.7606020569801331,0.9615064263343812
137,flights,flightism,0.1820287422824002,0.6412378549575806,0.6380534172058105,0.6312178373336792,0.2596750557422638,0.7670125365257263,0.8407235741615295
137,flights,flighting,0.1922931000065085,0.673221230506897,0.5818296074867249,0.8088599443435669,0.3642953336238861,0.7923166751861572,0.9627015590667723
137,flights,flightted,0.2335887835753915,0.7147707939147949,0.6252367496490479,0.6376129388809204,0.1951104253530502,0.8245149850845337,0.9705496430397034
137,flights,flight,0.494449144066542,0.7835437655448914,0.6499795913696289,0.8953635692596436,0.7761440873146057,0.8851504921913147,0.9784677028656006
137,flights,flightable,0.1012759693808264,0.6202019453048706,0.6407496929168701,0.6346107721328735,0.2245595753192901,0.7244097590446472,0.9352339506149292
137,flights,flightings,0.1327657707402089,0.7544679641723633,0.6558009386062622,0.7530247569084167,0.3237887918949127,0.8244696855545044,0.9714031219482422
137,flights,flightness,0.0193863821611695,0.680770993232727,0.6003573536872864,0.6579542756080627,0.2916052043437958,0.8111697435379028,0.9360617399215698
139,song,songs,0.549087968349541,0.7525890469551086,0.6942500472068787,0.7906685471534729,0.8020670413970947,0.7758356332778931,0.962904930114746
139,song,songals,0.1631027641523126,0.7482296228408813,0.6628031730651855,0.4546550214290619,0.1821843534708023,0.7808862328529358,0.964830994606018
139,song,songers,0.2016000411739154,0.6440272331237793,0.7382524609565735,0.4988567233085632,0.2105434387922287,0.5723737478256226,0.9543282985687256
139,song,songism,0.2103092618110093,0.5680892467498779,0.7256873846054077,0.5168321132659912,0.3224311769008636,0.5767115354537964,0.7332894206047058
139,song,songity,0.2154237876434538,0.6294788122177124,0.7196961641311646,0.5261192321777344,0.3744837939739227,0.6356388330459595,0.8563651442527771
139,song,songing,0.1797793660422942,0.6508898138999939,0.762919545173645,0.6203196048736572,0.416629284620285,0.7092304825782776,0.9519617557525636
139,song,songes,0.1533331275353217,0.5235850214958191,0.744983434677124,0.672473132610321,0.3707330524921417,0.4875348806381225,0.955037236213684
139,song,songer,0.1048207465213169,0.6277992725372314,0.7483767867088318,0.5000686645507812,0.4612616896629333,0.5497257709503174,0.9487873315811156
139,song,songic,0.1631027641523126,0.6941626071929932,0.7220380306243896,0.4686348140239715,0.3491401374340057,0.8121606111526489,0.9259658455848694
139,song,songal,0.063292437976213,0.6922655701637268,0.7181804180145264,0.5044251680374146,0.1735636293888092,0.8172304034233093,0.976373016834259
139,song,songed,0.1308939978292189,0.6612291932106018,0.7237154841423035,0.6472147107124329,0.1890575885772705,0.6806578040122986,0.9690503478050232
139,song,songor,0.1291358709230571,0.7239106893539429,0.6959802508354187,0.4003878533840179,0.1545164585113525,0.7028958797454834,0.9750030636787416
139,song,songly,0.2055873765063455,0.6511634588241577,0.7093064785003662,0.5753922462463379,0.2065700441598892,0.7077773809432983,0.8609393239021301
139,song,songliness,0.124099098603178,0.6357415914535522,0.6441537141799927,0.5066699981689453,0.2537337839603424,0.6227845549583435,0.8353458642959595
139,song,songiving,0.2306199833900289,0.7694715261459351,0.6130126118659973,0.6142885684967041,0.3152601420879364,0.783046543598175,0.9700039625167848
139,song,songions,0.1402870824153992,0.7335455417633057,0.6577117443084717,0.5296434164047241,0.3541736602783203,0.7824482321739197,0.965020716190338
139,song,songings,0.2103092618110093,0.7218127250671387,0.6778056025505066,0.6113177537918091,0.3440853357315063,0.7228317260742188,0.9678614735603333
139,song,songness,0.2015960407972168,0.6356854438781738,0.7184667587280273,0.5916411876678467,0.2189770191907882,0.5449151396751404,0.9170796275138856
140,shinjuku,shinjukus,0.4396694558468317,0.7651146650314331,0.9243946075439452,0.923677146434784,0.3587027192115783,0.7651146650314331,0.8384078741073608
141,grips,grip,0.4820547625606725,0.8856788873672485,0.6896332502365112,0.9010974168777466,0.7396652102470398,0.864040732383728,0.9904927611351012
141,grips,gripables,0.2376517971187306,0.4954003989696502,0.6436133980751038,0.7941895723342896,0.1877131313085556,0.7007322311401367,0.8849617838859558
141,grips,grippability,0.1845065694551516,0.4804402887821197,0.6680096387863159,0.7083038091659546,0.1121326461434364,0.5492336750030518,0.8464820981025696
141,grips,grippable,0.2087719088136863,0.4158873558044433,0.64589524269104,0.7194005250930786,0.4184368252754211,0.6191461086273193,0.9085172414779664
141,grips,gripability,0.2333516017884626,0.4227788150310516,0.6684335470199585,0.7480262517929077,0.1459600627422332,0.5879663825035095,0.8166120648384094
141,grips,grippal,0.2405015468070855,0.7434647679328918,0.6842426061630249,0.6941410303115845,0.0921501517295837,0.6495407223701477,0.9782025814056396
141,grips,gripped,0.2319311039968977,0.905020534992218,0.6944259405136108,0.754033625125885,0.5230244994163513,0.7550691366195679,0.9851588606834412
141,grips,gripper,0.3344675154688628,0.570685863494873,0.6501144766807556,0.7905316352844238,0.4117579758167267,0.5658164024353027,0.9689493775367736
141,grips,gripable,0.2428539349208325,0.4919655323028564,0.6403447985649109,0.741614580154419,0.2936514616012573,0.6805441379547119,0.9134570360183716
141,grips,grippers,0.2970842102455565,0.6445524096488953,0.6807841062545776,0.7990654706954956,0.3456763029098511,0.662585973739624,0.965929627418518
141,grips,grippors,0.2853295822903342,0.5346200466156006,0.6556382775306702,0.7098133563995361,0.0344067737460136,0.605178713798523,0.9480042457580566
141,grips,gripor,0.3081452640272476,0.5815680027008057,0.6432212591171265,0.7622728943824768,0.1868563443422317,0.6124518513679504,0.9719817042350768
141,grips,gripal,0.198648131569596,0.6269288063049316,0.6429787874221802,0.7737135887145996,0.1090612635016441,0.615805447101593,0.976739466190338
141,pistol,pistoleer,0.3570204111809687,0.6677652597427368,0.7690302133560181,0.7625026702880859,0.3092577755451202,0.8517414927482605,0.8599361777305603
141,pistol,pistoleds,0.2744251416304401,0.6305609941482544,0.6952147483825684,0.7206643223762512,0.2344679236412048,0.742196261882782,0.85536128282547
141,pistol,pistolion,0.303169501186518,0.6580522656440735,0.8095754981040955,0.7673148512840271,0.2087374776601791,0.820746660232544,0.830597996711731
141,pistol,pistoling,0.3376286603228876,0.6864485740661621,0.821609377861023,0.7722017765045166,0.2358133643865585,0.8279029130935669,0.8505831956863403
141,pistol,pistolers,0.1717570325174796,0.6425589919090271,0.8260872960090637,0.7534778118133545,0.1938958615064621,0.8315805196762085,0.8466863036155701
141,pistol,pistoller,0.303169501186518,0.7396113872528076,0.8125977516174316,0.6991908550262451,0.2144691795110702,0.8455400466918945,0.8714826107025146
141,pistol,pistolled,0.2986291488180175,0.7349308729171753,0.8147658109664917,0.7123478651046753,0.1998661905527115,0.8759263753890991,0.871832549571991
141,pistol,pistolize,0.3890389845673463,0.7913630604743958,0.7776975631713867,0.7355363368988037,0.1450909972190857,0.8944169878959656,0.9193769693374634
141,pistol,pistolly,0.3798025397059697,0.7461385130882263,0.7961124181747437,0.6973695158958435,0.1609711647033691,0.851222574710846,0.8771877884864807
141,pistol,pistoled,0.3617090281707891,0.7441976070404053,0.8085843920707703,0.7557415962219238,0.2144214212894439,0.8254207372665405,0.8738371729850769
141,pistol,pistoles,0.1174185234198644,0.6237620115280151,0.7998244762420654,0.8057891130447388,0.3974290192127228,0.7917032837867737,0.8480661511421204
141,pistol,pistoler,0.2668704555028965,0.7022383213043213,0.7975437641143799,0.8165467977523804,0.211953580379486,0.8712359070777893,0.8455631732940674
141,pistol,pistoleers,0.3191602114720199,0.7066318988800049,0.7821487784385681,0.7341734170913696,0.2540020644664764,0.8438509106636047,0.843322217464447
141,pistol,pistolized,0.3261498467199408,0.7808643579483032,0.8112824559211731,0.7507014274597168,0.1582890301942825,0.8892639875411987,0.9235941171646118
141,pistol,pistolling,0.2748874539551014,0.731757402420044,0.8054304718971252,0.7732006311416626,0.1892245709896087,0.8752267956733704,0.8638774752616882
141,pistol,pistols,0.5992818180515155,0.8325070738792419,0.7216647267341614,0.8457967042922974,0.8345022201538086,0.838711678981781,0.923847198486328
142,angelina,angelinas,0.3588107012730698,0.7169191837310791,0.840969443321228,0.8509492874145508,0.1434329450130462,0.37284716963768,0.8776506185531616
143,jobs,job,0.3661389127610807,0.7691254615783691,0.6407116651535034,0.8073869347572327,0.6668798923492432,0.8249840140342712,0.956924557685852
143,jobs,jobabilities,0.0665025907160287,0.5057418346405029,0.5719165802001953,0.7132658958435059,0.2778985798358917,0.4745254516601562,0.889011800289154
143,jobs,jobly,0.0503146069038075,0.634066641330719,0.5324567556381226,0.533643364906311,0.1939563155174255,0.6619696617126465,0.8553601503372192
143,jobs,jobor,0.0466774281373403,0.5979337692260742,0.5577187538146973,0.593134880065918,0.0333937034010887,0.707920253276825,0.962294340133667
143,jobs,jobal,-0.0051206534401413,0.660331666469574,0.5384196639060974,0.6517933011054993,0.3018922209739685,0.4361713528633117,0.9643730521202089
143,jobs,jobed,0.0402462266203469,0.666208028793335,0.5671532154083252,0.6597972512245178,0.04469895362854,0.6127408146858215,0.930149793624878
143,jobs,jobes,0.016413642374141,0.559228777885437,0.5666825771331787,0.8499443531036377,0.1526567637920379,0.5085198879241943,0.95142924785614
143,jobs,jober,0.0298289895278114,0.5299758911132812,0.5477963089942932,0.6668468713760376,0.071887269616127,0.5146446228027344,0.9270580410957336
143,jobs,jobic,-0.0571361038560673,0.7027965188026428,0.5735527873039246,0.6182516813278198,0.2093567252159118,0.5324347019195557,0.9642517566680908
143,jobs,jobiality,0.0893182724529421,0.4915661215782165,0.5572001338005066,0.6395484805107117,0.1971493810415268,0.6085042357444763,0.8334708213806152
143,jobs,jobable,0.1061390236069594,0.6970114707946777,0.601691722869873,0.5986248254776001,0.2613272964954376,0.7171028852462769,0.9234325289726256
143,jobs,jobence,0.0893182724529421,0.7653623223304749,0.5796718597412109,0.7038029432296753,0.0839583128690719,0.4882518351078033,0.9619189500808716
143,jobs,jobisms,0.1097884065556316,0.7514067888259888,0.627578616142273,0.6844030618667603,0.297247976064682,0.694104015827179,0.966751515865326
143,jobs,jobings,0.1335301014185478,0.7745299339294434,0.6343396306037903,0.7838521003723145,0.2484819740056991,0.5739375948905945,0.9756823778152466
143,jobs,jobness,0.0007364727073418,0.6955768465995789,0.5635051727294922,0.7230972051620483,0.0959939956665039,0.6820862293243408,0.9237889647483826
143,jobs,jobability,0.1279540224965814,0.6170758008956909,0.6259876489639282,0.6170047521591187,0.248000368475914,0.7082557678222656,0.9331945180892944
143,jobs,jobers,-0.0833222776713809,0.6351782083511353,0.6162173748016357,0.7474809885025024,0.0833548977971077,0.626651406288147,0.9524385333061218
143,jobs,jobbal,0.0665025907160287,0.7652760744094849,0.6007181406021118,0.6705094575881958,0.1535667777061462,0.6095173358917236,0.9670473337173462
143,jobs,jobbed,0.1078663999254294,0.7465152740478516,0.5463737845420837,0.6121426820755005,0.2545927166938782,0.6266669034957886,0.971601128578186
143,jobs,jobals,0.0893182724529421,0.7148100137710571,0.6020308136940002,0.7553497552871704,0.3276958167552948,0.5770260095596313,0.9744356870651244
143,jobs,jobing,0.2718045588269465,0.6579116582870483,0.5462298393249512,0.8381044268608093,0.243664413690567,0.5996220707893372,0.9383040070533752
143,jobs,jobism,0.1195227740685937,0.5469403266906738,0.6032543182373047,0.6572144031524658,0.206326276063919,0.7216375470161438,0.8063238263130188
143,jobs,jobive,0.0893182724529421,0.6909955143928528,0.5771083235740662,0.6406371593475342,0.1098898276686668,0.4720524549484253,0.971610963344574
143,jobs,jobity,0.0120562509170838,0.7156116962432861,0.5849641561508179,0.7286972999572754,0.1661031544208526,0.7327609062194824,0.9682580828666688
143,jobs,jobial,0.0893182724529421,0.7365124225616455,0.5782150626182556,0.5784982442855835,0.1959451138973236,0.5877993702888489,0.9526069164276124
143,jobs,jobics,0.0503146069038075,0.7548133730888367,0.6224908232688904,0.6077705025672913,0.1524307578802108,0.5137091279029846,0.97621488571167
143,jobs,jobation,0.0731250679309366,0.7112287282943726,0.5941708087921143,0.7534235715866089,0.29283607006073,0.6810351014137268,0.9742659330368042
143,jobs,jobbable,0.1335301014185478,0.5306063890457153,0.5403686165809631,0.5854551196098328,0.0119139775633811,0.6336137056350708,0.9287490844726562
143,with,withability,0.0309903718843037,0.770866870880127,0.5237548351287842,0.4312472641468048,0.1183446124196052,0.5851823091506958,0.978758990764618
143,with,withs,0.0349847475639615,0.6708428859710693,0.8058075904846191,0.7267156839370728,0.5822833776473999,0.7147684693336487,0.9168992042541504
143,with,withable,-0.0226245957169238,0.7514232397079468,0.6115948557853699,0.640659511089325,0.1526358425617218,0.6714565753936768,0.8956884145736694
143,with,withized,0.0309903718843037,0.860569417476654,0.6154638528823853,0.5406889915466309,0.1518996953964233,0.7579834461212158,0.980858564376831
143,with,withical,-0.0092220317650495,0.857830822467804,0.5241168737411499,0.6090610027313232,0.0995178967714309,0.7784143090248108,0.9870716333389282
143,with,withment,0.0309903718843037,0.7823634147644043,0.5808207392692566,0.564814567565918,0.2110594362020492,0.6746185421943665,0.9690561294555664
143,with,withlies,0.0334436135689016,0.8638157248497009,0.5196183323860168,0.5710626244544983,0.1514201909303665,0.7221464514732361,0.992334008216858
143,with,withness,0.0335331470121057,0.695669412612915,0.6607099175453186,0.5752381086349487,0.2120262235403061,0.5615690350532532,0.936710000038147
143,with,withnessed,0.0364673533541015,0.5561450719833374,0.6033909916877747,0.5711965560913086,0.2819578349590301,0.5917752385139465,0.965928077697754
143,with,withlys,0.0309903718843037,0.5019047260284424,0.6858527660369873,0.6088184118270874,0.2124684154987335,0.5720996260643005,0.936816930770874
143,with,withhed,0.0309903718843037,0.8080920577049255,0.5776151418685913,0.6934020519256592,0.1105551347136497,0.7595817446708679,0.9783955812454224
143,with,withher,0.0345917382822721,0.7686843872070312,0.6074745655059814,0.5530068874359131,0.3627035915851593,0.7089207768440247,0.982249915599823
143,with,withial,0.032634978689976,0.8661190867424011,0.5994276404380798,0.5142748951911926,0.1462699174880981,0.7648309469223022,0.9802663326263428
143,with,withism,0.0309903718843037,0.7302732467651367,0.6249618530273438,0.4486983716487884,0.1423431038856506,0.5983645915985107,0.9285967350006104
143,with,withive,0.0327473557061078,0.8204769492149353,0.6013639569282532,0.5402811169624329,0.1663360148668289,0.7146826386451721,0.965091347694397
143,with,withity,0.0309903718843037,0.7269182205200195,0.6396534442901611,0.5201326608657837,0.2343899458646774,0.6890354752540588,0.939602792263031
143,with,withor,0.0180293664565218,0.6147637367248535,0.6593271493911743,0.5524455308914185,0.3517392873764038,0.5655930638313293,0.9774137139320374
143,with,withly,0.0317440289329494,0.6942694187164307,0.7137916088104248,0.7751487493515015,0.4196556210517883,0.6283096075057983,0.950256049633026
143,with,withables,-0.0092220317650495,0.5162615776062012,0.6364234685897827,0.5225163102149963,0.1377565413713455,0.5868445634841919,0.9047769904136658
143,with,withively,0.0309903718843037,0.8273947238922119,0.4515379667282104,0.6765919923782349,0.1370673030614853,0.7630249857902527,0.970945417881012
143,with,withnessing,0.0323013780788091,0.5371272563934326,0.6064047813415527,0.5473531484603882,0.2733980417251587,0.6264357566833496,0.9293044209480286
143,a,aity,0.0140882026111683,0.4977369904518127,0.2284591197967529,0.3136827945709228,0.1327403783798217,0.4148284494876861,0.9178029298782348
143,a,aism,0.0102013466021618,0.4976064562797546,0.2005347609519958,0.2904646396636963,-0.0262593608349561,0.4613564908504486,0.8990930318832397
143,a,aitys,0.013453003298711,0.4601690769195556,0.33842533826828,0.2841809093952179,-0.0598753243684768,0.4527497589588165,0.9136456847190856
143,a,aness,0.00832204218688,0.6587029695510864,0.39266237616539,0.5334036946296692,0.1052918061614036,0.6073390245437622,0.945966362953186
143,a,aities,0.0126224242810318,0.5801400542259216,0.148556038737297,0.3037876784801483,-0.0953883081674575,0.4141199290752411,0.94588303565979
143,a,anessed,0.012110121790973,0.7954827547073364,0.1710636615753173,0.5833224058151245,0.0026674743276089,0.7620957493782043,0.9548344612121582
143,finance,financeable,0.1959895447640507,0.6338101029396057,0.7731966972351074,0.7377895712852478,0.4006064534187317,0.6184476017951965,0.8810403943061829
143,finance,financement,0.118259535796207,0.7992827892303467,0.7460434436798096,0.8382733464241028,0.3912537395954132,0.7243636250495911,0.932221531867981
143,finance,financy,0.1924534287078101,0.595975399017334,0.4648064076900482,0.6495581269264221,0.2367351800203323,0.65278559923172,0.8128613829612732
143,finance,financeability,0.1841301994630113,0.7646440267562866,0.7717641592025757,0.7449406981468201,0.2228288501501083,0.734878659248352,0.9092941284179688
143,finance,financeially,0.1427912157020103,0.6812678575515747,0.7021559476852417,0.7085052728652954,0.1435795724391937,0.6476648449897766,0.8695356249809265
143,finance,financements,0.1395652117984267,0.7985973358154297,0.7563571929931641,0.7163209915161133,0.1860604137182235,0.6469143033027649,0.9295862317085266
143,finance,financability,0.091231174409019,0.4648648500442505,0.4830232262611389,0.4492536187171936,0.1242186427116394,0.553956151008606,0.855549156665802
143,finance,financable,0.1480803542700349,0.4431223273277282,0.4682390689849853,0.4664368629455566,0.1468926072120666,0.5423908233642578,0.8048984408378601
143,finance,financally,0.110415987957091,0.4450840353965759,0.4626010060310364,0.4293434917926788,0.2082672417163849,0.5301311612129211,0.8154930472373962
143,finance,financeers,0.1241786316845644,0.6628329753875732,0.8084121942520142,0.7823702096939087,0.1199315711855888,0.7223354578018188,0.8867368102073669
143,finance,financeals,0.1971760594015323,0.7838539481163025,0.7735578417778015,0.8057547807693481,0.1932751834392547,0.6776434183120728,0.8894680738449097
143,finance,financeial,0.1835573223254406,0.8611623048782349,0.7742658257484436,0.8035950064659119,0.1341413259506225,0.6969422698020935,0.9340554475784302
143,finance,financeing,0.1910382956708677,0.7913470268249512,0.8080188035964966,0.8853623867034912,0.2292587459087371,0.7986000180244446,0.9244574904441832
143,finance,financical,0.0850420270321643,0.5542688369750977,0.4873178005218506,0.4767858386039734,0.2054815888404846,0.6059454083442688,0.8480725884437561
143,finance,financings,0.264926568302585,0.7318352460861206,0.6216844320297241,0.7658997178077698,0.4380229115486145,0.621203601360321,0.8866483569145203
143,finance,financals,0.1841760852455717,0.4982524514198303,0.4620262384414673,0.4719993472099304,0.1679309010505676,0.5967440605163574,0.8365609645843506
143,finance,financies,0.2143278494261219,0.5263393521308899,0.4761621654033661,0.6161102056503296,0.2129019796848297,0.5599377751350403,0.8680278062820435
143,finance,financied,0.0909282511795075,0.5247563123703003,0.4645930528640747,0.4412131309509277,0.1825877279043197,0.5754377245903015,0.8411267995834351
143,finance,financing,0.4012938437294906,0.75616055727005,0.6859592199325562,0.7705644965171814,0.6753324866294861,0.6955286860466003,0.8663849234580994
143,finance,financity,0.189173334729759,0.5030744075775146,0.4952808022499084,0.488528311252594,0.2118124514818191,0.6261526346206665,0.8186345100402832
143,finance,financeed,0.1037875501528757,0.7316266894340515,0.7982515096664429,0.7766865491867065,0.2036696374416351,0.6779282689094543,0.907989501953125
143,finance,financeal,0.2257676067801865,0.792756974697113,0.7786691784858704,0.8624097108840942,0.2430571466684341,0.75730961561203,0.9049990773200988
143,finance,financeor,0.2337437869251866,0.7326151132583618,0.7926946878433228,0.7422845363616943,0.2420383989810943,0.788375735282898,0.9020053148269652
143,finance,financers,0.2051442570020413,0.6903712749481201,0.8116657733917236,0.7634797096252441,0.4652979373931885,0.7099270224571228,0.8928806781768799
143,finance,financees,0.157010685384229,0.7572246789932251,0.7996915578842163,0.9112486839294434,0.1936165541410446,0.6678566932678223,0.8876028060913086
143,finance,financeer,0.2321572355986442,0.6419192552566528,0.7949126958847046,0.776984691619873,0.1512534469366073,0.806419312953949,0.869996190071106
143,finance,financely,0.1199755339650969,0.7708262205123901,0.7817079424858093,0.776436448097229,0.1424591690301895,0.7267740964889526,0.8759689331054688
143,finance,financor,0.1427912157020103,0.5328631401062012,0.4668598175048828,0.4203295111656189,0.1617180854082107,0.5675930380821228,0.8150655031204224
143,finance,financal,0.2055734531761772,0.5407983064651489,0.4642234742641449,0.4513612389564514,0.4721627235412597,0.5753970146179199,0.831824541091919
143,finance,financed,0.2963436444350156,0.6372897028923035,0.6536006927490234,0.6646161079406738,0.4726777970790863,0.5194814205169678,0.8394373655319214
143,finance,financer,0.2174698742971698,0.7177506685256958,0.8004995584487915,0.7600093483924866,0.5044434666633606,0.8054004907608032,0.8946506977081299
143,finance,financically,0.189173334729759,0.5393146276473999,0.5058016777038574,0.4167448580265045,0.1955854445695877,0.5583162903785706,0.8507830500602722
143,degree,degreeor,0.2194017010858009,0.8600800633430481,0.7556954622268677,0.6926711797714233,0.3334417343139648,0.9051057696342468,0.9881247878074646
143,degree,degreeds,0.1178994381467504,0.8984664082527161,0.7520233392715454,0.7577458620071411,0.2157152146100998,0.8831467032432556,0.9927287697792052
143,degree,degreeed,-0.0209814970533741,0.8497664332389832,0.7837343215942383,0.8223992586135864,0.279431939125061,0.8915146589279175,0.9743921160697936
143,degree,degreees,0.1959046725358907,0.7464224696159363,0.7902871966362,0.875842809677124,0.5790281891822815,0.8861322999000549,0.9151049852371216
143,degree,degreeer,0.1694594794397418,0.7142724990844727,0.7728068828582764,0.7194745540618896,0.3742543756961822,0.8969210982322693,0.9555853009223938
143,degree,degreeism,0.1806256385159218,0.6283345222473145,0.7646113634109497,0.747921347618103,0.268887847661972,0.8658298254013062,0.9003356695175171
143,degree,degreeive,0.2169239751658334,0.8056952357292175,0.7503682374954224,0.7134939432144165,0.2453125864267349,0.8860641717910767,0.9904951453208924
143,degree,degreeing,0.1616579460891272,0.7607561945915222,0.7810760736465454,0.8405972719192505,0.3467837870121002,0.8885558247566223,0.9730402827262878
143,degree,degreation,0.1763372797218574,0.4659901261329651,0.3569746315479278,0.2832329571247101,0.1608203202486038,0.5387423038482666,0.9165140390396118
143,degree,degreeness,0.2084035141320771,0.6348989605903625,0.7700639963150024,0.8183565139770508,0.2547946274280548,0.8398618698120117,0.8823075294494629
143,degree,degrees,0.4652746898508262,0.8713393211364746,0.7555632591247559,0.8240442276000977,0.759824275970459,0.8160548210144043,0.9852436780929564
143,degree,degreer,0.1919465843912871,0.8433526158332825,0.7856181263923645,0.711266279220581,0.303479254245758,0.9133974313735962,0.950177788734436
143,degree,degreed,0.2575810542504376,0.8727842569351196,0.77080237865448,0.7891674637794495,0.4881321489810943,0.902529001235962,0.9808323979377748
145,free,freality,0.0427139699597634,0.4505650401115417,0.2602055370807647,0.1622707843780517,0.0715355798602104,0.4410860240459442,0.9556830525398254
145,free,freances,0.0409803510698033,0.4653423428535461,0.2610120773315429,0.1774241924285888,0.1241829693317413,0.4798887372016907,0.929283857345581
145,free,freative,0.0490413706083011,0.4462808072566986,0.2477989792823791,0.2239112257957458,0.1075976490974426,0.643481433391571,0.9691523909568788
145,free,freeally,-0.0158096821987652,0.8148272633552551,0.6740978360176086,0.6003658175468445,0.1947228908538818,0.818189799785614,0.8965482711791992
145,free,freeably,0.0647220459327195,0.7815821766853333,0.6335989236831665,0.5404078364372253,0.2438966780900955,0.6935672163963318,0.9258127808570862
145,free,freeable,0.0672531441944844,0.8012995719909668,0.7422423362731934,0.5848931074142456,0.2923016250133514,0.9381620287895204,0.9444977641105652
145,free,freeance,0.0567942422485636,0.6801272630691528,0.6822091341018677,0.4859784543514251,0.2504197657108307,0.7371638417243958,0.9147884249687196
145,free,freeizer,0.0647220459327195,0.7460153698921204,0.6703677177429199,0.4962044358253479,0.1191925033926963,0.5454645752906799,0.9473488330841064
145,free,freeizes,0.0647220459327195,0.7632770538330078,0.6704269051551819,0.462345153093338,0.0983918160200119,0.671026885509491,0.94548761844635
145,free,freeings,0.0703858958506245,0.583094596862793,0.4575042426586151,0.4375903010368347,0.117307648062706,0.5844383239746094,0.9206751585006714
145,free,freeisms,0.0356576201466667,0.7603047490119934,0.665304958820343,0.403106540441513,0.1240143552422523,0.5142799019813538,0.9492833018302916
145,free,freeness,0.0772310658646848,0.6637821793556213,0.7241744995117188,0.5010246634483337,0.3494576811790466,0.6836405396461487,0.9100199341773988
145,free,freement,0.0393104600764157,0.6703557372093201,0.6988188028335571,0.5177037715911865,0.0634440332651138,0.7945027947425842,0.8717904090881348
145,free,freities,0.0231939833503693,0.3605686724185943,0.2731024622917175,0.1960819661617279,0.1454115062952041,0.4626227021217346,0.9217200875282288
145,free,freizing,0.0356576201466667,0.4260716438293457,0.2437863200902938,0.1833172440528869,0.1776973903179168,0.477819561958313,0.905303418636322
145,free,freic,0.0231939833503693,0.4999581277370453,0.2591285109519958,0.248655617237091,0.1862144023180008,0.4534735381603241,0.9304252862930298
145,free,freer,0.0636854954551946,0.7548891305923462,0.7732027769088745,0.5693240761756897,0.3943475484848022,0.8454872369766235,0.9294605255126952
145,free,frees,0.0770312847071701,0.6977109313011169,0.8147391080856323,0.5658298134803772,0.3129466772079468,0.7411493062973022,0.9011591076850892
145,free,freed,0.0749197798873519,0.7983753681182861,0.4814586043357849,0.5793103575706482,0.3505881428718567,0.5737960934638977,0.9790664315223694
145,free,freal,0.0337121374482189,0.5198332667350769,0.2495114803314209,0.2062059938907623,0.0897721052169799,0.5676113963127136,0.9305360913276672
145,free,freor,0.0662960259514836,0.4929431080818176,0.2536867260932922,0.2333371043205261,0.2155534476041793,0.4340002536773681,0.9427316188812256
145,free,freeality,0.0778985950266461,0.703335165977478,0.6461847424507141,0.3954607248306274,0.1587585806846618,0.669131875038147,0.8724696040153503
145,free,freeation,0.0662960259514836,0.733766496181488,0.7149937748908997,0.4509392976760864,0.2532758414745331,0.7759204506874084,0.9410861134529114
145,free,freeizing,0.0662960259514836,0.7853527069091797,0.7003062963485718,0.4373239576816559,0.1092501506209373,0.8215739130973816,0.9705446362495422
145,free,freencies,0.0231939833503693,0.7217878103256226,0.6063706874847412,0.4365284144878387,0.142846867442131,0.7587466835975647,0.8353305459022522
145,free,freeativity,0.0231939833503693,0.5336375832557678,0.5336036682128906,0.3278747200965881,0.2307373434305191,0.5280138850212097,0.8645676970481873
145,free,freeal,0.077578357645108,0.7837295532226562,0.7711735367774963,0.5450480580329895,0.1777599304914474,0.6859889030456543,0.961233377456665
145,free,freeds,-0.0255227146605881,0.6093469262123108,0.4765915870666504,0.4941437244415283,0.1033316180109977,0.3685061335563659,0.9148948788642884
145,free,freeed,0.074096102074072,0.7392834424972534,0.8021566867828369,0.6782751083374023,0.3069680333137512,0.8369849324226379,0.9214650392532348
145,free,freeer,0.0489228121831675,0.7108910083770752,0.7916218042373657,0.5211204886436462,0.4361701607704162,0.840086817741394,0.8846006393432617
145,free,freees,0.0437977925644709,0.5835940837860107,0.7761272192001343,0.5176512002944946,0.2304111272096634,0.466504693031311,0.9370571970939636
145,free,freers,-0.00271596902519,0.6910848617553711,0.7586134672164917,0.4741431474685669,0.1767879277467727,0.7149247527122498,0.9552034735679626
145,free,freeor,0.0670720803388146,0.6434639692306519,0.7453771829605103,0.4861438870429992,0.2321286350488662,0.468222439289093,0.9668732285499572
145,free,freals,0.0298376990661339,0.4410859048366546,0.2924871742725372,0.2043550461530685,0.0692107528448104,0.5358198285102844,0.9148874878883362
145,free,freity,0.019606477146722,0.3840494751930237,0.3019673824310303,0.2083763480186462,0.1197230219841003,0.4678037762641907,0.9550061225891112
145,free,freing,-0.036915086610393,0.4566389918327331,0.3139091432094574,0.160196378827095,0.2099459767341613,0.5013946890830994,0.9547401666641236
145,free,freion,0.0003783016134559,0.5062805414199829,0.2760579586029053,0.2155563533306121,0.1667316257953643,0.3929817676544189,0.932562291622162
145,free,freize,0.0429488060495376,0.3899632394313812,0.2704203724861145,0.2185919284820556,0.0606121644377708,0.3813861608505249,0.9371630549430848
145,free,freenessed,0.0647220459327195,0.6389424204826355,0.6581670045852661,0.5489126443862915,0.1839122027158737,0.6240779757499695,0.9518445134162904
145,free,freance,0.0199250999593444,0.4539698362350464,0.272869199514389,0.2024910897016525,0.1471393704414367,0.4555944502353668,0.951339602470398
145,free,freally,0.0356140313944935,0.4178826808929443,0.2902174592018127,0.1678995490074157,0.0635593235492706,0.4389280974864959,0.8906118273735046
145,free,freeing,0.0861942120010265,0.7819814682006836,0.4410724639892578,0.4715446829795837,0.3019094467163086,0.7734506130218506,0.9803247451782228
145,free,freeion,0.0647220459327195,0.7232834100723267,0.7070139646530151,0.5139691829681396,0.1876119673252105,0.5608553290367126,0.9699171781539916
145,free,freeize,0.0538412883637995,0.7927507162094116,0.7085525989532471,0.4923986792564392,0.1175325512886047,0.6832672953605652,0.9623661637306212
145,free,freeeer,0.0674600254398912,0.7495273351669312,0.7051539421081543,0.5199482440948486,0.2977810800075531,0.4768887162208557,0.9464764595031738
145,free,freeers,0.0231939833503693,0.6935263872146606,0.7757891416549683,0.4628495573997497,0.2504054009914398,0.7363895773887634,0.960342526435852
145,free,freizer,0.0298376990661339,0.3826964199542999,0.2697010040283203,0.1966354548931121,0.1339577436447143,0.4277457892894745,0.9363979697227478
145,free,freizes,0.0216863167238069,0.4204732179641723,0.2697436213493347,0.2159738689661026,0.1276081055402755,0.4417829513549804,0.9314366579055786
145,free,freicly,0.0647220459327195,0.4818214774131775,0.2964598536491394,0.2346136271953582,0.1469181925058365,0.3541610538959503,0.8938303589820862
145,free,freings,0.0647220459327195,0.4442773461341858,0.2975955605506897,0.1531813591718673,0.1745577305555343,0.4475312530994415,0.8894837498664856
145,e,ely,0.0755772888108649,0.5740801095962524,0.2764454185962677,0.4301537871360779,0.5022592544555664,0.1637509018182754,0.8219081163406372
145,e,eism,0.0925372497376476,0.6249163150787354,0.7391178607940674,0.4689505696296692,0.0400286018848419,0.4987611770629883,0.8702901601791382
145,e,eity,0.0485385077997543,0.7224016189575195,0.7201448678970337,0.5958385467529297,0.2305523604154586,0.7633647918701172,0.911305010318756
145,e,elys,0.0852355221602321,0.3579251170158386,0.3619798123836517,0.3417202830314636,0.2327548265457153,0.344322919845581,0.8491851687431335
145,e,eisms,0.0332758286370594,0.713876485824585,0.6818948984146118,0.5388267040252686,-0.0097416983917355,0.4909428060054779,0.8927623629570007
145,e,elied,0.0896539005665025,0.4827682375907898,0.3573232591152191,0.4849390983581543,0.1692297756671905,0.4186545312404632,0.8555595278739929
145,e,elies,0.012300193011958,0.4196502566337585,0.4063915014266968,0.4989801049232483,0.1433939784765243,0.2711824178695678,0.854432225227356
145,e,eness,0.0507870859566141,0.6168872117996216,0.3519227206707001,0.421758621931076,0.4686549603939056,0.3065260350704193,0.8635275363922119
145,e,eities,0.0216867547019531,0.8055709600448608,0.6608384847640991,0.4992187023162842,-0.0197176244109869,0.6772189140319824,0.9390499591827391
145,e,eliness,0.0908917311555001,0.5051862597465515,0.3227537274360657,0.4419501423835754,0.091189257800579,0.3874867856502533,0.8655031323432922
145,mails,mail,0.2784173413227224,0.7389638423919678,0.819023847579956,0.8973950147628784,0.7462995648384094,0.7954593300819397,0.9356259107589722
145,mails,mailables,0.1966836471840228,0.789634644985199,0.862949788570404,0.7719994783401489,0.3151298761367798,0.9056100249290466,0.9345282912254332
145,mails,maillings,0.1804956633718016,0.7074207067489624,0.6832224130630493,0.6562938094139099,0.2282717823982238,0.7680731415748596,0.9106719493865968
145,mails,mailability,0.2329921049007482,0.720276415348053,0.6454129219055176,0.6434476375579834,0.1972805261611938,0.7477304339408875,0.917596697807312
145,mails,mailors,0.0634846667243977,0.7433570623397827,0.7019268274307251,0.7292320728302002,0.1815975457429886,0.7314252853393555,0.9361602067947388
145,mails,mailive,0.2585029944700708,0.701281726360321,0.6977527737617493,0.6759389638900757,0.1119798496365547,0.7880743145942688,0.9271966218948364
145,mails,mailism,0.2813186762069842,0.6845172643661499,0.7276921272277832,0.6596053838729858,0.1608357429504394,0.7754291296005249,0.8907342553138733
145,mails,mailing,0.2075284412704052,0.8045479655265808,0.8071343898773193,0.8681127429008484,0.4541532695293426,0.8678609728813171,0.8947263956069946
145,mails,mailion,0.2813186762069842,0.6903886198997498,0.7316408157348633,0.6682344675064087,0.1333281546831131,0.7359159588813782,0.9048933386802672
145,mails,mailler,0.1196791481795134,0.6192119121551514,0.7217851281166077,0.5918599367141724,0.1812041997909546,0.77870112657547,0.8874179720878601
145,mails,mailled,0.1776870215623838,0.6890157461166382,0.7030990719795227,0.7002690434455872,0.154618039727211,0.7068806886672974,0.9277902245521544
145,mails,maillys,0.2813186762069842,0.7373872995376587,0.890701413154602,0.7129194736480713,0.1881852746009826,0.8416294455528259,0.929216206073761
145,mails,mailers,0.2489377755408206,0.8041735291481018,0.7747647166252136,0.8400955200195312,0.5051501393318176,0.8711676597595215,0.9418107867240906
145,mails,mailabilities,0.2813186762069842,0.6412056684494019,0.6576564311981201,0.7095223665237427,0.2222219705581665,0.7312897443771362,0.9187591671943665
145,mails,mailable,0.1641340777514219,0.7783041000366211,0.6929887533187866,0.6708837747573853,0.4352637231349945,0.7639866471290588,0.9335712194442748
145,mails,mailings,0.3006297905370533,0.7834759950637817,0.7156174182891846,0.8468568325042725,0.534871518611908,0.766945481300354,0.9359560608863832
145,mails,mailical,0.356239479355586,0.7752577066421509,0.6720455288887024,0.6553052663803101,0.1139267235994339,0.7425951957702637,0.9463836550712584
145,mails,maillers,0.1127476382665889,0.6721718311309814,0.6909453272819519,0.6926008462905884,0.2075077295303344,0.7895891666412354,0.9020151495933532
145,mails,mailleds,0.2491978978397727,0.6826666593551636,0.8618758320808411,0.8005685806274414,0.2273184657096862,0.8662768602371216,0.940016269683838
145,mails,maillors,0.2813186762069842,0.5772612690925598,0.8273971080780029,0.6892593502998352,0.161132201552391,0.8493338227272034,0.8901333808898926
145,mails,mailling,0.1976989344412729,0.7072930335998535,0.7314398288726807,0.7546021938323975,0.4283988773822784,0.7301337718963623,0.911762535572052
145,mails,mailly,0.0728447899788703,0.778622567653656,0.763850212097168,0.6516109704971313,0.1900615096092224,0.7863015532493591,0.9360303282737732
145,mails,mailor,0.0781054220146159,0.6788998246192932,0.7528759241104126,0.7018981575965881,0.1601763069629669,0.7488619089126587,0.9127653241157532
145,mails,mailic,0.2585029944700708,0.7256888151168823,0.7727640867233276,0.5989578366279602,0.1639255285263061,0.7968301177024841,0.8942244052886963
145,mails,mailed,0.2973398028633109,0.7879750728607178,0.7919546961784363,0.6039455533027649,0.5053179264068604,0.8547813892364502,0.9080411195755004
145,mails,mailer,0.2015147542561793,0.6806157827377319,0.7978339195251465,0.7784916758537292,0.4359297752380371,0.8140702247619629,0.914329707622528
145,mails,mailes,0.2042123037922373,0.624589204788208,0.8270411491394043,0.8971784114837646,0.2112185806035995,0.8808712959289551,0.8806484937667847
145,mails,mailal,0.2813186762069842,0.5845730304718018,0.7757170796394348,0.6697127819061279,0.3072475790977478,0.736395001411438,0.886206328868866
145,greetting,greet,0.1677700765803025,0.7388101816177368,0.8386286497116089,0.8639819622039795,0.1784198433160781,0.8415725827217102,0.9535337686538696
145,greetting,greeters,0.3400950509692594,0.5939334630966187,0.7849746942520142,0.8647890090942383,0.1060881465673446,0.884432852268219,0.920389711856842
145,greetting,greetter,0.79242529651047,0.8136163949966431,0.8227726817131042,0.8576412200927734,0.6615002751350403,0.91728276014328,0.9528169631958008
145,greetting,greetations,0.79242529651047,0.8645384907722473,0.7956188917160034,0.8739736080169678,0.4342086315155029,0.8982391953468323,0.9681887626647948
145,greetting,greetal,0.79242529651047,0.8466039896011353,0.7540037631988525,0.8343636393547058,0.3431759774684906,0.8906286954879761,0.9683080911636353
145,greetting,greeted,0.1980527340216327,0.7593621015548706,0.6370289325714111,0.7067809104919434,0.14583420753479,0.7889922857284546,0.9521142244338988
145,greetting,greetes,0.7696096147735566,0.7604788541793823,0.772808313369751,0.9160621166229248,0.4274317324161529,0.8263665437698364,0.936988353729248
145,greetting,greeter,0.3486935403622518,0.6923427581787109,0.7511060833930969,0.8648852109909058,0.0608844608068466,0.8868880867958069,0.8968808054924011
145,greetting,greetor,0.79242529651047,0.8331460952758789,0.7522647380828857,0.838584303855896,0.4634895026683807,0.8915621042251587,0.9708402156829834
145,greetting,greetly,0.6720029284549608,0.8632699847221375,0.7399941086769104,0.7039122581481934,0.4985771775245666,0.8787649869918823,0.9459558129310608
145,greetting,greets,0.255270633779505,0.7908416986465454,0.7762211561203003,0.8948431015014648,0.1332816630601883,0.8699091076850891,0.9476295113563538
145,greetting,greettings,0.665744218048284,0.8528083562850952,0.9319697618484496,0.9720505475997924,0.9420118927955629,0.9111863374710084,0.9622889161109924
145,greetting,greetable,0.79242529651047,0.847201943397522,0.771487832069397,0.8123816251754761,0.489139974117279,0.821699321269989,0.970136284828186
145,greetting,greetment,0.79242529651047,0.8273394107818604,0.7620816230773926,0.8952842950820923,0.3801047205924988,0.9016090035438538,0.9657716751098632
145,cards,cardsed,0.1860094361386953,0.7413702011108398,0.8074111342430115,0.7542238235473633,0.2391409426927566,0.8075816631317139,0.9288269877433776
145,cards,cardses,0.1397507207534238,0.675713837146759,0.8059906959533691,0.8656795024871826,0.3024227917194366,0.8052694797515869,0.9495840668678284
145,cards,cardsic,0.2370340897362458,0.7693642377853394,0.7908157110214233,0.6965752840042114,0.1968058496713638,0.7959848046302795,0.9040096402168274
145,cards,cardsor,0.1802595792401205,0.7737126350402832,0.7786450386047363,0.6738170385360718,0.1906221210956573,0.7969237565994263,0.9551933407783508
145,cards,cardsized,0.1323567431526664,0.7511852979660034,0.7938697338104248,0.6749783158302307,0.1700513362884521,0.796334445476532,0.9475343227386476
145,cards,cardssize,0.1860094361386953,0.5093734264373779,0.6654895544052124,0.6620032787322998,0.1447376012802124,0.7056466341018677,0.939431369304657
145,cards,cardssally,0.2530271634110794,0.6016774773597717,0.7093979716300964,0.6163206100463867,0.2330208718776703,0.6698145866394043,0.9364193677902222
145,cards,cardsors,0.1397507207534238,0.8633649945259094,0.8001638054847717,0.6991302967071533,0.22199647128582,0.8563168048858643,0.9569666385650636
145,cards,cardsize,0.0752452802925217,0.7744479179382324,0.7733391523361206,0.6847292184829712,0.1646963506937027,0.8072076439857483,0.9440019130706788
146,peanut,peanutters,0.3158689374425092,0.5755730867385864,0.843047559261322,0.8308018445968628,0.2455721944570541,0.5755730271339417,0.9525696635246276
146,peanut,peanutted,0.2645452255000064,0.6204569339752197,0.8346015214920044,0.8504879474639893,0.2303855866193771,0.6204568147659302,0.9643901586532592
146,peanut,peanutter,0.2922381046281521,0.6116686463356018,0.8365211486816406,0.8523968458175659,0.2829025983810425,0.6116686463356018,0.9363777041435242
146,peanut,peanutly,0.2645452255000064,0.6401394605636597,0.8435726165771484,0.835852861404419,0.274236798286438,0.6401394605636597,0.9045102000236512
146,peanut,peanuter,0.183027932627535,0.5855871438980103,0.832378625869751,0.875036358833313,0.293027400970459,0.585587203502655,0.9202038645744324
146,peanut,peanutes,0.2820425796259023,0.4574647843837738,0.8441870212554932,0.8821552395820618,0.266396164894104,0.457464724779129,0.8422701358795166
147,deaths,death,0.3991286644877506,0.7551606893539429,0.6035791635513306,0.8021154999732971,0.6134669780731201,0.6211137175559998,0.9536811113357544
147,deaths,deathor,0.233987614679081,0.6712563037872314,0.5492684841156006,0.4447993636131286,0.1827740520238876,0.5790042281150818,0.9436814785003662
147,deaths,deathic,0.1198382757878554,0.763059675693512,0.5688561201095581,0.4529115259647369,0.1740786880254745,0.6505627036094666,0.9263930916786194
147,deaths,deathed,0.1543379065701981,0.6764533519744873,0.5546646118164062,0.6615384221076965,0.1650841981172561,0.5070735812187195,0.9546610713005066
147,deaths,deather,0.1832998713975145,0.4890899658203125,0.5229872465133667,0.5095831155776978,0.1853807866573333,0.5018453001976013,0.899437427520752
147,deaths,deathes,0.3003910014854289,0.6805242896080017,0.574823260307312,0.7205731868743896,0.1885016411542892,0.6144530177116394,0.9369052648544312
147,deaths,deathal,0.3183487304468751,0.6632372140884399,0.5408663749694824,0.5076345205307007,0.2331898510456085,0.6163218021392822,0.9377666115760804
147,deaths,deathency,0.220661288623038,0.7517942786216736,0.59703129529953,0.5959874391555786,0.1097167208790779,0.6070092916488647,0.9022510051727296
147,deaths,deathical,0.2081049128791813,0.774411141872406,0.6203103065490723,0.5524476766586304,0.1733890622854232,0.6487628817558289,0.9435904026031494
147,deaths,deathness,0.1339319559358872,0.7025915384292603,0.5621638894081116,0.680030345916748,0.258240133523941,0.6260513663291931,0.9248705506324768
147,deaths,deathhal,0.2596649541721726,0.7747728824615479,0.5628948211669922,0.387785404920578,0.2986053824424743,0.6449964046478271,0.9475337266921996
147,deaths,deathers,0.1475522541703229,0.6020549535751343,0.6077775359153748,0.5642788410186768,0.2614089250564575,0.5503532290458679,0.9395959377288818
147,deaths,deathing,0.1970271881774205,0.6664385795593262,0.5547248125076294,0.718578577041626,0.1749298423528671,0.5853173136711121,0.945447564125061
147,deaths,deathism,0.2568884552166689,0.5883866548538208,0.5859127044677734,0.5544891357421875,0.1690635830163955,0.5591565370559692,0.8619847297668457
147,cleveland,clevelands,0.3439579816076081,0.6450713872909546,0.8208986520767212,0.9015923738479614,0.1896193921566009,0.814460813999176,0.7926774024963379
147,cleveland,clevelandism,0.2511484557658792,0.6042785048484802,0.7964076995849609,0.7126220464706421,0.1086865216493606,0.7415475249290466,0.8877262473106384
147,ohio,ohioness,0.2307940161899237,0.70030677318573,0.7735507488250732,0.892124593257904,0.2049287557601928,0.8510096669197083,0.9386230111122132
147,ohio,ohios,0.2683174586028564,0.7106577157974243,0.7826830744743347,0.8703875541687012,0.3959079086780548,0.7716423869132996,0.857366144657135
148,dining,dine,0.3887606236090675,0.447776585817337,0.3450890183448791,0.4923871457576751,0.5644832253456116,0.5677610635757446,0.8680683374404907
148,dining,dinance,-0.0266961080380296,0.4485491216182709,0.4200663268566131,0.2479591220617294,0.1064222604036331,0.4501791596412658,0.9082441329956056
148,dining,dinancy,0.1822680585121898,0.5262242555618286,0.4301701784133911,0.2881370186805725,-0.0019833638798445,0.3984006643295288,0.9146287441253662
148,dining,dineing,0.1389623330365241,0.4813034832477569,0.4076125621795654,0.4321601390838623,0.1452842652797699,0.4269613325595855,0.9641935229301452
148,dining,dinings,0.2180257709424345,0.5279736518859863,0.7975037097930908,0.9552403688430786,0.6295453906059265,0.497464120388031,0.8442142605781555
148,dining,dinions,0.0727709260545382,0.6433451771736145,0.4595458209514618,0.4610243737697601,0.0831199437379837,0.4159040749073028,0.9619874954223632
148,dining,dinic,0.0922747616276757,0.3673815429210663,0.3700361847877502,0.3969305157661438,0.1064877063035965,0.4230170845985412,0.7833453416824341
148,dining,dines,0.2147957290002464,0.4087897539138794,0.3892855942249298,0.5336390733718872,0.4141522347927093,0.4370685219764709,0.930057406425476
148,dining,dined,0.2785763591892662,0.4490189850330353,0.3844559788703918,0.4313991665840149,0.4213385879993438,0.5014917254447937,0.7865010499954224
148,dining,dinances,0.1117745916036728,0.3006779551506042,0.401966392993927,0.2736212015151977,0.0220322664827108,0.4654441177845001,0.8327375650405884
148,dining,dination,0.0212108847615468,0.5642443895339966,0.4213892817497253,0.2586099803447723,0.0359671972692012,0.3409733772277832,0.9503188729286194
148,dining,dinition,0.1594523767752764,0.6759908199310303,0.4538959562778473,0.4580982029438019,0.1110973432660102,0.3320126831531524,0.9640669226646424
148,dining,dinations,-0.117806133684743,0.6141530275344849,0.4529265463352203,0.2543550729751587,0.0596009939908981,0.217921033501625,0.9564160108566284
148,dining,dinics,0.1432643929630552,0.6357883214950562,0.4374787211418152,0.4383301138877868,0.0899315550923347,0.4249724149703979,0.9656724333763124
148,dining,dinion,0.026411099301151,0.5102332830429077,0.4110163450241089,0.409551203250885,0.1019297838211059,0.5074180364608765,0.9509230256080629
148,dining,dineed,0.1594523767752764,0.4022136628627777,0.4213573634624481,0.4387857615947723,0.0754699036478996,0.2432469129562378,0.8674575686454773
148,dining,dineds,0.1042607274139206,0.4564657807350158,0.3530391752719879,0.4666836261749267,0.1129985153675079,0.4615835845470428,0.775653600692749
148,dining,dinees,0.0863412102178939,0.4284579157829284,0.4485125541687011,0.4014394283294678,0.1030109971761703,0.4179542958736419,0.9337023496627808
148,dining,dineal,0.1432643929630552,0.5731045603752136,0.4448158144950866,0.3936070203781128,0.1585994809865951,0.4599287211894989,0.9431369304656982
148,dining,dinely,0.1640500515590492,0.4700771868228912,0.4386985898017883,0.4358023703098297,0.1168592050671577,0.3159188330173492,0.9146581292152404
148,dining,dinitions,0.1822680585121898,0.5237075090408325,0.4356042146682739,0.480678915977478,0.1057846322655677,0.4152148365974426,0.8628932237625122
148,room,roomances,0.1515902290865244,0.7534293532371521,0.6294674873352051,0.6804955005645752,0.175576850771904,0.7369905114173889,0.9286859631538392
148,room,roomation,0.1552767626035595,0.7604541778564453,0.6965395212173462,0.7710843086242676,0.15070740878582,0.6082401871681213,0.9656942486763
148,room,roomes,0.0895667715326285,0.641929030418396,0.7473088502883911,0.8965505957603455,0.4028621613979339,0.5957145690917969,0.9401276707649232
148,room,roomed,0.1972514949458574,0.6724302172660828,0.7488555908203125,0.7552573084831238,0.4289928674697876,0.7912575602531433,0.9153259992599488
148,room,roomal,0.0882158538645185,0.7683948278427124,0.7225174903869629,0.7720466256141663,0.1867068707942962,0.7255327105522156,0.9573630690574646
148,room,roomor,0.1452940119988911,0.6503708958625793,0.7116994261741638,0.6718800067901611,0.2118728905916214,0.5198130011558533,0.9395768046379088
148,room,roomly,0.0979375361004955,0.6987607479095459,0.7181886434555054,0.6701188087463379,0.2859544456005096,0.703279435634613,0.9550677537918092
148,room,roomallied,0.1885804867696649,0.5502922534942627,0.5724914073944092,0.7742191553115845,0.1626344472169876,0.663548469543457,0.9266602396965028
148,room,roomeer,0.1066739889415822,0.6807488203048706,0.6786941289901733,0.6357207298278809,0.159844234585762,0.5994078516960144,0.9553070068359376
148,room,roomals,0.1515902290865244,0.7975282073020935,0.6637853384017944,0.719538688659668,0.1755491644144058,0.7130647897720337,0.9642451405525208
148,room,roommer,0.0838583072046688,0.7618728876113892,0.6642553806304932,0.7354044914245605,0.2303372919559478,0.7291346788406372,0.9583901166915894
148,room,roomors,0.0234911686303346,0.807231068611145,0.7044754028320312,0.6758158206939697,0.2162201553583145,0.7175242900848389,0.9620468020439148
148,room,rooming,0.184958717231097,0.6154764294624329,0.7648919820785522,0.822357177734375,0.4499419033527374,0.7615732550621033,0.8903981447219849
148,room,roomity,0.1066739889415822,0.6922164559364319,0.697759747505188,0.800501823425293,0.1653401404619217,0.5975502133369446,0.9552136063575744
148,room,roomism,0.0872618387796321,0.7025046348571777,0.6727869510650635,0.7242444753646851,0.1695751994848251,0.6423095464706421,0.945798635482788
148,room,roomance,-0.0252684070061971,0.7766673564910889,0.6674790382385254,0.6999778747558594,0.1935835927724838,0.5469061732292175,0.9647017121315002
148,room,roomized,0.1515902290865244,0.719182550907135,0.6895623207092285,0.7882314920425415,0.2085156291723251,0.6424840092658997,0.9509586691856384
148,room,roomions,0.1515902290865244,0.7651135921478271,0.6358317732810974,0.7817932367324829,0.1741414815187454,0.7701497077941895,0.953594446182251
148,room,roomings,0.1552767626035595,0.7603769302368164,0.6672066450119019,0.8077249526977539,0.2033365964889526,0.7139959931373596,0.963121235370636
148,room,roomming,0.0964483810954795,0.7807801365852356,0.6505675315856934,0.8379007577896118,0.1935319453477859,0.6251843571662903,0.9606660604476928
148,room,roomness,0.1552767626035595,0.7237998247146606,0.7153446078300476,0.8345694541931152,0.2514359354972839,0.6184844374656677,0.9529297351837158
148,chairs,chair,0.4941946577243146,0.8428443670272827,0.7575957775115967,0.8162918090820312,0.7886295318603516,0.906399428844452,0.9596078395843506
148,chairs,chairities,0.0809753657089437,0.7400057911872864,0.7008447051048279,0.7335802316665649,0.1092722043395042,0.8339009284973145,0.9426403045654296
148,chairs,chairal,0.2294761637157299,0.563459575176239,0.6338781118392944,0.6693230867385864,0.1699303239583969,0.729039192199707,0.9127439856529236
148,chairs,chaired,0.2585107803761084,0.6312474012374878,0.6371378898620605,0.5405274629592896,0.3396385610103607,0.7223595976829529,0.9262524247169496
148,chairs,chaires,0.1745938051658836,0.6644213199615479,0.6686540246009827,0.8829233646392822,0.2011270672082901,0.7776801586151123,0.8557873368263245
148,chairs,chairly,0.2556348434651722,0.6043115854263306,0.6164361238479614,0.5823286175727844,0.1069138124585151,0.6998828053474426,0.866854727268219
148,chairs,chairor,0.2294761637157299,0.5853617787361145,0.6577378511428833,0.6024664640426636,0.2030689865350723,0.7089669108390808,0.9176142811775208
148,chairs,chairable,0.056835613591407,0.6886806488037109,0.6694982647895813,0.6066009998321533,0.2216791659593582,0.7701440453529358,0.9212328791618348
148,chairs,chairence,0.3655332070832365,0.7312906980514526,0.6516416668891907,0.6515071392059326,0.0802284479141235,0.7983655333518982,0.943485140800476
148,chairs,chairings,0.2556348434651722,0.758734941482544,0.686833381652832,0.8437445163726807,0.0974313542246818,0.8277697563171387,0.9108235836029052
148,chairs,chairitys,0.2066604819788166,0.5732448697090149,0.6141826510429382,0.7472258806228638,0.1171333864331245,0.6000519394874573,0.8866114616394043
148,chairs,chairlies,0.1904724981665954,0.7671998739242554,0.6811512112617493,0.7148029804229736,0.1498670428991317,0.8111559748649597,0.9619678854942322
148,chairs,chairness,0.2264494098439419,0.7265204191207886,0.6428641080856323,0.7042338252067566,0.1690838187932968,0.8067135810852051,0.9391018748283386
148,chairs,chairment,0.1904724981665954,0.7082295417785645,0.6428402662277222,0.7054720520973206,0.0804597660899162,0.803954541683197,0.8917474150657654
148,chairs,chairion,0.2294761637157299,0.6665841341018677,0.6470086574554443,0.6631360054016113,0.1360942423343658,0.8115083575248718,0.9346118569374084
148,chairs,chairism,0.2066604819788166,0.5675995349884033,0.6731933355331421,0.6377289891242981,0.0858621969819068,0.8123651742935181,0.8907204866409302
148,chairs,chairity,0.1307000779544156,0.58812016248703,0.6740292310714722,0.6932648420333862,0.0989202931523323,0.7675955295562744,0.9121233224868774
148,chairs,chairing,0.2409787651330348,0.6667248606681824,0.64595627784729,0.8014006614685059,0.3235893845558166,0.7760465145111084,0.8932490348815918
149,flemish,flemishs,0.4542483043880368,0.6364730596542358,0.8458700180053711,0.949162483215332,0.4445977210998535,0.792258620262146,0.8710750937461853
149,flemish,flemishing,0.2281862711457866,0.6774958372116089,0.8446214199066162,0.887353777885437,0.3959195911884308,0.7199113368988037,0.9525302648544312
149,painter,painterliness,0.3142475870883802,0.6928349137306213,0.7736385464668274,0.7921854853630066,0.543457567691803,0.8226757645606995,0.9526628255844116
149,painter,painterlyness,0.2349972594691869,0.4919738173484802,0.6983910799026489,0.7871456146240234,0.1391291618347168,0.659021258354187,0.9412575960159302
149,painter,painterly,0.3729844523643963,0.5978913307189941,0.7528144717216492,0.8052619695663452,0.5129299163818359,0.8254590630531311,0.9051544666290284
149,painter,painteric,0.2865573007621783,0.7882907390594482,0.7832390069961548,0.8244714736938477,0.1960695683956146,0.8241854310035706,0.891642153263092
149,painter,painteres,0.2475536352130437,0.6542255282402039,0.7883288860321045,0.8803422451019287,0.1556993275880813,0.7883463501930237,0.845829427242279
149,painter,paintered,0.3054393628063322,0.5866022109985352,0.7760963439941406,0.7926003336906433,0.2175886183977127,0.7742134928703308,0.9273239374160768
149,painter,painterror,0.2019222717392169,0.81352299451828,0.7324267625808716,0.7731963992118835,0.154724046587944,0.8330853581428528,0.9512715935707092
149,painter,paintering,0.3189517388486673,0.5784194469451904,0.789270281791687,0.8462541103363037,0.2240674793720245,0.7765675783157349,0.9020158052444458
149,painter,painterize,0.2865573007621783,0.7458294630050659,0.7761449813842773,0.8186677694320679,0.2296860814094543,0.825291097164154,0.9594604969024658
149,painter,painterized,0.2865573007621783,0.7464002966880798,0.7730487585067749,0.800727128982544,0.2070090025663375,0.8236204981803894,0.966350555419922
149,painter,painterlies,0.2637416190252649,0.8066179752349854,0.7496368885040283,0.7930597066879272,0.1461320519447326,0.8496747016906738,0.9449132680892944
149,painter,painters,0.4817555562711937,0.7682783603668213,0.7116398811340332,0.9054521322250366,0.7678669691085815,0.8618460893630981,0.9159528017044068
150,chocolate,chocolateeer,0.1727823571158637,0.7695866823196411,0.7541240453720093,0.7925551533699036,0.3192051947116852,0.837946891784668,0.9568055272102356
150,chocolate,chocolateers,0.2409104701261399,0.7481409311294556,0.808066725730896,0.8078433275222778,0.2805403172969818,0.7861441373825073,0.9077867269515992
150,chocolate,chocolatized,0.2289397390995512,0.5666165351867676,0.4846277236938476,0.5905255079269409,0.2506345510482788,0.632099449634552,0.9698287844657898
150,chocolate,chocolations,0.2293896695010158,0.5000894069671631,0.4876300096511841,0.6989102363586426,0.257315456867218,0.6143600344657898,0.8489231467247009
150,chocolate,chocolatelyness,0.2441234123291098,0.6110613942146301,0.6860325336456299,0.7324540615081787,0.2616872191429138,0.7476515173912048,0.943044662475586
150,chocolate,chocolation,0.1955980388527771,0.4957649409770965,0.4711089432239532,0.6574394702911377,0.2829853892326355,0.6319073438644409,0.922553300857544
150,chocolate,chocolateor,0.2408319893937479,0.8029397130012512,0.793951153755188,0.7553707957267761,0.2935947477817535,0.7213189005851746,0.9694488048553468
150,chocolate,chocolaters,0.1727823571158637,0.7198048830032349,0.8029371500015259,0.75843346118927,0.2465816438198089,0.7730717658996582,0.9281601309776306
150,chocolate,chocolately,0.3109848972626199,0.720456600189209,0.7864846587181091,0.8188580870628357,0.6453571915626526,0.8962509036064148,0.9246640801429749
150,chocolate,chocolating,0.2203817174661936,0.5031317472457886,0.4738576412200928,0.7100968360900879,0.2871558666229248,0.6201534271240234,0.9528462886810304
150,chocolate,chocolatees,0.1727823571158637,0.657832145690918,0.7896902561187744,0.8997472524642944,0.2582993805408478,0.8064589500427246,0.9160160422325134
150,chocolate,chocolateer,0.2367541920365402,0.766675591468811,0.7833868265151978,0.7818411588668823,0.3050102293491363,0.7585103511810303,0.9185465574264526
150,chocolate,chocolatic,0.2609346455239625,0.510113000869751,0.4590714573860168,0.6947342753410339,0.2982014417648315,0.6490557193756104,0.9123898148536682
150,chocolate,chocolator,0.068916960390591,0.4381853342056274,0.4466237425804138,0.6380841732025146,0.280685693025589,0.6513115763664246,0.8887357711791992
150,chocolate,chocolatal,0.1955980388527771,0.5250351428985596,0.4703714251518249,0.6782501935958862,0.2292551100254058,0.6640247702598572,0.9260917901992798
150,chocolate,chocolated,0.2642113084040766,0.7627192735671997,0.7678308486938477,0.8397597074508667,0.7098672986030579,0.8813702464103699,0.9514393210411072
150,chocolate,chocolater,0.250383264442932,0.7694077491760254,0.7909733653068542,0.7578901052474976,0.2936263680458069,0.7236343622207642,0.966647744178772
150,chocolate,chocolates,0.4636337532055342,0.6007556915283203,0.8029836416244507,0.9159353971481324,0.7651265263557434,0.8487016558647156,0.8891233205795288
150,chocolate,chocolateness,0.2713370503576185,0.7449108362197876,0.7745760679244995,0.8771249055862427,0.2788799405097961,0.840657651424408,0.9629191160202026
150,macadamia,macadamias,0.6585349755244949,0.9186362624168396,0.9692695736885072,0.9481662511825562,0.7557549476623535,0.8909717202186584,0.9641348123550416
150,nut,nuttor,0.2341068408449536,0.6560624241828918,0.8244630098342896,0.7493250370025635,0.2273271381855011,0.790698766708374,0.9526695013046264
150,nut,nuttal,0.1036687926025729,0.6005783081054688,0.8179513216018677,0.7675038576126099,0.1743406951427459,0.7916824817657471,0.9374370574951172
150,nut,nutter,0.1859219687293473,0.5943434238433838,0.8371269702911377,0.7754945158958435,0.5238814949989319,0.7986175417900085,0.9340178370475768
150,nut,nutted,0.222522494136411,0.5768823027610779,0.8177218437194824,0.839616060256958,0.4051229655742645,0.7629735469818115,0.9492354393005372
150,nut,nuters,0.2502948246571749,0.6462887525558472,0.8552467226982117,0.7861268520355225,0.1177955046296119,0.8004680871963501,0.9351804256439208
150,nut,nutics,0.2731105063940882,0.6268094778060913,0.8215520977973938,0.7076021432876587,0.1045402288436889,0.7419189810752869,0.9241936802864076
150,nut,nutial,0.2502948246571749,0.695249080657959,0.8148779273033142,0.7566961050033569,0.0996218919754028,0.8146161437034607,0.9531927108764648
150,nut,nutive,0.1884754773711268,0.6010107398033142,0.8187828660011292,0.7370446920394897,0.1396523565053939,0.7485374212265015,0.9528599977493286
150,nut,nution,0.195103175295819,0.6043846011161804,0.8226503133773804,0.7672035098075867,0.1365833729505539,0.7441442608833313,0.9488152861595154
150,nut,nuting,0.1465122052520399,0.6248167753219604,0.8631635904312134,0.8336880207061768,0.1850644797086715,0.7090848684310913,0.9361857771873474
150,nut,nutability,0.2731105063940882,0.4756408035755157,0.8033379912376404,0.6232215166091919,0.1491941511631012,0.69804847240448,0.873494565486908
150,nut,nutal,0.1677834587921137,0.6825665235519409,0.8455910682678223,0.7991806268692017,0.2047800868749618,0.8396481275558472,0.96828955411911
150,nut,nuted,0.260453464476739,0.6902624368667603,0.8473949432373047,0.818496823310852,0.1254696249961853,0.785522997379303,0.9615172147750854
150,nut,nutes,0.1664862426281539,0.5237846374511719,0.8542059659957886,0.846809446811676,0.1659997850656509,0.8084643483161926,0.9149981141090392
150,nut,nuter,0.1926179863349382,0.4969550967216491,0.8541551232337952,0.8296552300453186,0.134003147482872,0.8249111771583557,0.8933899998664856
150,nut,nutic,0.2731105063940882,0.6800812482833862,0.8419506549835205,0.7403268218040466,0.193740576505661,0.8382202386856079,0.893987238407135
150,nut,nutly,0.0866199512576663,0.6735649108886719,0.8307512998580933,0.7045660018920898,0.1992141008377075,0.8035915493965149,0.9145802855491638
150,nut,nutable,0.2502948246571749,0.5971206426620483,0.8193628191947937,0.6862064599990845,0.174987643957138,0.747699499130249,0.9086945056915284
150,nut,nutings,0.2731105063940882,0.6870819330215454,0.8254812955856323,0.8001004457473755,0.1902619749307632,0.7537814974784851,0.96428644657135
150,nut,nutions,0.2731105063940882,0.6126267910003662,0.8003515601158142,0.7614854574203491,0.1324388980865478,0.735936164855957,0.8983373641967773
150,nut,nutical,0.2112911591080402,0.7246872186660767,0.808569610118866,0.7052451372146606,0.1942505091428756,0.7658767700195312,0.943390727043152
150,nut,nutness,0.2341068408449536,0.6667135953903198,0.8367906808853149,0.8047518730163574,0.0393893420696258,0.8361232876777649,0.9613268971443176
150,nut,nuttals,0.2215504651010968,0.4261741042137146,0.770238995552063,0.719010055065155,0.1872001886367797,0.7256850004196167,0.8584496974945068
150,nut,nutting,0.1237454658145485,0.6418734788894653,0.8309917449951172,0.8187468647956848,0.3737873435020447,0.7392338514328003,0.9497597813606262
150,nut,nutters,0.2675698788878767,0.5875003337860107,0.8307842016220093,0.7560940980911255,0.3967925310134887,0.7648389339447021,0.8693748116493225
150,nut,nutations,0.1153643108137442,0.6317462921142578,0.8081157207489014,0.7400044202804565,0.1321485042572021,0.7375531196594238,0.9184634685516356
150,nut,nutterness,0.1825467995519622,0.5686640739440918,0.725800633430481,0.7181800603866577,0.1946640461683273,0.7181110978126526,0.9630715250968932
150,nut,nutation,0.1694013395823418,0.5308530330657959,0.8334370851516724,0.7835705280303955,0.1529372334480285,0.7572714686393738,0.9070221185684204
150,nut,nuticals,0.2731105063940882,0.5626067519187927,0.7751937508583069,0.6781390309333801,0.1348081231117248,0.7528447508811951,0.8965927362442017
150,nut,nutments,0.2731105063940882,0.6997718811035156,0.7915850877761841,0.7337350845336914,0.2087063789367675,0.778207540512085,0.9725477695465088
150,nut,nuttings,0.1524979167049797,0.4834948778152466,0.7690370082855225,0.7748180031776428,0.1737552285194397,0.7048413157463074,0.8895746469497681
150,cookies,cookieness,0.1683227815276594,0.7321285009384155,0.6572482585906982,0.7953542470932007,0.2778205573558807,0.7776421308517456,0.9645023941993712
150,cookies,cookieing,0.2277662289379699,0.6627721786499023,0.6629980206489563,0.8639774918556213,0.2769019603729248,0.7555414438247681,0.8472834229469299
150,cookies,cookie,0.3691089788688045,0.8989589810371399,0.748186469078064,0.8787559270858765,0.8002950549125671,0.8350794911384583,0.981124222278595
150,cookies,cookied,0.2368709878454918,0.7275251150131226,0.6531116962432861,0.6849864721298218,0.671890377998352,0.7247707843780518,0.9193912148475648
150,cookies,cookier,0.1802808811954852,0.6769921779632568,0.6411557197570801,0.7021700739860535,0.6099029183387756,0.717767596244812,0.9284034967422484
150,cookies,cookiing,0.0990142744869455,0.5660288333892822,0.5458238124847412,0.3399076461791992,0.1310789138078689,0.5468938946723938,0.9164620041847228
150,cookies,cookieor,0.2392036732115074,0.6385872960090637,0.6685400009155273,0.6971724629402161,0.3717185258865356,0.6792937517166138,0.9268632531166076
150,cookies,cookiers,0.2130185039725402,0.7036370038986206,0.7101383209228516,0.761987566947937,0.2230677753686905,0.7509328126907349,0.8686040639877319
150,cookies,cookiees,0.2446780088864944,0.6913290023803711,0.6900910139083862,0.8783664703369141,0.2510809600353241,0.7680326104164124,0.9022287130355836
150,cookies,cookiely,0.1518665220451719,0.6864222884178162,0.6515840291976929,0.6800122261047363,0.3438583016395569,0.7101521492004395,0.8876228928565979
150,cookies,cookieds,0.2637745350413902,0.7722043395042419,0.7261878252029419,0.7755313515663147,0.3698916137218475,0.7247477769851685,0.9458470344543456
151,prednisone,prednisones,0.5355587125319763,0.8084235191345215,0.9432215690612792,0.8811184763908386,0.2822344601154327,0.8084237575531006,0.9371870756149292
152,movie,movial,0.0621161331542584,0.4565677046775818,0.3465986251831054,0.1792845278978347,0.0620078295469284,0.4095866680145263,0.9254571795463562
152,movie,movier,0.2078077896665527,0.6503621339797974,0.7636319994926453,0.5969500541687012,0.2722496092319488,0.6874862313270569,0.949508011341095
152,movie,movied,0.1740720007485166,0.6747702360153198,0.7652597427368164,0.6389430165290833,0.6379585862159729,0.6769277453422546,0.9650065898895264
152,movie,moviation,0.1568362897964719,0.4118568897247314,0.3883057534694671,0.2812136709690094,0.0223020575940608,0.4234156906604767,0.9298598170280457
152,movie,movieable,0.0980843796712076,0.5861625671386719,0.7303537130355835,0.5899709463119507,0.2889755964279175,0.6292892694473267,0.8781890273094177
152,movie,movieings,0.0362650323851596,0.6587401628494263,0.7175112962722778,0.6293970346450806,0.2508598566055298,0.6476230621337891,0.951846718788147
152,movie,moviement,0.0465243383782162,0.6838582754135132,0.695847749710083,0.6234413981437683,0.3232375681400299,0.6990779638290405,0.9555611610412598
152,movie,movieness,0.1852065364400886,0.637253999710083,0.7465459108352661,0.6167375445365906,0.3429977893829345,0.6608577966690063,0.9374837875366212
152,movie,moviing,0.1207457703152031,0.4697953164577484,0.3859228491783142,0.2789175808429718,0.0147018898278474,0.4308401048183441,0.9229553937911988
152,movie,moviely,0.1370880452203423,0.586304783821106,0.7473461031913757,0.5806021690368652,0.2172147929668426,0.6467530727386475,0.9107515811920166
152,movie,movieor,0.1142723634834288,0.6573771834373474,0.7439543008804321,0.5689517855644226,0.3672623634338379,0.6740019917488098,0.9620268940925598
152,movie,moviers,0.141498247975283,0.6038510799407959,0.755066990852356,0.5354240536689758,0.234881043434143,0.6869434118270874,0.9315969944000244
152,movie,movieal,0.1370880452203423,0.6887178421020508,0.7356891632080078,0.598617434501648,0.3679417967796325,0.7281131744384766,0.9573616981506348
152,movie,movieds,0.1909903589355387,0.6583123207092285,0.762649655342102,0.5784744620323181,0.4360471367835998,0.7447955012321472,0.9231090545654296
152,movie,movieed,0.1936273184766205,0.6017593741416931,0.7548113465309143,0.6774657964706421,0.3419955670833587,0.596470296382904,0.9490716457366944
152,movie,movieer,0.1370880452203423,0.5966396927833557,0.7571277022361755,0.615139365196228,0.2444326281547546,0.6705935001373291,0.9196544289588928
152,movie,moviees,0.0573467396441394,0.5486996173858643,0.7512545585632324,0.7183404564857483,0.3928128182888031,0.675510585308075,0.9146404266357422
152,movie,moviations,0.1832386914046864,0.4184696078300476,0.3913816809654236,0.2473229616880417,0.0156675111502408,0.4233230650424957,0.9338034391403198
152,movie,moviable,0.1370880452203423,0.4334820210933685,0.408534824848175,0.3196876049041748,0.0248349923640489,0.4347759783267975,0.9460954666137696
152,movie,movieing,0.1552545328422399,0.576119065284729,0.7678146362304688,0.6651325225830078,0.3309972584247589,0.6073518991470337,0.8912429213523865
152,movie,movieize,0.1142723634834288,0.698447585105896,0.7195135951042175,0.5453169345855713,0.420486181974411,0.6074931621551514,0.9663339853286744
152,trailer,trailerables,0.3006953571181643,0.6562506556510925,0.7386274933815002,0.7398486137390137,0.1733377277851104,0.6187711358070374,0.9186996817588806
152,trailer,trailering,0.4291315863325028,0.6945605278015137,0.8157467842102051,0.867348313331604,0.4165996611118316,0.7259452939033508,0.9289812445640564
152,trailer,trailerred,0.2221605695602611,0.7785822153091431,0.7875157594680786,0.7886067628860474,0.2283633202314376,0.7553781270980835,0.9552183151245116
152,trailer,trailers,0.5542124856518497,0.877345621585846,0.8070656657218933,0.9133106470108032,0.8360841870307922,0.8249302506446838,0.977506935596466
152,trailer,trailerable,0.2775313186060615,0.7603471279144287,0.8034555912017822,0.746385931968689,0.3369635939598083,0.6764890551567078,0.9228521585464478
152,trailer,trailerized,0.2373802992116142,0.7770616412162781,0.801649272441864,0.7786259651184082,0.1431359648704528,0.8066922426223755,0.9592911005020142
152,trailer,trailerability,0.2769139367107592,0.6431797742843628,0.8041106462478638,0.7643406391143799,0.1744057387113571,0.6916986703872681,0.90083646774292
152,trailer,trailered,0.3067436217558253,0.7073832750320435,0.8120371103286743,0.7940259575843811,0.4876985847949981,0.7965958714485168,0.9248298406600952
152,trailer,traileres,0.2696419047037309,0.7026304006576538,0.80840003490448,0.8581386208534241,0.0994896963238716,0.7883656024932861,0.9089455604553224
152,trailer,traileror,0.2221605695602611,0.7784245610237122,0.80402010679245,0.741801917552948,0.18352672457695,0.7317394018173218,0.961528778076172
153,wakeboard,wakeboardings,0.4939511633319147,0.7027716636657715,0.810585618019104,0.8197645545005798,0.2185383886098861,0.7557072043418884,0.7335084676742554
153,wakeboard,wakeboards,0.7608007077561235,0.8226866126060486,0.9148744344711304,0.9563041925430298,0.7822801470756531,0.8669481873512268,0.9729791283607484
153,wakeboard,wakeboarding,0.6487312682437074,0.8844278454780579,0.8440226316452026,0.8573381900787354,0.8466542959213257,0.7900305390357971,0.8682376742362976
153,towers,towerable,0.318631254958342,0.7433613538742065,0.6487637162208557,0.6764932870864868,0.2138292640447616,0.823758065700531,0.943078637123108
153,towers,towerence,0.2673283913492717,0.7691773176193237,0.6525564193725586,0.6818272471427917,0.181940346956253,0.8549081683158875,0.9561580419540404
153,towers,towerness,0.2445127096123583,0.7596935033798218,0.6482132077217102,0.7766164541244507,0.2505041658878326,0.8133599162101746,0.9570769667625428
153,towers,towerment,0.2673283913492717,0.7440909147262573,0.6193481683731079,0.7833746671676636,0.1890449821949005,0.8325731754302979,0.9243835210800172
153,towers,tower,0.4764074593386148,0.9199749827384948,0.7358835935592651,0.8741530179977417,0.8329768180847168,0.905076026916504,0.9888172149658204
153,towers,towerred,0.2157683500562803,0.7286414504051208,0.6519807577133179,0.6789644360542297,0.1599965840578079,0.8530389666557312,0.9739046692848206
153,towers,towereds,0.2673283913492717,0.6415360569953918,0.5582587718963623,0.7746138572692871,0.1968587934970855,0.6141020655632019,0.8910017013549805
153,towers,towerism,0.2385688623890087,0.6748414635658264,0.6529092192649841,0.7123802900314331,0.2272800356149673,0.8370599746704102,0.8754338622093201
153,towers,toweral,0.420866434948877,0.7524482011795044,0.6298741102218628,0.7317777276039124,0.20244762301445,0.8053744435310364,0.9717490673065186
153,towers,toweres,0.3004686213034167,0.6391472816467285,0.6535788774490356,0.8530824184417725,0.2514809072017669,0.8084415197372437,0.8861271142959595
153,towers,towerer,0.2673283913492717,0.6432905793190002,0.6230210065841675,0.6851853132247925,0.2269086241722107,0.7278193235397339,0.9228129386901855
153,towers,towered,0.2729957634253049,0.5838607549667358,0.6228902339935303,0.6852351427078247,0.517982006072998,0.7581563591957092,0.9029701948165894
153,towers,toweror,0.2673283913492717,0.3956056833267212,0.6615515947341919,0.6905230283737183,0.1639492809772491,0.8531519174575806,0.9370222687721252
154,the,thal,0.0119772187904339,0.4212243258953094,0.3560110330581665,0.3032183647155761,0.2396435141563415,0.6330781579017639,0.8959186673164368
154,the,thes,0.0192049791281048,0.6461434364318848,0.8039242625236511,0.5937535762786865,0.3921595513820648,0.624703049659729,0.921257257461548
154,the,ther,0.0247369549758272,0.69052654504776,0.7581278681755066,0.5871526002883911,0.3958200812339782,0.6565877795219421,0.931707203388214
154,the,thor,-0.0055959658474466,0.6508674621582031,0.1795141100883484,0.292715311050415,0.2066618055105209,0.6004489660263062,0.9582298994064332
154,the,thelyness,-0.001189860737843,0.5880855917930603,0.4441976547241211,0.4364187717437744,0.1902965456247329,0.7136297225952148,0.9802334308624268
154,the,theorities,0.0106650472997876,0.3330784440040588,0.1896429359912872,0.2853792607784271,0.1148221045732498,0.6166675686836243,0.8017059564590454
154,the,theability,0.013925065937298,0.8088895082473755,0.4987780451774597,0.3701534271240234,0.1471544206142425,0.713030993938446,0.9886166453361512
154,the,theality,0.0070651309045323,0.7893321514129639,0.4808597564697265,0.5124497413635254,0.1218170747160911,0.7402626276016235,0.9866949319839478
154,the,theively,0.0127038616104752,0.7866060733795166,0.4320053160190582,0.6420446634292603,0.1619603931903839,0.7806057333946228,0.9883450865745544
154,the,theiving,0.0152812869287161,0.8459033966064453,0.4405350089073181,0.4982383847236633,0.1970619261264801,0.8370214104652405,0.9919220805168152
154,the,theivity,0.0106650472997876,0.8241687417030334,0.4539135098457336,0.5023034811019897,0.1790080815553665,0.6592286825180054,0.9893574118614196
154,the,theizing,0.0134255534736812,0.7976901531219482,0.5583142042160034,0.5559650659561157,0.162405639886856,0.7992859482765198,0.9904763102531432
154,the,thements,-0.0025025192280153,0.6018642783164978,0.1090670973062515,0.2708962559700012,0.2069304436445236,0.4233787953853607,0.9180870652198792
154,the,theority,0.0137008957261695,0.6184375286102295,0.0927156060934066,0.2402973473072052,0.1279325485229492,0.4416381120681762,0.9490218758583068
154,the,therness,0.0106650472997876,0.5643736124038696,0.4826931059360504,0.4859596490859985,0.0932520851492881,0.6486708521842957,0.963424265384674
154,the,thals,0.0126387582399109,0.4895287156105041,0.2787722051143646,0.3425206840038299,0.2313156574964523,0.6405547857284546,0.9165530204772948
154,the,theor,0.0163296045740059,0.4629447162151336,0.2942526340484619,0.3014785647392273,0.3397969901561737,0.6694499254226685,0.8001551032066345
154,the,thers,0.0164957446885049,0.7346876859664917,0.6785573959350586,0.4874797761440277,0.2844875454902649,0.5904024243354797,0.9507808685302734
154,the,theal,0.0145277637019188,0.7466504573822021,0.6916026473045349,0.6244024634361267,0.3794272243976593,0.6662673354148865,0.9713017344474792
154,the,thely,0.004771054076817,0.6712396740913391,0.6951243877410889,0.6525688767433167,0.4484910070896148,0.5702303647994995,0.945035994052887
154,the,thize,0.0117746865601733,0.6172466278076172,0.2249634861946106,0.3561410903930664,0.1910328269004821,0.5157409906387329,0.9650596976280212
154,the,thity,-0.0200038655610479,0.5482358336448669,0.2204032242298126,0.3551064133644104,0.4062376916408539,0.523884654045105,0.8321841955184937
154,the,thive,0.0122844108246536,0.531304121017456,0.2216564118862152,0.3342267274856567,0.3866713643074035,0.5175692439079285,0.9431328177452089
154,the,thion,0.0131535160185031,0.421299934387207,0.259941041469574,0.362863153219223,0.3825723826885223,0.4733075499534607,0.9614366292953492
154,the,thors,0.0124256166865504,0.514586329460144,0.3535421192646026,0.300134927034378,0.1371870189905166,0.5946794152259827,0.8222789764404297
154,the,thization,0.0106650472997876,0.635794997215271,0.180880606174469,0.3207722306251526,0.1770569682121276,0.5148525834083557,0.9715458154678344
154,the,thable,0.013628501278678,0.5259160995483398,0.2408012896776199,0.3023942410945892,0.2765187621116638,0.6064583659172058,0.9681912064552308
154,the,thably,0.0106650472997876,0.6252017021179199,0.1627267897129058,0.2781311869621277,0.1255310028791427,0.4806695878505707,0.8813256621360779
154,the,thally,0.0130584812981683,0.4197683334350586,0.2103174179792404,0.3393816351890564,0.3079192638397217,0.5188052654266357,0.9072383046150208
154,the,thance,0.0120916310271489,0.6096081733703613,0.2635079622268677,0.2763054072856903,0.2869817912578583,0.5288228392601013,0.974509060382843
154,the,theors,0.0118476856782647,0.5034810304641724,0.2126560807228088,0.3180221915245056,0.2095995843410492,0.6739318370819092,0.9312704801559448
154,the,thelys,-0.0066048314571596,0.38321053981781,0.6814297437667847,0.477683275938034,0.170204609632492,0.652236819267273,0.9266948103904724
154,the,theals,0.0128625930463939,0.7368005514144897,0.5665813684463501,0.597831130027771,0.1798851490020752,0.5389022827148438,0.9810745120048524
154,the,theeer,0.0112696968869064,0.4714576601982116,0.2798829078674316,0.3596871793270111,0.2646674513816833,0.5546520352363586,0.8641595244407654
154,the,theize,0.0120916310271489,0.8273035287857056,0.5833428502082825,0.5667774081230164,0.2136895656585693,0.7912846207618713,0.9912497997283936
154,the,theive,0.0106975512621486,0.8396822214126587,0.5826342105865479,0.5634692311286926,0.373648077249527,0.6284173130989075,0.9910397529602052
154,the,theity,0.010924411340388,0.7486422061920166,0.608553409576416,0.5017799735069275,0.4052927792072296,0.676176130771637,0.984572172164917
154,the,thible,-0.0136298376320514,0.6337056159973145,0.1523520648479461,0.3697437644004822,0.1854694038629531,0.5581085681915283,0.8635902404785156
154,the,thizer,0.0106650472997876,0.604069173336029,0.2054008543491363,0.3847838938236236,0.1260492205619812,0.5125298500061035,0.9265064597129822
154,the,thized,0.010924411340388,0.6566185355186462,0.1986176818609237,0.349107027053833,0.1521159410476684,0.5670978426933289,0.9516682028770448
154,the,thions,0.0106650472997876,0.5578275918960571,0.1801135540008545,0.3075404763221741,0.3169672191143036,0.4195335805416107,0.9332093596458436
154,the,thives,0.0132503931165852,0.6295876502990723,0.2238820940256118,0.3199811577796936,0.2338964939117431,0.4932954907417297,0.963253378868103
154,the,thived,0.010924411340388,0.515040934085846,0.3309809267520904,0.3037043809890747,0.1660675406455993,0.6074854731559753,0.9725055694580078
154,the,theallies,0.0111162178480763,0.5330617427825928,0.4856242537498474,0.5281597971916199,0.2545995712280273,0.671113133430481,0.9628939032554626
154,the,theallied,0.0106650472997876,0.4801330864429474,0.4492637515068054,0.532267153263092,0.2277799695730209,0.5946453213691711,0.9791633486747742
154,the,thables,0.0128625930463939,0.6640197038650513,0.1803776770830154,0.3139064610004425,0.1456731259822845,0.5133655667304993,0.953014612197876
154,the,thallys,0.0098438898119746,0.3342198133468628,0.3226901292800903,0.3268001079559326,0.1551953852176666,0.5829090476036072,0.8766200542449951
154,the,thality,0.0112696968869064,0.434262216091156,0.1291857659816742,0.2849525213241577,0.1052679643034935,0.5114870071411133,0.9631645679473876
154,the,thances,0.0112696968869064,0.6847792863845825,0.210328996181488,0.3245952129364013,0.1234982013702392,0.4211226403713226,0.9823949337005616
154,the,thation,-0.0130766475631285,0.6909224390983582,0.439455896615982,0.3724622726440429,0.3641095459461212,0.5126137733459473,0.968395471572876
154,the,theably,0.0106650472997876,0.8177939653396606,0.4390822947025299,0.5074374079704285,0.1940967291593551,0.7860056161880493,0.9897487759590148
154,the,theally,0.010924411340388,0.8324561715126038,0.5367594957351685,0.583102822303772,0.3898005187511444,0.7700728178024292,0.988377034664154
154,the,theives,0.0182037569251807,0.8538305759429932,0.5398772954940796,0.4166251718997955,0.1098007932305336,0.7445913553237915,0.9924713373184204
154,the,theived,0.0120365014293021,0.5123642683029175,0.5950945615768433,0.4772508144378662,0.1791032999753952,0.6371048092842102,0.9721403121948242
154,the,thelied,0.0106650472997876,0.4512698352336883,0.5961969494819641,0.509331226348877,0.1367919594049453,0.6720173358917236,0.934584140777588
154,the,thelies,-0.0043178909789835,0.7675827145576477,0.5227757692337036,0.5429989099502563,0.1543860733509063,0.7957727313041687,0.9884213209152222
154,the,theness,0.0116072468886096,0.6967684030532837,0.333693653345108,0.2678753435611725,0.0756702795624733,0.5349814891815186,0.9577572345733644
154,the,thement,0.0113982803253864,0.580882728099823,0.1898848414421081,0.2466293275356292,0.3300274014472961,0.5240330696105957,0.8846118450164795
154,the,thities,0.010924411340388,0.5744940638542175,0.1519616842269897,0.3613078594207763,0.2414974123239517,0.473430335521698,0.9348344206809998
154,the,thively,0.0106650472997876,0.635747492313385,0.1112602204084396,0.3739336133003235,0.1826284378767013,0.5035439729690552,0.9645236730575562
154,the,thiving,0.0129787676622973,0.5490701794624329,0.1223212629556655,0.3883939385414123,0.1546108573675155,0.3782641887664795,0.8879122734069824
154,the,thizing,0.0106650472997876,0.5941143035888672,0.1845506131649017,0.3391654193401336,0.1820253431797027,0.4720166027545929,0.9467047452926636
154,the,thizers,0.010924411340388,0.5437500476837158,0.3235841989517212,0.366716206073761,0.1145393699407577,0.642748236656189,0.8143982887268066
154,the,thority,0.0133492380996209,0.5777907371520996,0.1923389136791229,0.2392330765724182,0.1641152054071426,0.565583348274231,0.9667924046516418
154,the,thorness,0.0125163710941164,0.5038031935691833,0.1845414340496063,0.3041577935218811,0.1107745543122291,0.5339514017105103,0.8725097179412842
154,the,thorities,0.0124447706673644,0.6144088506698608,0.1291844695806503,0.2515776753425598,0.1382969170808792,0.4856723248958587,0.963297963142395
154,the,thations,0.0106650472997876,0.6681604981422424,0.3462948799133301,0.3058900535106659,0.2978515028953552,0.6126002669334412,0.9566354751586914
154,the,theabilities,0.0106650472997876,0.4504386782646179,0.4183648228645324,0.5334475636482239,0.1796481013298034,0.6903557181358337,0.956685185432434
154,the,theliness,-0.0398949964502993,0.7592828273773193,0.4736138582229614,0.4897908568382263,0.1916455030441284,0.8041636347770691,0.9873148798942566
154,friedman,friedmanism,0.3641229451784183,0.6459082961082458,0.8677738308906555,0.838482141494751,0.2202053070068359,0.7855297923088074,0.8323966860771179
154,friedman,friedmanisms,0.4376777785250504,0.832360565662384,0.8564250469207764,0.8100361824035645,0.1846450716257095,0.7047996520996094,0.9586280584335328
154,friedman,friedmans,0.4050416643864185,0.7709634304046631,0.8588420152664185,0.937700092792511,0.2419229745864868,0.8043575286865234,0.8940179347991943
154,test,testibility,0.1503355344295126,0.7274491786956787,0.6447129845619202,0.6362345218658447,0.252595990896225,0.7737733125686646,0.9592881202697754
154,test,tests,0.4422967638397913,0.8767260313034058,0.7404420375823975,0.9228428602218628,0.8511226177215576,0.670696496963501,0.9880443811416626
154,test,testeer,0.0689632365380762,0.6837041974067688,0.7013487815856934,0.5841573476791382,0.254074364900589,0.7372938990592957,0.968902587890625
154,test,testeds,0.1123489218602541,0.6687800884246826,0.5831863880157471,0.718632698059082,0.2127088159322738,0.638074517250061,0.7964630126953125
154,test,testive,0.1841514093333375,0.423886775970459,0.7147920727729797,0.6329405903816223,0.2331746965646743,0.6359837651252747,0.8918144106864929
154,test,testion,0.1609403438326318,0.6561076641082764,0.7467862963676453,0.6981997489929199,0.2578998506069183,0.8226580023765564,0.9590835571289062
154,test,testing,0.4109882446146992,0.8638350367546082,0.6551575660705566,0.9085991978645324,0.7805517315864563,0.5357199907302856,0.9862719774246216
154,test,testity,0.1033227483864233,0.611993670463562,0.7331568598747253,0.7282238006591797,0.1399522870779037,0.8114790916442871,0.9238286018371582
154,test,testial,0.1307825838241242,0.7762852311134338,0.7278028130531311,0.5671641230583191,0.20303276181221,0.813959002494812,0.961312472820282
154,test,testors,0.0975280387236435,0.7175995111465454,0.7357257604598999,0.5980267524719238,0.2800805866718292,0.7697641253471375,0.960788369178772
154,test,testtor,0.1754129943794855,0.7053086757659912,0.7363892793655396,0.6470470428466797,0.2311067581176757,0.7995138168334961,0.9271793365478516
154,test,testted,0.1754129943794855,0.7856351137161255,0.7433439493179321,0.6653378009796143,0.2500787079334259,0.8059812188148499,0.978675127029419
154,test,testter,0.1637192848911469,0.6568958163261414,0.7603981494903564,0.6677556037902832,0.2957630455493927,0.7984054088592529,0.9348332285881042
154,test,testtal,0.1529356173042302,0.7405867576599121,0.7149122357368469,0.586730420589447,0.3639571666717529,0.8186238408088684,0.9728623032569884
154,test,testically,0.1307825838241242,0.7472730875015259,0.6728869080543518,0.6694362163543701,0.1645471155643463,0.8176378607749939,0.957277536392212
154,test,testly,0.1307825838241242,0.6930146217346191,0.7599601745605469,0.593982994556427,0.2483878582715988,0.7975773215293884,0.9591371417045592
154,test,testor,0.1548650941003272,0.6751601099967957,0.7499836683273315,0.6060768365859985,0.505688488483429,0.7803986668586731,0.9533374905586244
154,test,tested,0.3455908967753194,0.8236638307571411,0.6094034910202026,0.8386935591697693,0.6510975360870361,0.5181599259376526,0.9777590036392212
154,test,testes,0.1912955755995744,0.5985676646232605,0.7852969765663147,0.786979615688324,0.1647337824106216,0.7668018341064453,0.9479460120201112
154,test,testal,0.0717622264162781,0.566582202911377,0.7677949666976929,0.640690267086029,0.197202667593956,0.7755928635597229,0.8972093462944031
154,test,testabilities,0.1529356173042302,0.4981260299682617,0.5833176374435425,0.6464126706123352,0.15203857421875,0.66074538230896,0.8637173771858215
154,test,testicalities,0.1307825838241242,0.5546872615814209,0.564830482006073,0.6171929836273193,0.1409278064966201,0.6837539076805115,0.8763753771781921
154,test,testables,0.1109741532969822,0.6114819645881653,0.7134263515472412,0.6108615398406982,0.1733155697584152,0.6098635196685791,0.9349644780158995
154,test,testicals,0.0667315765933315,0.5781493186950684,0.6743229627609253,0.6071437001228333,0.1217335313558578,0.6738313436508179,0.7944530248641968
154,test,testities,0.1766773121671463,0.6649482846260071,0.697813093662262,0.6371411085128784,0.1453536450862884,0.814247727394104,0.9600830078125
154,test,testitied,0.1529356173042302,0.6051251292228699,0.6336541771888733,0.6777294278144836,0.125081792473793,0.633545458316803,0.973363995552063
154,test,testments,0.122987348371836,0.7273353338241577,0.6932652592658997,0.6558868885040283,0.3134786486625671,0.7314056158065796,0.9646359086036682
154,test,testtable,0.1841373699520161,0.6797860264778137,0.6660398244857788,0.4774186015129089,0.3163341879844665,0.7303714156150818,0.9765936136245728
154,test,testably,0.1418477480736493,0.7082176208496094,0.6558595895767212,0.5778466463088989,0.1757871210575103,0.7370931506156921,0.9598552584648132
154,test,testable,0.2485695629985943,0.7101061344146729,0.7517518997192383,0.6740338802337646,0.3709600567817688,0.7069966197013855,0.9603774547576904
154,test,testible,0.1515465851920839,0.7202547788619995,0.6765516400337219,0.7429302930831909,0.1849520951509475,0.7796776294708252,0.9351250529289246
154,test,testical,0.1130773553968738,0.7606031894683838,0.6962312459945679,0.6455463171005249,0.1699850112199783,0.8018655180931091,0.9648929834365844
154,test,testings,0.1942557862798586,0.6687380075454712,0.6040441989898682,0.8021008968353271,0.6028198003768921,0.7304582595825195,0.8031907677650452
154,test,testions,0.1360906167231703,0.7634835243225098,0.6979889273643494,0.6387949585914612,0.2248506695032119,0.8235922455787659,0.9708184003829956
154,test,testment,0.0019987988441741,0.735771894454956,0.734578549861908,0.6760439872741699,0.2940455079078674,0.7579171657562256,0.9533842206001282
154,test,testting,0.1954962003414052,0.7627086639404297,0.7397109270095825,0.7992531657218933,0.3994389176368713,0.8284466862678528,0.97112238407135
154,test,testability,0.2415902339740784,0.6518334746360779,0.7223546504974365,0.629369854927063,0.3847859799861908,0.7545725107192993,0.9589850902557372
154,test,testtables,0.1705326722572458,0.5158481597900391,0.6593121886253357,0.4289786219596863,0.2985213696956634,0.5740851163864136,0.8613032102584839
155,blue,blueally,0.0899231977893443,0.794902503490448,0.6452183127403259,0.7427991628646851,0.2178400605916977,0.4062843322753906,0.9726055860519408
155,blue,blueings,0.0954649048698326,0.7871209979057312,0.6670690774917603,0.6935182213783264,0.1797156035900116,0.4571377336978912,0.963632345199585
155,blue,blueness,0.1878781857269706,0.7230888605117798,0.7051679491996765,0.854435920715332,0.5119345188140869,0.517273485660553,0.9651148915290833
155,blue,bluelies,0.0667205453137546,0.6715893149375916,0.6282068490982056,0.5979685187339783,0.0186663009226322,0.3019108474254608,0.9302482604980468
155,blue,bluor,0.1636679001962649,0.5114305019378662,0.3602258563041687,0.540505588054657,0.1886810660362243,0.2052301615476608,0.9589340090751648
155,blue,bluer,0.2156199229661869,0.6521456837654114,0.7658933401107788,0.6901437640190125,0.5706215500831604,0.7802749872207642,0.9240954518318176
155,blue,blued,0.1545180274575562,0.7307731509208679,0.7555713653564453,0.7502648830413818,0.3069230020046234,0.613142728805542,0.95486980676651
155,blue,bluelyness,0.1636679001962649,0.626010537147522,0.5966209173202515,0.6031907796859741,0.075344942510128,0.2222717702388763,0.9689534306526184
155,blue,bluize,0.110015207210236,0.6294469833374023,0.3456455171108246,0.5222353935241699,0.0334681011736393,0.266993373632431,0.9368166923522948
155,blue,bluely,0.1511793315908161,0.7275826930999756,0.731751024723053,0.7560164928436279,0.0818763971328735,0.4483765959739685,0.8524251580238342
155,blue,blueor,0.143866000658817,0.7722703814506531,0.7133017778396606,0.6490400433540344,0.1972891241312027,0.3706337213516235,0.9822388887405396
155,blue,blueed,0.1636679001962649,0.7670716643333435,0.7489006519317627,0.7762807607650757,0.3390459418296814,0.4865702688694,0.9132251739501952
155,blue,blueal,0.0049011980277066,0.7703072428703308,0.7239282131195068,0.6995218992233276,0.2201650738716125,0.6988943219184875,0.956184983253479
155,blue,blueic,0.1676481514523792,0.7495664954185486,0.7327869534492493,0.6843338012695312,0.239350140094757,0.6075830459594727,0.8936063051223755
155,blue,blueer,0.1636679001962649,0.6477699875831604,0.7817065119743347,0.7021656036376953,0.3047581911087036,0.742859959602356,0.825002133846283
155,blue,bluees,0.0672460437794017,0.6231133341789246,0.7408525943756104,0.7914348244667053,0.1854569017887115,0.5483903884887695,0.9000819325447083
155,blue,bluion,0.0667205453137546,0.5288242101669312,0.3218792676925659,0.5831324458122253,0.1078110486268997,0.2283239513635635,0.9176940321922302
155,blue,bluing,0.1641589769361048,0.4942237436771393,0.3601884543895721,0.6030248403549194,0.2784944176673889,0.2758744359016418,0.9374891519546508
155,blue,bluers,0.1241620177291232,0.6727763414382935,0.7175725102424622,0.5902941226959229,0.1985995024442672,0.6607369184494019,0.9495709538459778
155,blue,blueation,0.1182805866067459,0.7583982348442078,0.70284104347229,0.6771559715270996,0.2309696972370147,0.5512708425521851,0.9761409163475036
155,blue,bluance,0.0903133364155418,0.5104902982711792,0.3319756388664245,0.4858412146568298,-0.0472331829369068,0.2489905059337616,0.8697884678840637
155,blue,bluence,-0.0488658082812765,0.7321357727050781,0.6648359298706055,0.6044197678565979,0.233688086271286,0.5378307104110718,0.9726262092590332
155,blue,blueing,0.1579985392838037,0.7269275188446045,0.7607360482215881,0.768802285194397,0.290698766708374,0.5298632979393005,0.940025269985199
155,blue,blueion,0.0112694247195642,0.7379938364028931,0.677456259727478,0.7040231227874756,0.1744659841060638,0.370541363954544,0.9791053533554076
155,blue,blueism,0.0954649048698326,0.6711171865463257,0.6745092868804932,0.6388413310050964,0.1669063866138458,0.5091831088066101,0.909101665019989
155,blue,bluings,0.1399262053333487,0.4732796549797058,0.3246123194694519,0.5687975883483887,0.1246163696050643,0.2420263290405273,0.8843942880630493
155,note,noteed,0.097807711476906,0.7119148373603821,0.7982208132743835,0.7503838539123535,0.264280617237091,0.7181051969528198,0.8767135143280029
155,note,notees,0.0982564416648731,0.6561239957809448,0.7813719511032104,0.7135105133056641,0.249831423163414,0.7020351886749268,0.8897490501403809
155,note,noteic,0.0851336046691693,0.7626482248306274,0.7787460088729858,0.5560806393623352,0.2665818631649017,0.6970272064208984,0.973523199558258
155,note,notely,0.0445003679905298,0.6085004210472107,0.7847224473953247,0.6860857009887695,0.2739967405796051,0.6856529712677002,0.9455387592315674
155,note,noters,0.1082320514565599,0.6640676856040955,0.7882773876190186,0.5827300548553467,0.3636772036552429,0.7014740705490112,0.924058198928833
155,note,notics,0.0705761030948775,0.5498096346855164,0.2692680358886719,0.2552809119224548,0.1913860589265823,0.5050219297409058,0.938752055168152
155,note,noting,0.2201559110304868,0.6045176982879639,0.4674195945262909,0.5391968488693237,0.4760251641273498,0.504144012928009,0.9668909907341005
155,note,noter,0.0779312456826283,0.6605863571166992,0.7973015308380127,0.5790611505508423,0.4863004386425018,0.6969422101974487,0.9305357336997986
155,note,notes,0.1435068919521732,0.7460489273071289,0.6709170937538147,0.7254312038421631,0.6188228130340576,0.8060030341148376,0.956690549850464
155,note,notic,0.1138260282974776,0.5445831418037415,0.2963004112243652,0.3354315459728241,0.2800850868225097,0.5424466133117676,0.8911986351013184
155,note,noteability,0.0629335436377809,0.6357506513595581,0.7219908833503723,0.5018693208694458,0.1008792445063591,0.7187323570251465,0.959506332874298
155,note,noteables,0.0791093258932124,0.4938504993915558,0.714796781539917,0.548258364200592,0.0460983403027057,0.5506079792976379,0.9119016528129578
155,note,noteation,0.0851336046691693,0.6920386552810669,0.7640433311462402,0.6434153318405151,0.0909806862473487,0.717194676399231,0.9604341387748718
155,note,notements,0.1079492864060827,0.711243748664856,0.7406747937202454,0.5443624258041382,0.1773731857538223,0.752111554145813,0.957153856754303
155,note,notitions,0.0851336046691693,0.3766456246376037,0.3266030848026275,0.3119246959686279,0.1734181493520736,0.4742538332939148,0.7509316205978394
155,note,notative,0.1291755917979009,0.381556749343872,0.2940838634967804,0.2403753250837326,0.1112955436110496,0.4159679710865021,0.7725512981414795
155,note,noteable,0.0561542008057121,0.6523865461349487,0.7669771909713745,0.617997944355011,0.2025729268789291,0.716988205909729,0.9527685642242432
155,note,noteably,0.1116802713177032,0.6917311549186707,0.6778486967086792,0.6213128566741943,0.1313297152519226,0.7380785346031189,0.9719741344451904
155,note,notement,0.0242605060470325,0.6892470121383667,0.7479234933853149,0.6313627362251282,0.1932765543460846,0.7634955048561096,0.960361659526825
155,note,noteness,0.0885888963539248,0.6176745891571045,0.7707258462905884,0.5731546878814697,0.2378968149423599,0.7015087008476257,0.8974543809890747
155,note,noterity,0.0071262735709001,0.7444369792938232,0.698189377784729,0.5706537961959839,0.2771905064582824,0.7266988754272461,0.9796969890594482
155,note,notition,0.1252321786174001,0.5138840675354004,0.2936369180679321,0.310285747051239,0.1915863007307052,0.5033459067344666,0.9466333389282228
155,note,noteing,0.1519110159115939,0.6689246892929077,0.8074551820755005,0.6255578994750977,0.2621021568775177,0.7141748070716858,0.8671741485595703
155,note,noteive,0.1079492864060827,0.7366272211074829,0.7565091848373413,0.5668554306030273,0.283840537071228,0.7151252031326294,0.9828612208366394
155,note,notings,0.0829242472936677,0.5539706349372864,0.4609250426292419,0.5293223857879639,0.2094661891460418,0.4073556959629059,0.9588693380355836
156,yosemite,yosemites,0.4333944956628824,0.9071112871170044,0.9713669419288636,0.9019237160682678,0.4619028270244598,0.9223269820213318,0.9226024150848388
156,national,nationals,0.2501713555051376,0.6479729413986206,0.4497948884963989,0.5606987476348877,0.3379413485527038,0.4596046209335327,0.9311659932136536
156,national,nationalers,0.0991232388252167,0.4827056229114532,0.4196537733078003,0.5121288299560547,0.0698787346482276,0.3119459152221679,0.9237568378448486
156,national,nationaller,0.0991232388252167,0.6291118860244751,0.7107447385787964,0.7520205974578857,0.1029709801077842,0.7471781373023987,0.9425484538078308
156,national,nationalality,0.0373038915391687,0.5045731067657471,0.657663106918335,0.7514092922210693,0.0944178104400634,0.787003755569458,0.8404369950294495
156,national,nationallied,0.0601195732760821,0.3280157446861267,0.6303062438964844,0.7704254388809204,0.0863980576395988,0.6873430013656616,0.8124649524688721
156,national,nationalness,0.1518818914678757,0.5976786017417908,0.7087596654891968,0.832329273223877,0.1525529623031616,0.7761030793190002,0.8400800228118896
156,national,nationaler,0.1526753128567637,0.4741051197052002,0.4634266793727875,0.4946105480194092,0.08112283796072,0.3690050542354584,0.8608278632164001
156,national,nationales,0.1911350961655661,0.5304118394851685,0.4754259884357452,0.5320174694061279,0.1827166974544525,0.4992229640483856,0.8175763487815857
156,national,nationalal,0.1466733515918609,0.6489328742027283,0.7379788160324097,0.8114984035491943,0.1036329418420791,0.8058391809463501,0.900416374206543
156,national,nationalor,0.1999260991658508,0.6680723428726196,0.7316964864730835,0.7531622648239136,0.2197648584842682,0.733441174030304,0.9363096952438354
156,national,nationally,0.2928890932383308,0.6058803796768188,0.4890544712543487,0.6430293321609497,0.4641309976577759,0.4342908859252929,0.9551902413368224
156,national,nationalic,0.0991232388252167,0.6585338115692139,0.7304994463920593,0.8272396326065063,0.0807937234640121,0.7519960999488831,0.9239488840103148
156,national,nationalalitys,0.1437330189748124,0.3824833631515503,0.6458314657211304,0.7225484848022461,0.0883219838142395,0.6627250909805298,0.7793563008308411
156,national,nationalalities,0.1199913241118962,0.3857626318931579,0.5694414973258972,0.751328706741333,0.086611159145832,0.5182159543037415,0.8464245796203613
156,park,parkal,0.0343007863070068,0.615531861782074,0.7341644763946533,0.7476606369018555,0.0993358716368675,0.8114440441131592,0.9529396295547484
156,park,parkly,0.079653936589836,0.572238564491272,0.7319401502609253,0.70051109790802,0.1665884852409362,0.7790333032608032,0.892658531665802
156,park,parked,0.2282933799544264,0.6522223949432373,0.3516086339950561,0.6896150708198547,0.4700433611869812,0.5266093015670776,0.9470167756080629
156,park,parkes,0.1814615226718944,0.4751853048801422,0.7517440319061279,0.831457257270813,0.3388385474681854,0.8063403964042664,0.920981466770172
156,park,parkor,0.1388476714595177,0.633094847202301,0.7222772240638733,0.6811966896057129,0.184851735830307,0.7684313058853149,0.9589218497276306
156,park,parkality,0.1738933250198409,0.6935269236564636,0.6644643545150757,0.6480718851089478,0.1218835934996604,0.7793717384338379,0.9582619071006776
156,park,parkkings,0.1750355571800552,0.487905204296112,0.6449267864227295,0.7488388419151306,0.1655426919460296,0.7266165018081665,0.8944572806358337
156,park,parks,0.4058855805162041,0.7732117176055908,0.6242250204086304,0.8578240275382996,0.7948083877563477,0.8792217373847961,0.9770070314407348
156,park,parkable,0.1304005730959142,0.6359041333198547,0.6804554462432861,0.728111982345581,0.0916932001709938,0.7725939154624939,0.901100218296051
156,park,parkally,0.1333066295758648,0.6866183280944824,0.684788703918457,0.7717138528823853,0.1937186121940612,0.7937774658203125,0.9569330811500548
156,park,parkized,0.1333066295758648,0.6916012167930603,0.7151511907577515,0.770589292049408,0.1599948406219482,0.8226854205131531,0.9731718301773072
156,park,parkking,0.2144362409414106,0.7065863609313965,0.6886839270591736,0.8069487810134888,0.191445916891098,0.7876094579696655,0.9625709652900696
156,park,parkness,0.1408643830735779,0.5963494777679443,0.7113715410232544,0.8434125781059265,0.274639755487442,0.7890589237213135,0.9429543614387512
156,park,parkization,0.105291500643492,0.6250951290130615,0.7147232294082642,0.7331371903419495,0.1066429987549781,0.7983578443527222,0.9115754961967468
156,park,parkors,0.1501516301569247,0.6765791773796082,0.6576677560806274,0.7344183921813965,0.1756691485643386,0.754002034664154,0.9516902565956116
156,park,parkion,0.1281071823804054,0.6567611694335938,0.7109386324882507,0.7309979200363159,0.153221994638443,0.7938234210014343,0.954846739768982
156,park,parkism,0.1281071823804054,0.5682367086410522,0.741841733455658,0.721828281879425,0.0775958448648452,0.8048279881477356,0.8635954260826111
156,park,parkker,0.120240632033812,0.6744198799133301,0.7081515789031982,0.5700564980506897,0.1356590986251831,0.774964451789856,0.9571077823638916
156,park,parkked,0.0891035168312708,0.6331276297569275,0.6917811632156372,0.652669370174408,0.1533197909593582,0.7847212553024292,0.9561029076576232
156,park,parkeer,0.1245624696100106,0.6204774379730225,0.6864252090454102,0.6374529004096985,0.1534894704818725,0.7826031446456909,0.9587920308113098
156,park,parkeds,0.1766105721751764,0.5662819147109985,0.4032397270202636,0.640819251537323,0.2037142515182495,0.4870707094669342,0.8544157147407532
156,park,parkallied,0.1837521211620817,0.4999258518218994,0.5668926239013672,0.7605849504470825,0.0883313864469528,0.6177527904510498,0.9257750511169434
156,park,parkability,0.147483843301605,0.6008469462394714,0.6650673151016235,0.726384162902832,0.1149734780192375,0.7763071060180664,0.8766248822212219
157,walker,walkers,0.3573679435283121,0.7822341918945312,0.6234666109085083,0.7677912712097168,0.6867063641548157,0.5684723854064941,0.9779594540596008
157,walker,walkered,0.2112925399935693,0.6489088535308838,0.7706902027130127,0.7466210126876831,0.1561778783798217,0.5728020071983337,0.8888746500015259
157,walker,walkerer,0.195104556181348,0.7372617721557617,0.7824161052703857,0.8266496658325195,0.225944697856903,0.6075624227523804,0.9397172927856444
157,walker,walkeric,0.2841965962707647,0.6549406051635742,0.7575958371162415,0.7582485675811768,0.1692877560853958,0.6802451610565186,0.9394558072090148
157,walker,walkeral,0.2305439032847359,0.7133240699768066,0.7703506946563721,0.8339651226997375,0.1660033762454986,0.6860699653625488,0.9761030673980712
157,walker,walkerly,0.0587541902312197,0.7318345308303833,0.7482628226280212,0.7979183197021484,0.26324263215065,0.5810235142707825,0.942878007888794
157,walker,walkerism,0.2783614450942628,0.5459190607070923,0.7586014270782471,0.6899679899215698,0.118190161883831,0.6369079351425171,0.8699890375137329
157,walker,walkering,0.2826004157344677,0.6970524787902832,0.777738094329834,0.7401870489120483,0.2015808522701263,0.581205427646637,0.9329386353492736
157,walker,walkerally,0.1494731927075213,0.8168290853500366,0.7155449390411377,0.8041856288909912,0.1544442623853683,0.6507778167724609,0.9742025136947632
157,walker,walkerings,0.2604549014078485,0.7934353351593018,0.74192214012146,0.7375266551971436,0.1663107275962829,0.6703317165374756,0.9737839102745056
157,baskets,baskettings,0.2266289079687668,0.5588024854660034,0.697600245475769,0.8547333478927612,0.1831154227256775,0.4672443568706512,0.8969042897224426
157,baskets,basketable,0.2494445897056802,0.6604850888252258,0.7173842191696167,0.7140883803367615,0.1948306560516357,0.5838285684585571,0.9197835922241212
157,baskets,basketeers,0.3722983978471942,0.5056211352348328,0.7415043115615845,0.7111963033676147,0.2146362513303756,0.3979043662548065,0.7665687203407288
157,baskets,basketting,0.2195066470343672,0.6573673486709595,0.7299320697784424,0.8241326808929443,0.1652229577302932,0.4146818220615387,0.9069855213165284
157,baskets,basket,0.5052374698355973,0.909160614013672,0.7448418736457825,0.8395041823387146,0.7953283786773682,0.9825053811073304,0.952525794506073
157,baskets,basketed,0.2419391513681751,0.7326325178146362,0.6932194232940674,0.7146689295768738,0.1833547949790954,0.5531586408615112,0.929448902606964
157,baskets,basketer,0.2880916095175617,0.4925732910633087,0.700406551361084,0.7197117805480957,0.146222174167633,0.3203181028366089,0.739325225353241
157,baskets,basketes,0.2705494285576222,0.5174654722213745,0.7062346935272217,0.8857442140579224,0.2575777173042297,0.4518434405326843,0.8587697744369507
157,baskets,basketal,0.1876252424196322,0.6105390787124634,0.6912797689437866,0.6892191171646118,0.2915727198123932,0.5013411641120911,0.9078587889671326
157,baskets,basketor,0.1978845484126888,0.6300854086875916,0.6964244842529297,0.6860960721969604,0.2684133350849151,0.525375485420227,0.8892486691474915
157,baskets,basketeer,0.2932591439697355,0.5032992362976074,0.7247962951660156,0.6785396933555603,0.1821515709161758,0.3974464833736419,0.7829517722129822
157,baskets,basketers,0.2494445897056802,0.5552083849906921,0.7367371320724487,0.7684233784675598,0.1975548714399337,0.3470170497894287,0.8705466985702515
157,baskets,basketing,0.2299434494848945,0.5963822603225708,0.7060354351997375,0.8391438722610474,0.2634353339672088,0.4178033173084259,0.8729978799819946
157,baskets,basketize,0.2494445897056802,0.7125195264816284,0.706368088722229,0.7920529842376709,0.2054823040962219,0.628378689289093,0.9146378636360168
157,baskets,basketted,0.2569306914815305,0.6564096808433533,0.7287155389785767,0.7304788827896118,0.1152606010437011,0.5025216937065125,0.9120084643363952
157,baskets,basketter,0.0455014942845148,0.5252169370651245,0.7029926776885986,0.7336748838424683,0.1561210006475448,0.3931776583194732,0.8543526530265808
158,pictures,pictureses,0.1158715302683623,0.6411570310592651,0.780723512172699,0.8463966846466064,0.2706313729286194,0.8630545139312744,0.8942527770996094
158,pictures,picturesor,0.1695242232543912,0.7978766560554504,0.7551662921905518,0.5339236259460449,0.2739617824554443,0.581815242767334,0.968350112438202
158,pictures,picturesize,0.1200140698807254,0.8040946125984192,0.7334690093994141,0.6224497556686401,0.231723353266716,0.7483905553817749,0.9718045592308044
158,smiles,smilers,0.1810983920687924,0.718900740146637,0.6851601600646973,0.6303807497024536,0.5545833706855774,0.7365297079086304,0.9517014026641846
158,smiles,smileor,0.2463526891220086,0.6658437252044678,0.6182276606559753,0.5341776609420776,0.1983578950166702,0.4777459800243377,0.9493327736854552
158,smiles,smilely,0.1415698633253632,0.7066408395767212,0.6156900525093079,0.7397816181182861,0.3757226765155792,0.6150323748588562,0.9292992353439332
158,smiles,smileal,0.3766206117937613,0.6946188807487488,0.6083270907402039,0.5530343651771545,0.2277533859014511,0.5592137575149536,0.9425986409187316
158,smiles,smileed,0.2969380261311842,0.6962581276893616,0.6190825700759888,0.7538473606109619,0.2516201734542846,0.6989166140556335,0.9390432834625244
158,smiles,smilees,0.2302026851976873,0.7413313388824463,0.6466517448425293,0.7931971549987793,0.2276611030101776,0.7967383861541748,0.9014327526092528
158,smiles,smileer,0.269168370858922,0.6709380745887756,0.5971331596374512,0.6052345037460327,0.2303302586078643,0.5941119194030762,0.937147617340088
158,smiles,smiling,0.3689657961027788,0.8043676018714905,0.7431476712226868,0.8569273948669434,0.7507259249687195,0.7942289710044861,0.9664536714553832
158,smiles,smilied,0.1498319192576982,0.4100304245948791,0.483919084072113,0.2597748339176178,0.1476220786571502,0.4008108973503113,0.9257680773735046
158,smiles,smilies,0.0364355105906445,0.3875049352645874,0.4927010536193847,0.3003231287002563,0.2985313832759857,0.4160993993282318,0.8698333501815796
158,smiles,smileable,0.269168370858922,0.6993669271469116,0.6590909957885742,0.6912775039672852,0.2399591356515884,0.6187896132469177,0.9350475072860718
158,smiles,smileizer,0.2463526891220086,0.7103674411773682,0.6732059717178345,0.560481607913971,0.2044772356748581,0.5410650968551636,0.9475072622299194
158,smiles,smileness,0.0952341914663568,0.7780143618583679,0.6432046294212341,0.7200051546096802,0.2545884549617767,0.7930556535720825,0.953909158706665
158,smiles,smiliness,0.2395063301061482,0.4827898144721985,0.5146492719650269,0.2636268734931946,0.2288977354764938,0.4514336585998535,0.8432846069335938
158,smiles,smile,0.4120730100096538,0.8335504531860352,0.738732099533081,0.8355841040611267,0.8103994131088257,0.7073633670806885,0.9644959568977356
158,smiles,smily,0.1491125431034076,0.503799319267273,0.5046785473823547,0.3304010033607483,0.55033940076828,0.3756846487522125,0.8845999240875244
158,smiles,smilyness,0.2463526891220086,0.5342029333114624,0.5343999862670898,0.2638359665870666,0.3048993349075317,0.4093236625194549,0.8919490575790405
158,smiles,smilable,0.269168370858922,0.4547873437404632,0.5289340615272522,0.2310582995414734,0.0620649270713329,0.3853136599063873,0.928494393825531
158,smiles,smileism,0.1521573742115181,0.7299566268920898,0.6301994323730469,0.598378598690033,0.227967768907547,0.5979511737823486,0.9390998482704164
158,smiles,smileing,0.2114456082068079,0.7214385271072388,0.6067564487457275,0.7997085452079773,0.5057516694068909,0.7554853558540344,0.9573158621788024
158,smiles,smilence,0.1396009984676613,0.7357733249664307,0.64279705286026,0.6055924892425537,0.2635293900966644,0.580197811126709,0.9332607984542848
158,smiles,smilings,0.172975168828564,0.74068284034729,0.6390512585639954,0.8152756690979004,0.2527588605880737,0.8018137812614441,0.8638159036636353
158,smiles,smiler,0.1762647222290566,0.6457429528236389,0.6145822405815125,0.6032301187515259,0.56805020570755,0.5645760297775269,0.9392490983009338
158,smiles,smiled,0.4443638810099023,0.8043447732925415,0.7816581130027771,0.8303192257881165,0.5738837718963623,0.6855721473693848,0.9599305391311646
158,smiles,smilic,0.3107593731163408,0.3305108845233917,0.4775829613208771,0.2871551513671875,0.0957497358322143,0.3833180665969848,0.853818416595459
158,smiles,smilor,0.0978518911152223,0.4337697625160217,0.4956424832344055,0.2310293018817901,0.194964975118637,0.292462944984436,0.9285399317741394
158,smiles,smilys,0.1595618572896631,0.5321264266967773,0.514931321144104,0.3167454600334167,0.1996646225452423,0.4594697058200836,0.9262502789497375
158,smiles,smileability,0.3206797209941003,0.744865357875824,0.6623266935348511,0.6467028260231018,0.2187324166297912,0.7211593985557556,0.9520981311798096
158,smiles,smilization,0.1317365387832196,0.4282032251358032,0.5304371118545532,0.2076550871133804,0.0942900627851486,0.363864541053772,0.7759783864021301
158,teeth,teethal,0.2578103313241482,0.7270209193229675,0.7728608250617981,0.7968880534172058,0.2864221036434173,0.7262787222862244,0.9555256962776184
158,teeth,teeths,0.2889709608663875,0.6666951179504395,0.8098828196525574,0.9194536805152892,0.800864040851593,0.7153958678245544,0.932408332824707
158,teeth,teethable,0.113939241247673,0.7134690880775452,0.7810021638870239,0.7335892915725708,0.2313741743564605,0.7286569476127625,0.9566096067428588
158,teeth,teethness,0.2815520261870644,0.7693966627120972,0.8000165224075317,0.7759692668914795,0.2304593324661255,0.7675561308860779,0.9340893030166626
158,teeth,teethability,0.2315667995738482,0.7739230394363403,0.7836698889732361,0.7410933971405029,0.2153849750757217,0.7799273729324341,0.9507681727409364
159,boat,boatable,0.2901430845548631,0.6634454727172852,0.7576587200164795,0.7739298939704895,0.382127970457077,0.7495753169059753,0.92014479637146
159,boat,boatings,0.2082206160089639,0.4732393026351928,0.5417259335517883,0.8036922216415405,0.1373776048421859,0.5871241688728333,0.8329852223396301
159,boat,boations,0.2469393744592049,0.7606773972511292,0.715954065322876,0.7127665281295776,0.1299594193696975,0.5934985280036926,0.9646311402320862
159,boat,boatment,0.2231976795962887,0.6787256598472595,0.7271827459335327,0.7517914175987244,0.1840380430221557,0.7943843603134155,0.9695436358451844
159,boat,boatness,0.1754884864008375,0.7494136095046997,0.754595160484314,0.8502827882766724,0.2122183442115783,0.6002336740493774,0.966315746307373
159,boat,boatting,0.2469393744592049,0.7353699803352356,0.7450975179672241,0.8526910543441772,0.1725680381059646,0.6404410004615784,0.9553340673446656
159,boat,boating,0.4593967120776907,0.7341357469558716,0.5728539824485779,0.8604295253753662,0.6164122819900513,0.6389945149421692,0.9700848460197448
159,boat,boation,0.2469393744592049,0.701042652130127,0.7427133321762085,0.7490904927253723,0.1424945741891861,0.6164090037345886,0.9626476168632508
159,boat,boatability,0.2807875324570742,0.5547646880149841,0.7210162281990051,0.7888501882553101,0.2483531832695007,0.7499288320541382,0.8905795216560364
159,boat,boats,0.5651557902545719,0.7382201552391052,0.7614870071411133,0.8915265798568726,0.8207957148551941,0.7987972497940063,0.9625802636146544
159,boat,boated,0.3443856954260385,0.7962181568145752,0.7811942100524902,0.7777897715568542,0.4956240355968475,0.7562336325645447,0.9646070599555968
159,boat,boates,0.1688116668937678,0.6306583285331726,0.7832127213478088,0.8403944373130798,0.1924690902233123,0.6063514947891235,0.9544913172721864
159,boat,boator,0.2529447105953483,0.4256000518798828,0.7473832368850708,0.7289496064186096,0.3083113133907318,0.3764303624629974,0.9324855208396912
159,boat,boatly,0.1364848208517029,0.6988078355789185,0.7547495365142822,0.7108316421508789,0.2282560169696808,0.7106154561042786,0.8814844489097595
159,boat,boatic,0.1983041681377509,0.7104337215423584,0.7636095285415649,0.6785767078399658,0.1216808184981346,0.6025119423866272,0.9197456240653992
159,repair,repairabilities,0.2209367849048919,0.5284988880157471,0.6755092144012451,0.8719058036804199,0.1759075224399566,0.6954403519630432,0.9034035801887512
159,repair,repairs,0.4716170641441741,0.8661458492279053,0.713854193687439,0.8855569362640381,0.7930431962013245,0.8558790683746338,0.9746468663215636
159,repair,repairables,0.1561950995076759,0.6095223426818848,0.758832573890686,0.8101487159729004,0.202290877699852,0.740680456161499,0.9146268963813782
159,repair,repairation,0.1961291506742462,0.7206775546073914,0.8043732643127441,0.9103557467460632,0.2064359635114669,0.8238186240196228,0.9354081749916076
159,repair,repairative,0.1501497475659314,0.676578164100647,0.7694495916366577,0.8386871814727783,0.1852347701787948,0.7444280385971069,0.9473377466201782
159,repair,repairments,0.1746699018399949,0.6978429555892944,0.7936165928840637,0.8483702540397644,0.1714618504047393,0.8365532755851746,0.9268110394477844
159,repair,repairic,0.1733157748898257,0.7425070405006409,0.8083592653274536,0.7879966497421265,0.1783067882061004,0.7533712387084961,0.9115960597991944
159,repair,repaired,0.3953277335109638,0.8730658888816833,0.7344853281974792,0.9303507804870604,0.6681636571884155,0.6933183073997498,0.9749788641929626
159,repair,repairer,0.3299070079919214,0.6556642055511475,0.8061119318008423,0.863466739654541,0.6012465357780457,0.8365803360939026,0.8942258358001709
159,repair,repaires,0.1727923170913241,0.7265743017196655,0.815412163734436,0.9238263964653016,0.5721951723098755,0.8428855538368225,0.882134199142456
159,repair,repairal,0.2462053565433943,0.7422429323196411,0.8030675649642944,0.8638354539871216,0.2779362201690674,0.8066364526748657,0.9443658590316772
159,repair,repairor,0.2475257088879705,0.6778205633163452,0.8030679821968079,0.8085781335830688,0.3066028952598572,0.7767560482025146,0.9644824266433716
159,repair,repairallies,0.2209367849048919,0.6053084135055542,0.7127144932746887,0.8475944399833679,0.228299856185913,0.6837804317474365,0.9426026344299316
159,repair,repairallied,0.2209367849048919,0.5905081033706665,0.7027584314346313,0.8287943601608276,0.1764991283416748,0.6267317533493042,0.9618090987205504
159,repair,repairations,0.1383614916790202,0.6858193874359131,0.779030442237854,0.8490816950798035,0.1885523945093155,0.8008553981781006,0.9645580053329468
159,repair,repairred,0.1971950900419757,0.7503082156181335,0.7757689356803894,0.8469139933586121,0.2646120488643646,0.7844310998916626,0.9662209153175354
159,repair,repairism,0.2468333242888259,0.6723060607910156,0.7942878007888794,0.8143910765647888,0.1921867877244949,0.8001701831817627,0.8898351788520813
159,repair,repairing,0.4276052858275998,0.8940426111221313,0.7638833522796631,0.9486582279205322,0.739321768283844,0.7900964617729187,0.9770846962928772
159,repair,repairers,0.3406659222054736,0.6564294099807739,0.8219307065010071,0.8184548616409302,0.5411198735237122,0.8336474299430847,0.9065995812416076
159,repair,repairability,0.2182760578984307,0.7226946353912354,0.7978991866111755,0.8300924301147461,0.3759649395942688,0.7600618004798889,0.9629018306732178
159,repair,repairably,0.2209367849048919,0.6674261093139648,0.764452338218689,0.8202905654907227,0.2017941623926162,0.7676483392715454,0.9240597486495972
159,repair,repairable,0.2914014973523196,0.6630367040634155,0.8104426860809326,0.8721911907196045,0.567538857460022,0.7614627480506897,0.9613088965415956
159,repair,repairings,0.1464676397721996,0.7459372282028198,0.6832489967346191,0.8971047401428223,0.2034983336925506,0.80461585521698,0.7693676948547363
159,repair,repairment,0.2463404196027679,0.7453263998031616,0.7971979975700378,0.9444652795791626,0.6237025856971741,0.8703432083129883,0.9658500552177428
159,repair,repairring,0.237762570499388,0.7595406770706177,0.7891827821731567,0.8128182888031006,0.2826271057128906,0.8417006134986877,0.9146008491516112
160,car,carments,0.0921806824846321,0.4984351396560669,0.3209695219993591,0.2843378186225891,0.0889107286930084,0.5138238668441772,0.9117891788482666
160,car,cars,0.4646563124793616,0.7973690032958984,0.639518141746521,0.8958688974380493,0.7337168455123901,0.9055796265602112,0.9760209918022156
160,car,carrally,0.1534108228813899,0.4960509240627289,0.3217349052429199,0.2882708311080932,0.0457579940557479,0.5104818940162659,0.9412818551063538
160,car,carrible,0.160250382077346,0.5110941529273987,0.3339726030826568,0.2914072871208191,0.0500738322734832,0.6472375392913818,0.9304432272911072
160,car,carrings,0.105290259130971,0.482191801071167,0.3496423065662384,0.3175543248653412,0.0426236204802989,0.5345255136489868,0.9466228485107422
160,car,carlyness,0.0759926986724109,0.4483592510223388,0.2645552158355713,0.2419493645429611,0.0356336459517478,0.4532771110534668,0.901848316192627
160,car,carally,0.0921806824846321,0.447529673576355,0.3592033386230469,0.2367331981658935,0.0797459185123443,0.4687811732292175,0.8959006071090698
160,car,carable,0.1149963642215455,0.4915313124656677,0.3448874950408935,0.2918313443660736,0.1274668723344802,0.6236246824264526,0.9483726024627686
160,car,careors,0.169335698310367,0.501219630241394,0.2940001487731933,0.2768446803092956,0.0724146962165832,0.5267429351806641,0.9473798871040344
160,car,carible,0.1149963642215455,0.6110925078392029,0.6721079349517822,0.4913647770881653,0.0868475511670112,0.8141512870788574,0.879356324672699
160,car,carical,0.1149963642215455,0.6406230926513672,0.6697658896446228,0.5091183185577393,0.0668270140886306,0.8103637099266052,0.9584568738937378
160,car,carisms,0.1365086872144298,0.6428520083427429,0.6647863388061523,0.5119835734367371,0.0772604718804359,0.8220400214195251,0.9448441863059998
160,car,carives,0.1149963642215455,0.6156455874443054,0.6973855495452881,0.5032122731208801,0.1692578643560409,0.8040149211883545,0.9498977065086364
160,car,carizer,0.1149963642215455,0.6458455324172974,0.6839476823806763,0.5427589416503906,0.0970703586935997,0.8241963386535645,0.9429982900619508
160,car,carlies,0.0819589802381169,0.4797303080558777,0.3050493001937866,0.3180294632911682,0.1005967929959297,0.5707052946090698,0.950362265110016
160,car,carlied,0.1149963642215455,0.4523927271366119,0.2963631451129913,0.2496987432241439,0.025152476504445,0.5264610052108765,0.9429721832275392
160,car,carment,0.0201117100798743,0.5111028552055359,0.3361572027206421,0.285977691411972,0.1056629121303558,0.5192113518714905,0.9381742477416992
160,car,carness,0.041978993403842,0.6410789489746094,0.7245241403579712,0.608555793762207,0.0759012401103973,0.8503197431564331,0.9575591087341307
160,car,carring,0.1067762278257492,0.5348909497261047,0.390373945236206,0.3021553158760071,0.1896171420812606,0.5421227216720581,0.9594846963882446
160,car,carrors,0.0921806824846321,0.3945308625698089,0.3685828447341919,0.3267524838447571,0.0697677060961723,0.6746666431427002,0.920168936252594
160,car,carrals,0.0531770169354975,0.4375276863574981,0.3756906986236572,0.298751026391983,0.0863674357533454,0.557906985282898,0.9337981343269348
160,car,carreds,0.1149963642215455,0.46230149269104,0.3912118673324585,0.2632139325141907,0.0947129428386688,0.5556439757347107,0.9194074869155884
160,car,carrers,0.0398527461751531,0.4580206274986267,0.3594103455543518,0.2978630661964416,0.1158092468976974,0.6483573913574219,0.9224156737327576
160,car,caral,0.1004278968280171,0.486655056476593,0.4053361713886261,0.271847128868103,0.1172148436307907,0.5482798218727112,0.940217912197113
160,car,caror,0.1530351257096857,0.5036814212799072,0.7520282864570618,0.5178292989730835,0.0702262669801712,0.7909312844276428,0.9544272422790528
160,car,carly,0.0706313288221866,0.5015092492103577,0.2313458919525146,0.2859208881855011,0.1054810956120491,0.3561284840106964,0.952273428440094
160,car,carals,0.0759926986724109,0.4786744713783264,0.3810859024524688,0.2563207447528839,0.0834619998931884,0.5781455636024475,0.9479625821113586
160,car,carors,0.1149963642215455,0.6079117655754089,0.7096247673034668,0.5694035887718201,0.0441577918827533,0.8183384537696838,0.943525493144989
160,car,carlys,0.02794581131901,0.4089142382144928,0.3424512147903442,0.2575533390045166,0.0275194384157657,0.4786124229431152,0.8356471061706543
160,car,carrer,0.088802429383596,0.4429536759853363,0.4064682424068451,0.298856645822525,0.0940500199794769,0.6805941462516785,0.9220012426376344
160,car,carred,0.1122736017955241,0.5325826406478882,0.3569054007530212,0.2718242108821869,0.175745204091072,0.5669059157371521,0.9411633610725404
160,car,carror,0.041978993403842,0.4927742779254913,0.402820885181427,0.3219321668148041,0.0625801384449005,0.5960724949836731,0.9347255229949952
160,car,carral,0.0885641351021472,0.4464355707168579,0.3953064084053039,0.3213186264038086,0.132060706615448,0.622830331325531,0.9444366693496704
160,car,careor,0.0235221128189106,0.4959562122821808,0.3296759724617004,0.2984789311885834,0.0736480802297592,0.5149262547492981,0.9499342441558838
160,car,carity,0.0551229765986898,0.6065508127212524,0.7098904848098755,0.4959678649902344,0.1115991622209549,0.8053185343742371,0.9530481100082396
160,car,carism,0.0602238722493612,0.5133727788925171,0.7308652400970459,0.4899706244468689,0.0794567391276359,0.7559022307395935,0.8197463154792786
160,car,carive,0.0422692987844249,0.5392045974731445,0.7053070068359375,0.3894680142402649,0.199250191450119,0.8106338381767273,0.9533094763755798
160,car,carize,0.0921806824846321,0.5525858998298645,0.6916829943656921,0.4127383828163147,0.0571635477244854,0.7414831519126892,0.9557026028633118
160,car,carial,0.1065976890913171,0.5526331663131714,0.6986138820648193,0.3834619522094726,0.0902291089296341,0.7574973702430725,0.948039412498474
160,car,carivings,0.0759926986724109,0.4630016088485718,0.6595385074615479,0.4925765991210937,0.2117563486099243,0.6774556636810303,0.8596450686454773
160,car,carables,0.0759926986724109,0.5245210528373718,0.3483149707317352,0.27425417304039,0.1067413017153739,0.5474599003791809,0.9417840838432312
160,car,carities,0.0303613351985841,0.6813255548477173,0.6643698215484619,0.4076722860336303,0.1023047864437103,0.8144534230232239,0.9549749493598938
160,car,caritied,0.160250382077346,0.5152584910392761,0.6503137946128845,0.5156078338623047,0.0607356466352939,0.6897698044776917,0.9555090069770812
160,car,cariving,0.0759926986724109,0.6400236487388611,0.6400066614151001,0.4825372695922851,0.191406100988388,0.772041916847229,0.9084397554397584
160,car,carizing,0.1149963642215455,0.5874058604240417,0.695256233215332,0.4343053102493286,0.0434357933700084,0.7934293150901794,0.9350849390029908
161,old,olds,0.2138869286997637,0.6231805086135864,0.3790667653083801,0.7269365787506104,0.511131763458252,0.6810503005981445,0.965303122997284
161,old,oldder,0.0769396887718184,0.7899614572525024,0.7211796045303345,0.6008344888687134,0.1430358290672302,0.7521569728851318,0.9767765402793884
161,old,olders,0.1099749657724202,0.6689937114715576,0.5260525345802307,0.6911367177963257,0.4523741900920868,0.5403426885604858,0.8154402375221252
161,old,oldeer,0.1131115941143732,0.7969553470611572,0.6740168333053589,0.6120989322662354,0.1844183653593063,0.5908828377723694,0.9757419228553772
161,old,oldity,0.1299775057946376,0.7396427392959595,0.6911499500274658,0.7234529256820679,0.1851972937583923,0.7633200883865356,0.96906715631485
161,old,oldism,0.1218572930950614,0.5323185920715332,0.7056622505187988,0.5950652360916138,0.2774032950401306,0.7590875625610352,0.8742614984512329
161,old,olding,0.0721082027063413,0.7114734649658203,0.7737865447998047,0.6525393724441528,0.294941246509552,0.6187801361083984,0.9651541113853456
161,old,oldor,0.1335241956518722,0.4541006684303283,0.7197946906089783,0.5803369283676147,0.1012806296348571,0.682244062423706,0.9361842274665833
161,old,oldal,0.0376985422649114,0.6450103521347046,0.7449368238449097,0.6572365164756775,0.1208970323204994,0.7853222489356995,0.969206690788269
161,old,olded,0.1244893291549481,0.7727025747299194,0.7514533400535583,0.7382808923721313,0.1794950664043426,0.5663594007492065,0.9642927050590516
161,old,older,0.2625146330058937,0.6321272850036621,0.551730215549469,0.855036735534668,0.6651564836502075,0.8342616558074951,0.966547429561615
161,old,oldes,0.0879545646630125,0.7199837565422058,0.7444290518760681,0.707798421382904,0.4425442516803741,0.6267446875572205,0.8827641606330872
161,old,oldly,0.1220792767717269,0.7699465155601501,0.7390408515930176,0.7082718014717102,0.1887160688638687,0.7071611881256104,0.9725147485733032
161,old,oldation,0.0154107741720611,0.7617978453636169,0.6896580457687378,0.6353773474693298,0.2270958572626114,0.7569659948348999,0.9760056734085084
161,old,oldable,0.1062358109317214,0.8173031210899353,0.6873568892478943,0.7133243680000305,0.2299351841211319,0.7059825658798218,0.9540593028068542
161,old,oldance,0.007896909982309,0.7798269987106323,0.6342754364013672,0.5405726432800293,0.2794488668441772,0.6265116930007935,0.9712225198745728
161,old,oldings,0.0795536318353732,0.7756443619728088,0.6820274591445923,0.586243748664856,0.1921522766351699,0.6445033550262451,0.974113404750824
161,old,oldizer,0.0469005755314436,0.830487847328186,0.6490543484687805,0.5123382806777954,0.1676440984010696,0.6451934576034546,0.9781213402748108
161,old,oldness,0.1376149628580856,0.7409015893936157,0.7176029682159424,0.7459484338760376,0.4224113523960113,0.7307512760162354,0.9418903589248656
161,old,oldment,0.1292668614370781,0.7799662351608276,0.648339569568634,0.601830005645752,0.208651453256607,0.5717694163322449,0.9615203142166138
161,old,olderness,0.1268255271041057,0.6703783273696899,0.446151465177536,0.695293128490448,0.1277976930141449,0.6957971453666687,0.9037758708000184
161,english,englishic,0.13803330647144,0.7849488258361816,0.7408766746520996,0.7471150159835815,0.1939051896333694,0.9019275903701782,0.950467586517334
161,english,englishly,0.1250401779555113,0.6810102462768555,0.7567039728164673,0.7805726528167725,0.2801484167575836,0.7867891192436218,0.9335734248161316
161,english,englished,0.1642563452842608,0.784092903137207,0.7640126943588257,0.7644636034965515,0.2339765280485153,0.8235017657279968,0.9450006484985352
161,english,englishes,0.19032061047514,0.6533915996551514,0.7627882361412048,0.8240479230880737,0.2652627229690552,0.7766789197921753,0.921316921710968
161,english,englisher,0.1158104105892017,0.6900787353515625,0.776721715927124,0.7795946598052979,0.2185415476560592,0.8510922193527222,0.9170624613761902
161,english,englishor,0.13803330647144,0.7241393327713013,0.7310608625411987,0.6781551837921143,0.2231772541999817,0.7145159244537354,0.9243738651275636
161,english,englishization,0.0581006003967515,0.7467165589332581,0.7059614062309265,0.7259639501571655,0.1780882477760315,0.8084384799003601,0.9206892251968384
161,english,englishs,0.1321024703568114,0.7127083539962769,0.8069603443145752,0.8725898265838623,0.3774980306625366,0.7913100123405457,0.9082817435264589
161,english,englishize,0.0755128523996788,0.7867279052734375,0.6865901350975037,0.7604706287384033,0.2053595781326294,0.7348772883415222,0.9453420639038086
161,english,englishism,0.1408039471713058,0.6187121272087097,0.7263393998146057,0.6823825836181641,0.1814922243356704,0.8354049921035767,0.9044245481491088
161,english,englishing,0.1506927441910927,0.7449914216995239,0.769669771194458,0.7720282077789307,0.2532883584499359,0.8031309843063354,0.9237058758735656
161,english,englishers,0.0727103690948337,0.6267762184143066,0.7565045952796936,0.7216957211494446,0.198115587234497,0.8261154294013977,0.8896430134773254
161,english,englishable,0.1107517424224576,0.7548104524612427,0.7140409350395203,0.7356387376785278,0.2360991686582565,0.7568383812904358,0.9452425241470336
161,english,englishency,0.13803330647144,0.815035343170166,0.6414845585823059,0.7514521479606628,0.245402991771698,0.7332968711853027,0.947510838508606
161,english,englishized,0.1475232389670493,0.8095337152481079,0.7088250517845154,0.7692843079566956,0.1748516857624054,0.8530274033546448,0.9421191215515136
161,english,englishizes,0.0820622735694602,0.8086262941360474,0.653308629989624,0.710131049156189,0.1987277418375015,0.7692354917526245,0.9564892649650574
161,english,englishings,0.1413901482272745,0.7511612176895142,0.6817755103111267,0.7536553144454956,0.2086870819330215,0.780160129070282,0.923685610294342
161,english,englishisms,0.0187000108929913,0.7163238525390625,0.682712972164154,0.6292285919189453,0.1705179959535598,0.8335843086242676,0.9124181270599364
161,english,englishment,0.1533397070107481,0.7725027799606323,0.6698750257492065,0.7510612607002258,0.1952182203531265,0.751611053943634,0.9493651390075684
161,english,englishness,0.1712404350852959,0.7336809635162354,0.7247563600540161,0.752161979675293,0.2757479548454284,0.8109774589538574,0.9127622842788696
161,english,englishation,0.13803330647144,0.7340099811553955,0.7098739147186279,0.7514896392822266,0.2234098613262176,0.8335409760475159,0.9380035996437072
161,english,englishments,0.0936458360020521,0.8205490112304688,0.6545785665512085,0.5936030149459839,0.1764884740114212,0.7580289840698242,0.9599907398223876
161,english,englishability,0.1345780858746571,0.7650817632675171,0.6663011312484741,0.592532217502594,0.2280625998973846,0.7325066924095154,0.9349135756492616
161,fonts,font,0.47493312411961,0.7763211131095886,0.8676996231079102,0.901219606399536,0.8457907438278198,0.7577000856399536,0.9022803902626038
161,fonts,fontables,0.258654983744402,0.7182148694992065,0.892694890499115,0.7938442826271057,0.1287378370761871,0.8611279726028442,0.9239194989204408
161,fonts,fonttable,0.2974103462634463,0.7675285339355469,0.7171914577484131,0.6108590364456177,0.1311452239751815,0.8087645173072815,0.9216675758361816
161,fonts,fonttables,0.3172722102427449,0.6876077651977539,0.8604106903076172,0.6395595073699951,0.1728425472974777,0.8591206073760986,0.9272772073745728
161,fonts,fontallies,0.258654983744402,0.4407812058925628,0.7435052990913391,0.7954487800598145,0.0806821435689926,0.576046347618103,0.8474776744842529
161,fonts,fontal,0.2127921033841124,0.7907346487045288,0.8244731426239014,0.7433943748474121,0.078754223883152,0.7882329225540161,0.8831321597099304
161,fonts,fonter,0.2183958662825195,0.5723464488983154,0.8351954817771912,0.7430442571640015,0.0617766417562961,0.7313981056213379,0.8559567928314209
161,fonts,fontes,0.3517958614158945,0.5043243169784546,0.8596428632736206,0.945894718170166,0.1847810447216034,0.749014675617218,0.840657651424408
161,fonts,fonted,0.2558437559986043,0.8066279888153076,0.8289127945899963,0.8073909282684326,0.4552204608917236,0.834221601486206,0.9272406101226808
161,fonts,fontor,0.1806476526461327,0.6794717907905579,0.801109254360199,0.7133288383483887,0.015287846326828,0.7046392560005188,0.8732473850250244
161,fonts,fontly,0.3792201889013913,0.7677874565124512,0.8087413311004639,0.7207804918289185,0.0561357550323009,0.8390963077545166,0.9097354412078856
161,fonts,fontable,0.2363850664579556,0.735686182975769,0.7537709474563599,0.7323919534683228,0.0943313539028167,0.7987138032913208,0.9164016246795654
161,fonts,fontally,0.258654983744402,0.8175039291381836,0.7494503259658813,0.7783774137496948,0.0607151947915554,0.8154444098472595,0.9093093872070312
161,fonts,fontance,0.258654983744402,0.6491751074790955,0.7456517219543457,0.7227903604507446,0.0894544050097465,0.7514901161193848,0.8482533097267151
161,fonts,fontions,0.258654983744402,0.8183454275131226,0.7544160485267639,0.773693323135376,0.1596810072660446,0.8493191003799438,0.921396791934967
161,fonts,fontized,0.2358393020074886,0.7850321531295776,0.7644821405410767,0.7438706159591675,0.0835030823945999,0.8202061057090759,0.9050649404525756
161,fonts,fontness,0.2196513181952673,0.7992940545082092,0.7977478504180908,0.7953329682350159,0.1314349025487899,0.8197188377380371,0.9111136198043824
161,fonts,fontive,0.258654983744402,0.7424458265304565,0.7614312171936035,0.6941803693771362,0.0639795511960983,0.7939776182174683,0.8852287530899048
161,fonts,fontize,0.3097396302386787,0.7475077509880066,0.7548026442527771,0.7244124412536621,0.10298503190279,0.8132002353668213,0.9185120463371276
161,fonts,fontion,0.2099194281677616,0.658731997013092,0.7817655205726624,0.7288097739219666,0.1105700060725212,0.7700724005699158,0.8555706143379211
161,fonts,fonting,0.3236865802423279,0.8501659631729126,0.8454222083091736,0.8328357934951782,0.1020406112074852,0.8742594718933105,0.9444395303726196
161,fonts,fontism,0.2513794132561324,0.809838056564331,0.7844225168228149,0.724370539188385,0.1188664138317108,0.8423522710800171,0.9155322313308716
161,fonts,fonters,0.1881615168358849,0.8059676289558411,0.8156389594078064,0.7963676452636719,0.1046846434473991,0.8549089431762695,0.927086353302002
162,density,densities,0.5405206051140755,0.5206587910652161,0.5108441114425659,0.8733077049255371,0.7854079008102417,0.5206589102745056,0.904364287853241
162,density,densitied,0.315273229223824,0.4828214645385742,0.4132883548736572,0.1883677989244461,0.2167536318302154,0.4828213453292846,0.8865357637405396
162,density,densitys,0.3040665189082137,0.7725251317024231,0.7996004819869995,0.9597256779670716,0.2799127995967865,0.7725252509117126,0.8700838088989258
164,liver,liverables,0.3212648655364334,0.6323583126068115,0.755440354347229,0.7050092816352844,0.0893294364213943,0.6231014728546143,0.8856037259101868
164,liver,liveration,0.2286756208809651,0.7703145742416382,0.8298608660697937,0.7873396873474121,0.1259548813104629,0.7670444846153259,0.9301068782806396
164,liver,liveral,0.2250394646692196,0.8373904824256897,0.8237048983573914,0.8198167681694031,0.1269824206829071,0.8148482441902161,0.944902241230011
164,liver,liveres,0.2875040023890451,0.6649264097213745,0.8283681869506836,0.8360199928283691,0.1666809618473053,0.7373577952384949,0.8985936641693115
164,liver,liverer,0.2697306926192279,0.6395161747932434,0.8165136575698853,0.6895272731781006,0.1406354904174804,0.6760472655296326,0.859501302242279
164,liver,livered,0.2087721880605538,0.7687232494354248,0.8318583369255066,0.7961983680725098,0.2069608718156814,0.7463420629501343,0.9152522087097168
164,liver,liveror,0.2806781700924573,0.6574459075927734,0.7987379431724548,0.6717404127120972,0.0800547674298286,0.5743337869644165,0.8811208009719849
164,liver,liverly,0.1689076797840453,0.8211971521377563,0.8142968416213989,0.7364319562911987,0.1331757456064224,0.804919958114624,0.9443790316581726
164,liver,liverity,0.2697306926192279,0.7715879082679749,0.8173801898956299,0.8076273202896118,0.1580248177051544,0.7873494625091553,0.9125648736953736
164,liver,livering,0.2567217184296546,0.7377551794052124,0.8397815227508545,0.809438943862915,0.1568202674388885,0.784960150718689,0.920147716999054
164,liver,liverion,0.2697306926192279,0.7988086938858032,0.8113577365875244,0.7868262529373169,0.105407528579235,0.7839164733886719,0.9170328378677368
164,liver,livereds,0.2079113453331799,0.6374622583389282,0.7284276485443115,0.7848663330078125,0.1374633908271789,0.5918734073638916,0.8951511383056641
164,liver,liverals,0.1917233615209587,0.7829329967498779,0.8081756830215454,0.7339062690734863,0.0994545891880989,0.565509021282196,0.9079928994178772
164,liver,liverance,0.1384637530726377,0.7802047729492188,0.7901502251625061,0.7082337141036987,0.1127165257930755,0.7403212785720825,0.9362314343452454
164,liver,liverally,0.2697306926192279,0.8641098737716675,0.7936556339263916,0.7790279388427734,0.0850613266229629,0.7850783467292786,0.9485020637512208
164,liver,liverable,0.3212648655364334,0.7632336020469666,0.8129137754440308,0.7195287942886353,0.1089986488223075,0.731022298336029,0.9301058650016784
164,liver,liverence,0.2079113453331799,0.838830292224884,0.8011373281478882,0.7358547449111938,0.1325131356716156,0.6413617730140686,0.939990222454071
164,liver,liverings,0.2697306926192279,0.716971755027771,0.8130701780319214,0.7560440301895142,0.1449164599180221,0.589049220085144,0.8857587575912476
164,liver,livers,0.4716299478935714,0.785341739654541,0.8428757786750793,0.8871681094169617,0.7059640288352966,0.7855093479156494,0.9206478595733644
164,disease,diseasement,0.2063913638078068,0.8020244836807251,0.7416945099830627,0.8295512795448303,0.2425979226827621,0.8098810911178589,0.9262744188308716
164,disease,diseaseness,0.230133058670723,0.7896039485931396,0.7867507934570312,0.8552637100219727,0.2676550447940826,0.8267751336097717,0.8985183835029602
164,disease,diseaser,0.2556523254578227,0.787474513053894,0.7756243944168091,0.6264122724533081,0.2699164450168609,0.808775782585144,0.918520212173462
164,disease,diseases,0.6003502294383115,0.9017074704170228,0.7532281875610352,0.9331260323524476,0.8037562370300293,0.9025313854217528,0.9457752108573914
164,disease,diseased,0.3811960714189891,0.7066081762313843,0.7758646607398987,0.7400645017623901,0.5194785594940186,0.82664555311203,0.8848572373390198
164,disease,diseasic,0.1821533602693961,0.537481427192688,0.4015851318836212,0.288582980632782,0.0915382951498031,0.555839478969574,0.9413352608680724
164,disease,diseasor,0.1821533602693961,0.5028632283210754,0.4203736782073974,0.2342189997434616,0.1229750886559486,0.4799071252346039,0.9358062744140624
164,disease,diseaseion,0.230133058670723,0.8099050521850586,0.7774656414985657,0.8411284685134888,0.2764540910720825,0.7918399572372437,0.9464230537414552
164,disease,diseaseing,0.230133058670723,0.800214409828186,0.8013620376586914,0.833450436592102,0.2980942130088806,0.8061930537223816,0.905109167098999
164,disease,diseaseers,0.230133058670723,0.7383763790130615,0.8073476552963257,0.6626499891281128,0.2237517088651657,0.7728808522224426,0.9378802180290222
164,disease,diseasion,0.1821533602693961,0.3857052028179168,0.4297028183937073,0.2926854193210602,0.1881128400564193,0.5969245433807373,0.8911672234535217
164,disease,diseasing,0.233874980378006,0.4538177847862243,0.4205328226089477,0.2718785107135772,0.1243559196591377,0.5672933459281921,0.9031527638435364
164,disease,diseaseor,0.2043802884380558,0.7983566522598267,0.7479389905929565,0.7035369873046875,0.2975102663040161,0.831829309463501,0.919286012649536
164,disease,diseasers,0.230133058670723,0.7451306581497192,0.8061872124671936,0.5846938490867615,0.2498959302902221,0.7947030067443848,0.931849718093872
164,disease,diseaseer,0.1593376785324827,0.7558573484420776,0.7927392721176147,0.6748208403587341,0.2561245262622833,0.767679750919342,0.8967882990837097
164,disease,diseasees,0.2258126202781251,0.6749207377433777,0.7902140617370605,0.8942837715148926,0.2714027762413025,0.7902228236198425,0.8627243041992188
165,avril,avrils,0.4912941828435446,0.8114217519760132,0.9475841522216796,0.8531504273414612,0.4171501398086548,0.9006863832473755,0.9431575536727904
165,avril,avrilness,0.4663542222796346,0.8163788318634033,0.9340905547142028,0.7961794137954712,0.3262853622436523,0.8709865212440491,0.9561479091644288
165,avril,avrilly,0.3120983530351289,0.5173643827438354,0.8065452575683594,0.6128017902374268,0.3554513454437256,0.802207350730896,0.9053321480751038
165,lavigne,lavigned,0.360976793540784,0.5976667404174805,0.8500715494155884,0.5579650402069092,0.3483422696590423,0.741356611251831,0.9394698143005372
165,lavigne,lavignes,0.3852464485178549,0.8299190998077393,0.9653210639953612,0.9185434579849244,0.4614002108573913,0.9311109185218812,0.955918788909912
165,lyrics,lyricsally,0.2722288339243739,0.7117933034896851,0.7680619359016418,0.7828693985939026,0.2324717938899994,0.8149752616882324,0.9523464441299438
165,lyrics,lyricsness,0.2722288339243739,0.701333224773407,0.7825616598129272,0.7201988697052002,0.1645391881465912,0.7586650252342224,0.9080265164375304
165,lyrics,lyricssing,0.1836035804348874,0.7893679141998291,0.7806631326675415,0.7189548015594482,0.2759271562099457,0.7963495850563049,0.9501925110816956
165,lyrics,lyricsers,0.2722288339243739,0.7194727659225464,0.804694652557373,0.6731910705566406,0.2046853452920913,0.7926759719848633,0.9310722947120668
165,lyrics,lyricsism,0.222607245984022,0.5656772255897522,0.7959038615226746,0.6258187294006348,0.306695818901062,0.642038106918335,0.7502809166908264
165,lyrics,lyricsing,0.222607245984022,0.6700447797775269,0.7911576628684998,0.7512659430503845,0.2789291441440582,0.7600184679031372,0.9174992442131042
165,lyrics,lyricsal,0.1997915642471086,0.6400057077407837,0.7648792862892151,0.7876095175743103,0.1752394735813141,0.7733693718910217,0.9434944987297058
165,lyrics,lyricsed,0.2788491862162936,0.7184593677520752,0.7997887134552002,0.8012785315513611,0.1680635809898376,0.7625333666801453,0.929504692554474
165,lyrics,lyricses,0.222607245984022,0.6166008710861206,0.7826895713806152,0.8942484855651855,0.1600533276796341,0.7628000974655151,0.8924476504325867
166,carribean,carribeans,0.3976482183003165,0.8690160512924194,0.9434812664985656,0.9137604832649232,0.3120743632316589,0.9434977769851683,0.9132205247879028
166,cruises,cruiseed,0.2349090866075203,0.5809310674667358,0.6354252696037292,0.7151044011116028,0.2267592996358871,0.6574735045433044,0.7996039986610413
166,cruises,cruisees,0.4045420202643815,0.6604039072990417,0.6592276096343994,0.8642732501029968,0.2992491722106933,0.6842681169509888,0.848518967628479
166,cruises,cruiseer,0.1959054210583857,0.5442380309104919,0.5992839336395264,0.7545998096466064,0.224249318242073,0.6686220765113831,0.8649405241012573
166,cruises,cruisely,0.2577247683444338,0.4727449715137481,0.6265220642089844,0.7778548002243042,0.312079906463623,0.7940933704376221,0.8518834710121155
166,cruises,cruision,0.2577247683444338,0.4636306166648865,0.5052484273910522,0.2107298374176025,0.179909810423851,0.3911473453044891,0.9011112451553344
166,cruises,cruising,0.4888316162531294,0.860429048538208,0.6648106575012207,0.6807735562324524,0.6261657476425171,0.6216057538986206,0.9848830699920654
166,cruises,cruise,0.5896937434494363,0.5882361531257629,0.6837458610534668,0.8919374346733093,0.8088884353637695,0.8993672132492065,0.9687326550483704
166,cruises,cruiseable,0.2577247683444338,0.575146496295929,0.6717898845672607,0.7211308479309082,0.2913286089897156,0.7155494689941406,0.8661646842956543
166,cruises,cruiseability,0.2349090866075203,0.521906316280365,0.7021843791007996,0.6813468337059021,0.2403748929500579,0.7447580695152283,0.8526769280433655
166,cruises,cruised,0.2827212445535766,0.6129642128944397,0.6140705347061157,0.7557930946350098,0.5429790019989014,0.6252607107162476,0.8703708648681641
166,cruises,cruisor,0.1730897393214723,0.5023229122161865,0.5066330432891846,0.1831124126911163,0.1166340857744216,0.4146947860717773,0.9385098814964294
166,cruises,cruisal,0.2577247683444338,0.5355071425437927,0.4945890605449676,0.2441169917583465,0.0761713460087776,0.4304417371749878,0.9330633878707886
166,cruises,cruisable,0.1797174372461645,0.5155799388885498,0.5253791213035583,0.2027335911989212,0.024337250739336,0.4465562105178833,0.910478174686432
166,cruises,cruiseism,0.2577247683444338,0.6097803711891174,0.6871522068977356,0.7326420545578003,0.2170297801494598,0.587861180305481,0.8267702460289001
166,cruises,cruiseing,0.2828770553657252,0.560906708240509,0.624747097492218,0.8415642976760864,0.2693858742713928,0.7286441326141357,0.739974856376648
166,cruises,cruiseers,0.3087716604695747,0.6055780649185181,0.6563175916671753,0.78006911277771,0.2366272062063217,0.7383921146392822,0.9038946032524108
166,cruises,cruiseals,0.2349090866075203,0.6826425790786743,0.6848948001861572,0.7974631786346436,0.3034820258617401,0.8024051785469055,0.954879105091095
166,cruises,cruisings,0.1739455765955937,0.7253533601760864,0.5822799205780029,0.6824296712875366,0.2158253490924835,0.7012686133384705,0.8584607243537903
166,cruises,cruisability,0.1769490156573294,0.4501545429229736,0.5537664294242859,0.1647288352251052,0.0454218462109565,0.4509657621383667,0.9357582330703736
167,tiki,tikis,0.5879220931408443,0.7218755483627319,0.8385742902755737,0.9367153644561768,0.7757071852684021,0.7395725250244141,0.9442944526672364
167,artist,artistals,0.1215001464222909,0.7099149227142334,0.700965166091919,0.7516363859176636,0.2250280827283859,0.761277437210083,0.9266662001609802
167,artist,artisteer,-0.0703718345101744,0.825243353843689,0.7419638633728027,0.7364096641540527,0.2255159318447113,0.8460668921470642,0.9446593523025512
167,artist,artistism,0.167018131305507,0.6089746356010437,0.7626370191574097,0.6949151754379272,0.1925128400325775,0.7232826948165894,0.8799529671669006
167,artist,artistted,0.1215001464222909,0.7878827452659607,0.7572646141052246,0.7203607559204102,0.2488836199045181,0.7999384999275208,0.9409028887748718
167,artist,artistable,0.1930457312598633,0.5674823522567749,0.7316528558731079,0.6623581051826477,0.2129413485527038,0.761702835559845,0.9216339588165284
167,artist,artistally,0.0490370480125859,0.7169032692909241,0.7008044123649597,0.6486316919326782,0.2192333042621612,0.818593442440033,0.9389702081680298
167,artist,artistness,0.0777823566746595,0.590024471282959,0.7456888556480408,0.729340672492981,0.3094249069690704,0.78507000207901,0.8802700042724609
167,artist,artistially,0.126431435861531,0.5402576923370361,0.6294341087341309,0.524257242679596,0.1502209901809692,0.6313811540603638,0.8872352242469788
167,artist,artisttable,0.1538252017260536,0.7719283103942871,0.6848533749580383,0.7582306861877441,0.3679139018058777,0.7956371903419495,0.9623300433158876
167,artist,artists,0.6189688251273975,0.7929438352584839,0.8134071826934814,0.8240517973899841,0.7440126538276672,0.8467032313346863,0.9660929441452026
167,artist,artistor,0.1401184725089199,0.6887654066085815,0.7311524152755737,0.7174187898635864,0.2329233735799789,0.7428750395774841,0.9291456341743468
167,artist,artistly,0.0824964808731563,0.6811895370483398,0.742631196975708,0.6827542781829834,0.3216638565063476,0.7760651111602783,0.8495972752571106
167,artist,artistal,0.126431435861531,0.7442642450332642,0.7277075052261353,0.7276806831359863,0.2132736891508102,0.6798154711723328,0.945784330368042
168,hp,hply,0.1694434703071409,0.7844734191894531,0.8109555840492249,0.5929940342903137,0.1485553532838821,0.8072845935821533,0.9653844833374025
168,hp,hpism,0.2230961632931698,0.7128562331199646,0.8207166194915771,0.558975338935852,-0.0528678521513938,0.7618741989135742,0.9043691754341124
168,hp,hplies,0.2143945951547878,0.7602382898330688,0.7660480737686157,0.6268388032913208,0.1074315384030342,0.7608290314674377,0.9716536402702332
168,hp,hpness,0.2636828587371458,0.818790853023529,0.8075674772262573,0.7293844223022461,0.0051946905441582,0.7521734833717346,0.967456877231598
168,service,servicability,0.0498786063475556,0.3724238574504852,0.3076964616775512,0.6228330135345459,0.2275684028863906,0.4247741997241974,0.8454868197441101
168,service,servicement,0.0754590273176461,0.651701807975769,0.4004832506179809,0.3668587505817413,0.1325364112854004,0.5714676976203918,0.942169427871704
168,service,servicizing,0.0725905287063392,0.4682593047618866,0.3294546604156494,0.6746549010276794,0.1417899280786514,0.5076547861099243,0.7055681943893433
168,service,servicibility,0.0692085327135357,0.4214754998683929,0.2666080296039581,0.5654131174087524,0.1763024926185608,0.4361295998096466,0.8466311693191528
168,service,servicer,0.0980113156103155,0.7580973505973816,0.795392632484436,0.7775235176086426,0.2309601753950119,0.7088092565536499,0.9750193357467652
168,service,services,0.1870784508092307,0.5903326272964478,0.6623203158378601,0.9205489158630372,0.7012199759483337,0.8250784873962402,0.9270320534706116
168,service,serviced,0.1124854200503283,0.6407161951065063,0.408449113368988,0.6578409671783447,0.3809771239757538,0.7050743699073792,0.96891987323761
168,service,servicor,0.066191785076871,0.4636745452880859,0.3521812558174133,0.6213563680648804,0.2301493138074875,0.5633233785629272,0.9191864132881165
168,service,servical,-0.0203546174546972,0.4477984309196472,0.3742976486682892,0.6384843587875366,0.1249174550175666,0.4854135811328888,0.9066555500030518
168,service,serviceal,0.0692085327135357,0.74086594581604,0.7669122219085693,0.8161741495132446,0.2463449984788894,0.8210334777832031,0.9689792990684508
168,service,serviceer,0.0789799616322538,0.7204470038414001,0.7861056923866272,0.8069436550140381,0.3222231864929199,0.7085564136505127,0.96625417470932
168,service,servicees,0.0822840414966604,0.6390366554260254,0.7713772058486938,0.8906880617141724,0.3285404443740845,0.7842689156532288,0.9314046502113342
168,service,serviceds,0.0707726167625052,0.6219794154167175,0.4592353701591491,0.6510010957717896,0.1568703204393386,0.765346109867096,0.8751815557479858
168,service,serviceed,0.0794655846162197,0.7722183465957642,0.7622044086456299,0.8395576477050781,0.3442709147930145,0.811660647392273,0.961912989616394
168,service,serviceor,0.0681027318489604,0.7153192758560181,0.7369070053100586,0.7106889486312866,0.283010184764862,0.7822916507720947,0.965423822402954
168,service,servicers,0.0934528581277397,0.7433351278305054,0.7594338059425354,0.7450988292694092,0.1676097214221954,0.7044928073883057,0.96595698595047
168,service,servicion,0.0507597079915737,0.4115978479385376,0.341077595949173,0.6619514226913452,0.160040408372879,0.5002138614654541,0.9401257038116456
168,service,servicing,0.1274484673471272,0.6433954238891602,0.4239651560783386,0.7066558599472046,0.5043970346450806,0.6928486227989197,0.9611828327178956
168,service,servicize,0.0557238897533036,0.537737250328064,0.3348480463027954,0.6546427011489868,0.1725711971521377,0.5996794700622559,0.9373206496238708
168,service,servicably,-0.0244568773040003,0.4259677529335022,0.3021252751350403,0.5728554725646973,0.0576651953160762,0.5699151158332825,0.856861412525177
168,service,servicable,0.0276577335536314,0.4859481453895569,0.3250274658203125,0.6141558289527893,0.1494361907243728,0.5586891174316406,0.8567942976951599
168,service,serviceion,0.0373624699820476,0.6718460321426392,0.717134952545166,0.843002200126648,0.3355384171009063,0.7663858532905579,0.9479112029075624
168,service,serviceing,0.0717877085940446,0.7380633354187012,0.790794849395752,0.8857402205467224,0.4624062776565552,0.7932001948356628,0.9251924753189088
168,service,serviceive,0.0373624699820476,0.6648709774017334,0.6872866153717041,0.7670153975486755,0.2801934480667114,0.7462124824523926,0.9584117531776428
168,service,serviceics,0.0794655846162197,0.7031154632568359,0.6945616006851196,0.6976536512374878,0.2163546532392501,0.7945481538772583,0.847613513469696
168,service,serviceeds,0.0794655846162197,0.6743298172950745,0.6819381713867188,0.8222523331642151,0.2706565260887146,0.7421125173568726,0.902039110660553
168,service,serviceers,0.0828272697896274,0.7182888984680176,0.7569390535354614,0.776155948638916,0.3287228047847748,0.75942462682724,0.9669100642204284
168,service,servicible,0.0391620281262875,0.5022295117378235,0.2971737384796142,0.5873771905899048,0.1294901072978973,0.5715656876564026,0.8253195881843567
168,service,servicings,0.0598153868214774,0.6297749280929565,0.4601979851722717,0.6924270391464233,0.1843013018369674,0.6848564147949219,0.8222673535346985
168,service,servicized,0.0641434584532081,0.5398622751235962,0.344494879245758,0.6615109443664551,0.1211403608322143,0.602603554725647,0.9051443934440612
168,service,servicization,0.0789799616322538,0.4211588501930237,0.3355538845062256,0.6801763772964478,0.161480575799942,0.4496999680995941,0.8106932044029236
168,service,serviceallied,0.0794655846162197,0.6015508770942688,0.5769329071044922,0.7473602294921875,0.230616956949234,0.6595056056976318,0.945650041103363
169,crab,crabs,0.5462288470965108,0.8847485780715942,0.7462262511253357,0.9205636382102966,0.825943648815155,0.803734302520752,0.9846503138542176
169,crab,crabable,0.3047225091316768,0.5222212076187134,0.8282850384712219,0.7355712652206421,0.22323739528656,0.7405754327774048,0.9079009294509888
169,crab,crabbers,0.4229295755852444,0.49103444814682,0.8382329940795898,0.8192668557167053,0.5481076836585999,0.8393517136573792,0.7984123229980469
169,crab,crabbing,0.4381432083124484,0.49133962392807,0.8318917751312256,0.8075487017631531,0.5544950366020203,0.7934828400611877,0.769917905330658
169,crab,crabment,0.3576768842487045,0.6705502867698669,0.8176490664482117,0.765869140625,0.2667460441589355,0.7948905229568481,0.9648987054824828
169,crab,crabness,0.3047225091316768,0.6738563179969788,0.8331032991409302,0.832531750202179,0.3261555731296539,0.8481947183609009,0.9612576961517334
169,crab,crably,0.2531624678386854,0.6429173946380615,0.8337098956108093,0.7676259279251099,0.3453538417816162,0.7861746549606323,0.896082878112793
169,crab,crabor,0.3047225091316768,0.6456360220909119,0.8218061923980713,0.7667145133018494,0.2415729910135269,0.7248446941375732,0.9703468084335328
169,crab,crabed,0.3576768842487045,0.6684117913246155,0.8537395000457764,0.6889338493347168,0.2767364978790283,0.8224367499351501,0.95307719707489
169,crab,crabes,0.2774541639604907,0.4309552907943725,0.8460177183151245,0.8862413167953491,0.2726442813873291,0.8090092539787292,0.9508351683616638
169,crab,craber,0.2884465879152365,0.4771425724029541,0.8403946161270142,0.8129700422286987,0.2987644970417022,0.8158360123634338,0.9343498945236206
169,crab,crabal,0.2819068273947633,0.6619640588760376,0.8377101421356201,0.8496390581130981,0.2958970963954925,0.759613037109375,0.9617406725883484
169,crab,crabation,0.3047225091316768,0.6678385734558105,0.8309405446052551,0.7277067303657532,0.2581718266010284,0.6673949360847473,0.9465604424476624
169,crab,crabbable,0.3576768842487045,0.4176920652389526,0.7744174003601074,0.728451132774353,0.1288694143295288,0.5988003611564636,0.918363094329834
169,crab,crabbings,0.3339351893857883,0.4399250149726867,0.7875860929489136,0.7888000011444092,0.1976779401302337,0.6817329525947571,0.7006282210350037
169,crab,crabing,0.2825114782195062,0.6089790463447571,0.8550581932067871,0.7832647562026978,0.2705132961273193,0.8255195021629333,0.925166666507721
169,crab,crabber,0.4591500383261027,0.5487079620361328,0.8379906415939331,0.8224016427993774,0.5679864883422852,0.8601652383804321,0.8997491598129272
169,legs,leg,0.4520612694079626,0.8391668200492859,0.6458275318145752,0.8881213665008545,0.7251560091972351,0.8690571784973145,0.9698670506477356
169,legs,legization,0.2243586996423976,0.712083101272583,0.5603668689727783,0.5539100170135498,-0.0545965209603309,0.7655410766601562,0.9596443176269532
169,legs,legably,0.2243586996423976,0.6693794131278992,0.5421556234359741,0.3705950379371643,0.0819485932588577,0.7286605834960938,0.9096863269805908
169,legs,legable,0.1691362875480979,0.587754487991333,0.5545834302902222,0.4796139001846313,0.0828899815678596,0.6911773085594177,0.8532876968383789
169,legs,legance,0.0983975449341438,0.6033928990364075,0.5441114902496338,0.4508497714996338,0.0859262198209762,0.690462589263916,0.9510514140129088
169,legs,legancy,0.0467130393577459,0.6059964895248413,0.5401763916015625,0.498460590839386,0.0699174255132675,0.7261442542076111,0.9334176182746888
169,legs,legence,0.0869268675666953,0.610573410987854,0.5725005865097046,0.5624898672103882,0.0952126458287239,0.779556393623352,0.9423037767410278
169,legs,legency,0.0822349515072803,0.6805367469787598,0.5240100622177124,0.4562633037567138,0.1060821712017059,0.781430721282959,0.9632668495178224
169,legs,leggers,0.2238921712101726,0.7270746231079102,0.585856556892395,0.6360912919044495,0.3667530417442322,0.805256724357605,0.9458122849464417
169,legs,legging,0.2059201904026738,0.7427011132240295,0.5459964275360107,0.6079820394515991,0.3283343613147735,0.7742649912834167,0.9365463256835938
169,legs,legings,0.1039363315868885,0.7216354608535767,0.5937089323997498,0.736025333404541,0.0654715672135353,0.7902063727378845,0.9580142498016356
169,legs,legized,0.2243586996423976,0.6926045417785645,0.5572720766067505,0.5286339521408081,0.0522915236651897,0.7836859822273254,0.9275020360946656
169,legs,legness,0.185355034093263,0.7307186722755432,0.5696066617965698,0.6896212697029114,0.086954191327095,0.7838699221611023,0.9349817037582396
169,legs,leggibility,0.2243586996423976,0.5165675282478333,0.5521923303604126,0.6135505437850952,0.1298439800739288,0.5921995639801025,0.8632609844207764
169,legs,legly,0.1727986583494062,0.635204553604126,0.561549186706543,0.5354948043823242,0.168456345796585,0.7238907814025879,0.9442649483680724
169,legs,legor,0.1099027809211569,0.4518010020256042,0.3176204860210418,0.2297669053077697,0.0602795891463756,0.5666570067405701,0.8993557095527649
169,legs,leged,0.199724922630624,0.7209744453430176,0.5483194589614868,0.5183632373809814,0.1590494513511657,0.7824245095252991,0.9253156781196594
169,legs,leges,0.1176467448158497,0.5351701378822327,0.5720322132110596,0.6419001221656799,0.1679748296737671,0.6999046802520752,0.9314491152763368
169,legs,legic,-0.0249651111995712,0.4395930171012878,0.5284093618392944,0.3623020052909851,0.0537026189267635,0.6991376280784607,0.7738859057426453
169,legs,leggality,0.1397236706194362,0.5149530172348022,0.5136070847511292,0.4642902314662933,0.098534770309925,0.605247974395752,0.954565703868866
169,legs,leggally,0.0758579016356113,0.4836978614330292,0.5116810202598572,0.5475527048110962,0.1357625126838684,0.7003583312034607,0.9255570769309998
169,legs,leggized,0.2243586996423976,0.6169648170471191,0.5497450828552246,0.494922012090683,0.1508247852325439,0.6472296714782715,0.9656919836997986
169,legs,legially,0.2243586996423976,0.5018507242202759,0.5315793752670288,0.3626075685024261,0.0621890090405941,0.6274584531784058,0.9287649393081664
169,legs,legments,0.2243586996423976,0.5185574889183044,0.5620288848876953,0.6498206853866577,0.1336601078510284,0.7456532120704651,0.7764202356338501
169,legs,legability,0.2243586996423976,0.6213464736938477,0.5812197923660278,0.415435254573822,0.0848516747355461,0.7652063369750977,0.93531996011734
169,legs,leging,0.1647416898582548,0.6778804063796997,0.5497591495513916,0.5967400074005127,0.0374232791364192,0.7274921536445618,0.9194962978363036
169,legs,legism,0.2015430179054843,0.505139172077179,0.5796337723731995,0.5810785293579102,0.1048364490270614,0.7198182940483093,0.8112486600875854
169,legs,legity,0.1625393523563496,0.5929183959960938,0.5553281307220459,0.4725611805915832,0.0984079465270042,0.7413293719291687,0.8990387916564941
169,legs,legial,0.0666125040620537,0.649227499961853,0.5571035146713257,0.464816689491272,0.0443038940429687,0.7622453570365906,0.936390221118927
169,legs,legics,0.2243586996423976,0.6506057977676392,0.5871191620826721,0.5048031806945801,0.1254153996706009,0.7681753039360046,0.8785274624824524
169,legs,leggal,0.0267626512156965,0.6083347797393799,0.5383121967315674,0.5123614072799683,0.0878911837935447,0.7626874446868896,0.9399170279502868
169,legs,legger,0.1287319612301307,0.6019253730773926,0.5772737264633179,0.5316483974456787,0.3597761392593384,0.7300133109092712,0.9404529333114624
169,legs,leggor,0.2243586996423976,0.5991068482398987,0.5728208422660828,0.4220131039619446,0.1715866774320602,0.7675530314445496,0.9414774775505066
169,legs,legeds,0.2431384955106692,0.6283829212188721,0.4914945960044861,0.5963051319122314,0.0975405275821685,0.7134878039360046,0.8916232585906982
169,legs,legeer,0.1463513685441284,0.6155672073364258,0.554989218711853,0.5746438503265381,0.0131085226312279,0.7748675346374512,0.9490450620651244
170,maps,map,0.2438126678593935,0.7020808458328247,0.7817909717559814,0.9336134791374208,0.8350775837898254,0.8926244378089905,0.9752821922302246
170,maps,mapor,0.1332222189477197,0.5720010995864868,0.6536448001861572,0.6506380438804626,0.2485170513391494,0.5278701782226562,0.9459933638572692
170,maps,mapal,-0.0346260380851503,0.6392836570739746,0.6596053838729858,0.6861171126365662,0.2526237666606903,0.7538182735443115,0.943699300289154
170,maps,maped,0.0554074922648774,0.6584390997886658,0.6804494857788086,0.7249698042869568,0.4366252422332763,0.6844316720962524,0.9147584438323976
170,maps,maper,0.0527199243548771,0.5648188591003418,0.6585834622383118,0.6790764331817627,0.1610983908176422,0.6296594738960266,0.9178037047386168
170,maps,mapes,0.1152129758806638,0.556462824344635,0.6728761196136475,0.7481609582901001,0.2611265182495117,0.7066080570220947,0.9483535885810852
170,maps,mapic,-0.037354320716009,0.5460573434829712,0.6678779721260071,0.6511917114257812,0.1985057741403579,0.713787317276001,0.8025822639465332
170,maps,mapority,0.1601607865152155,0.4836255013942718,0.6323303580284119,0.6442643404006958,0.2589406669139862,0.521428108215332,0.8731095194816589
170,maps,mappable,0.1914979207857013,0.5198345184326172,0.6280761957168579,0.6706308126449585,0.3811749517917633,0.5811976194381714,0.9296188354492188
170,maps,mapable,0.0387703042181709,0.6143504977226257,0.6821762323379517,0.6753552556037903,0.2688064575195312,0.6816136240959167,0.9435515999794006
170,maps,mapally,0.1601607865152155,0.5906450748443604,0.6671041250228882,0.6593563556671143,0.2121723294258117,0.673768937587738,0.9318090081214904
170,maps,mapings,0.1600928247587736,0.6468313932418823,0.6848294734954834,0.763405442237854,0.3166468143463135,0.7757877111434937,0.9527349472045898
170,maps,mapness,0.1015785766455512,0.6383265256881714,0.6730129718780518,0.7698686122894287,0.2130361646413803,0.5879101753234863,0.8729141354560852
170,maps,mappers,0.2715099797456031,0.7223584651947021,0.7030994892120361,0.7429789304733276,0.5065802335739136,0.7232553362846375,0.9603525400161744
170,maps,mapabilities,0.137345104778302,0.5000408887863159,0.6191542744636536,0.6926164627075195,0.2800443172454834,0.515303909778595,0.8958879113197327
170,maps,mapability,0.1081345004251946,0.633787989616394,0.6923505663871765,0.6928608417510986,0.249622568488121,0.6142473220825195,0.9172399640083312
170,maps,mappability,0.1118858471981988,0.4999670684337616,0.6554117202758789,0.6482231616973877,0.2222898006439209,0.4831501245498657,0.8627074360847473
170,maps,mappor,0.1601607865152155,0.5630791783332825,0.658998966217041,0.6073264479637146,0.1982676088809967,0.5444068312644958,0.9398868083953856
170,maps,mapped,0.2414249407860089,0.7907552719116211,0.6430402398109436,0.7913720607757568,0.488241583108902,0.5365020036697388,0.950025200843811
170,maps,mapper,0.1848562400324193,0.6976466178894043,0.6603389978408813,0.6498214602470398,0.4152661263942718,0.6082132458686829,0.953164279460907
170,maps,mappal,0.1835061841606361,0.5111027956008911,0.6629073619842529,0.5574679374694824,0.1654394418001175,0.6314844489097595,0.8731206655502319
170,maps,mapors,0.137345104778302,0.6371263265609741,0.6868026256561279,0.6964259147644043,0.201237067580223,0.6234965920448303,0.923183023929596
170,maps,mapize,0.2072478790235523,0.5922003984451294,0.6795539855957031,0.6300705671310425,0.3110655546188354,0.6070505380630493,0.88508540391922
170,maps,mapism,0.2072478790235523,0.5970255136489868,0.6827428936958313,0.6766480207443237,0.2228137999773025,0.5102275609970093,0.8809798955917358
170,maps,maping,0.1459591999624726,0.6668764352798462,0.6500537991523743,0.8475092649459839,0.5641418695449829,0.7960482239723206,0.921086609363556
170,maps,mapion,0.1738788229610764,0.6265050172805786,0.6557332277297974,0.6412668228149414,0.209119975566864,0.6625145673751831,0.951135516166687
170,maps,mapics,0.0603269034743627,0.7203426361083984,0.6953041553497314,0.6178590059280396,0.2283010482788086,0.5866226553916931,0.9112703204154968
170,maps,mapial,0.1601607865152155,0.6932436227798462,0.6594583988189697,0.5540737509727478,0.2290622442960739,0.6262186169624329,0.94837087392807
170,maps,mapers,0.0983414392291675,0.6645292043685913,0.7083302736282349,0.717537522315979,0.1923877596855163,0.6143906116485596,0.9268753528594972
170,maps,mapals,0.1835061841606361,0.7312127947807312,0.6685194969177246,0.6673442721366882,0.1858841925859451,0.7660773992538452,0.9681698679924012
170,of,ofly,0.0141188352622848,0.5625845193862915,0.7031289339065552,0.6911173462867737,0.4275147616863251,0.4625446796417236,0.9449466466903688
170,of,oflies,-0.0100989621179341,0.632980227470398,0.5131930708885193,0.5329922437667847,0.0301025696098804,0.6853711009025574,0.9748866558074952
170,of,ofness,0.0128048502295481,0.6407269239425659,0.6298317313194275,0.5306833386421204,0.0195520929992198,0.6306787729263306,0.916958212852478
170,of,ofities,0.0115266674921468,0.7396549582481384,0.5299863815307617,0.4360539615154266,-0.0231975819915533,0.7373691201210022,0.9814806580543518
170,of,ofism,0.0115266674921468,0.5835197567939758,0.596400260925293,0.3597420454025268,0.0768686756491661,0.6655516624450684,0.8823083639144897
170,of,ofity,0.0115266674921468,0.6243501901626587,0.6112733483314514,0.4940923452377319,0.0468163564801216,0.5583442449569702,0.9630124568939208
170,costa,costas,0.2173113657102426,0.6096858978271484,0.8555289506912231,0.9039766788482666,0.5063964128494263,0.855769693851471,0.8518734574317932
170,costa,costaly,0.2038924735911851,0.555167019367218,0.8113788366317749,0.7730571031570435,0.2521350681781769,0.8360483050346375,0.6502755284309387
170,rica,ricaness,0.2220027726562203,0.5497967004776001,0.5808634757995605,0.5326915979385376,0.3039368093013763,0.5197421312332153,0.9276925325393676
170,rica,ricas,0.2882904087640481,0.6522952318191528,0.8714586496353149,0.8959484696388245,0.677537739276886,0.7394749522209167,0.8600863814353943
171,floor,flooror,0.1837383120585189,0.7280068397521973,0.7261699438095093,0.7893447279930115,0.2751586437225342,0.6336400508880615,0.9722960591316224
171,floor,flooral,0.1088238192812132,0.7782102823257446,0.7527893781661987,0.8324670791625977,0.36471888422966,0.7470542192459106,0.9552674293518066
171,floor,floores,0.1346729507747963,0.6865832805633545,0.7624952793121338,0.8492975831031799,0.0976967215538024,0.670126736164093,0.971450924873352
171,floor,floorer,0.1335487892209203,0.690179705619812,0.7542126178741455,0.7911407351493835,0.0904681757092475,0.7187541127204895,0.8684242367744446
171,floor,floored,0.2112692966626416,0.7239834666252136,0.7788213491439819,0.7797724008560181,0.3194924592971802,0.8792837262153625,0.9624415040016174
171,floor,floors,0.4357347401814272,0.8365515470504761,0.7124192714691162,0.9036433696746826,0.7372320294380188,0.7888830900192261,0.9783919453620912
171,floor,floorion,0.1603838605742046,0.6917070150375366,0.7280144691467285,0.8200320601463318,0.168408989906311,0.8848147392272949,0.9396922588348388
171,floor,floorers,0.1352890148079914,0.6876482963562012,0.7819623947143555,0.7526776194572449,0.0643875077366828,0.6798547506332397,0.9143812656402588
171,floor,floorred,0.1818873220990305,0.8068519234657288,0.7128695249557495,0.7885098457336426,0.3135672807693481,0.7100813984870911,0.9736315608024596
171,floor,floorable,0.1263066160334829,0.7907304763793945,0.7399832606315613,0.7384034395217896,0.3218845725059509,0.7968664765357971,0.9303030371665956
171,floor,floorance,0.1603838605742046,0.7633693218231201,0.7089405059814453,0.758709192276001,0.274628072977066,0.7751747965812683,0.9640228748321532
171,floor,floorence,-0.0240223675784909,0.7719873189926147,0.6939331889152527,0.7930891513824463,0.1199469268321991,0.6639842987060547,0.9348297715187072
171,floor,floorness,0.1818873220990305,0.7591353058815002,0.7446542978286743,0.8028755187988281,0.2882542312145233,0.8296478390693665,0.951370656490326
171,floor,floorring,0.1538273139354062,0.8122491836547852,0.6916003227233887,0.738763689994812,0.3169445991516113,0.7302522659301758,0.8978573679924011
171,tile,tily,0.0515532593043953,0.5991699695587158,0.4534443616867065,0.4275345504283905,0.2358671873807907,0.578877866268158,0.9201360940933228
171,tile,tilation,0.2376461542319096,0.4420750141143799,0.4840632677078247,0.6597458124160767,0.0807788521051406,0.702610433101654,0.780117928981781
171,tile,tileable,0.2304952719332746,0.7688506841659546,0.8255773186683655,0.819658637046814,0.521117627620697,0.8415439128875732,0.9235140681266784
171,tile,tileized,0.2673807486623448,0.8470288515090942,0.8388767838478088,0.8808155059814453,0.1510923057794571,0.8849916458129883,0.9866982102394104
171,tile,tilement,0.3265729402169786,0.7460707426071167,0.8133566975593567,0.8784648180007935,0.1906346827745437,0.8637194633483887,0.8956495523452759
171,tile,tilities,0.1994033316207325,0.6051039695739746,0.4867330193519592,0.5296191573143005,0.2634544968605041,0.6837246417999268,0.9575002789497375
171,tile,tilizers,0.2445650669254313,0.3719238042831421,0.518683671951294,0.58918696641922,0.1653221547603607,0.6044153571128845,0.7110726237297058
171,tile,tilizing,0.1893734175640755,0.6896836161613464,0.5095916390419006,0.6562000513076782,0.1621596366167068,0.6533021926879883,0.9469108581542968
171,tile,tilor,0.1641489404389368,0.597007155418396,0.4840983748435974,0.4068520367145538,0.1869795024394989,0.5958098769187927,0.9705196022987366
171,tile,tilys,0.2673807486623448,0.5562419891357422,0.4774865508079529,0.4289059042930603,0.15864098072052,0.5277012586593628,0.931134045124054
171,tile,tiler,0.4613352625746096,0.6564893126487732,0.8336887955665588,0.8240127563476562,0.5828840732574463,0.7335009574890137,0.959100604057312
171,tile,tiles,0.5812790095139154,0.8236165046691895,0.80267333984375,0.9313451647758484,0.8845481276512146,0.8948378562927246,0.958004891872406
171,tile,tilic,0.1827457196393833,0.4984594881534576,0.4795693159103393,0.5332192778587341,0.2173177301883697,0.6689828038215637,0.8495278358459473
171,tile,tilal,0.0466897603828206,0.6182945370674133,0.4886944890022278,0.5580283999443054,0.1039627119898796,0.6312574148178101,0.9339070320129396
171,tile,tiled,0.4134065138485016,0.8385884761810303,0.7641339898109436,0.8801648616790771,0.6963008046150208,0.822405219078064,0.9813547134399414
171,tile,tileability,0.3153647574641369,0.7126380205154419,0.8093923330307007,0.8073366284370422,0.2735521197319031,0.846482515335083,0.9045921564102172
171,tile,tileed,0.3265729402169786,0.7522375583648682,0.8510021567344666,0.8835411071777344,0.2468795031309127,0.878069281578064,0.9151623845100404
171,tile,tileer,0.2673807486623448,0.6429226398468018,0.8378915786743164,0.8857245445251465,0.2408472895622253,0.7490633726119995,0.8506768941879272
171,tile,tileal,0.2950778502569456,0.7947275638580322,0.8362244367599487,0.8472262620925903,0.21228688955307,0.8358029723167419,0.9557287693023682
171,tile,tilers,0.4475921309976107,0.6081216335296631,0.8394024968147278,0.8108493089675903,0.475474864244461,0.7821418642997742,0.8602004647254944
171,tile,tileor,0.3265729402169786,0.7592120170593262,0.8236856460571289,0.8086116313934326,0.1993288099765777,0.7623642086982727,0.9783125519752502
171,tile,tilely,0.2445650669254313,0.7201353311538696,0.8318626880645752,0.7883014678955078,0.2174898087978363,0.8113162517547607,0.8809011578559875
171,tile,tiling,0.4542446187602953,0.5387465953826904,0.4723981022834778,0.6820778846740723,0.6783859729766846,0.6809692978858948,0.905915379524231
171,tile,tilies,0.2673807486623448,0.5793986320495605,0.4855429232120514,0.5091294050216675,0.167712464928627,0.6735264658927917,0.9587192535400392
171,tile,tilize,0.1620537010603702,0.6654130220413208,0.5062955617904663,0.628542423248291,0.147035464644432,0.6675671935081482,0.971294641494751
171,tile,tility,0.1680567628070943,0.6191429495811462,0.4998767077922821,0.5758547782897949,0.212651714682579,0.6320107579231262,0.9309365153312684
171,tile,tilion,0.0689510495085663,0.5413436889648438,0.4772069156169891,0.5718737244606018,0.149968683719635,0.659236490726471,0.9571018815040588
171,tile,tileables,0.2307494599500533,0.6118609309196472,0.7785913348197937,0.8203649520874023,0.2609407603740692,0.6645168662071228,0.8936671614646912
171,tile,tilable,0.2995790863997708,0.6929130554199219,0.4828232824802398,0.5458027124404907,0.4148056805133819,0.7014530897140503,0.9753014445304872
171,tile,tilence,0.2445650669254313,0.7179474830627441,0.7901608943939209,0.7774658203125,0.1755114942789077,0.8472203016281128,0.9800935983657836
171,tile,tileion,0.2673807486623448,0.802769124507904,0.8149690628051758,0.8335481882095337,0.2404460906982422,0.872611403465271,0.9687997698783876
171,tile,tileing,0.3962868442426199,0.7232015132904053,0.8518720865249634,0.9280574917793274,0.2065762728452682,0.8609901070594788,0.8421396613121033
171,tile,tilized,0.1968872817538277,0.6344459056854248,0.4978898465633392,0.6399570107460022,0.1697097867727279,0.7392209768295288,0.9676584601402284
171,tile,tilizes,0.2445650669254313,0.6669193506240845,0.500654935836792,0.5953095555305481,0.129927322268486,0.7207298278808594,0.9097906947135924
171,tile,tilizer,0.2055614013762967,0.5250046253204346,0.5139940977096558,0.5621549487113953,0.1933336406946182,0.6626541018486023,0.8480352163314819
171,tile,tilitys,0.2673807486623448,0.5179084539413452,0.4982472062110901,0.588234543800354,0.1726846396923065,0.5936986207962036,0.827587902545929
171,tile,tilings,0.2639484824833628,0.4855824708938598,0.4789978265762329,0.659969687461853,0.4397787451744079,0.7048720121383667,0.8432842493057251
171,tile,tilization,0.2543608082472643,0.4211758375167846,0.5219370722770691,0.6451830863952637,0.1554468423128128,0.6668041944503784,0.7888323664665222
171,tile,tiilitys,0.2445650669254313,0.5409192442893982,0.4776268005371094,0.3296157717704773,0.0185745377093553,0.4238991737365722,0.8401341438293457
172,american,americanallies,0.1017140326125577,0.3552022278308868,0.4416912198066711,0.5510610342025757,0.1310369372367859,0.4649757742881775,0.8242805004119873
172,american,america,0.3833618815298006,0.6812423467636108,0.6026591658592224,0.7401785850524902,0.7745223045349121,0.80587238073349,0.9624019861221312
172,american,americaisms,0.1017140326125577,0.637488067150116,0.5013622045516968,0.556602954864502,0.2292887568473816,0.7011116147041321,0.9289388656616212
172,american,americaners,0.1327353255359016,0.6339407563209534,0.7230901122093201,0.7385207414627075,0.1846417039632797,0.726688802242279,0.9493988156318665
172,american,americaness,0.1637362778438763,0.6230409741401672,0.6585360765457153,0.720084547996521,0.205777496099472,0.6312175989151001,0.9550308585166932
172,american,americanics,0.1017140326125577,0.5760266184806824,0.6768593788146973,0.5837753415107727,0.3156457245349884,0.6902403831481934,0.936655044555664
172,american,americaning,0.1464289645205583,0.6820316314697266,0.753673255443573,0.7196856737136841,0.2307180315256118,0.7264084219932556,0.9490523338317872
172,american,americanned,0.1226872696576421,0.701465368270874,0.7070654034614563,0.7795336246490479,0.2787475287914276,0.5901255011558533,0.9496629238128662
172,american,americanity,0.1476855243251099,0.6535753011703491,0.7082836627960205,0.702534556388855,0.3120726943016052,0.7130894064903259,0.8916696906089783
172,american,americans,0.4006292702452883,0.7891318798065186,0.6500145792961121,0.8485188484191895,0.7627336978912354,0.8061234354972839,0.9663903117179872
172,american,americanable,0.1499899808790841,0.4388336837291717,0.3923643231391907,0.562423586845398,0.2744331955909729,0.6344603300094604,0.913954496383667
172,american,americanancy,0.1526234458342429,0.4621264338493347,0.3573423027992248,0.5151161551475525,0.2068971842527389,0.5984936356544495,0.9283929467201232
172,american,americaneers,0.1499899808790841,0.6965219974517822,0.6453558802604675,0.5593432188034058,0.2535492479801178,0.6647482514381409,0.9484612941741944
172,american,americanness,0.193465637432464,0.6155638694763184,0.7144086956977844,0.7311093807220459,0.2419918924570083,0.6549583077430725,0.8814730048179626
172,american,americanal,0.1017140326125577,0.5311588048934937,0.4483013153076172,0.5583885312080383,0.2453097701072693,0.652226448059082,0.9193711280822754
172,american,americaned,0.1193515750742673,0.7068766951560974,0.7351130247116089,0.7440369725227356,0.1178031638264656,0.6784300804138184,0.9601832032203674
172,american,americaner,0.1354823916076227,0.6933353543281555,0.7602508068084717,0.7867975831031799,0.2242230474948883,0.6143357753753662,0.9324616193771362
172,american,americanes,0.0478832002500951,0.4488858878612518,0.7545313239097595,0.7576004266738892,0.1997586637735366,0.5845300555229187,0.9024127125740052
172,american,americanic,0.0821005742136661,0.6280099153518677,0.7442682981491089,0.7186174392700195,0.3603365421295166,0.6714650392532349,0.9450936317443848
172,american,americanly,0.0576862907271165,0.6936991214752197,0.7285003662109375,0.6915326118469238,0.3036780655384063,0.6501340270042419,0.9390992522239684
172,american,americaism,0.1464289645205583,0.6085115075111389,0.5143510699272156,0.5477731227874756,0.2803741991519928,0.729210376739502,0.8684736490249634
172,american,americas,0.234234599937231,0.5359899997711182,0.3929568827152252,0.7522780895233154,0.5784205794334412,0.768265426158905,0.942375898361206
172,american,americanicity,0.1499899808790841,0.4876641929149627,0.5761690139770508,0.6793929934501648,0.2677136957645416,0.6257222294807434,0.8607508540153503
172,american,americannable,0.1017140326125577,0.7312265634536743,0.5994298458099365,0.7774109840393066,0.2389747500419616,0.6616736054420471,0.9638511538505554
172,tourister,touristized,0.5320935602763888,0.679597020149231,0.687282383441925,0.7747349143028259,0.2440515756607055,0.7874128818511963,0.928120493888855
172,tourister,touristicly,0.5320935602763888,0.7044996619224548,0.7057260274887085,0.7107762694358826,0.2204024046659469,0.8595999479293823,0.9381837248802184
172,tourister,touristical,0.298071566981581,0.7293941974639893,0.6635164022445679,0.782630980014801,0.3314525187015533,0.8166033625602722,0.9423008561134338
172,tourister,touristness,0.5320935602763888,0.6478407979011536,0.7432493567466736,0.7870422601699829,0.2629291713237762,0.8224063515663147,0.9266365766525269
172,tourister,touristically,0.3119624810430021,0.6952598094940186,0.6463450789451599,0.786757230758667,0.2681736648082733,0.7267575263977051,0.9182733297348022
172,tourister,touristly,0.5320935602763888,0.8186891078948975,0.7312427759170532,0.7423568964004517,0.3461320698261261,0.8969352841377258,0.9514659643173218
172,tourister,touristor,0.4702742129903408,0.6758500933647156,0.8086435794830322,0.9476348161697388,0.4191698133945465,0.9087523221969604,0.8997409343719482
172,tourister,touristes,0.2182262305758495,0.8222058415412903,0.8094875812530518,0.8401480913162231,0.4921832382678985,0.911757469177246,0.9349788427352904
172,tourister,touristed,0.2366935583882552,0.7797359824180603,0.8046919107437134,0.7970222234725952,0.3317640423774719,0.8707112073898315,0.9286885261535645
172,tourister,touristic,0.1298687171663136,0.7616941928863525,0.7313531637191772,0.78556227684021,0.2926913797855377,0.8961865305900574,0.942883551120758
172,tourister,tourists,0.1433333926050578,0.4998424351215362,0.6158637404441833,0.7758759260177612,0.3491723239421844,0.6426421999931335,0.8940607309341431
172,tourister,tourist,0.1194128808504486,0.532185435295105,0.7941581010818481,0.8756015300750732,0.4086666703224182,0.7856065034866333,0.9274958968162536
172,tourister,touristers,0.4803349157743046,0.8557716608047485,0.8896684646606445,0.9089441299438475,0.4519406259059906,0.95640230178833,0.9486384987831116
172,tourister,touristted,0.5320935602763888,0.7212561368942261,0.7115170359611511,0.7654159665107727,0.2734948992729187,0.7615875005722046,0.9258899092674256
172,tourister,touristism,0.4312705474412062,0.7792696356773376,0.6917077898979187,0.7405866384506226,0.2855376005172729,0.6803850531578064,0.8996412754058838
172,tourister,touristing,0.2702133736905631,0.8235815763473511,0.8033277988433838,0.8495418429374695,0.3543858826160431,0.9260106086730956,0.9430230259895324
172,tourister,touristics,0.3694512001551581,0.7205011248588562,0.6750389337539673,0.7776257395744324,0.2519276440143585,0.7897910475730896,0.9300288558006288
172,luggage,luggageor,0.3003673814115844,0.5666207075119019,0.8150879144668579,0.7116571068763733,0.2375959604978561,0.852185845375061,0.9400112628936768
172,luggage,luggaging,0.2523045647142903,0.4510167837142944,0.5008876323699951,0.2193879783153534,0.1570972651243209,0.4869300723075866,0.7664347887039185
172,luggage,luggageable,0.2523045647142903,0.533843994140625,0.8419755697250366,0.783912181854248,0.2571134269237518,0.8233694434165955,0.8445295095443726
172,luggage,luggager,0.3031314686854502,0.7861741781234741,0.8193209171295166,0.7485954761505127,0.2474175542593002,0.8129585385322571,0.9228976368904114
172,luggage,luggages,0.4128277269691771,0.7826611995697021,0.8341891765594482,0.9285576343536376,0.7737308144569397,0.8129268884658813,0.899928867816925
172,luggage,luggaged,0.2516749628326222,0.7985716462135315,0.8106954097747803,0.7627006769180298,0.2941805422306061,0.8083492517471313,0.922876238822937
173,lululemon,lululemons,0.5513112872509707,0.929850459098816,0.951013684272766,0.9475424289703368,0.1842635571956634,0.9298503398895264,0.9445823431015016
175,things,thingses,0.0852730314009687,0.588281512260437,0.7515707015991211,0.7609865069389343,0.2273429483175277,0.6487497687339783,0.8562718629837036
175,things,thingser,0.1268654127121127,0.6208927631378174,0.7589815258979797,0.5446223616600037,0.2162299901247024,0.6082918643951416,0.8656631112098694
175,things,thingsor,0.0862787172681366,0.7879607677459717,0.7075657248497009,0.5427975058555603,0.2356220781803131,0.5804807543754578,0.9604721665382384
175,things,thingsly,0.1132391259774953,0.6314993500709534,0.7465625405311584,0.5604878067970276,0.3355321586132049,0.4647853374481201,0.8229395151138306
175,things,thingsion,0.1268654127121127,0.8359788060188293,0.7128198146820068,0.6268296241760254,0.2151665240526199,0.6143376231193542,0.963292121887207
175,things,thingsing,0.1126960063255022,0.7164609432220459,0.7664848566055298,0.7634222507476807,0.2615681290626526,0.727867841720581,0.9230511784553528
175,things,thingsers,0.0829135310358019,0.7581663131713867,0.7529412508010864,0.5681995153427124,0.2616608440876007,0.6758578419685364,0.9135951399803162
175,things,thingsness,0.1268654127121127,0.7564364075660706,0.7625559568405151,0.7126636505126953,0.2562511563301086,0.7087835073471069,0.890293300151825
175,to,toliness,0.0116070824187815,0.6428747177124023,0.5038880705833435,0.4378973245620727,0.0292323362082242,0.4906656444072723,0.9300019145011902
175,to,toly,-0.0213750787983258,0.6535016298294067,0.7210336923599243,0.594887912273407,0.4037572145462036,0.5593012571334839,0.9077644348144532
175,to,toism,0.0099819054062197,0.640251874923706,0.6069495677947998,0.4381101131439209,0.0463128201663494,0.5078628063201904,0.9129568934440612
175,to,tolys,0.0134025845943912,0.5075238943099976,0.6694607734680176,0.5006518959999084,0.019374880939722,0.4730974733829498,0.905819058418274
175,to,toness,0.0077761097792533,0.4983700513839721,0.2070608288049698,0.2177399396896362,-0.0838806852698326,0.3750487267971039,0.837272047996521
175,to,tolies,0.0122285290218217,0.6909723281860352,0.5213675498962402,0.477512776851654,0.0124944634735584,0.5537992119789124,0.9359418749809264
175,do,dor,0.0329542829157968,0.63017737865448,0.7686240673065186,0.5048055648803711,0.2668633162975311,0.7584438323974609,0.8801620602607727
175,do,doal,0.0569837497312031,0.7055702209472656,0.7419451475143433,0.4155858755111694,0.1913555115461349,0.6866886615753174,0.9192765951156616
175,do,does,0.3150783083252808,0.8436778783798218,0.645174503326416,0.6107642650604248,0.6014193296432495,0.6974239945411682,0.9659647941589355
175,do,dors,0.0113247154281369,0.5551235675811768,0.7322993278503418,0.4470821619033813,0.2658513486385345,0.6453281044960022,0.9003030061721802
175,do,doals,0.0530284600062523,0.719146192073822,0.6787373423576355,0.4670648872852325,0.0557574108242988,0.674925684928894,0.9417232275009156
175,do,doeor,0.072195987621221,0.5810489654541016,0.3842096328735351,0.341022253036499,-0.022507382556796,0.5511948466300964,0.9342533349990844
175,do,doeer,0.0329464809661697,0.3512136340141296,0.3933398127555847,0.3766123652458191,0.1029000505805015,0.585013747215271,0.8506262302398682
175,do,doize,0.0119854698801549,0.456434965133667,0.3177859187126159,0.2440275698900222,0.0498950481414794,0.5313509106636047,0.924808919429779
175,do,doism,0.0752501422258578,0.5755245685577393,0.3169814944267273,0.2275853157043457,0.0954598486423492,0.4661540985107422,0.904808223247528
175,do,doive,-0.0114129963231653,0.3025756478309631,0.3252350687980652,0.3385377526283264,0.1196065619587898,0.4561062455177307,0.8128515481948853
175,do,doity,0.0586811920711372,0.3670264482498169,0.3147638440132141,0.2406641244888305,0.037569373846054,0.5133472681045532,0.8037084937095642
175,do,doial,0.0075607321800054,0.3134386241436004,0.3355743885040283,0.2823106050491333,0.0301867667585611,0.4672485888004303,0.7196140289306641
175,do,doing,0.314820030031109,0.768210232257843,0.556126594543457,0.5928629636764526,0.5003420114517212,0.8105684518814087,0.9636576771736144
175,do,doingness,0.080628928581327,0.6544142961502075,0.4562183618545532,0.3308584988117218,-0.0214797239750623,0.6169019937515259,0.862188994884491
175,do,doables,0.0472760039111995,0.4344937205314636,0.6529620885848999,0.3381943702697754,-0.0280087329447269,0.6561726927757263,0.8929541110992432
175,do,doessal,0.072195987621221,0.7006616592407227,0.4879239797592163,0.3719864189624786,-0.03957000374794,0.4898994565010071,0.9310469031333924
175,do,doesive,0.072195987621221,0.6748833060264587,0.462151288986206,0.3196874856948852,0.0852915123105049,0.5363451242446899,0.8732922077178955
175,do,doesing,0.0762891034677559,0.635120153427124,0.5447407960891724,0.5111374855041504,0.0442207381129264,0.5270805358886719,0.884925901889801
175,do,doibles,0.0075607321800054,0.3875576257705688,0.2585980296134949,0.2400940060615539,-0.0977922976016998,0.4624722301959991,0.7550435662269592
175,do,doingor,0.0752501422258578,0.5667232275009155,0.5042044520378113,0.348416805267334,0.0966023877263069,0.5841821432113647,0.9354380965232848
175,do,doinged,0.072195987621221,0.6895192861557007,0.4900519251823425,0.4812169075012207,-0.0267691742628812,0.6027938723564148,0.9237946271896362
175,do,doinger,0.0739517269572252,0.6491966843605042,0.5262433290481567,0.3645381033420563,0.0008224598132073,0.6090061664581299,0.8666426539421082
175,do,doinges,0.0735439520094377,0.598686158657074,0.5283529758453369,0.534970760345459,-0.0212116632610559,0.627373456954956,0.8664788007736206
175,do,doments,0.0752501422258578,0.5101888179779053,0.2445145547389984,0.2280974835157394,0.002158252056688,0.4001359343528747,0.8874785900115967
175,do,doability,0.0653437977775258,0.6570203304290771,0.6337069272994995,0.2574764490127563,-0.0195579398423433,0.6729220151901245,0.9480611085891724
175,do,dorness,0.072195987621221,0.4326158761978149,0.5763850212097168,0.3056696951389313,0.0594537034630775,0.5197998881340027,0.8911713361740112
175,do,domentity,-0.0083100266795439,0.3473196923732757,0.2993458807468414,0.1653968095779419,0.0031422893516719,0.4537195265293121,0.8576966524124146
175,do,doableness,0.072195987621221,0.4480305016040802,0.5869275331497192,0.2278451472520828,-0.0864810049533844,0.6177778244018555,0.8664812445640564
175,do,doally,0.0739517269572252,0.7614943385124207,0.639157235622406,0.5515257120132446,0.0360109321773052,0.7590159773826599,0.9398019313812256
175,do,doable,0.1360029456251739,0.7286709547042847,0.682194173336029,0.4679124057292938,0.279231995344162,0.7013821601867676,0.9356945157051086
175,do,doeser,0.0144818450047882,0.4946286082267761,0.5740985870361328,0.3928311467170715,0.0006046395283192,0.5448051691055298,0.856344997882843
175,do,doeses,0.0726845988106974,0.5751540660858154,0.5624929070472717,0.4908465445041656,0.1462368667125702,0.5027695298194885,0.8848787546157837
175,do,doesed,0.0484542927583048,0.684078574180603,0.548529863357544,0.5049973726272583,-0.0340160652995109,0.5292746424674988,0.9080466032028198
175,do,doesal,0.072195987621221,0.6543149352073669,0.5522400140762329,0.3823331594467163,0.0329758711159229,0.5493627786636353,0.8920068740844727
175,do,doeers,0.072195987621221,0.482717901468277,0.352388858795166,0.3831173777580261,0.0148321837186813,0.5685648918151855,0.8940027356147766
175,do,doible,0.0855376145956485,0.4515021741390228,0.2791102230548858,0.2294688522815704,-0.0932964757084846,0.4960732161998749,0.8885167837142944
175,do,doizer,0.0257580312656021,0.4445934295654297,0.3283088803291321,0.2136155217885971,0.0372936949133873,0.458343505859375,0.9153714179992676
175,do,doives,0.0082004254860418,0.2960179448127746,0.2949535846710205,0.2675223648548126,0.1535788029432296,0.4485385119915008,0.7619752883911133
175,do,doment,0.041096073086791,0.5033965110778809,0.2947480678558349,0.1844305247068405,0.0010959499049931,0.4525235891342163,0.8746496438980103
175,do,doness,0.0476340733606538,0.6833006143569946,0.4726743102073669,0.4615119099617004,-0.0584465451538562,0.5302248597145081,0.9277655482292176
175,do,dority,0.0215923612012928,0.8112592697143555,0.6160450577735901,0.330838143825531,-0.0333812907338142,0.636444091796875,0.9709762930870056
175,do,doessing,0.0317439526474581,0.7043178677558899,0.4795818924903869,0.4860115349292755,-0.0244370363652706,0.5079307556152344,0.938670575618744
175,do,doinging,0.0893393811012771,0.6278229355812073,0.4856529831886291,0.3988137543201446,-0.0155708063393831,0.640728235244751,0.867033839225769
175,do,doingity,0.072195987621221,0.6795609593391418,0.4780451953411102,0.3339404463768005,0.0320503413677215,0.6214730739593506,0.8993555903434753
175,amp,amps,0.4345685699033876,0.5369709134101868,0.8562754392623901,0.8908676505088806,0.6682718396186829,,0.8095248937606812
175,amp,ampic,0.1430449193324605,0.5001153945922852,0.8310719132423401,0.7992064952850342,-0.0101462760940194,,0.823803722858429
175,amp,amped,0.164998374561292,0.6192811727523804,0.8433806896209717,0.8295432329177856,0.2340152710676193,,0.883036732673645
175,amp,ampes,0.1289033572180161,0.4263525605201721,0.8374773263931274,0.8943251371383667,0.0339300595223903,,0.8762014508247375
175,amp,amper,0.1355352395618018,0.4723561704158783,0.8330906629562378,0.8332607746124268,0.3610781133174896,,0.8973499536514282
175,amp,ampal,0.0518618459866268,0.5794929265975952,0.8242257833480835,0.703977108001709,0.051349114626646,,0.9099053740501404
175,amp,ampor,0.0931160181854684,0.5187621712684631,0.8279911279678345,0.8313226699829102,0.0448116585612297,,0.8987376689910889
175,amp,ampicity,0.2627918991329144,0.3243871927261352,0.7159237265586853,0.6255115270614624,0.080912247300148,,0.7454688549041748
175,amp,amppings,0.2135383862409776,0.4788687825202942,0.7645865082740784,0.8220951557159424,0.0683781504631042,,0.8950344920158386
175,amp,ampable,0.2765409485076497,0.5767738819122314,0.8264908194541931,0.7652767896652222,0.0150374229997396,,0.9028843641281128
175,amp,ampings,0.1907227045040641,0.6832316517829895,0.8176547288894653,0.8330922722816467,0.0171838607639074,,0.9301325082778932
175,amp,ampions,0.1816185082449622,0.549289345741272,0.8126178979873657,0.6721581220626831,0.0567010417580604,,0.903377115726471
175,amp,ampness,0.0898996916688815,0.5823595523834229,0.8295633792877197,0.8279367089271545,-0.0346535369753837,,0.9106663465499878
175,amp,ampping,0.1745347206918429,0.65973961353302,0.8292566537857056,0.8439430594444275,0.0941151306033134,,0.9443577527999878
175,amp,ampors,0.2135383862409776,0.5852313041687012,0.8258058428764343,0.8111380338668823,0.114291176199913,,0.91562157869339
175,amp,ampper,0.1289033572180161,0.6384376287460327,0.8189656734466553,0.7933932542800903,0.0989869683980941,,0.9249340891838074
175,amp,ampped,0.2091392061468855,0.7547988295555115,0.8133566379547119,0.7317391633987427,0.0573828034102916,,0.9483849406242372
175,amp,amppal,0.2135383862409776,0.6466531753540039,0.806605339050293,0.6164947748184204,-0.0040659578517079,,0.922321617603302
175,amp,ampers,0.114427005642442,0.5310966968536377,0.8407358527183533,0.8251190185546875,0.4286506772041321,,0.9094461798667908
175,amp,ampeer,0.2091392061468855,0.3860558271408081,0.8095386624336243,0.6454364061355591,0.0519241020083427,,0.8919090032577515
175,amp,ampeds,0.1907227045040641,0.4658260643482208,0.742128849029541,0.8339071273803711,0.061794813722372,,0.8709791302680969
175,amp,ampity,0.2627918991329144,0.5180473923683167,0.8246638774871826,0.7948884963989258,0.0367038324475288,,0.902492344379425
175,amp,amping,0.2508339378592906,0.5854642391204834,0.8507416248321533,0.8579640984535217,0.3246029019355774,,0.9110150933265686
175,amp,ampion,0.1157072025512763,0.5498256683349609,0.8152702450752258,0.8321084976196289,0.0491663292050361,,0.9083112478256226
175,amp,ampial,0.1517190389549295,0.6489607095718384,0.8035132884979248,0.6244608163833618,-0.0170882828533649,,0.8462855815887451
175,amp,ampics,0.2135383862409776,0.5557681918144226,0.8189210891723633,0.7654495239257812,-0.0279216207563877,,0.8830622434616089
175,amp,ampals,0.1907227045040641,0.5273115634918213,0.80756014585495,0.7001250982284546,-0.0168380700051784,,0.9071491360664368
175,see,sees,0.1967925569279762,0.7265070676803589,0.6022946238517761,0.5592081546783447,0.4808832705020904,0.5602214336395264,0.7564415335655212
175,see,seic,0.0353448340725681,0.5333077907562256,0.2901235520839691,0.228676438331604,0.1406891196966171,0.3283136785030365,0.9279632568359376
175,see,seor,0.03289701095432,0.4598231911659241,0.3638140559196472,0.2389643043279647,0.1187625527381897,0.4445856809616089,0.8722295761108398
175,see,seeablely,0.0832398325070318,0.4872831702232361,0.5819635391235352,0.4867786467075348,0.231275126338005,0.4948216676712036,0.9498407244682312
175,see,seivings,0.0060927283688147,0.5129129886627197,0.3148736357688904,0.1603001356124878,-0.0217292364686727,0.4060446619987488,0.8652803301811218
175,see,seeal,-0.0122888406986507,0.6839749813079834,0.754166841506958,0.4712835848331451,0.2660447657108307,0.6069481372833252,0.9716790318489076
175,see,seeic,-0.0105705329225643,0.7326236963272095,0.7115129828453064,0.4242529273033142,0.2439444810152053,0.4901143312454223,0.906705677509308
175,see,seeed,0.0131894544368017,0.6841868162155151,0.7360019683837891,0.6345494985580444,0.2333113700151443,0.5486440062522888,0.904660701751709
175,see,seeer,0.0588892326189151,0.5239212512969971,0.7445175051689148,0.4804906249046325,0.3892516493797302,0.5160601735115051,0.8647342324256897
175,see,seees,0.0590662017304843,0.627936065196991,0.7449464797973633,0.4883088767528534,0.3383861184120178,0.5484424829483032,0.8881864547729492
175,see,seely,0.0551602368175623,0.6299409866333008,0.7255719900131226,0.5908088684082031,0.1263129264116287,0.4953998327255249,0.8838005661964417
175,see,seeor,0.0766781229769983,0.5509164333343506,0.7100818157196045,0.4274237751960754,0.3809598386287689,0.5715126991271973,0.9538490772247314
175,see,seics,-0.049574198471699,0.5294602513313293,0.2586672306060791,0.1802976131439209,0.1685651242733001,0.3659921586513519,0.9336586594581604
175,see,seion,0.0075765679943439,0.3862532377243042,0.2968236207962036,0.2044441699981689,0.1093039065599441,0.3736233413219452,0.8755249381065369
175,see,seity,-0.0443841690984421,0.5596377849578857,0.2846584618091583,0.2042934596538543,0.0458887740969657,0.3559306859970093,0.955316960811615
175,see,seive,0.074757179923462,0.4970941543579101,0.2858356535434723,0.1965290606021881,0.0877826586365699,0.375998318195343,0.942707896232605
175,see,seors,0.0676674734190749,0.5330847501754761,0.3288305997848511,0.211930438876152,0.0752703100442886,0.3865533471107483,0.8636224865913391
175,see,seancy,0.0409895083704269,0.54767906665802,0.2493525147438049,0.1728928089141845,0.1298051923513412,0.3870080113410949,0.9568382501602172
175,see,seance,0.0637598912723584,0.4682895541191101,0.2700635194778442,0.1452322900295257,0.0413855277001857,0.37221759557724,0.9269812703132628
175,see,seable,0.0588892326189151,0.4940704107284546,0.2501605153083801,0.2077279835939407,-0.0004930041613988,0.4380346536636352,0.950032114982605
175,see,seeals,0.0546257420841412,0.7736932039260864,0.690406858921051,0.5185083746910095,0.2343967109918594,0.5586301684379578,0.9753105044364928
175,see,seeers,0.0635886961063514,0.6256164312362671,0.7258855104446411,0.4308395981788635,0.3767640590667724,0.4635350704193115,0.9311532378196716
175,see,seeeer,0.0409895083704269,0.7600670456886292,0.6750093698501587,0.4828205108642578,0.2673198282718658,0.7382234334945679,0.9864125847816468
175,see,seeeds,0.0008337900715637,0.497269868850708,0.6399378776550293,0.4799440503120422,0.2368028461933136,0.4989961385726928,0.8614240288734436
175,see,seeize,-0.0216752532438364,0.7851372957229614,0.6803737282752991,0.4322977364063263,0.2590433955192566,0.5948162078857422,0.9632641673088074
175,see,seeial,0.0098852687263088,0.8001953363418579,0.6555072069168091,0.4340501725673675,0.2680557668209076,0.7914138436317444,0.9466365575790404
175,see,seeive,0.085264147888958,0.7662093639373779,0.6783866882324219,0.4475013017654419,0.1773531585931778,0.692943274974823,0.972122848033905
175,see,seeism,0.0832398325070318,0.7365343570709229,0.7012122869491577,0.3912910223007202,0.1922445595264434,0.5849195718765259,0.9269553422927856
175,see,seeion,-0.0159108780527391,0.7234207391738892,0.6981362700462341,0.4893654882907867,0.2713463306427002,0.5692239999771118,0.9535732269287108
175,see,seence,0.0455855843238053,0.6320879459381104,0.463888555765152,0.3530104756355285,0.2575415968894958,0.435882419347763,0.7456422448158264
175,see,seeors,0.0832398325070318,0.7900804877281189,0.6646791696548462,0.3775264322757721,0.3116708099842071,0.5449812412261963,0.9581517577171326
175,see,seelys,0.0130520159192437,0.510959804058075,0.6444976925849915,0.409956693649292,0.1710754334926605,0.4368094205856323,0.92263001203537
175,see,seible,0.0251693336822607,0.5990524291992188,0.2516618967056274,0.2457826286554336,0.1552400588989257,0.3809627592563629,0.9215461611747742
175,see,seical,0.0832398325070318,0.6319794654846191,0.2623390257358551,0.1744464039802551,0.0795303285121917,0.3998686969280243,0.9634078741073608
175,see,seions,0.0594981376441156,0.5186407566070557,0.2818524837493896,0.1768599897623062,0.0939224362373352,0.3562725186347961,0.8977488279342651
175,see,seives,0.0268201658836237,0.5725793838500977,0.3014543950557709,0.1565082669258117,0.0354599878191947,0.3454656600952148,0.954279601573944
175,see,seived,0.0481380467233293,0.3882255852222442,0.32737997174263,0.2031289488077163,0.0326238311827182,0.4295809268951416,0.9208417534828186
175,see,seeability,0.0425300432531509,0.7009392380714417,0.6494801044464111,0.3990112543106079,0.1974121481180191,0.49274542927742,0.9528440833091736
175,see,seations,0.0409895083704269,0.5376242995262146,0.2698421776294708,0.1297400444746017,-0.0117451092228293,0.4150584042072296,0.9559734463691713
175,see,seables,0.0594981376441156,0.5423688888549805,0.2308084070682525,0.190151184797287,-0.0281945541501045,0.4076911807060241,0.9567716121673584
175,see,seances,0.0843270204678754,0.4016205668449402,0.256981611251831,0.1632165312767028,0.0033187065273523,0.3602703511714935,0.7989817261695862
175,see,seanced,0.0594981376441156,0.5896060466766357,0.2629716098308563,0.2152240574359893,0.0370181687176227,0.3624329268932342,0.97443687915802
175,see,seation,0.0436904217240605,0.4704965949058532,0.2914236783981323,0.1947139352560043,0.0052902735769748,0.3891893029212951,0.9717957377433776
175,see,seeable,0.0627974041785923,0.6608923673629761,0.6856268644332886,0.5863243341445923,0.294986218214035,0.5511924028396606,0.9136919379234314
175,see,seeably,0.0680094925457755,0.7481502294540405,0.5828508734703064,0.464174211025238,0.1755640059709549,0.5213602185249329,0.9697149991989136
175,see,seeance,0.0766781229769983,0.7315505743026733,0.6511058807373047,0.4236351251602173,0.2683968245983124,0.5087098479270935,0.9110122323036194
175,see,seeions,0.085264147888958,0.7976289391517639,0.6579476594924927,0.3872653245925903,0.2651405036449432,0.562036395072937,0.9600812196731568
175,see,seeible,0.0832398325070318,0.7802286744117737,0.6315321326255798,0.5368465781211853,0.2648601531982422,0.5778766870498657,0.9318374991416932
175,see,seement,0.0731424451086308,0.6223233938217163,0.2912104427814483,0.3594726324081421,0.1130653098225593,0.3754156529903412,0.9568352103233336
175,see,seelied,0.0832398325070318,0.4059995114803314,0.6251920461654663,0.5744150280952454,0.1120856031775474,0.3994600772857666,0.8686727285385132
175,see,seelies,0.0672911185017638,0.709502100944519,0.6388956308364868,0.4366033375263214,0.1412629634141922,0.4355829060077667,0.9743029475212096
175,see,seibles,-0.0007012892679819,0.3806986212730407,0.3033052384853363,0.2074132561683654,0.1228303685784339,0.3905283808708191,0.8436294198036194
175,see,seities,0.0409895083704269,0.5656552314758301,0.2574515342712402,0.123413860797882,0.0569233819842338,0.3672577440738678,0.964377760887146
175,see,seiving,0.0256791179652909,0.5825358033180237,0.2605168223381042,0.1748670935630798,0.0056653628125786,0.3311861455440521,0.8776474595069885
175,see,seeables,0.0526071130456557,0.5079542398452759,0.644672155380249,0.4006533920764923,0.193328320980072,0.5098872780799866,0.936503767967224
175,see,seeallys,0.0181738266335135,0.5215567350387573,0.6185094118118286,0.3874388635158539,0.2576026618480682,0.4777138233184814,0.9456311464309692
175,see,seeableness,0.0409895083704269,0.4914324879646301,0.5686860084533691,0.365421324968338,0.1927231103181839,0.4509436786174774,0.9364532232284546
175,in,inly,0.0163047434858378,0.7060659527778625,0.6990063786506653,0.5954469442367554,0.2204281836748123,0.6149143576622009,0.7913942337036133
175,in,inity,0.0020359271742729,0.6393792629241943,0.6032037734985352,0.4851155281066894,0.1421420127153396,0.5452238917350769,0.958325982093811
175,in,inism,0.0100238143382732,0.6955851316452026,0.5963257551193237,0.373056411743164,-0.0627845823764801,0.6037663221359253,0.8653841018676758
175,in,inlys,0.0141764692646394,0.6082883477210999,0.6764270663261414,0.4988368153572082,-0.0283768009394407,0.606682538986206,0.9432593584060668
175,in,initied,0.0135871006134462,0.577101469039917,0.5350286960601807,0.6070058941841125,-0.0841005071997642,0.5648484826087952,0.9798468947410583
175,in,inities,0.0154311612997614,0.8462384939193726,0.484872043132782,0.4841510355472564,-0.0867061018943786,0.5875988006591797,0.9794066548347472
175,in,initys,0.01326451981661,0.5657490491867065,0.6125746965408325,0.4581940770149231,-0.0630137994885444,0.5464802980422974,0.8890023827552795
175,in,inisms,0.0135871006134462,0.8510696887969971,0.4853133857250213,0.4374860227108001,-0.0370800085365772,0.6715956926345825,0.9586642980575562
175,in,inlied,0.01326451981661,0.4521979689598083,0.5595755577087402,0.5664472579956055,-0.017575480043888,0.6084694862365723,0.8699055314064026
175,in,inlies,0.0077804406249078,0.7382177114486694,0.5018477439880371,0.496377944946289,0.013503280468285,0.6820564270019531,0.9803838133811952
175,in,inness,0.0149714053981178,0.5762298107147217,0.1785636991262436,0.3370249569416046,-0.0524774268269538,0.567089319229126,0.975756287574768
175,croatia,croatianizing,0.2825811100593627,0.6843032240867615,0.6944025754928589,0.5906472206115723,0.2162028402090072,0.7319661974906921,0.8895828723907471
175,croatia,croat,0.3556198700321497,0.4132881164550781,0.4922990202903747,0.315368115901947,0.5837745666503906,0.4492655992507934,0.8178673982620239
175,croatia,croats,0.4219301483578764,0.6268959641456604,0.7221108675003052,0.773638129234314,0.5908753871917725,0.692872166633606,0.8826271891593933
175,croatia,croatianness,0.2825811100593627,0.6536842584609985,0.6815989017486572,0.6955738067626953,0.2668734788894653,0.708281934261322,0.8287123441696167
175,croatia,croatianism,0.2825811100593627,0.585327684879303,0.6992828845977783,0.6524311304092407,0.2908450961112976,0.7116155028343201,0.8546023368835449
175,croatia,croations,0.2770718536887773,0.4244870245456695,0.5564831495285034,0.2268353998661041,0.278662621974945,0.4164487719535827,0.874822735786438
175,croatia,croatians,0.3849806786242929,0.6672645807266235,0.6706901788711548,0.781615674495697,0.3188832402229309,0.723017692565918,0.8018620610237122
175,croatia,croatisms,0.2825811100593627,0.5005658864974976,0.5688327550888062,0.1856977492570877,0.1734520494937896,0.4851238429546356,0.8155769109725952
175,croatia,croatization,0.2873209557667026,0.5216026306152344,0.5454467535018921,0.168838158249855,0.1679297983646392,0.5293262600898743,0.8438527584075928
175,croatia,croatism,0.2825811100593627,0.5008853673934937,0.532813549041748,0.1992385387420654,0.2123440206050872,0.5028741955757141,0.8437641859054565
175,croatia,croative,0.2306264498613386,0.4139750897884369,0.5286482572555542,0.2431395649909973,0.2543211281299591,0.4810333251953125,0.8851417303085327
175,croatia,croation,0.2021069345120559,0.4348578751087188,0.515277624130249,0.2456651031970977,0.3115315735340118,0.4533086121082306,0.887203574180603
175,croatia,croating,0.209740063666056,0.4448533654212951,0.4825143218040466,0.2030753344297409,0.2580940425395965,0.4488504827022552,0.8755627274513245
175,croatia,croatial,0.2894532200877751,0.7547029256820679,0.8140703439712524,0.8800536394119263,0.3457570374011993,0.7798726558685303,0.9133294224739076
175,croatia,croatian,0.3731858953588006,0.7969875335693359,0.7789717316627502,0.8182394504547119,0.732180118560791,0.7705024480819702,0.8778945803642273
175,croatia,croatias,0.2705225292113211,0.7730257511138916,0.8229761719703674,0.9082790613174438,0.4074777066707611,0.7886390089988708,0.8796706795692444
175,croatia,croated,0.2419944146153866,0.4315462708473205,0.4925117790699005,0.2266185581684112,0.1623570770025253,0.4308435916900635,0.8840824961662292
175,croatia,croator,0.2182527197524704,0.1995349526405334,0.494678795337677,0.2621117234230041,0.275738924741745,0.2361009418964386,0.3780346810817718
175,croatia,croatic,0.2478794939228776,0.5137267112731934,0.5132564306259155,0.3364260792732239,0.2425093501806259,0.5259826183319092,0.8380992412567139
175,croatia,croates,0.2651229756903213,0.4179767668247223,0.5067144632339478,0.3315506875514984,0.1636322885751724,0.4491549432277679,0.8734908699989319
176,pogo,pogos,0.3765852324605627,0.8409663438796997,0.8338218331336975,0.8475200533866882,0.62126624584198,0.8331127762794495,0.979474663734436
176,pogo,pogoism,0.4269272843536731,0.6752314567565918,0.9088072180747986,0.7629586458206177,0.2746460437774658,0.759760856628418,0.8572816252708435
176,pogo,pogoisms,0.3671765365229332,0.6951119303703308,0.8788202404975891,0.7499877214431763,0.2489536106586456,0.7949636578559875,0.8385082483291626
176,mah,mahs,0.3372244728394454,0.7749003171920776,0.8067038059234619,0.7044528126716614,0.1549879908561706,0.7814115285873413,0.9550328850746156
176,mah,mahly,0.3130853200754161,0.6363564729690552,0.7357746362686157,0.546039879322052,0.1563761979341507,0.7334198355674744,0.9522049427032472
176,mah,mahness,0.2780581632259374,0.6517820358276367,0.7109174728393555,0.5549255013465881,0.0407042317092418,0.7601341605186462,0.9316811561584472
176,mah,mahlys,0.3008738449628507,0.5408297777175903,0.7716735601425171,0.5192734003067017,0.0614003129303455,0.6613431572914124,0.9215589761734008
176,jong,jongs,0.3094259482280964,0.705107569694519,0.8865248560905457,0.8751410245895386,0.3731803596019745,0.8187215328216553,0.9268704056739808
176,jong,jonging,0.3345406928518231,0.6675787568092346,0.885849118232727,0.8542863130569458,0.329622358083725,0.8062630891799927,0.968682825565338
176,jong,jongness,0.3345406928518231,0.7099696397781372,0.8518878817558289,0.8566663265228271,0.3026698529720306,0.8256885409355164,0.9681649208068848
177,snow,snowers,0.1102243965915078,0.7442784309387207,0.8040320873260498,0.7346268892288208,0.2526635527610779,0.7660679817199707,0.9561418890953064
177,snow,snowity,0.2241656558162069,0.7645071148872375,0.7584268450737,0.7763549089431763,0.2053327560424804,0.7742166519165039,0.9593359231948853
177,snow,snowing,0.3770055182661692,0.7574443817138672,0.7907261848449707,0.8881807923316956,0.7088763117790222,0.7427464723587036,0.9689778089523317
177,snow,snowlys,0.2241656558162069,0.6240758895874023,0.6982507705688477,0.6880979537963867,0.297991394996643,0.5925584435462952,0.9210233092308044
177,snow,snowwed,0.2336486837859116,0.8015626668930054,0.7438764572143555,0.7307568192481995,0.3061915338039398,0.6668622493743896,0.9680277705192566
177,snow,snows,0.3460947452927863,0.7566651105880737,0.8105432987213135,0.890927791595459,0.7919158935546875,0.7594769597053528,0.9157727956771852
177,snow,snowerness,0.2241656558162069,0.6807004809379578,0.629470944404602,0.6563880443572998,0.2083320766687393,0.5121850967407227,0.9527076482772828
177,snow,snowical,0.1374150424508799,0.8099720478057861,0.7247623205184937,0.7050529718399048,0.2810696363449096,0.6600173711776733,0.9695380330085754
177,snow,snowisms,0.2241656558162069,0.7796047925949097,0.7267900705337524,0.7419477701187134,0.2509264647960663,0.7138283848762512,0.9547146558761596
177,snow,snowings,0.2241656558162069,0.8196353316307068,0.7479077577590942,0.8132331967353821,0.2888147234916687,0.6325867176055908,0.9542354941368104
177,snow,snowness,0.1194101966974631,0.8513009548187256,0.777899444103241,0.8956054449081421,0.2318174242973327,0.70569908618927,0.9777352213859558
177,snow,snowwing,0.1707887747677175,0.7214056253433228,0.7408439517021179,0.682468056678772,0.2798465192317962,0.6568818688392639,0.9132816791534424
177,snow,snowly,0.1520476643945745,0.7460610866546631,0.7880886197090149,0.7612661719322205,0.3176026344299316,0.8129308223724365,0.9223369359970092
177,snow,snowal,0.2360445570064614,0.7218270301818848,0.7835568785667419,0.6938065886497498,0.3365855515003204,0.7129696607589722,0.951343834400177
177,snow,snowes,0.1832786352696046,0.7072104215621948,0.7902370691299438,0.8633196353912354,0.2332706600427627,0.732948362827301,0.9527198076248168
177,snow,snower,0.1653845927043356,0.6808856725692749,0.7967789173126221,0.7279460430145264,0.2744973599910736,0.716900646686554,0.9490955471992492
177,snow,snowed,0.3625865870724175,0.8232141733169556,0.7966821789741516,0.807531476020813,0.7112874984741211,0.7777677178382874,0.9522868394851683
177,snow,snowwings,0.1374150424508799,0.5928200483322144,0.6980363130569458,0.6526989936828613,0.2699218094348907,0.6576763391494751,0.8460267782211304
177,white,whiteism,0.1479504484030248,0.5446834564208984,0.701592206954956,0.6349595785140991,0.2050579190254211,0.7882594466209412,0.8467856049537659
177,white,whiteing,0.1237007512850899,0.6696895360946655,0.7896196842193604,0.6452124118804932,0.2819668352603912,0.7520150542259216,0.9520942568778992
177,white,whitelys,0.0086608083752227,0.5885807275772095,0.6869117021560669,0.6587926745414734,0.0820474997162818,0.7757318615913391,0.9383535981178284
177,white,whiters,0.121751185138024,0.6756201982498169,0.7436467409133911,0.6232200860977173,0.1925307363271713,0.7793708443641663,0.9126051664352416
177,white,whiteds,0.1013589331689155,0.7513673901557922,0.7090063095092773,0.7157288789749146,0.2231022119522094,0.8070830702781677,0.9577621221542358
177,white,whiteal,-0.0002143756416591,0.7479546070098877,0.757282018661499,0.7595272660255432,0.2361712604761123,0.7929738163948059,0.9437300562858582
177,white,whitees,0.134331711326933,0.5633015632629395,0.7627049088478088,0.793871283531189,0.3097786009311676,0.7577854990959167,0.8962894082069397
177,white,whiteed,0.097405563239178,0.7285261154174805,0.7631982564926147,0.746884286403656,0.2831449508666992,0.7948906421661377,0.9431974291801452
177,white,whitely,0.1326011497888605,0.6851238012313843,0.7417712211608887,0.7520806193351746,0.3153067231178283,0.8622753024101257,0.9514551162719728
177,white,whitics,0.1419456286128915,0.3898521065711975,0.3230460882186889,0.4066081643104553,0.1899773031473159,0.3964778482913971,0.9378079771995544
177,white,whiter,0.2081291538444034,0.6531214714050293,0.784960150718689,0.6671359539031982,0.5313743948936462,0.7653163075447083,0.859698474407196
177,white,whited,0.1286598589237355,0.7208653688430786,0.7846340537071228,0.7689937353134155,0.371779054403305,0.8511629700660706,0.95370215177536
177,white,whiteliness,0.1531822454034104,0.6845226883888245,0.6185861825942993,0.6522011756896973,0.1171204894781112,0.7640128135681152,0.9596355557441713
177,white,whitelies,-0.0009208941153492,0.6222363710403442,0.6237039566040039,0.5660451650619507,0.088852122426033,0.7538929581642151,0.9403569102287292
177,white,whiteness,0.2200974220560832,0.7670949697494507,0.7268816232681274,0.7862390279769897,0.5456041097640991,0.8002759218215942,0.965700387954712
177,white,whiticism,0.001478714944882,0.4832375645637512,0.3493721783161163,0.3716194033622741,0.1627297103404998,0.4499998688697815,0.901585340499878
177,costume,costumations,0.2505302482279536,0.4639022350311279,0.5030487775802612,0.1964207887649536,0.117593228816986,0.4679608643054962,0.842485249042511
177,costume,costumer,0.3147372757226545,0.7171780467033386,0.8047407865524292,0.7456793189048767,0.4673360884189605,0.771371603012085,0.9127379059791564
177,costume,costumes,0.5970385589087637,0.841656506061554,0.7873390913009644,0.8694292902946472,0.8447555899620056,0.8847842216491699,0.8894882202148438
177,costume,costumed,0.3578208533813503,0.705506443977356,0.7942543029785156,0.8246721029281616,0.5784128308296204,0.7612074613571167,0.9186308979988098
177,costume,costumization,0.1011628039223552,0.4179412126541137,0.5082876682281494,0.193803608417511,0.1883837729692459,0.3765503466129303,0.8239787220954895
177,costume,costumeor,0.3012851385562615,0.7888480424880981,0.7837685346603394,0.7698894143104553,0.2161663025617599,0.8277976512908936,0.9210341572761536
177,costume,costumeds,0.3383712822547753,0.8058531880378723,0.8169628381729126,0.7554661631584167,0.1987937688827514,0.8497071266174316,0.9659913182258606
177,costume,costumees,0.3354690843949578,0.6446906328201294,0.8179435729980469,0.8788638710975647,0.2306844890117645,0.7332571744918823,0.9034554958343506
177,costume,costumeer,0.2505302482279536,0.7444689273834229,0.8067573308944702,0.819706380367279,0.1796211302280426,0.7900809645652771,0.8824236392974854
177,costume,costumers,0.3142891835649138,0.6401556730270386,0.8189502954483032,0.7669390439987183,0.3708930313587188,0.694267988204956,0.9075996279716492
177,costume,costumors,0.2505302482279536,0.4635237455368042,0.445545494556427,0.215143546462059,0.1344114392995834,0.5199033617973328,0.8284744024276733
177,costume,costuming,0.4079974288444103,0.4817898571491241,0.4365707635879516,0.3816224336624145,0.7265531420707703,0.4420294165611267,0.8179353475570679
177,costume,costumize,0.1735903864825808,0.4568980038166046,0.4541778564453125,0.2325693964958191,0.3309372663497925,0.4372438192367553,0.900678277015686
177,costume,costumeing,0.3554398220865148,0.6749312281608582,0.8200888633728027,0.8834072351455688,0.2778490483760834,0.8006306886672974,0.8785048127174377
177,costume,costumizes,0.2505302482279536,0.4399284422397613,0.46768718957901,0.2541350722312927,0.165904089808464,0.4217180013656616,0.8182351589202881
177,costume,costumizer,0.2965746007311425,0.4871805906295776,0.4817153811454773,0.2354814261198043,0.2126227915287017,0.4651563167572021,0.8673576712608337
177,costume,costumized,0.0817051099252237,0.4676372408866882,0.4624939262866974,0.2565507888793945,0.3415003716945648,0.4573890268802643,0.8746631145477295
177,costume,costumings,0.2775434436933452,0.5608294010162354,0.4479478299617767,0.3758900761604309,0.210483118891716,0.5631808638572693,0.6534192562103271
177,costume,costumizations,0.149707235392771,0.3665567636489868,0.5006217956542969,0.1629889011383056,0.1788846999406814,0.3839985132217407,0.671021580696106
177,costume,costumation,0.2277145664910403,0.4740128815174103,0.483920693397522,0.1844097971916198,0.1306779980659485,0.4801746308803558,0.8412609100341797
177,costume,costumeness,0.3012851385562615,0.7977948784828186,0.8078328371047974,0.8735364675521851,0.1961119771003723,0.8252128958702087,0.935431718826294
177,costume,costumizing,0.120962875836693,0.3984411358833313,0.4618628621101379,0.2164319008588791,0.1817062944173813,0.4041645526885986,0.8387040495872498
178,movies,movieseer,0.0769254054830201,0.6597007513046265,0.767579972743988,0.6164971590042114,0.3073300421237945,0.6754936575889587,0.937920868396759
178,movies,moviesize,0.1456642594866411,0.726310670375824,0.7733350396156311,0.59112948179245,0.1964151114225387,0.7859650254249573,0.952774703502655
178,movies,moviesizes,0.188491598801217,0.6769979000091553,0.7778191566467285,0.5372490286827087,0.2230559289455413,0.7663177847862244,0.9373967051506042
178,movies,moviessize,0.1840164887782553,0.537848174571991,0.6810765266418457,0.5763945579528809,0.0888935625553131,0.5440297722816467,0.9542951583862304
178,movies,moviesor,0.188491598801217,0.7040395140647888,0.7600165605545044,0.6099551916122437,0.3008363842964172,0.6772608160972595,0.9498537182807922
178,movies,moviesal,0.1840164887782553,0.6802767515182495,0.7696875333786011,0.6689766049385071,0.325500875711441,0.7230116724967957,0.9427319765090942
178,movies,movieses,0.0988318400961528,0.6293790936470032,0.7972445487976074,0.8347373604774475,0.330585777759552,0.8450579047203064,0.9048670530319214
178,for,fors,0.0211971462128509,0.5845560431480408,0.7881664037704468,0.6501905918121338,0.4868814945220947,0.6525734663009644,0.7971932888031006
178,for,foriveness,0.0188461154148374,0.5100533962249756,0.4744688868522644,0.3782556354999542,0.2146516442298889,0.5856186151504517,0.896537184715271
178,for,foror,0.0197958819386804,0.5546815395355225,0.6626139879226685,0.4569509029388428,0.672096312046051,0.7198702096939087,0.9424419403076172
178,for,forly,-0.0364663565608962,0.6485336422920227,0.6962509155273438,0.6843835115432739,0.4733482897281647,0.6386039853096008,0.9271395206451416
178,for,foral,0.0145738423450617,0.6076216101646423,0.6846916675567627,0.6112817525863647,0.0847130343317985,0.6522945165634155,0.9385678172111512
178,for,fority,0.0179133813795565,0.6426584720611572,0.6019469499588013,0.4698917269706726,0.3172442317008972,0.7233065366744995,0.9067056179046632
178,for,forive,0.020054296001782,0.7014118432998657,0.5751035809516907,0.525597095489502,0.2195894122123718,0.7563675045967102,0.9432086944580078
178,for,forism,0.0171863364251326,0.5911684036254883,0.6085430383682251,0.3904914259910583,0.2642246782779693,0.810141921043396,0.8702883720397949
178,for,foreer,0.0204250990048059,0.4787662029266357,0.239448681473732,0.3403460383415222,0.1344557702541351,0.4518108963966369,0.9310391545295716
178,for,foreor,0.0171863364251326,0.432290256023407,0.2080646604299545,0.2821760773658752,0.2246877700090408,0.3488214015960693,0.9464638233184814
178,for,forals,0.0139645943887653,0.7514456510543823,0.5529297590255737,0.5971925854682922,0.1571360975503921,0.8498861193656921,0.9595995545387268
178,for,forror,0.0003496368146387,0.7650196552276611,0.4897848069667816,0.5498597621917725,0.1679055541753769,0.8690333366394043,0.9544840455055236
178,for,forral,0.0181607072770789,0.7492877244949341,0.5700448751449585,0.5488623380661011,0.1747563034296035,0.8561328053474426,0.968110203742981
178,for,forred,0.0182574062883287,0.6694139838218689,0.5691395998001099,0.6745747923851013,0.1724910140037536,0.8421102166175842,0.9568775296211244
178,for,forrer,0.0096923990367927,0.7706474661827087,0.5414766073226929,0.5528163909912109,0.2170542329549789,0.8580495715141296,0.9702348709106444
178,for,forably,0.0171863364251326,0.7791550755500793,0.4653947949409485,0.5076819062232971,0.1695726215839386,0.8594257831573486,0.9705673456192015
178,for,forable,0.0183679148187146,0.7098625302314758,0.6285344362258911,0.668199896812439,0.2405651807785034,0.6660582423210144,0.842709481716156
178,for,forally,0.0176042921578212,0.7667269110679626,0.5397324562072754,0.6292533874511719,0.1339742541313171,0.8183473348617554,0.91074138879776
178,for,forible,-0.0065553584377835,0.6356116533279419,0.4814471006393432,0.659350574016571,0.2163072079420089,0.8609750866889954,0.8723940849304199
178,for,forlies,0.0171863364251326,0.7197260856628418,0.4992663264274597,0.5595545768737793,0.0936098396778106,0.8484161496162415,0.9664300084114076
178,for,forlied,0.0171863364251326,0.3931872248649597,0.5450752973556519,0.5626068115234375,0.0757998973131179,0.5327011942863464,0.8900788426399231
178,for,forness,0.0201883788583631,0.6604036092758179,0.6391935348510742,0.5298659801483154,0.1453616172075271,0.6011849045753479,0.8965870141983032
178,for,forment,-0.0480898354163957,0.5173455476760864,0.1783640086650848,0.2339727580547332,0.2161862999200821,0.3598697483539581,0.930462121963501
178,for,forrers,0.0179133813795565,0.4428664147853851,0.5524466037750244,0.5459225177764893,0.1637073755264282,0.6702412366867065,0.8853299021720886
178,for,formentity,0.0171863364251326,0.3812045454978943,0.1610872149467468,0.1701380014419555,0.1239999234676361,0.4436367154121399,0.8408473134040833
178,for,formenting,0.0209843735987642,0.5620177984237671,0.1168212816119194,0.1946582198143005,0.1976235061883926,0.4137440919876098,0.940355122089386
178,for,forments,0.0185468311323617,0.4905357360839844,0.0978482514619827,0.2389663159847259,0.1498409360647201,0.3628354668617248,0.9203462600708008
178,for,forrally,0.0176042921578212,0.476836621761322,0.5253978967666626,0.4970097541809082,0.1774221807718277,0.5627871751785278,0.9435381889343262
178,for,forrible,0.0183679148187146,0.5741676092147827,0.506894052028656,0.5552297830581665,0.19090037047863,0.559188961982727,0.9528677463531494
178,kids,kid,0.3481203703634282,0.7989120483398438,0.6613105535507202,0.7419129014015198,0.7180676460266113,0.7783388495445251,0.9812485575675964
178,kids,kidic,0.0989926452125044,0.5797593593597412,0.5628604888916016,0.5820200443267822,0.1708680242300033,0.6904186606407166,0.9159021973609924
178,kids,kidly,0.0967671727610343,0.6507169008255005,0.5554746985435486,0.5719611644744873,0.2561227977275848,0.7370396852493286,0.8470845222473145
178,kids,kidor,0.1407699386684554,0.6436718702316284,0.5778669118881226,0.4931229948997497,0.105064071714878,0.5869227647781372,0.9652379751205444
178,kids,kidal,0.0077573469255378,0.5723451375961304,0.5599302053451538,0.6109408140182495,0.177992895245552,0.5487691164016724,0.9435660243034364
178,kids,kides,0.1738405352520199,0.6691889762878418,0.5992233753204346,0.8194395303726196,0.1081519275903701,0.6863476634025574,0.9155012965202332
178,kids,kider,0.0182600251518975,0.5488356351852417,0.5801952481269836,0.6157275438308716,0.1394401341676712,0.6422142386436462,0.8630385994911194
178,kids,kided,0.0989926452125044,0.6647234559059143,0.5892497301101685,0.648195743560791,0.0917423740029335,0.63914555311203,0.9665391445159912
178,kids,kiddings,0.1588832849893209,0.5745394825935364,0.4150656461715698,0.2702539563179016,0.0641871467232704,0.5276171565055847,0.9507545828819276
178,kids,kidance,0.1218083269494179,0.7108597755432129,0.5505048036575317,0.5058019161224365,0.1950403749942779,0.6738218069076538,0.9668693542480468
178,kids,kidable,-0.0225223862016912,0.6938527822494507,0.5599696636199951,0.5842349529266357,0.2231773734092712,0.6959813237190247,0.923056960105896
178,kids,kidding,0.187842640458054,0.707842230796814,0.3354712724685669,0.2354418188333511,0.2552105486392975,0.4438768029212951,0.9780985116958618
178,kids,kidders,0.1264823413334406,0.4071195721626282,0.4797569811344147,0.6372662782669067,0.1846470236778259,0.6267684698104858,0.843794584274292
178,kids,kidisms,0.2240662077850415,0.7278209924697876,0.5918715000152588,0.5527121424674988,0.1456558555364608,0.6836875677108765,0.9590917825698853
178,kids,kidical,0.1905946098581566,0.7075644135475159,0.5705931186676025,0.5748167634010315,0.2007248103618621,0.6493010520935059,0.9717678427696228
178,kids,kidings,0.0989926452125044,0.7335448265075684,0.6130373477935791,0.6958845853805542,0.1273151189088821,0.6869417428970337,0.9584357738494872
178,kids,kidlies,0.1407699386684554,0.7037979364395142,0.5739469528198242,0.6389374732971191,0.2305393815040588,0.6740025877952576,0.9597273468971252
178,kids,kidness,0.0651057891831807,0.6972092986106873,0.5720466375350952,0.6539373397827148,0.2262875437736511,0.7284924983978271,0.949377715587616
178,kids,kidability,0.1267521244178542,0.7221906781196594,0.5712864398956299,0.5659323930740356,0.188455730676651,0.7012677788734436,0.9622119069099426
178,kids,kidabilities,0.1673388198618302,0.5246507525444031,0.5894352197647095,0.6321479082107544,0.1889630556106567,0.6352283358573914,0.8889552354812622
178,kids,kidion,0.1218083269494179,0.6748335361480713,0.5691733956336975,0.5463472604751587,0.1506411582231521,0.6525217890739441,0.9656546711921692
178,kids,kidism,0.1407699386684554,0.6192528009414673,0.5614285469055176,0.6035047769546509,0.0947233512997627,0.6746097803115845,0.8851863741874695
178,kids,kiding,0.0439991248971674,0.6577854156494141,0.5841113328933716,0.6980165243148804,0.2068336755037307,0.6659743189811707,0.940455973148346
178,kids,kiders,0.1218083269494179,0.5842188000679016,0.6291967630386353,0.7265427112579346,0.1669060438871383,0.706051230430603,0.9271783828735352
178,kids,kiddor,0.1218083269494179,0.5410209894180298,0.4443344175815582,0.5058846473693848,0.2596587836742401,0.496399313211441,0.9236141443252563
178,kids,kideds,0.1218083269494179,0.5869383215904236,0.5522445440292358,0.7195926904678345,0.1180174797773361,0.6535517573356628,0.9294721484184264
178,kids,kidder,0.0571569402581697,0.294638991355896,0.4492543339729309,0.5249608159065247,0.2496352791786193,0.5294392704963684,0.8918895125389099
178,kids,kiddal,0.0338114709619781,0.3743399977684021,0.4229367077350616,0.5744129419326782,0.1444573849439621,0.4199858605861664,0.9159560799598694
178,kids,kidded,0.1428173331692784,0.5688254833221436,0.4379907250404358,0.5404447913169861,0.2570658028125763,0.5524868965148926,0.9294866919517516
178,kids,kidals,0.1218083269494179,0.7130078077316284,0.6009239554405212,0.643812358379364,0.201163038611412,0.669392466545105,0.95813649892807
179,alcohol,alcohollys,0.1914328946231704,0.6513957381248474,0.7051863074302673,0.6771124601364136,0.2463486939668655,0.6654256582260132,0.9339473843574524
179,alcohol,alcoholing,0.2499331805390589,0.7497745752334595,0.8133734464645386,0.8316690921783447,0.1702591627836227,0.9104790687561036,0.8191708922386169
179,alcohol,alcoholity,0.1914328946231704,0.6396021842956543,0.7828515768051147,0.7848961353302002,0.0946383252739906,0.8935832977294922,0.7895996570587158
179,alcohol,alcoholize,0.2451101419373927,0.7988696098327637,0.7750586271286011,0.7387993335723877,0.2504968047142029,0.9005880355834961,0.96046781539917
179,alcohol,alcoholeor,0.1914328946231704,0.5973483324050903,0.7197048664093018,0.6243093013763428,0.2037423551082611,0.6544501185417175,0.9383464455604552
179,alcohol,alcoholly,0.2149822638452152,0.7968996167182922,0.7917616367340088,0.7477775812149048,0.2769535779953003,0.8777214288711548,0.9291527271270752
179,alcohol,alcoholed,0.1992025232151998,0.7856825590133667,0.8020789623260498,0.7799026966094971,0.1530588865280151,0.8566706776618958,0.937031090259552
179,alcohol,alcoholes,0.1479355822260517,0.7183605432510376,0.7921007871627808,0.8420335054397583,0.2082138657569885,0.8863959312438965,0.8771676421165466
179,alcohol,alcoholer,0.1896773532191766,0.7432164549827576,0.7911834716796875,0.6982524394989014,0.1510789692401886,0.8127718567848206,0.937943696975708
179,alcohol,alcoholized,0.1834501075850157,0.757827877998352,0.8007012009620667,0.7582933902740479,0.2534722983837127,0.8968362212181091,0.9589529037475586
179,alcohol,alcoholizer,0.186136525673147,0.783026933670044,0.7830384969711304,0.7234000563621521,0.2908841967582702,0.9023932814598083,0.9436047673225404
179,alcohol,alcohols,0.3302519958227345,0.7491636872291565,0.8192510008811951,0.877731204032898,0.5546979904174805,0.8925924897193909,0.8337688446044922
179,alcohol,alcoholizing,0.2160475237962597,0.7700129747390747,0.7945849299430847,0.7539806365966797,0.2549461722373962,0.926977813243866,0.9036504626274108
179,alcohol,alcoholization,0.2353483334326834,0.6615321040153503,0.8107097148895264,0.7165867686271667,0.2739725410938263,0.8990610837936401,0.8371037840843201
179,and,ands,0.0154787367917124,0.5718194246292114,0.8176462650299072,0.6259524822235107,0.4662896990776062,0.7781519889831543,0.7839651107788086
179,and,andly,0.0138931940660043,0.6444696187973022,0.7246574759483337,0.6781186461448669,0.4707549214363098,0.5703177452087402,0.8887823224067688
179,and,andor,-0.0096158708722343,0.589146614074707,0.6516401171684265,0.4834586977958679,0.3871694505214691,0.5966795086860657,0.8939244151115417
179,and,andic,0.0008198705043835,0.7144595384597778,0.6677190065383911,0.4409707188606262,0.2434609979391098,0.6445181369781494,0.8688029646873474
179,and,anded,0.016384409674639,0.636444091796875,0.7230462431907654,0.5425416827201843,0.3184429109096527,0.6071625351905823,0.8604344725608826
179,and,ander,0.0170864230444695,0.4930912256240845,0.7406594157218933,0.5122191905975342,0.2830702364444732,0.5370641946792603,0.8180434703826904
179,and,andal,0.0146356862138069,0.6168237924575806,0.7060174942016602,0.5289503931999207,0.3581715822219848,0.5290151238441467,0.8849054574966431
179,and,andallied,0.0125285203577056,0.5960009098052979,0.384770393371582,0.4569447934627533,0.2202911525964737,0.680184006690979,0.9323224425315856
179,and,andallies,0.0123123450569733,0.5380310416221619,0.4506935775279999,0.4532484710216522,0.2501411437988281,0.6824653148651123,0.900059163570404
179,and,andanced,0.0125285203577056,0.5487841367721558,0.5379505753517151,0.4153899252414703,0.1938953548669815,0.5567847490310669,0.9395371079444884
179,and,andative,0.0130819340650135,0.5905084013938904,0.450526088476181,0.4262281060218811,0.1513160914182663,0.5066038370132446,0.8679144978523254
179,and,andities,0.0120200291175837,0.7575041055679321,0.5016441345214844,0.3757184147834778,0.1784887164831161,0.5645405054092407,0.9088821411132812
179,and,andizing,0.0123123450569733,0.7696331143379211,0.55307936668396,0.4300282001495361,0.2053597867488861,0.8046121001243591,0.9488131999969482
179,and,andments,0.0120200291175837,0.7255121469497681,0.4738796353340149,0.4176217317581177,0.2373918443918228,0.5920088291168213,0.8522933721542358
179,and,andeor,0.0090064063273944,0.5206398963928223,0.5583055019378662,0.3827032446861267,0.1996403932571411,0.4883249402046203,0.8819406032562256
179,and,andeer,0.01111241924944,0.7628787755966187,0.5470841526985168,0.5592829585075378,0.19634410738945,0.7067134380340576,0.8995957374572754
179,and,anders,0.0177069915348252,0.5990121364593506,0.0788657665252685,0.2917137145996094,0.1489022523164749,0.4939574897289276,0.926557958126068
179,and,andded,0.0123123450569733,0.7766466736793518,0.5064877271652222,0.5004475116729736,0.325874000787735,0.5865401029586792,0.8545764684677124
179,and,andder,0.0127014987293732,0.6966569423675537,0.6371490955352783,0.3876184523105621,0.2907333374023437,0.699635922908783,0.9344237446784972
179,and,anddal,-0.0274524616271439,0.7169756889343262,0.5666996240615845,0.4284325838088989,0.22666597366333,0.5762916207313538,0.9179726243019104
179,and,andive,0.0040890364989151,0.6820625066757202,0.5805310010910034,0.4605757892131805,0.32631516456604,0.4758943617343902,0.8981229662895203
179,and,andity,0.0120033987573633,0.7072398066520691,0.6229332089424133,0.4393731951713562,0.3693918585777282,0.6043590307235718,0.902577817440033
179,and,andion,-0.0032189532596071,0.681695818901062,0.6148521304130554,0.4269736409187317,0.4539228081703186,0.5657721161842346,0.9134056568145752
179,and,anding,0.0134549529279276,0.6545946002006531,0.7549647092819214,0.5233741998672485,0.4391408264636993,0.8461504578590393,0.9022687673568726
179,and,andics,0.0129715516288793,0.7724244594573975,0.5250756144523621,0.3876731991767883,0.1916005313396453,0.6052173972129822,0.9163151383399964
179,and,andial,0.0097114644053403,0.8139124512672424,0.5689907073974609,0.4373630583286285,0.2330118268728256,0.5918050408363342,0.9350420832633972
179,and,andize,-0.0084810948709672,0.7348250150680542,0.5730719566345215,0.4319853782653808,0.2191152721643448,0.6359838247299194,0.914146363735199
179,and,andals,0.0077915913420472,0.7035167813301086,0.5568323135375977,0.4653558731079101,0.2797095477581024,0.5128178596496582,0.8629075884819031
179,and,andors,0.0060062152803484,0.7146550416946411,0.541051983833313,0.4224758744239807,0.2761597335338592,0.6085128784179688,0.8263492584228516
179,and,andable,0.013180869409051,0.7178924083709717,0.5913313031196594,0.4858874976634979,0.2834366261959076,0.5653709173202515,0.8782083988189697
179,and,andance,-0.0055953567036019,0.7375194430351257,0.5196474194526672,0.4111378788948059,0.2277587205171585,0.550048828125,0.8862942457199097
179,and,andally,0.0120200291175837,0.7867751121520996,0.5500785112380981,0.6661996245384216,0.2684422135353088,0.7325084209442139,0.8490492701530457
179,and,andding,0.0123123450569733,0.7401571273803711,0.5840151309967041,0.5006355047225952,0.2002655416727066,0.7589541077613831,0.857000470161438
179,and,andders,0.0120200291175837,0.7296653985977173,0.5336180925369263,0.3955280482769012,0.2759023904800415,0.7417897582054138,0.9239601492881776
179,and,andeers,-0.1054597927254131,0.7763240337371826,0.4935850501060486,0.4957433938980102,0.1824616938829422,0.6583110690116882,0.9466113448143004
179,and,andible,0.0135657248943408,0.8174465298652649,0.4666519463062286,0.4758270978927612,0.2099074423313141,0.6550568342208862,0.9043663144111632
179,and,andical,0.0120200291175837,0.8559730052947998,0.5051115155220032,0.4707512855529785,0.1522092223167419,0.6198965311050415,0.9469975829124452
179,and,andized,0.0125285203577056,0.7624256610870361,0.6054489612579346,0.3887805938720703,0.1580788046121597,0.6571123003959656,0.905439794063568
179,and,andings,0.0129715516288793,0.7350630760192871,0.543114423751831,0.4822361469268799,0.230182945728302,0.5106543898582458,0.8870044946670532
179,and,andisms,0.0120200291175837,0.7228423953056335,0.4759424030780792,0.4288261532783508,0.21577750146389,0.5960253477096558,0.8714096546173096
179,and,andives,-0.0049423102862091,0.7801598906517029,0.5032258033752441,0.3721906542778015,0.1430783867835998,0.5111412405967712,0.9097776412963868
179,and,andment,0.0120200291175837,0.6936362981796265,0.5625733137130737,0.4800858497619629,0.3670474290847778,0.524864673614502,0.8526761531829834
179,and,andlies,0.0143496483462063,0.7479958534240723,0.4762588739395141,0.455803632736206,0.2297285497188568,0.6887221336364746,0.9025130867958068
179,and,andness,0.013180869409051,0.7183924913406372,0.6416144967079163,0.4708820581436157,0.2328091859817505,0.6043890714645386,0.8558623194694519
179,and,anderness,0.0120200291175837,0.5434296131134033,0.4239205121994018,0.3719350695610046,0.2345693558454513,0.5360625982284546,0.8610159754753113
179,and,andability,0.013428926045153,0.6822100877761841,0.4952660202980041,0.3732797503471374,0.2439189106225967,0.5329835414886475,0.8905054330825806
179,and,andabilities,0.013180869409051,0.516576886177063,0.3613789975643158,0.4022915363311767,0.1466303616762161,0.6450974941253662,0.8693891167640686
179,its,itsability,0.1022865807991905,0.6150636672973633,0.5891423225402832,0.2972734868526459,0.2971132397651672,0.7572906017303467,0.9106533527374268
179,its,itsly,0.0724596085256643,0.727300763130188,0.7047938704490662,0.559572696685791,0.1668375134468078,0.8115584254264832,0.9289063811302184
179,its,itsic,0.0785448859362743,0.7349697351455688,0.6845686435699463,0.395706444978714,0.1628273725509643,0.6385021805763245,0.9392261505126952
179,its,itses,0.0609327525923047,0.636573076248169,0.7140154838562012,0.5731436610221863,0.1275432556867599,0.7486595511436462,0.945310115814209
179,its,itser,0.0785448859362743,0.6617540121078491,0.7301294207572937,0.5096319317817688,0.1340522915124893,0.7596062421798706,0.9499892592430116
179,its,itsed,0.0123809614461721,0.7241816520690918,0.7196999788284302,0.5583255290985107,0.1799624413251876,0.5625127553939819,0.9507306218147278
179,its,itsal,-0.0026285049516778,0.7178258895874023,0.6861370801925659,0.508949875831604,0.1222687065601348,0.7172373533248901,0.9538774490356444
179,its,itssables,0.0592933636623996,0.5799391865730286,0.5600752830505371,0.3061628937721252,-0.0131656238809227,0.7091935276985168,0.946560263633728
179,its,itsors,0.104774095401757,0.782872200012207,0.6136599183082581,0.4002693891525268,0.3332550823688507,0.8269688487052917,0.9559590816497804
179,its,itsize,0.0592933636623996,0.8418214321136475,0.6218924522399902,0.4004530012607574,0.1467332690954208,0.6826958656311035,0.9752228856086732
179,its,itsers,0.104774095401757,0.7457684278488159,0.6957454681396484,0.4758459329605102,0.0691099241375923,0.7844787836074829,0.9525389671325684
179,its,itsally,0.1022865807991905,0.8549529314041138,0.5807294249534607,0.5348339080810547,0.084300585091114,0.8334439396858215,0.970310389995575
179,its,itssize,0.1066136776647311,0.4647569954395294,0.5411906242370605,0.3795016407966614,0.0029452103190124,0.7282589673995972,0.9333131909370422
179,negative,negatives,0.3632249120166929,0.7291821241378784,0.8043618202209473,0.8030469417572021,0.6515586972236633,0.798466145992279,0.9155341386795044
179,negative,negativer,0.2396858789297442,0.6875142455101013,0.7919241786003113,0.7258919477462769,0.2645654082298279,0.8014408946037292,0.9595114588737488
179,negative,negatived,0.2279648068686249,0.7871135473251343,0.7869904041290283,0.8225052356719971,0.1534459441900253,0.8480376601219177,0.9027428030967712
179,negative,negatival,0.2301162807106479,0.4087381362915039,0.3737946152687073,0.5101596117019653,0.3265926241874695,0.691156804561615,0.9473013281822203
179,negative,negativeion,0.0830101738371619,0.7109292149543762,0.7574754953384399,0.6874170303344727,0.3334716260433197,0.6762691140174866,0.9282771348953248
179,negative,negativeity,0.2393435636290216,0.649164080619812,0.7713521122932434,0.6858854293823242,0.3121910393238067,0.908043086528778,0.8951136469841003
179,negative,negativizes,0.2049529184481777,0.4466814994812011,0.4165815114974975,0.5114885568618774,0.2394258081912994,0.7477678060531616,0.789506196975708
179,negative,negativized,0.2547631485272906,0.4401179552078247,0.4215930104255676,0.5818291902542114,0.2711385786533355,0.7474110126495361,0.9111230373382568
179,negative,negativization,0.2398510419001705,0.3906034529209137,0.4190559983253479,0.5358340740203857,0.2400877922773361,0.7378557920455933,0.8768090009689331
179,negative,negativation,0.2301162807106479,0.3850859999656677,0.3991732895374298,0.4746884107589721,0.3129163384437561,0.6827465295791626,0.7971099019050598
179,negative,negativeions,0.0296748486971454,0.8038016557693481,0.7459210157394409,0.6321529746055603,0.2974943816661834,0.6772948503494263,0.9774361252784728
179,negative,negativement,0.1090260701538818,0.6694038510322571,0.7207385301589966,0.6199995875358582,0.1892861723899841,0.8282326459884644,0.940140426158905
179,negative,negativeness,0.2580581945243785,0.7044678330421448,0.7710204124450684,0.6879994869232178,0.5725424885749817,0.8884151577949524,0.9054563641548156
179,negative,negativeallied,0.1344594515396607,0.5702075362205505,0.6496792435646057,0.6399734616279602,0.2873695492744446,0.7989152073860168,0.9551607370376588
179,negative,negativities,0.3176618575236987,0.4116322994232178,0.4052565693855285,0.5730724334716797,0.4656678438186645,0.7269048690795898,0.8299548029899597
179,negative,negativizing,0.2301162807106479,0.3945833444595337,0.4155504107475281,0.5523660182952881,0.2712083160877228,0.7519844770431519,0.8899648785591125
179,negative,negativize,0.2049529184481777,0.424283504486084,0.4004242122173309,0.5315331220626831,0.2739838361740112,0.7107523083686829,0.8637000322341919
179,negative,negativity,0.3985993201256119,0.4347375035285949,0.387239933013916,0.6021732091903687,0.6455073952674866,0.7240888476371765,0.8175048232078552
179,negative,negativing,0.2344054177163572,0.4291126728057861,0.3837445378303528,0.5356941819190979,0.348254382610321,0.6572062373161316,0.7468195557594299
179,negative,negativeor,0.2132712801295881,0.6837978363037109,0.7594993114471436,0.6317421197891235,0.1482113599777221,0.6756088733673096,0.915090799331665
179,negative,negatively,0.3953211474953403,0.7170765995979309,0.6241035461425781,0.8037002086639404,0.5718077421188354,0.9444670081138612,0.9578321576118468
179,negative,negativeities,0.2049529184481777,0.6839089393615723,0.7458056211471558,0.6479044556617737,0.2709998786449432,0.8774200677871704,0.8929524421691895
179,effects,effectsions,0.2103433240712609,0.7876976728439331,0.7793878316879272,0.7190631628036499,0.2649906277656555,0.8769800066947937,0.9595245718955994
179,effects,effectsion,0.2103433240712609,0.7518085241317749,0.7644092440605164,0.7843398451805115,0.246985986828804,0.8709399700164795,0.9584991335868835
179,effects,effectsive,0.2103433240712609,0.739719569683075,0.7517194747924805,0.6821349263191223,0.1883561164140701,0.8162848949432373,0.9649620056152344
179,effects,effectsize,0.1982040229230424,0.7863735556602478,0.7734094858169556,0.7212931513786316,0.2058311104774475,0.8718299865722656,0.9533130526542664
179,effects,effectsiveness,0.2154586782662248,0.6611412763595581,0.6904356479644775,0.634088397026062,0.2141482234001159,0.803504228591919,0.9449527263641356
179,effects,effectses,0.2103433240712609,0.735822319984436,0.8073354363441467,0.911818504333496,0.3150472342967987,0.9296727776527404,0.9205111265182496
179,effects,effectsed,0.2103433240712609,0.7426670789718628,0.7864805459976196,0.8210369348526001,0.267735868692398,0.9011881947517396,0.9535993933677672
179,effects,effectsor,0.2154586782662248,0.6505500674247742,0.7646962404251099,0.6222911477088928,0.3323118090629577,0.9116789698600768,0.9627609848976136
179,effects,effectsative,0.1631354978595575,0.7416548728942871,0.7462927103042603,0.7338833212852478,0.3013871610164642,0.7586579322814941,0.9581872820854188
179,effects,effectssizes,0.2222686348999729,0.6140139698982239,0.6710131168365479,0.6037958860397339,0.2052385956048965,0.8026248216629028,0.9591321349143982
179,on,onness,0.0272201958565989,0.7338888645172119,0.6296392679214478,0.5192933082580566,-0.0492573082447052,0.7899051308631897,0.9356789588928224
179,on,onism,0.0162563835181368,0.631628692150116,0.6072279214859009,0.3983487784862518,-0.0390880741178989,0.7954561114311218,0.8908246755599976
179,society,societic,0.1371362061232249,0.4239493012428283,0.3552673459053039,0.3558157086372375,0.1548725962638855,0.4719689488410949,0.8690133094787598
179,society,societys,0.1354650372154946,0.71238112449646,0.7852619290351868,0.9229042530059814,0.6844868063926697,0.8509513139724731,0.8727761507034302
179,society,societyisms,0.1832888069994666,0.7123159170150757,0.6744105219841003,0.7480218410491943,0.3605391085147857,0.84730064868927,0.9117893576622008
179,society,societylies,0.1371362061232249,0.8110391497612,0.6611815690994263,0.7558352947235107,0.2022124230861663,0.8396535515785217,0.9754697680473328
179,society,societyor,0.1910425946034644,0.7653952836990356,0.7241328358650208,0.694981575012207,0.3529753983020782,0.7953694462776184,0.9702979922294616
179,society,societyes,0.1832888069994666,0.7497010231018066,0.7597609758377075,0.8850802779197693,0.2957715988159179,0.8513226509094238,0.9198829531669616
179,society,societyal,0.0660692745942375,0.7992148399353027,0.742911159992218,0.7694355249404907,0.2953483760356903,0.8022935390472412,0.9592216610908508
179,society,societies,0.3991626293173589,0.8140151500701904,0.6278538107872009,0.8141742944717407,0.7384999990463257,0.9087063670158386,0.9605481624603271
179,society,societics,0.1832888069994666,0.4648007452487945,0.353333979845047,0.4350988566875458,0.1874067336320877,0.5254950523376465,0.8499782085418701
179,society,societied,0.1704915651345318,0.3985162377357483,0.3855615854263305,0.3383242189884186,0.1659946888685226,0.4245031774044037,0.8446479439735413
179,society,societiers,0.1832888069994666,0.4194441437721252,0.3675497472286224,0.3671166896820068,0.1174643039703369,0.4475027620792389,0.8302770256996155
179,society,societical,0.1595471121365504,0.4771143198013305,0.3370970487594604,0.4140001535415649,0.1458802372217178,0.4637610018253326,0.9039664268493652
179,society,societying,0.0981325405740902,0.6673146486282349,0.7597196102142334,0.8144692182540894,0.3517836630344391,0.8186083436012268,0.8963030576705933
179,society,societyism,0.1910425946034644,0.6134178638458252,0.7571201324462891,0.8070647716522217,0.3987099826335907,0.8563351035118103,0.8539910316467285
179,society,societyics,0.1832888069994666,0.7819699048995972,0.7205086946487427,0.7401059865951538,0.3381451070308685,0.8195613622665405,0.9252924919128418
179,society,societically,0.1571078146728974,0.4584304094314575,0.345013678073883,0.3585335612297058,0.1338916271924972,0.5030405521392822,0.8574691414833069
