QID,Term,Morph,npmi
1,obama,obamas,0.457162763747596
1,obama,obamaism,0.295681202010758
1,obama,obamaisms,0.288706233108678
1,obama,obamalies,0.236600305825883
1,obama,obamalied,0.232508177060308
1,obama,obamaness,0.253119964181864
1,obama,obamaly,0.226975271936484
1,family,familyiving,0.0888901875637335
1,family,famililies,0.0963084615758733
1,family,familiness,0.130727347133086
1,family,familiers,0.000236004985113625
1,family,familieds,0.112686792026334
1,family,familical,0.112686792026334
1,family,familior,0.0493848144346533
1,family,familied,0.075319313337319
1,family,familily,0.104642674597621
1,family,families,0.356914659876327
1,family,familier,0.0481894360658065
1,family,familyor,0.106437326410994
1,family,familyal,0.0750596988879763
1,family,familyed,0.102321878073605
1,family,familyes,0.0861701652441094
1,family,familyer,0.0926596337260247
1,family,familyive,0.0691914795864188
1,family,familyism,0.119091129560194
1,family,familying,0.102405659420818
1,family,familys,0.150359844628316
1,family,familic,0.0847227292662394
1,family,familyally,0.0691914795864188
1,family,familyence,0.112686792026334
1,family,familyness,0.123597181569435
1,tree,treally,0.0753847740019563
1,tree,treance,0.102966825379031
1,tree,treable,0.177816313973352
1,tree,treeals,0.154641452886308
1,tree,treeing,0.131657457139929
1,tree,treeism,0.154641452886308
1,tree,treeity,0.154641452886308
1,tree,treible,0.0702529894814513
1,tree,treings,0.154641452886308
1,tree,treizer,0.154641452886308
1,tree,treizes,0.0764607595382628
1,tree,treeation,0.201612918435953
1,tree,treeativity,0.164855352016799
1,tree,treality,0.0833589694486756
1,tree,treation,0.115551106212285
1,tree,treeable,0.155587765798467
1,tree,treelies,0.154641452886308
1,tree,treeness,0.230896363907916
1,tree,treeability,0.201612918435953
1,tree,treer,0.134927584209031
1,tree,trees,0.457086034004073
1,tree,treed,0.213672621357814
1,tree,treal,0.0874834249680092
1,tree,treor,0.026423228990917
1,tree,treic,0.154105225425365
1,tree,treallies,0.154641452886308
1,tree,treals,0.102966825379031
1,tree,treeal,0.147836137935917
1,tree,treees,0.202342918052614
1,tree,treeds,0.183919150682727
1,tree,treeed,0.131775065941815
1,tree,treely,0.158268990043675
1,tree,treers,0.201692657986701
1,tree,treeor,0.192040431999198
1,tree,treing,0.13414435861677
1,tree,treion,0.160932354411313
1,tree,treive,0.147836137935917
1,tree,treity,0.154641452886308
1,tree,treize,0.0493736090195046
1,tree,treors,0.131775065941815
1,tree,trealities,0.154641452886308
1,tree,treeations,0.201612918435953
2,french,frenchizes,0.083578160604162
2,french,frenchized,0.169857570899355
2,french,frenchings,0.139153807761233
2,french,frenchisms,0.167423158540028
2,french,frenchness,0.220750808632196
2,french,frenchment,0.107972284244364
2,french,francances,0.117490277445307
2,french,francement,0.153287639053721
2,french,francancy,0.117490277445307
2,french,francelys,0.117490277445307
2,french,francence,0.117490277445307
2,french,francions,0.117490277445307
2,french,france,0.444680186362398
2,french,francy,0.0363400851421478
2,french,frencher,0.207487351937909
2,french,frenches,0.11873462088142
2,french,frenched,0.122439829346634
2,french,frenchor,0.160902862135518
2,french,frenchly,0.160359355580178
2,french,frenchic,0.0783999307712844
2,french,frenchize,0.0877250710262491
2,french,frenchism,0.185699154724636
2,french,frenchion,0.117490277445307
2,french,frenching,0.136021384241226
2,french,frenchers,0.11967382436493
2,french,franced,0.142403462507269
2,french,francer,0.0816228291660499
2,french,francys,0.0531828840544517
2,french,francic,0.114950271757029
2,french,frenchs,0.117977589417329
2,french,frenchization,0.166922603392636
2,french,francees,0.0778433506854436
2,french,francely,0.117490277445307
2,french,francers,0.0783999307712844
2,french,franceds,0.0946238905008138
2,french,franceed,0.117490277445307
2,french,francing,0.0530950013753132
2,french,francion,0.16429585195979
2,french,francics,0.0684930676991571
2,french,francies,0.0354353196401679
2,lick,lickable,0.390050343973273
2,lick,lickably,0.306714687549473
2,lick,lickking,0.291428917464543
2,lick,lickness,0.194953491504658
2,lick,licks,0.487125574234846
2,lick,lickables,0.329396850463634
2,lick,lickeds,0.262620676901759
2,lick,lickers,0.44143055600877
2,lick,lickity,0.226037395118343
2,lick,lickability,0.17655804601937
2,lick,licked,0.517255026069967
2,lick,lickes,0.282844276850338
2,lick,licker,0.393420288123986
2,lick,lickly,0.266533952806786
2,lick,lickor,0.310677479290198
2,lick,lickal,0.291428917464543
2,resort,resorts,0.568499270997234
2,resort,resortations,0.181062117815708
2,resort,resortals,0.229108390916587
2,resort,resorters,0.199139647426676
2,resort,resorteer,0.181062117815708
2,resort,resortism,0.217397759856918
2,resort,resorting,0.166510789526773
2,resort,resortable,0.075500993061273
2,resort,resortized,0.181062117815708
2,resort,resortings,0.19302107301954
2,resort,resortlies,0.244898770184063
2,resort,resortment,0.181062117815708
2,resort,resortor,0.238831370121065
2,resort,resorter,0.180156488307642
2,resort,resortes,0.104348586167235
2,resort,resorted,0.171742741236417
2,resort,resortal,0.305511210695522
2,resort,resortative,0.181062117815708
2,resort,resortation,0.061126828769897
2,and,ands,0.00951396672338127
2,and,andability,0.00818750992350514
2,and,andmenting,0.00674799443457034
2,and,andically,0.00691248818168224
2,and,andabilities,0.00691248818168224
2,and,andly,0.0079592134719376
2,and,andor,0.0081365342316146
2,and,andic,0.00708680291520944
2,and,anded,0.00973701810451341
2,and,ander,-0.00581870394088592
2,and,andal,0.00303609160041674
2,and,andallied,0.0072130729547869
2,and,andallies,0.00703414752324862
2,and,andations,0.00703414752324862
2,and,andanced,0.00703414752324862
2,and,andation,0.00728350871433493
2,and,andative,0.00785318611257352
2,and,anderity,0.00674799443457034
2,and,andiving,0.00703414752324862
2,and,andities,0.00728350871433493
2,and,andments,0.0077753294575317
2,and,andliness,0.00674799443457034
2,and,andmently,0.00691248818168224
2,and,andeor,0.0072130729547869
2,and,andeer,-0.0191713092723969
2,and,andeds,0.00703414752324862
2,and,anddor,0.00728350871433493
2,and,anders,0.00144449002952797
2,and,andded,0.00734564434470431
2,and,andder,-0.0170486100280305
2,and,anddal,0.00674799443457034
2,and,andive,0.00828262629900994
2,and,andity,-0.00565792229540813
2,and,andion,-0.00481053943198549
2,and,anding,0.00791951794593756
2,and,andics,-0.00194304132413383
2,and,andial,0.00730228502497192
2,and,andize,0.00674799443457034
2,and,andals,0.00770066873390832
2,and,andors,0.00251328430037326
2,and,andable,0.00758078464646153
2,and,andance,0.00229812575836671
2,and,andding,0.0074518791508814
2,and,andence,-0.0177715674140354
2,and,andeers,0.00703414752324862
2,and,andials,0.00674799443457034
2,and,andical,0.00691248818168224
2,and,andized,0.00674799443457034
2,and,andions,0.00674799443457034
2,and,andings,0.00838849884148954
2,and,andives,0.00691248818168224
2,and,andment,0.00847102476011024
2,and,andlies,0.00758078464646153
2,and,andness,0.00728350871433493
2,and,anderness,0.00691248818168224
2,casino,casinor,0.288669738577222
2,casino,casinos,0.610249243793704
2,casino,casinoed,0.227967671885028
2,casino,casinoes,0.327840519312348
2,casino,casinoer,0.313083133192443
2,casino,casinoal,0.252522991404356
2,casino,casinoor,0.203561433453175
2,casino,casinoization,0.180695046508682
2,casino,casinoation,0.266874650928353
2,casino,casinoism,0.252522991404356
2,casino,casinoing,0.269927128337446
3,getting,get,0.311610206815593
3,getting,gets,0.351163705940499
3,getting,gettableness,0.0169153493493655
3,getting,gettability,0.0989646033508526
3,getting,getability,0.137831782448091
3,getting,geters,0.15359789186947
3,getting,getics,0.0973303353896897
3,getting,getals,0.107680323530665
3,getting,getter,0.120276245535326
3,getting,gettal,0.107680323530665
3,getting,getted,0.121165287484869
3,getting,gettor,0.0973303353896897
3,getting,getity,0.107680323530665
3,getting,getive,0.0848139365861721
3,getting,geting,0.195789544648272
3,getting,getion,0.0560056960233881
3,getting,getor,0.0960815158803585
3,getting,getly,0.116812831705337
3,getting,getic,-0.0188787652997834
3,getting,geter,0.0583647584612501
3,getting,getes,0.0716211912230364
3,getting,geted,0.146523405004008
3,getting,getal,0.10588123092443
3,getting,getables,-0.00206015360959005
3,getting,getabled,0.0848139365861721
3,getting,getation,0.0685899768566427
3,getting,gettable,0.124117982717963
3,getting,gettings,0.0690789435423167
3,getting,gettabled,0.107680323530665
3,getting,gettables,0.063080220192563
3,getting,getabilities,0.0848139365861721
3,getting,getally,0.107680323530665
3,getting,getable,0.117628581897399
3,getting,getence,0.107680323530665
3,getting,gettors,0.152741383850889
3,getting,getters,0.136156808189008
3,organized,organizedor,0.113035979556018
3,organized,organizedly,0.224145515680953
3,organized,organizedness,0.135902366500511
3,organized,organizeds,0.162174103990821
4,toilet,toilettable,0.265104089329237
4,toilet,toiletization,0.305784653353878
4,toilet,toileteer,0.281988048891277
4,toilet,toileters,0.305784653353878
4,toilet,toiletted,0.313238670088361
4,toilet,toiletter,0.225869681606772
4,toilet,toileting,0.348964928954115
4,toilet,toiletism,0.305784653353878
4,toilet,toileteers,0.281988048891277
4,toilet,toiletness,0.254741078572656
4,toilet,toiletting,0.203019156739653
4,toilet,toiletters,0.254741078572656
4,toilet,toileted,0.295333057088974
4,toilet,toileter,0.313238670088361
4,toilet,toiletes,0.192654076525074
4,toilet,toiletor,0.305784653353878
4,toilet,toilets,0.4965061948411
5,mitchell,mitchellisms,0.283632974516176
5,mitchell,mitchellness,0.318636969738305
5,mitchell,mitchelled,0.283632974516176
5,mitchell,mitchelling,0.259836370053575
5,mitchell,mitchells,0.342739612187738
5,college,colleging,0.132880203602998
5,college,collegion,0.121008483776891
5,college,collegeds,0.148109068789269
5,college,collegeed,0.198172285697089
5,college,collegeal,0.134423942620063
5,college,collegees,0.0926642528271364
5,college,collegeer,0.103229087270708
5,college,collegeor,0.143930387581151
5,college,collegers,0.148759531859075
5,college,collegality,0.103229087270708
5,college,collegeions,0.0803627003262144
5,college,collegations,0.103229087270708
5,college,collegeals,0.148109068789269
5,college,collegeial,0.148109068789269
5,college,collegeity,0.148109068789269
5,college,collegical,0.103229087270708
5,college,collegions,0.124312464326669
5,college,collegic,0.108415076796894
5,college,collegor,0.159641529244947
5,college,collegal,0.148109068789269
5,college,colleges,0.407084316812531
5,college,colleger,0.167028003576026
5,college,colleged,0.155692130630441
5,college,collegeality,0.124312464326669
7,air,airically,0.0778155133933359
7,air,airations,0.100681900337829
7,air,airable,0.138101534761327
7,air,airally,0.121661656392684
7,air,airials,0.0855453282887735
7,air,airived,0.100681900337829
7,air,airizer,0.0158587797748202
7,air,airions,0.145458260855285
7,air,airment,0.118293057928035
7,air,airlied,-0.0687975862175687
7,air,airlies,0.146179645801779
7,air,airness,-0.0056862411193062
7,air,airrors,0.149004051328064
7,air,airring,0.084460760351028
7,air,airor,0.134562928476228
7,air,airly,0.0889353624608876
7,air,aired,0.233561661631494
7,air,airer,0.0848278311470609
7,air,airal,0.1343481024566
7,air,airliness,0.165918019949133
7,air,airation,0.136676324258074
7,air,airially,0.0778155133933359
7,air,airments,0.149004051328064
7,air,airrally,0.0510009163306082
7,air,airrings,0.149004051328064
7,air,airability,0.151626512922043
7,air,airize,0.0615915536638065
7,air,airity,0.0300317698715963
7,air,airism,0.106977633386215
7,air,airion,-0.0281157210918113
7,air,airial,0.161055746764577
7,air,airors,0.100681900337829
7,air,airers,0.0826849526365279
7,air,aireor,0.100681900337829
7,air,aireds,0.145458260855285
7,air,airred,0.119342451554621
7,air,airrer,0.145458260855285
7,air,airror,0.0900362953769685
7,travel,travelabilities,0.12598950640992
7,travel,travelable,0.0900973520916851
7,travel,travelance,0.12598950640992
7,travel,traveleers,0.130631510343027
7,travel,travelizer,0.0615123379226782
7,travel,travelings,0.120870433756256
7,travel,travellors,0.103725204861041
7,travel,travellies,0.12936913170791
7,travel,travelling,0.242344523665874
7,travel,travelness,0.0819741862530443
7,travel,travelallied,0.0819741862530443
7,travel,travelations,0.12906071315247
7,travel,travelals,0.0819741862530443
7,travel,traveleor,0.0302995587457671
7,travel,traveleer,0.0572450094295907
7,travel,travelize,0.137148024383491
7,travel,travelism,0.125002248300075
7,travel,travelive,0.12598950640992
7,travel,travelity,0.0591077993085511
7,travel,travelion,0.0150052769639662
7,travel,traveling,0.27451566534853
7,travel,travellys,0.0853089423852791
7,travel,travellor,0.100336981783847
7,travel,travelors,0.112594067707276
7,travel,travelation,0.155872386275282
7,travel,travelal,0.111765178595612
7,travel,travelic,0.0819741862530443
7,travel,traveles,0.0138109176397949
7,travel,travelor,0.111052062331444
7,travel,travelly,0.0581267896281589
7,travel,travelicity,0.0819741862530443
7,travel,travellings,0.0332040289094465
7,travel,travelority,0.0819741862530443
7,travel,travelability,0.0972479971969711
7,information,informations,0.00933551154103204
7,information,informationality,0.0605190092430671
7,information,informationation,0.0550194590388176
7,information,informationative,-0.0591177398306804
7,information,informationers,0.0198384452184266
7,information,informationals,0.050829280668764
7,information,informationnal,0.00302650622799814
7,information,informationial,0.0526499669731092
7,information,informationing,0.0311778191104557
7,information,informationion,0.0646900398413651
7,information,informationism,0.05947435448312
7,information,informationive,0.0605190092430671
7,information,informationize,0.0446896545840382
7,information,informationizing,0.0550194590388176
7,information,informationallied,0.0367224047804663
7,information,informationor,0.0667941861312464
7,information,informationed,0.0639584909732491
7,information,informationer,0.0509166591673398
7,information,informationes,0.023915132565399
7,information,informational,0.188998566624451
7,information,informationization,0.0556574381304583
7,information,informationability,0.0639584909732491
7,information,informationable,0.0190629535173647
7,information,informationally,0.0729666867798578
7,information,informationence,0.0605190092430671
7,information,informationings,0.0605190092430671
7,information,informationized,0.0507065875604402
8,appraisals,appraisal,0.599442866679187
8,appraisals,appraisalers,0.312019835298258
8,appraisals,appraisalor,0.398677312997932
8,appraisals,appraisaled,0.238746187649167
8,appraisals,appraisales,0.389190146672308
9,used,use,0.280477507563383
9,used,usal,0.06498992722545
9,used,uses,0.32679063099105
9,used,usic,0.0322060865856229
9,used,usor,-0.0165569835746146
9,used,useableness,0.110184639196524
9,used,useability,0.0737629131361785
9,used,usability,0.109539169787207
9,used,usabilitys,0.100295557101687
9,used,usically,0.0723274508974709
9,used,usals,0.0481729564426911
9,used,useic,0.0912173504903568
9,used,useed,0.0765482858305912
9,used,useer,0.0539951076907643
9,used,usees,0.0789805486853216
9,used,useds,0.10193503274783
9,used,useor,0.105423801461371
9,used,usely,0.0763543232339119
9,used,useal,0.0442404790276991
9,used,usion,0.052337525956923
9,used,using,0.323293498078321
9,used,usize,0.0863618938712429
9,used,usive,0.0838665917656154
9,used,usity,0.0572846223306952
9,used,usics,0.0419514775718973
9,used,usinging,0.0851259177747465
9,used,usingers,0.0369452839908064
9,used,usables,0.0519488286875951
9,used,usabled,0.100295557101687
9,used,usances,0.0673011005725093
9,used,usation,0.0908970853255295
9,used,usative,0.100295557101687
9,used,useally,0.0797826062175662
9,used,useance,0.100295557101687
9,used,useably,0.0970061356725535
9,used,useable,0.14336622670152
9,used,useding,0.057091467491224
9,used,usedeer,0.0572846223306952
9,used,usedded,0.0572846223306952
9,used,usement,0.0758033003307692
9,used,useness,0.0782313625076996
9,used,usicals,0.0465187766016505
9,used,usingor,0.0596149930770464
9,used,usingly,0.100295557101687
9,used,usinger,0.0467704255775801
9,used,usinges,0.0572846223306952
9,used,usinged,0.034418235386202
9,used,usiving,0.0596149930770464
9,used,usively,0.034418235386202
9,used,usallied,0.00583821257701
9,used,usallies,0.0764989526390861
9,used,usations,0.0764989526390861
9,used,usatives,0.0572846223306952
9,used,usableness,0.093692719728487
9,used,usabilitied,0.100295557101687
9,used,usabilities,0.0440261490875244
9,used,usedative,-0.0133655081355375
9,used,usibility,0.0549198539540714
9,used,usally,0.0952740884421307
9,used,usance,0.0816777608969241
9,used,usable,0.175609351041162
9,used,usably,0.0459257106475299
9,used,usedly,0.0989408600166417
9,used,usedor,0.0835461313261997
9,used,useder,0.102740430488335
9,used,usedes,0.0426605092791832
9,used,useded,0.0815645598410365
9,used,usedic,0.100295557101687
9,used,useers,0.0802957310876492
9,used,useize,0.0572846223306952
9,used,useing,0.0973307796483396
9,used,useion,0.100295557101687
9,used,useism,0.0764989526390861
9,used,useive,0.100295557101687
9,used,usence,0.0720294370883055
9,used,usical,0.0288792229399241
9,used,usible,0.0908970853255295
9,used,usions,0.0830568156359923
9,used,usings,0.0734834475498122
9,used,usives,0.0572846223306952
9,used,usicality,0.034418235386202
9,used,useables,0.0695380997801478
9,used,usivities,0.102740430488335
9,used,usedable,0.0572846223306952
9,used,useiving,0.0572846223306952
9,used,usements,0.0690405136235749
9,car,carments,0.090882721790825
9,car,cars,0.462198159940285
9,car,carrally,0.0395463411676033
9,car,carrible,0.0253733510708272
9,car,carrings,0.00341939208772331
9,car,carally,0.110196471633836
9,car,carable,0.0873300846893429
9,car,careors,0.155359890278066
9,car,carible,0.10158310977803
9,car,carical,0.119542377599
9,car,caritys,0.155359890278066
9,car,carives,0.0873300846893429
9,car,carlies,0.10463616749499
9,car,carment,0.0483218236357496
9,car,carness,0.0574921755840012
9,car,carring,0.123311529595308
9,car,carrors,0.0873300846893429
9,car,carrals,0.0194314974525364
9,car,carreds,0.110196471633836
9,car,carrers,0.103123442259005
9,car,carmenting,0.155359890278066
9,car,caral,0.0227921234937821
9,car,caror,0.137197442284685
9,car,carly,0.0946428199421688
9,car,carallied,0.159147049670464
9,car,carals,0.157484334158361
9,car,carors,0.114679326253426
9,car,carlys,0.0742252366087937
9,car,carrer,0.104816769654881
9,car,carred,0.100820307892945
9,car,carror,0.0643638250449758
9,car,carral,0.0176895435489536
9,car,careor,0.0417467770446962
9,car,carity,0.0917751042250875
9,car,carism,0.0380090882323309
9,car,carive,0.0973409724580968
9,car,carize,0.0873300846893429
9,car,carial,0.0873300846893429
9,car,caribles,0.114679326253426
9,car,carities,0.0847393428434285
9,car,carizing,0.110196471633836
9,parts,partsor,0.146955464997779
9,parts,partses,0.1210327751782
9,parts,partsal,0.0590760415596842
9,parts,partsation,0.1210327751782
9,parts,partsially,0.166637020762557
9,parts,partsiving,0.1706990792332
9,parts,partsable,0.1210327751782
9,parts,partsics,0.166637020762557
9,parts,partsize,0.0814826116592369
9,parts,partsing,0.142840416299956
10,cheap,cheapings,0.161896455529893
10,cheap,cheaplied,0.161896455529893
10,cheap,cheapment,0.161896455529893
10,cheap,cheapness,0.237827145388596
10,cheap,cheaperness,0.185366454216479
10,cheap,cheapics,0.161896455529893
10,cheap,cheapize,0.221050439651664
10,cheap,cheapism,0.20916305867908
10,cheap,cheapity,0.223578785715854
10,cheap,cheaping,0.155179491302337
10,cheap,cheapper,0.196752606590376
10,cheap,cheapers,0.221100337065514
10,cheap,cheapeer,0.20916305867908
10,cheap,cheapes,0.238372717127651
10,cheap,cheaper,0.345947371374401
10,cheap,cheaped,0.231358658038094
10,cheap,cheapic,0.1390300685854
10,cheap,cheaply,0.243214415990737
10,cheap,cheapor,0.183796344022197
10,cheap,cheaps,0.196595179028546
10,internet,internetly,0.062063334630791
10,internet,internetisms,0.0523041343989101
10,internet,internetness,0.110299910677137
10,internet,internetism,0.123951480721771
10,internet,internetliness,0.121807673603574
10,internet,internets,0.138274190582444
11,gmat,gmats,0.510592185940857
11,gmat,gmatism,0.387242953967895
11,prep,prepations,0.167959553637396
11,prep,prepative,0.229292543695303
11,prep,prepation,0.186965340033955
11,prep,prepance,0.252158930639796
11,prep,prepence,0.252158930639796
11,prep,preplied,0.252158930639796
11,prep,preplies,0.252158930639796
11,prep,preppers,0.304772212486029
11,prep,prepping,0.287148469576809
11,prep,preper,0.159445388339816
11,prep,prepes,0.19020219702128
11,prep,preped,0.194003132480424
11,prep,prepal,0.240001953179367
11,prep,prepor,0.252158930639796
11,prep,prepic,0.196902797396165
11,prep,preply,0.0994372228399807
11,prep,preps,0.327942490283588
11,prep,prepped,0.28063027425851
11,prep,prepper,0.258960979058667
11,prep,preping,0.220083858292998
11,prep,prepers,0.262416898162073
11,classes,classerness,0.130092972973515
11,classes,classal,0.0823092294517756
11,classes,classer,-0.00469331836742876
11,classes,classed,0.156616321517959
11,classes,classor,0.182046870723837
11,classes,classly,0.0778207049030399
11,classes,class,0.39202084139838
11,classes,classization,0.199862396976961
11,classes,classitieds,0.101284732410731
11,classes,classsed,0.13235116524437
11,classes,classors,0.199862396976961
11,classes,classeer,0.152959359918008
11,classes,classeds,0.187438845481778
11,classes,classers,0.108532175377771
11,classes,classial,0.12978298183669
11,classes,classing,0.181083345315028
11,classes,classion,0.130092972973515
11,classes,classive,0.152959359918008
11,classes,classism,0.163652391234336
11,classes,classity,0.146085616476925
11,classes,classables,0.0910026262994926
11,classes,classities,0.152959359918008
11,classes,classitied,0.152959359918008
11,classes,classally,0.152959359918008
11,classes,classable,0.238042585540735
11,classes,classizes,0.152959359918008
11,classes,classized,0.130092972973515
11,classes,classisms,0.113869013243986
11,classes,classions,0.199862396976961
11,classes,classings,0.174101281717259
11,classes,classible,0.204734380038637
11,classes,classness,0.131686443454959
11,classes,classment,-0.0615616778159881
11,classes,classsize,0.182175825291625
12,djs,djslys,0.342877678246515
12,djs,djsly,0.290384124263052
13,map,maps,0.223429226739066
13,map,mapable,0.091218946858113
13,map,mapings,0.00173844999611906
13,map,mapness,0.0714886409265671
13,map,mappers,0.0833404420969968
13,map,mapor,-0.0526849199465144
13,map,mapal,-0.00368312875221052
13,map,maped,-0.0238679246613774
13,map,maper,0.0412628360160317
13,map,mapes,-0.00200472504972131
13,map,mapic,0.01775752222281
13,map,mappable,0.0970901463759753
13,map,mapability,0.0904594619090515
13,map,mappability,-0.0477019594021658
13,map,mapped,0.113007010524892
13,map,mapper,0.0932402245581619
13,map,mappal,0.0424190140207596
13,map,mapism,0.096195794520796
13,map,maping,0.0802212091202695
13,map,mapion,0.0783820947916472
13,map,mapics,0.0485857869963349
13,map,mapers,0.0699734373634297
13,map,mapeer,0.0985224979295853
13,map,mapals,-0.0705683463466589
14,dinosaurs,dinosaurical,0.294764521228314
14,dinosaurs,dinosaurisms,0.347436272230975
14,dinosaurs,dinosaur,0.600937528562033
14,dinosaurs,dinosauror,0.347436272230975
14,dinosaurs,dinosauric,0.399320683467948
14,dinosaurs,dinosaurly,0.347436272230975
14,dinosaurs,dinosaural,0.224114390762081
14,dinosaurs,dinosaured,0.252978927706298
14,dinosaurs,dinosaures,0.341846513623262
14,dinosaurs,dinosaurer,0.289142282176147
14,dinosaurs,dinosaurers,0.27189813428382
14,dinosaurs,dinosaurism,0.27189813428382
14,dinosaurs,dinosaurity,0.27189813428382
14,dinosaurs,dinosauring,0.237580861382454
14,dinosaurs,dinosaurial,0.273912054608962
15,espn,espns,0.432152256340487
15,espn,espning,0.333041872725915
15,sports,sportsisms,0.129194087797907
15,sports,sportsment,0.104569538403151
15,sports,sportssize,0.144376380611259
15,sports,sportssability,0.129194087797907
15,sports,sportsed,0.115666840995265
15,sports,sportses,0.125228061802712
15,sports,sportser,0.0696098330302709
15,sports,sportsor,0.144376380611259
15,sports,sportsly,0.0885135237732665
15,sports,sportsal,0.129194087797907
15,sports,sportsers,0.0806151434871123
15,sports,sportsing,0.11685244553006
15,sports,sportsism,0.129194087797907
15,sports,sportsability,0.0990791257611719
16,arizona,arizonas,0.278204448023462
16,arizona,arizonaness,0.218184598218842
16,game,gamable,0.0935108179684257
16,game,gameers,0.112530068509541
16,game,gameial,-0.0448320098654729
16,game,gameing,0.183487706230006
16,game,gameism,0.144560737584643
16,game,gameive,0.130789114856866
16,game,gameeer,0.0998194615629846
16,game,gamions,0.144560737584643
16,game,gamings,0.172062389159982
16,game,gamive,0.0998194615629846
16,game,gamize,0.144560737584643
16,game,gamion,0.108285279818589
16,game,gaming,0.364197061840527
16,game,gamity,0.159639898474758
16,game,gameor,0.151951994615155
16,game,gamers,0.365253057444261
16,game,gameds,0.177096436861989
16,game,gameer,0.164655583618915
16,game,gameed,0.12154451749936
16,game,gamees,0.195068105011815
16,game,gamely,0.125685680862674
16,game,gameal,0.122477568358143
16,game,gamals,0.0562869646348012
16,game,gamors,0.144904912216989
16,game,gamor,0.168679000867097
16,game,gamer,0.336093773546007
16,game,gamed,0.182202867085044
16,game,gamal,0.048060093823456
16,game,gamation,0.103880173560003
16,game,gameable,0.140027148207341
16,game,gameence,0.144560737584643
16,game,gameings,0.120764133122042
16,game,gameness,0.1041406491339
16,game,gameiving,0.137039359549288
16,game,gamerness,0.144560737584643
16,game,gameallied,0.152776569635479
16,game,gameability,0.120764133122042
16,game,gameliness,0.148084649413725
16,and,ands,0.00951396672338127
16,and,andability,0.00818750992350514
16,and,andmenting,0.00674799443457034
16,and,andically,0.00691248818168224
16,and,andabilities,0.00691248818168224
16,and,andly,0.0079592134719376
16,and,andor,0.0081365342316146
16,and,andic,0.00708680291520944
16,and,anded,0.00973701810451341
16,and,ander,-0.00581870394088592
16,and,andal,0.00303609160041674
16,and,andallied,0.0072130729547869
16,and,andallies,0.00703414752324862
16,and,andations,0.00703414752324862
16,and,andanced,0.00703414752324862
16,and,andation,0.00728350871433493
16,and,andative,0.00785318611257352
16,and,anderity,0.00674799443457034
16,and,andiving,0.00703414752324862
16,and,andities,0.00728350871433493
16,and,andments,0.0077753294575317
16,and,andliness,0.00674799443457034
16,and,andmently,0.00691248818168224
16,and,andeor,0.0072130729547869
16,and,andeer,-0.0191713092723969
16,and,andeds,0.00703414752324862
16,and,anddor,0.00728350871433493
16,and,anders,0.00144449002952797
16,and,andded,0.00734564434470431
16,and,andder,-0.0170486100280305
16,and,anddal,0.00674799443457034
16,and,andive,0.00828262629900994
16,and,andity,-0.00565792229540813
16,and,andion,-0.00481053943198549
16,and,anding,0.00791951794593756
16,and,andics,-0.00194304132413383
16,and,andial,0.00730228502497192
16,and,andize,0.00674799443457034
16,and,andals,0.00770066873390832
16,and,andors,0.00251328430037326
16,and,andable,0.00758078464646153
16,and,andance,0.00229812575836671
16,and,andding,0.0074518791508814
16,and,andence,-0.0177715674140354
16,and,andeers,0.00703414752324862
16,and,andials,0.00674799443457034
16,and,andical,0.00691248818168224
16,and,andized,0.00674799443457034
16,and,andions,0.00674799443457034
16,and,andings,0.00838849884148954
16,and,andives,0.00691248818168224
16,and,andment,0.00847102476011024
16,and,andlies,0.00758078464646153
16,and,andness,0.00728350871433493
16,and,anderness,0.00691248818168224
16,fish,fishable,0.304924325441683
16,fish,fishence,0.206966446572883
16,fish,fishhing,0.22501786130359
16,fish,fishisms,0.221177971391186
16,fish,fishions,0.159785709752436
16,fish,fishible,0.206966446572883
16,fish,fishical,0.212011602826835
16,fish,fishness,0.154866676706268
16,fish,fishment,0.159685773401532
16,fish,fishal,0.112868147281538
16,fish,fished,0.385479607191066
16,fish,fishes,0.419703324063511
16,fish,fishly,0.209565687689579
16,fish,fishor,0.159463235645534
16,fish,fishs,0.270849678461449
16,fish,fishables,0.206966446572883
16,fish,fishability,0.247119169641223
16,fish,fishlyness,0.159785709752436
16,fish,fishhed,0.136919322807943
16,fish,fishher,0.197859242505001
16,fish,fisheer,0.161071795214265
16,fish,fishity,0.206966446572883
16,fish,fishism,0.153189666072847
16,fish,fishion,0.102215722871818
17,poker,pokerization,0.201728177320445
17,poker,pokerability,0.313828541903305
17,poker,pokers,0.464791819073642
17,poker,pokerance,0.224594564264938
17,poker,pokerable,0.274411761840745
17,poker,pokerings,0.29871560002467
17,poker,pokerizer,0.220634981340708
17,poker,pokerized,0.208717796629363
17,poker,pokerness,0.29871560002467
17,poker,pokerring,0.306275014637132
17,poker,pokerreds,0.224594564264938
17,poker,pokeral,0.316189036019762
17,poker,pokeres,0.33078722492882
17,poker,pokerer,0.286048370907595
17,poker,pokered,0.320469971420442
17,poker,pokeric,0.28110101142363
17,poker,pokericities,0.326266819987387
17,poker,pokericity,0.321264417180087
17,poker,pokerallied,0.224594564264938
17,poker,pokerers,0.28110101142363
17,poker,pokerize,0.215052103192014
17,poker,pokerics,0.320327689024802
17,poker,pokerism,0.32845126906696
17,poker,pokerion,0.365174537975722
17,poker,pokering,0.29964549925734
17,poker,pokerred,0.415498360429787
17,tournaments,tournamentality,0.224030209338601
17,tournaments,tournamenttable,0.109983280834154
17,tournaments,tournament,0.623392552462899
17,tournaments,tournamental,0.210258647047846
17,tournaments,tournamentor,0.226373989065638
17,tournaments,tournamentes,0.30130254855928
17,tournaments,tournamented,0.300060179108578
17,tournaments,tournamention,0.249240376010132
17,tournaments,tournamenting,0.290079117570217
17,tournaments,tournamentallied,0.164417255447123
18,wedding,weddingor,0.197987361169655
18,wedding,weddinged,0.237731331581633
18,wedding,weddinger,0.213046386470175
18,wedding,weddinges,0.174244021830857
18,wedding,weddingers,0.214924585855498
18,wedding,weddinging,0.238818645812701
18,wedding,weddings,0.48851396793515
18,wedding,weddingness,0.224038602571395
18,budget,budgetor,0.16336901547131
18,budget,budgetly,0.204316280702989
18,budget,budgeted,0.333326177714107
18,budget,budgetes,0.118148793111117
18,budget,budgeter,0.199155147211271
18,budget,budgetal,0.158357027080894
18,budget,budgettables,0.204316280702989
18,budget,budgetizing,0.204316280702989
18,budget,budgetable,0.179720141530061
18,budget,budgeteers,0.222502067790387
18,budget,budgetings,0.204316280702989
18,budget,budgetizer,0.186386702272881
18,budget,budgetized,0.199328875301245
18,budget,budgetness,0.195058459544618
18,budget,budgetting,0.251648036314794
18,budget,budgeters,0.223662724772017
18,budget,budgeteer,0.0918227910328911
18,budget,budgetize,0.163635716678348
18,budget,budgetism,0.180519676240388
18,budget,budgetive,0.156866034876998
18,budget,budgeting,0.337697343177417
18,budget,budgetics,0.118148793111117
18,budget,budgetter,0.143247926461848
18,budget,budgetted,0.181243192193829
18,budget,budgets,0.37886941471708
18,budget,budgetization,0.167624613299226
18,budget,budgetability,0.204316280702989
18,calculator,calculatoror,0.264519434089956
18,calculator,calculatoral,0.215088931035341
18,calculator,calculatoric,0.215088931035341
18,calculator,calculatores,0.225682439535351
18,calculator,calculators,0.482198539847232
18,calculator,calculatoring,0.270967541497168
19,the,thority,0.00485065460940542
19,the,thal,0.00436206373141345
19,the,thes,-0.000159029012240114
19,the,ther,0.0112880183226315
19,the,thor,0.000183773996754603
19,the,theability,0.00696520476917045
19,the,theabled,0.00522848187425968
19,the,theables,0.00545019904547621
19,the,theality,-0.0136445190396593
19,the,theities,0.00522848187425968
19,the,theiveds,0.00522848187425968
19,the,theively,0.00564340911409441
19,the,theiving,0.0065314155478595
19,the,thements,-0.00781648221641546
19,the,theority,0.00552563260603846
19,the,therness,0.00646462511379051
19,the,thorness,0.00681286767950424
19,the,thals,0.00732176987722906
19,the,theor,0.00587930541256615
19,the,thers,0.00810395727524461
19,the,theal,0.00559742148291355
19,the,thely,2.72730004926271e-05
19,the,thize,0.000987604808073396
19,the,thity,0.00422362884484943
19,the,thive,0.00331629640451309
19,the,thion,0.00425104191733358
19,the,thors,0.00598104579682084
19,the,thorities,0.00632076038612616
19,the,theivings,0.00522848187425968
19,the,thancies,0.00535593493954342
19,the,thations,0.00592969128498455
19,the,thable,-0.00632691173198135
19,the,thably,0.00522848187425968
19,the,thally,-0.00340371371374911
19,the,thance,0.00652441845530087
19,the,theors,0.00597950624258972
19,the,thelys,-0.00302602406891855
19,the,theals,0.00535593493954342
19,the,theeer,0.00545019904547621
19,the,theize,-0.0423122637886189
19,the,theive,0.00669168279702309
19,the,theity,0.00458549604412262
19,the,thible,0.00642729329639583
19,the,thized,0.00545019904547621
19,the,thions,-0.00820137099915726
19,the,thitys,0.00522848187425968
19,the,thives,0.00320025437925429
19,the,thived,0.00535593493954342
19,the,theallies,0.00558883407025473
19,the,theallied,0.00552563260603846
19,the,theabilities,0.00522848187425968
19,the,thabled,0.00522848187425968
19,the,thables,-0.00104756194594208
19,the,thallys,0.00133136249688531
19,the,thality,0.00522848187425968
19,the,thances,0.00569155305082732
19,the,thanced,0.00573470601057091
19,the,thation,0.00646462511379051
19,the,theable,0.00558883407025473
19,the,theally,0.00564340911409441
19,the,theives,0.00845933991059008
19,the,theived,0.00597950624258972
19,the,theizes,0.00535593493954342
19,the,theical,0.00522848187425968
19,the,theible,0.00522848187425968
19,the,thelied,0.00522848187425968
19,the,thelies,-0.0340662479688065
19,the,theness,0.00590258534470213
19,the,thement,0.00595527353298866
19,the,thibled,0.00522848187425968
19,the,thibles,0.00545019904547621
19,the,thitied,0.00522848187425968
19,the,thities,0.00522848187425968
19,the,thiving,0.00597950624258972
19,the,thizing,0.00535593493954342
19,current,currents,0.132150434754744
19,current,currentally,0.0635175531915931
19,current,currentence,0.0443588684015253
19,current,currenteers,0.090526651452588
19,current,currentlies,0.0443588684015253
19,current,currentness,0.0133442637044878
19,current,currental,0.0443588684015253
19,current,currenter,0.0630473717496339
19,current,currentes,0.0152452030755557
19,current,currented,0.0991651956466822
19,current,currentor,0.0910422859378005
19,current,currently,0.171635974540835
19,current,currentation,0.0443588684015253
19,current,currentments,0.0868439762122347
19,current,currenttable,0.0952522518664554
19,current,currentism,0.0868439762122347
19,current,currentity,0.0868439762122347
19,current,currenting,-0.0112999038945593
19,current,currention,0.0917795869119845
19,current,currenters,0.0868439762122347
19,current,currentlys,0.0184184003010319
21,volvo,volvoism,0.292179012309774
21,volvo,volvoness,0.344745583351339
21,volvo,volvos,0.470976235504204
22,rick,rickable,0.218619993525544
22,rick,rickence,0.195753606581051
22,rick,rickkers,0.195753606581051
22,rick,rickking,0.268194142193867
22,rick,rickness,0.195753606581051
22,rick,ricks,0.260066077119363
22,rick,rickeds,0.218619993525544
22,rick,rickers,0.174580053383503
22,rick,rickity,0.0647913220706649
22,rick,ricking,0.171108998112365
22,rick,rickal,0.227513578169227
22,rick,ricker,0.189620439956581
22,rick,rickes,0.160054754991597
22,rick,ricked,0.155981109078079
22,rick,rickic,0.156663259907029
22,rick,rickly,0.122657561685279
22,rick,rickor,0.168143076767668
22,warren,warrens,0.296095386449752
22,warren,warrener,0.193618765736124
22,warren,warrened,0.258531550063488
22,warren,warrenal,0.271156735004332
22,warren,warrenism,0.265697662772652
22,warren,warrening,0.236690238213496
22,warren,warrenize,-0.107589995501689
22,warren,warrenity,0.221466777555994
22,warren,warreners,0.24069836262064
22,warren,warrenner,0.221466777555994
22,warren,warrenally,0.221466777555994
22,warren,warrenings,0.221466777555994
22,warren,warrenized,0.247360130541731
22,warren,warrenisms,0.277766637817378
23,yahoo,yahooally,0.186967588491282
23,yahoo,yahooizes,0.186967588491282
23,yahoo,yahooized,0.174229704287815
23,yahoo,yahooisms,0.181244500523548
23,yahoo,yahoor,0.16780714180967
23,yahoo,yahoos,0.228929547707621
23,yahoo,yahooization,0.0888939864590516
23,yahoo,yahooed,0.136723952539961
23,yahoo,yahooer,0.203526754854449
23,yahoo,yahooes,0.12249042000404
23,yahoo,yahooly,0.140568613966329
23,yahoo,yahooor,0.0888939864590516
23,yahoo,yahooers,0.211697102622164
23,yahoo,yahooism,0.154905717574855
23,yahoo,yahooing,0.16130128103402
24,diversity,diversityment,0.196761564613511
24,diversity,diversitys,0.0946012798466475
24,diversity,diversities,0.281156206446028
24,diversity,diversitied,0.196761564613511
24,diversity,diversityor,0.196761564613511
24,diversity,diversityed,0.245446500065
24,diversity,diversityes,0.157671217939489
24,diversity,diversitying,0.196761564613511
25,euclid,euclids,0.418197740091225
25,euclid,euclidity,0.338214509585268
25,euclid,euclidism,0.441040696830411
26,lower,lowerance,0.102309551772739
26,lower,lowerable,0.135475799721777
26,lower,lowerence,0.136589459444814
26,lower,lowerized,0.113953832594118
26,lower,lowerings,0.131149196072484
26,lower,lowerness,0.113953832594118
26,lower,lowerring,0.148424120162488
26,lower,lowerers,0.0906141227331768
26,lower,lowerize,0.159270102801457
26,lower,lowering,0.334314773706104
26,lower,lowerred,0.170233732500525
26,lower,lowerly,0.136589459444814
26,lower,loweror,0.129289926764021
26,lower,lowered,0.312060685193254
26,lower,loweres,0.152691622688406
26,lower,lowerer,0.166210893830079
26,lower,lowerability,0.136820219538611
26,lower,loweration,0.113953832594118
26,lower,lowers,0.288438896282828
26,heart,hearticals,0.0802740998749323
26,heart,hearts,0.342061773928668
26,heart,heartnessed,0.119364446548955
26,heart,heartence,0.164900823583696
26,heart,heartical,0.0770835453651427
26,heart,heartings,0.0964980596044617
26,heart,heartions,0.141104219121095
26,heart,heartlies,0.158241980111617
26,heart,heartness,0.13869734518212
26,heart,heartted,0.164900823583696
26,heart,heartism,0.119364446548955
26,heart,heartion,0.100423655096455
26,heart,heartive,0.119364446548955
26,heart,heartial,0.0964980596044617
26,heart,hearting,0.074748332728962
26,heart,hearters,0.172532238624587
26,heart,hearteds,0.164900823583696
26,heart,heartically,0.102871651087806
26,heart,heartly,0.110589812412954
26,heart,heartor,0.156849041812397
26,heart,hearted,0.249682200413385
26,heart,heartes,0.168527373561366
26,heart,hearter,0.138172580881863
26,heart,heartal,0.153402900573953
26,rate,rably,0.0962902715875014
26,rate,rable,0.0195044146892517
26,rate,ratic,0.0953168150281299
26,rate,rater,0.163515603224207
26,rate,rates,0.366352231003934
26,rate,rated,0.264698370003439
26,rate,rible,0.0082962944839087
26,rate,ratations,0.0932762758540157
26,rate,rabled,0.116142662798509
26,rate,rables,-0.0104574947135411
26,rate,rateal,0.0644680352912317
26,rate,rateed,0.0559757921949067
26,rate,rateds,0.160687715806166
26,rate,ratees,0.153487551023708
26,rate,rately,0.130577444262059
26,rate,raters,0.183607582332169
26,rate,ratics,0.134774986869671
26,rate,ribles,0.0670906313284394
26,rate,ribled,0.116142662798509
26,rate,ratation,0.0538846218121689
26,rate,rateence,0.1654859802697
26,rate,rateings,0.145171487492982
26,rate,ratement,0.137751371390516
26,rate,rateness,0.154170809342943
26,rate,rablies,0.0970708073658751
26,rate,ratance,0.137751371390516
26,rate,rateism,0.0932762758540157
26,rate,rateing,0.102387425070148
26,rate,rateion,0.116142662798509
26,rate,rateeer,0.168398522739057
26,rate,rability,0.115198893840797
26,rate,rabilities,0.0932762758540157
26,rate,rateiving,0.116142662798509
27,starbucks,starbucking,0.347887530698497
27,starbucks,starbuck,0.300062267830375
28,inuyasha,inuyashas,0.482425026988425
29,ps,psly,0.23120517140626
29,ps,psness,0.290180441879839
29,ps,psity,0.239746841134712
29,ps,psism,0.20065649446069
29,games,gamesor,0.124458529490981
29,games,gamesly,0.130209204575108
29,games,gamesal,0.14011862517498
29,games,gamesed,0.135730810501845
29,games,gameses,0.14468510331286
29,games,gameser,0.106412600112508
29,games,gamesic,0.146996960332617
29,games,gamesers,0.130209204575108
29,games,gamesize,0.130102530583117
29,games,gamesing,0.151165467870964
29,games,gamesallys,0.0860289349540962
29,games,gamesation,0.130209204575108
29,games,gamesizing,0.135730810501845
29,games,gamesable,0.130209204575108
29,games,gamesence,0.0860289349540962
29,games,gamesized,0.130209204575108
29,games,gamesness,0.0469385882800736
30,diabetes,diabeteses,0.202022107835874
30,diabetes,diabetesic,0.224888494780367
30,diabetes,diabetesor,0.279022175938191
30,education,educationly,0.0535309799991021
30,education,educationor,0.107059054110142
30,education,educationer,0.138399497515055
30,education,educationes,0.0557086504582573
30,education,educationed,0.107853366709594
30,education,educationancy,0.120185818945499
30,education,educationment,0.0763973669435952
30,education,educationnals,0.0144406333250796
30,education,educations,0.181823580026145
30,education,educationability,0.0763973669435952
30,education,educationation,0.162919392189404
30,education,educationizers,0.0963892144828978
30,education,educationnable,0.120185818945499
30,education,educationive,0.120185818945499
30,education,educationial,0.122316047750668
30,education,educationism,0.121328084264431
30,education,educationing,0.117156021583326
30,education,educationion,0.0763973669435952
30,education,educationers,0.120185818945499
30,education,educationeds,0.123115551016227
30,education,educationors,0.120185818945499
30,education,educationnal,0.104923496969324
31,atari,ataris,0.35519213056169
32,website,websiting,0.0955161651487996
32,website,websiteds,0.109692197444668
32,website,websitely,0.0348717457495098
32,website,websited,0.0933726734021862
32,website,websites,0.271783816945785
32,website,websitings,0.0805043161772449
32,design,designned,0.0929420778010132
32,design,designner,0.0828663532828298
32,design,designnal,0.11571958162593
32,design,designors,0.112857365016578
32,design,designeds,0.114683189293913
32,design,designeer,0.111478440735738
32,design,designism,0.152108819924419
32,design,designity,0.0343584535766494
32,design,designize,0.0492393294446843
32,design,designabilities,0.11571958162593
32,design,designables,0.128500174035993
32,design,designality,0.11571958162593
32,design,designities,0.11571958162593
32,design,designiving,0.118540441628178
32,design,designizing,0.11571958162593
32,design,designments,0.0101489827706617
32,design,designability,0.110495315480242
32,design,designor,0.115149230208904
32,design,designic,0.11571958162593
32,design,designly,0.0721057163891774
32,design,designal,0.100111731429981
32,design,designed,0.230917464985044
32,design,designes,0.124350187285414
32,design,designable,0.130734156146948
32,design,designeers,0.143393033833142
32,design,designical,0.118540441628178
32,design,designized,0.0492393294446843
32,design,designisms,0.155015676645668
32,design,designment,0.0898868149885428
32,design,designning,0.114962636690914
32,design,designners,0.110450328124675
32,design,designness,0.11571958162593
32,design,designallied,-0.0186592577921223
32,hosting,host,0.262321634358717
32,hosting,hostals,-0.0473343355927285
32,hosting,hosteds,0.134497899060766
32,hosting,hosters,0.221575288708032
32,hosting,hostial,0.112670345053146
32,hosting,hostion,0.139945596098613
32,hosting,hostive,0.178719253284762
32,hosting,hostity,0.118273939331237
32,hosting,hostter,0.157364286005259
32,hosting,hostted,0.134497899060766
32,hosting,hostabilities,0.209430246684791
32,hosting,hostibility,0.157364286005259
32,hosting,hostality,0.0954075523867435
32,hosting,hosttables,0.157364286005259
32,hosting,hosticity,0.191768840810634
32,hosting,hostivity,0.204446517941929
32,hosting,hosts,0.217153914964986
32,hosting,hosttable,0.00853346219098139
32,hosting,hostal,-0.00824157418446996
32,hosting,hostor,0.139969349454687
32,hosting,hostly,0.132247942736255
32,hosting,hostic,-0.0307424560335887
32,hosting,hosted,0.26878701109522
32,hosting,hostes,0.00962590068466236
32,hosting,hoster,0.20984001654121
32,hosting,hostliness,0.157364286005259
32,hosting,hostability,0.180649913479328
32,hosting,hostance,0.157364286005259
32,hosting,hostally,0.222553741393273
32,hosting,hostable,0.171233416450189
32,hosting,hostions,0.00100289930916904
32,hosting,hostings,0.273358461909932
32,hosting,hostical,0.157364286005259
32,hosting,hostible,0.118273939331237
32,hosting,hostials,0.157364286005259
32,hosting,hostness,0.130922300319915
32,hosting,hostters,0.157364286005259
32,hosting,hostting,0.217941535245893
32,hosting,hostalities,0.157364286005259
33,elliptical,ellipticism,0.3987618511691
33,elliptical,ellipticity,0.487450962465793
33,elliptical,ellipticize,0.348186024265176
33,elliptical,ellipticial,0.420121783243818
33,elliptical,ellipticals,0.596561548446117
33,elliptical,ellipticcal,0.412855552423635
33,elliptical,ellipticalness,0.445071239555103
33,elliptical,ellipticed,0.263362903702168
33,elliptical,ellipticor,0.325319637320683
33,elliptical,ellipticly,0.348186024265176
33,elliptical,elliptic,0.405320645339577
33,elliptical,ellipticality,0.361915744811065
33,elliptical,elliptically,0.408879061718986
33,elliptical,ellipticisms,0.296511396757899
33,elliptical,ellipticized,0.379234387679821
33,elliptical,ellipticities,0.435869194764544
33,elliptical,ellipticizing,0.325319637320683
33,elliptical,elliptics,0.43265756886688
33,trainer,trainallied,0.241461078676101
33,trainer,trained,0.269924107532915
33,trainer,traines,0.212351632336016
33,trainer,trainic,0.241461078676101
33,trainer,trainor,0.16176768625009
33,trainer,trainly,0.241461078676101
33,trainer,trainization,0.117547611439069
33,trainer,trainability,0.239217886655085
33,trainer,trainable,0.209222541925643
33,trainer,trainably,0.127829717550308
33,trainer,traineers,0.239777606355715
33,trainer,trainment,0.135899953921666
33,trainer,trainners,0.279853302502098
33,trainer,trainning,0.183056192227533
33,trainer,train,0.260590401625166
33,trainer,trainables,0.0887393708762853
33,trainer,trainiving,0.218594691731607
33,trainer,trainments,0.291964415571283
33,trainer,trainnings,0.200051560458546
33,trainer,traineds,0.297249128733824
33,trainer,traineer,0.311972427541129
33,trainer,trainers,0.531205671277687
33,trainer,trainism,0.241461078676101
33,trainer,trainity,0.218594691731607
33,trainer,trainors,0.239518941430758
33,trainer,trainner,0.277755667153575
33,trainer,trainned,0.127921432927097
33,trainer,trains,0.133827960001179
33,trainer,trainibility,0.145321044082516
33,trainer,trainableness,0.202370732002078
34,cell,cellation,0.091456985813128
34,cell,cellerity,0.149838634150447
34,cell,cells,0.522556138421897
34,cell,cellers,0.0742750828795538
34,cell,celleer,0.149838634150447
34,cell,cellity,0.107767527958371
34,cell,cellism,0.149838634150447
34,cell,celling,0.133351918871043
34,cell,cellion,0.0427465965028151
34,cell,cellial,0.196480414458707
34,cell,cellics,0.19661471832501
34,cell,cellled,0.204952293210976
34,cell,celller,0.149838634150447
34,cell,cellations,0.110748287476425
34,cell,cellency,0.0981640066431701
34,cell,cellence,-0.0284110549526517
34,cell,cellings,0.0613565878255038
34,cell,cellions,0.0121013757607817
34,cell,cellling,0.126972247205954
34,cell,cellness,0.17071588314181
34,cell,cellability,0.19661471832501
34,cell,cellly,0.19661471832501
34,cell,celles,-0.0529500164913191
34,cell,celled,0.28243037881278
34,cell,celler,0.0100243601649563
34,cell,cellic,0.108340945375168
34,cell,cellal,0.126972247205954
34,phones,phoneability,0.0924268591221386
34,phones,phonality,0.232711103063111
34,phones,phonation,0.0779284969598314
34,phones,phoneable,0.161657611750964
34,phones,phonally,0.184523998695457
34,phones,phonable,0.145433652021435
34,phones,phoneing,0.0856598178962159
34,phones,phonions,0.161657611750964
34,phones,phonor,0.211964428614157
34,phones,phonal,0.0893706153149463
34,phones,phoned,0.151112996749557
34,phones,phoner,0.273078025487152
34,phones,phone,0.284213387850028
34,phones,phonors,0.238383828746062
34,phones,phoning,0.166880278772108
34,phones,phoners,0.202301486061873
34,phones,phoneed,0.0906841195018462
34,phones,phonees,0.240869277541611
34,phones,phoneds,0.256985247084755
34,phones,phoneor,0.115925861654321
34,phones,phonely,0.20891449860051
34,phones,phonations,0.100482830474362
35,hoboken,hobokens,0.429575727474636
36,gps,gpsly,0.210403730249762
37,pampered,pamperations,0.368291164238861
37,pampered,pampers,0.247588298979309
37,pampered,pamperings,0.193970436297231
37,pampered,pamperring,0.345424777294368
37,pampered,pamper,0.413554879683106
37,pampered,pamperers,0.307509336841086
37,pampered,pampering,0.431205611243273
37,pampered,pamperize,0.449139759546347
37,pampered,pamperred,0.370177240049993
37,pampered,pamperly,0.368291164238861
37,pampered,pamperer,0.391610695717018
37,pampered,pamperes,0.345424777294368
37,chef,chefs,0.57283601828961
37,chef,cheffing,0.36180680346629
37,chef,cheffers,0.138761298112843
37,chef,chefical,0.238534961688602
37,chef,chefness,0.288919262494331
37,chef,chefing,0.301569358951968
37,chef,chefism,0.288919262494331
37,chef,cheffed,0.286859605562295
37,chef,cheffer,0.217440712768409
37,chef,cheffor,0.28751950150838
37,chef,chefeds,0.288919262494331
37,chef,chefers,0.248238698469691
37,chef,chefables,0.215668574744109
37,chef,cheffings,0.153781353945014
37,chef,cheficals,0.238534961688602
37,chef,chefability,0.284009693671618
37,chef,chefor,0.235142481994295
37,chef,chefer,0.175795039870426
37,chef,chefes,0.107472303583339
37,chef,chefed,0.293221382322859
37,chef,chefal,0.243670852594595
37,chef,chefly,0.270970361722999
37,chef,chefic,0.238534961688602
38,dogs,dogses,0.193714783237461
38,dogs,dogsed,0.186142405204825
38,dogs,dogsor,0.225113418620643
38,dogs,dogsiving,0.234395347262101
38,dogs,dogsabilities,0.234395347262101
38,dogs,dogsical,0.186142405204825
38,dogs,dogsized,0.240109129238448
38,dogs,dogsness,0.234395347262101
38,dogs,dogssize,0.234395347262101
38,dogs,dogsability,0.247716756925463
38,for,fors,-0.0112868546718285
38,for,foriveness,0.0120528228932134
38,for,forlys,-0.0286674316160093
38,for,fority,0.0111113372181859
38,for,forive,0.0125834600503533
38,for,forism,0.000154865290905283
38,for,foreer,0.0124982937134084
38,for,foreor,0.0108469251213541
38,for,forals,0.00275054975611453
38,for,forors,-0.0129496793412467
38,for,forror,0.0122454094316721
38,for,forral,-0.0134988189080945
38,for,forred,0.0126618860424974
38,for,forrer,0.00790082479611706
38,for,foror,0.0134662177176705
38,for,forly,0.00898661490000014
38,for,foral,0.00587630281160815
38,for,forable,0.0115945060408782
38,for,forally,-0.0108866329516148
38,for,forives,0.0113068960291895
38,for,forlies,0.0108469251213541
38,for,forness,0.00508288529437384
38,for,forment,-0.0186591296207225
38,for,forrers,0.0108469251213541
38,for,forrals,0.0111113372181859
38,for,forring,0.0118971296421392
38,for,formenting,0.0129828780752498
38,for,foriving,0.0113068960291895
38,for,formently,0.0108469251213541
38,for,forments,0.0126550670935472
38,for,forority,0.0108469251213541
38,for,forrible,0.0113068960291895
38,for,forrings,0.0111113372181859
38,adoption,adoptioners,0.26847974925603
38,adoption,adoptioneer,0.26847974925603
38,adoption,adoptionism,0.24851549170452
38,adoption,adoptioning,0.27986480747475
38,adoption,adoptionisms,0.27986480747475
38,adoption,adoptioner,0.233352174631585
38,adoption,adoptiones,0.214702968755994
38,adoption,adoptional,0.303391329014062
38,adoption,adoptionor,0.319253983419487
38,adoption,adoptions,0.535096750160647
39,disneyland,disneylanding,0.321456762116697
39,disneyland,disneylands,0.42658543850131
39,hotel,hotelable,0.214851416811176
39,hotel,hotelence,0.17134861248224
39,hotel,hotelling,0.00360973618987919
39,hotel,hotellies,0.178614761732651
39,hotel,hotellers,0.175525523948739
39,hotel,hotelic,0.102693802199681
39,hotel,hoteled,0.166179202477196
39,hotel,hoteler,0.183531661120299
39,hotel,hoteles,0.364047075030099
39,hotel,hotelal,0.229225937631013
39,hotel,hotelor,0.208420446470246
39,hotel,hotelly,0.16294318895689
39,hotel,hotelation,0.17134861248224
39,hotel,hotellings,-0.00140242332843167
39,hotel,hotels,0.589088387388084
39,hotel,hotelers,0.144814530548709
39,hotel,hotelism,0.17134861248224
39,hotel,hotelity,0.175525523948739
39,hotel,hoteling,0.118277600972361
39,hotel,hotelion,0.175525523948739
39,hotel,hotellor,0.17134861248224
39,hotel,hotelled,0.144378351663486
39,hotel,hoteller,0.300216964754974
41,orange,orangeality,0.218334742389436
41,orange,orangements,0.177981939134421
41,orange,orangeed,0.0831968338401181
41,orange,orangees,0.0140219870162378
41,orange,orangeer,0.170709614944427
41,orange,orangeds,0.218334742389436
41,orange,orangers,0.129936381851692
41,orange,orangeor,0.172717212417813
41,orange,orangely,0.189898281881079
41,orange,orangics,0.194538137926835
41,orange,oranging,0.149083932994969
41,orange,orangize,0.157608111798767
41,orange,orangor,0.223657020030383
41,orange,orangic,0.158776900229205
41,orange,oranger,0.192627974933881
41,orange,oranges,0.318753147417672
41,orange,oranged,0.226444438202368
41,orange,orangal,0.147843227999933
41,orange,orangeism,0.264804751337997
41,orange,orangized,0.119034987437149
41,orange,orangizer,0.170709614944427
41,orange,orangization,0.126897118398737
41,orange,orangizations,0.0925289215963814
41,orange,orangeally,0.170709614944427
41,orange,orangeness,0.23036163908968
41,orange,orangement,0.131619268270404
41,orange,orangizers,0.170709614944427
41,orange,orangizing,0.194538137926835
41,county,countiers,0.163364193842704
41,county,countying,0.111502600936028
41,county,countyers,0.165279381436065
41,county,countyallied,0.119728206443638
41,county,countyness,0.169308345158007
41,county,countys,0.218038780241141
41,county,countic,0.096861819499145
41,county,countyer,0.111502600936028
41,county,countyes,0.0994633926987176
41,county,countyal,0.147482446063042
41,county,countyor,0.165515466561371
41,county,countied,0.158636590955692
41,county,countier,0.141482776973464
41,county,counties,0.509099346153327
41,convention,conventionable,0.136270673907109
41,convention,conventioneers,0.307028393737291
41,convention,conventionions,0.187945301414386
41,convention,conventions,0.452030802331084
41,convention,conventionned,0.00871752777380302
41,convention,conventionnal,0.0356864103569327
41,convention,conventionion,0.187945301414386
41,convention,conventioning,0.2373995365176
41,convention,conventionism,0.211320111374276
41,convention,conventionial,0.117295170948154
41,convention,conventioneer,0.261149202120637
41,convention,conventioners,0.25503054633332
41,convention,conventionly,0.165078914469893
41,convention,conventionor,0.266373407069461
41,convention,conventioner,0.224078908194213
41,convention,conventiones,0.14544525238639
41,convention,conventioned,0.12614523848406
41,convention,conventionnality,0.195591022281705
41,center,centeration,0.109340233220022
41,center,centerrings,0.043109351979517
41,center,centerally,0.0989375352788699
41,center,centerance,0.109340233220022
41,center,centerable,0.041605424520061
41,center,centerence,0.112005585843952
41,center,centerings,0.109186351992065
41,center,centerions,0.0659757389240102
41,center,centerized,0.0797404667871377
41,center,centerizer,0.109340233220022
41,center,centerlied,-0.00149142418437868
41,center,centerness,0.0827689059115216
41,center,centerring,-0.00858774469035216
41,center,centers,0.310918608921179
41,center,centerals,0.112005585843952
41,center,centerize,0.0947100512870938
41,center,centerism,0.0726594061998186
41,center,centerial,0.0659757389240102
41,center,centerics,0.109340233220022
41,center,centerion,0.0962554248387495
41,center,centering,0.1154336440715
41,center,centerers,0.10720549056304
41,center,centerred,0.0824220299238407
41,center,centerral,0.109340233220022
41,center,centerization,0.0686596691953813
41,center,centeric,0.013851575931737
41,center,centerly,0.0459566776123366
41,center,centeror,0.107836778651506
41,center,centeral,0.100750047629061
41,center,centered,0.166807842042434
41,center,centeres,0.0962098017197848
41,center,centerer,0.0858535107047815
42,the,thority,0.00485065460940542
42,the,thal,0.00436206373141345
42,the,thes,-0.000159029012240114
42,the,ther,0.0112880183226315
42,the,thor,0.000183773996754603
42,the,theability,0.00696520476917045
42,the,theabled,0.00522848187425968
42,the,theables,0.00545019904547621
42,the,theality,-0.0136445190396593
42,the,theities,0.00522848187425968
42,the,theiveds,0.00522848187425968
42,the,theively,0.00564340911409441
42,the,theiving,0.0065314155478595
42,the,thements,-0.00781648221641546
42,the,theority,0.00552563260603846
42,the,therness,0.00646462511379051
42,the,thorness,0.00681286767950424
42,the,thals,0.00732176987722906
42,the,theor,0.00587930541256615
42,the,thers,0.00810395727524461
42,the,theal,0.00559742148291355
42,the,thely,2.72730004926271e-05
42,the,thize,0.000987604808073396
42,the,thity,0.00422362884484943
42,the,thive,0.00331629640451309
42,the,thion,0.00425104191733358
42,the,thors,0.00598104579682084
42,the,thorities,0.00632076038612616
42,the,theivings,0.00522848187425968
42,the,thancies,0.00535593493954342
42,the,thations,0.00592969128498455
42,the,thable,-0.00632691173198135
42,the,thably,0.00522848187425968
42,the,thally,-0.00340371371374911
42,the,thance,0.00652441845530087
42,the,theors,0.00597950624258972
42,the,thelys,-0.00302602406891855
42,the,theals,0.00535593493954342
42,the,theeer,0.00545019904547621
42,the,theize,-0.0423122637886189
42,the,theive,0.00669168279702309
42,the,theity,0.00458549604412262
42,the,thible,0.00642729329639583
42,the,thized,0.00545019904547621
42,the,thions,-0.00820137099915726
42,the,thitys,0.00522848187425968
42,the,thives,0.00320025437925429
42,the,thived,0.00535593493954342
42,the,theallies,0.00558883407025473
42,the,theallied,0.00552563260603846
42,the,theabilities,0.00522848187425968
42,the,thabled,0.00522848187425968
42,the,thables,-0.00104756194594208
42,the,thallys,0.00133136249688531
42,the,thality,0.00522848187425968
42,the,thances,0.00569155305082732
42,the,thanced,0.00573470601057091
42,the,thation,0.00646462511379051
42,the,theable,0.00558883407025473
42,the,theally,0.00564340911409441
42,the,theives,0.00845933991059008
42,the,theived,0.00597950624258972
42,the,theizes,0.00535593493954342
42,the,theical,0.00522848187425968
42,the,theible,0.00522848187425968
42,the,thelied,0.00522848187425968
42,the,thelies,-0.0340662479688065
42,the,theness,0.00590258534470213
42,the,thement,0.00595527353298866
42,the,thibled,0.00522848187425968
42,the,thibles,0.00545019904547621
42,the,thitied,0.00522848187425968
42,the,thities,0.00522848187425968
42,the,thiving,0.00597950624258972
42,the,thizing,0.00535593493954342
42,music,musics,0.163909966395011
42,music,musication,0.123057844535982
42,music,musiccable,0.113201452065414
42,music,musicially,0.137829007999847
42,music,musicicals,0.113201452065414
42,music,musications,0.113201452065414
42,music,musicics,0.113201452065414
42,music,musicial,0.144866152563799
42,music,musicion,0.112873046375645
42,music,musicing,0.120052333825515
42,music,musicity,0.118992514232366
42,music,musicism,0.102882120030258
42,music,musicced,0.113201452065414
42,music,musiccal,0.108005277443537
42,music,musicers,0.0986653938550904
42,music,musicors,0.113201452065414
42,music,musicer,0.0935530166139472
42,music,musices,0.15311852884454
42,music,musiced,0.132898923556574
42,music,musicic,0.119635039314757
42,music,musicly,0.122232843464295
42,music,musicor,0.143595652121962
42,music,musicability,0.113201452065414
42,music,musicable,0.10555995440933
42,music,musicancy,0.113201452065414
42,music,musicance,0.113201452065414
42,music,musiccals,0.113201452065414
42,music,musicical,0.133303046492834
42,music,musicials,0.0417111501935886
42,music,musicions,0.103576199497103
42,music,musicings,0.089404847602813
42,music,musicisms,0.0852499350119193
42,music,musicment,0.118001833195759
42,music,musicness,0.114866687290028
42,music,musiciality,0.113201452065414
42,music,musicically,0.119635039314757
42,man,mans,0.168207968940313
42,man,manable,0.10864389404037
42,man,manally,0.0804460287424132
42,man,maneers,0.141738709247156
42,man,manible,0.0981378014365306
42,man,manials,0.13848563273389
42,man,manized,0.13848563273389
42,man,manizer,0.0490599452810864
42,man,manisms,0.141738709247156
42,man,manings,0.127868188120872
42,man,manment,0.0682144916251425
42,man,manness,0.0614524160104885
42,man,mannals,0.0791449211435925
42,man,mannors,0.136149586324499
42,man,manning,0.152405776286974
42,man,manivelies,0.0580174006175111
42,man,manal,0.0819302408383412
42,man,maned,0.0786440643581196
42,man,manality,0.141738709247156
42,man,manities,0.128924411926444
42,man,manizing,0.141836901936235
42,man,mannable,0.114923940892849
42,man,mannally,0.141738709247156
42,man,mannings,0.0947594835379469
42,man,mannessed,0.0971077472915337
42,man,manization,0.0534649362973139
42,man,manability,0.0971077472915337
42,man,manize,0.060377581197875
42,man,manity,0.135363784176407
42,man,manive,0.141738709247156
42,man,manism,0.121676718511452
42,man,maning,0.106048267277034
42,man,manial,0.0274527472470579
42,man,maneor,0.101058145222516
42,man,maneer,0.0735041605939276
42,man,manals,0.107684304135931
42,man,mannor,0.108659102287853
42,man,mannal,0.0824571734103609
43,the,thority,0.00485065460940542
43,the,thal,0.00436206373141345
43,the,thes,-0.000159029012240114
43,the,ther,0.0112880183226315
43,the,thor,0.000183773996754603
43,the,theability,0.00696520476917045
43,the,theabled,0.00522848187425968
43,the,theables,0.00545019904547621
43,the,theality,-0.0136445190396593
43,the,theities,0.00522848187425968
43,the,theiveds,0.00522848187425968
43,the,theively,0.00564340911409441
43,the,theiving,0.0065314155478595
43,the,thements,-0.00781648221641546
43,the,theority,0.00552563260603846
43,the,therness,0.00646462511379051
43,the,thorness,0.00681286767950424
43,the,thals,0.00732176987722906
43,the,theor,0.00587930541256615
43,the,thers,0.00810395727524461
43,the,theal,0.00559742148291355
43,the,thely,2.72730004926271e-05
43,the,thize,0.000987604808073396
43,the,thity,0.00422362884484943
43,the,thive,0.00331629640451309
43,the,thion,0.00425104191733358
43,the,thors,0.00598104579682084
43,the,thorities,0.00632076038612616
43,the,theivings,0.00522848187425968
43,the,thancies,0.00535593493954342
43,the,thations,0.00592969128498455
43,the,thable,-0.00632691173198135
43,the,thably,0.00522848187425968
43,the,thally,-0.00340371371374911
43,the,thance,0.00652441845530087
43,the,theors,0.00597950624258972
43,the,thelys,-0.00302602406891855
43,the,theals,0.00535593493954342
43,the,theeer,0.00545019904547621
43,the,theize,-0.0423122637886189
43,the,theive,0.00669168279702309
43,the,theity,0.00458549604412262
43,the,thible,0.00642729329639583
43,the,thized,0.00545019904547621
43,the,thions,-0.00820137099915726
43,the,thitys,0.00522848187425968
43,the,thives,0.00320025437925429
43,the,thived,0.00535593493954342
43,the,theallies,0.00558883407025473
43,the,theallied,0.00552563260603846
43,the,theabilities,0.00522848187425968
43,the,thabled,0.00522848187425968
43,the,thables,-0.00104756194594208
43,the,thallys,0.00133136249688531
43,the,thality,0.00522848187425968
43,the,thances,0.00569155305082732
43,the,thanced,0.00573470601057091
43,the,thation,0.00646462511379051
43,the,theable,0.00558883407025473
43,the,theally,0.00564340911409441
43,the,theives,0.00845933991059008
43,the,theived,0.00597950624258972
43,the,theizes,0.00535593493954342
43,the,theical,0.00522848187425968
43,the,theible,0.00522848187425968
43,the,thelied,0.00522848187425968
43,the,thelies,-0.0340662479688065
43,the,theness,0.00590258534470213
43,the,thement,0.00595527353298866
43,the,thibled,0.00522848187425968
43,the,thibles,0.00545019904547621
43,the,thitied,0.00522848187425968
43,the,thities,0.00522848187425968
43,the,thiving,0.00597950624258972
43,the,thizing,0.00535593493954342
43,secret,secretism,0.163058685859202
43,secret,secretize,0.197294744337509
43,secret,secretors,0.0679889895777642
43,secret,secreteer,0.206432305299437
43,secret,secretization,0.198811204721842
43,secret,secrets,0.361982397141363
43,secret,secretities,0.159272448246542
43,secret,secretizing,0.21146444095884
43,secret,secretly,0.381634516739868
43,secret,secretor,0.0620652074758773
43,secret,secretal,0.159272448246542
43,secret,secretally,0.136406061302049
43,secret,secretable,-0.0352911494567219
43,secret,secreteers,0.206432305299437
43,secret,secretials,0.159272448246542
43,secret,secretized,0.181706926342911
43,secret,secretlies,0.159272448246542
43,secret,secretness,0.192730792012802
43,garden,gardeners,0.385143418857276
43,garden,gardeneer,0.122321236151239
43,garden,gardenial,0.134667615334904
43,garden,gardenize,0.188494600574178
43,garden,gardenner,0.140145969882581
43,garden,gardenned,0.180826533907221
43,garden,gardenizing,0.180826533907221
43,garden,gardens,0.403617690762619
43,garden,gardenization,0.180826533907221
43,garden,gardenable,0.204487310865434
43,garden,gardenally,0.180826533907221
43,garden,gardeneers,0.177881291191847
43,garden,gardenized,0.180826533907221
43,garden,gardenment,0.180826533907221
43,garden,gardenning,0.162638533641813
43,garden,gardenness,0.179794938883365
43,garden,gardenners,0.167938951139308
43,garden,gardenic,0.180826533907221
43,garden,gardenly,0.203923613241544
43,garden,gardenor,0.142808977818843
43,garden,gardenal,0.0375665776229934
43,garden,gardened,0.233535039842548
43,garden,gardener,0.353999131133596
43,garden,gardenes,0.111779284717752
44,map,maps,0.223429226739066
44,map,mapable,0.091218946858113
44,map,mapings,0.00173844999611906
44,map,mapness,0.0714886409265671
44,map,mappers,0.0833404420969968
44,map,mapor,-0.0526849199465144
44,map,mapal,-0.00368312875221052
44,map,maped,-0.0238679246613774
44,map,maper,0.0412628360160317
44,map,mapes,-0.00200472504972131
44,map,mapic,0.01775752222281
44,map,mappable,0.0970901463759753
44,map,mapability,0.0904594619090515
44,map,mappability,-0.0477019594021658
44,map,mapped,0.113007010524892
44,map,mapper,0.0932402245581619
44,map,mappal,0.0424190140207596
44,map,mapism,0.096195794520796
44,map,maping,0.0802212091202695
44,map,mapion,0.0783820947916472
44,map,mapics,0.0485857869963349
44,map,mapers,0.0699734373634297
44,map,mapeer,0.0985224979295853
44,map,mapals,-0.0705683463466589
44,of,ofly,-0.0051473773902505
44,of,ofisms,0.0059504493807601
44,of,oflies,0.00620278205320646
44,of,ofness,0.00664971872357282
44,of,ofities,-0.0724628490964451
44,of,ofity,0.00609550162185656
44,the,thority,0.00485065460940542
44,the,thal,0.00436206373141345
44,the,thes,-0.000159029012240114
44,the,ther,0.0112880183226315
44,the,thor,0.000183773996754603
44,the,theability,0.00696520476917045
44,the,theabled,0.00522848187425968
44,the,theables,0.00545019904547621
44,the,theality,-0.0136445190396593
44,the,theities,0.00522848187425968
44,the,theiveds,0.00522848187425968
44,the,theively,0.00564340911409441
44,the,theiving,0.0065314155478595
44,the,thements,-0.00781648221641546
44,the,theority,0.00552563260603846
44,the,therness,0.00646462511379051
44,the,thorness,0.00681286767950424
44,the,thals,0.00732176987722906
44,the,theor,0.00587930541256615
44,the,thers,0.00810395727524461
44,the,theal,0.00559742148291355
44,the,thely,2.72730004926271e-05
44,the,thize,0.000987604808073396
44,the,thity,0.00422362884484943
44,the,thive,0.00331629640451309
44,the,thion,0.00425104191733358
44,the,thors,0.00598104579682084
44,the,thorities,0.00632076038612616
44,the,theivings,0.00522848187425968
44,the,thancies,0.00535593493954342
44,the,thations,0.00592969128498455
44,the,thable,-0.00632691173198135
44,the,thably,0.00522848187425968
44,the,thally,-0.00340371371374911
44,the,thance,0.00652441845530087
44,the,theors,0.00597950624258972
44,the,thelys,-0.00302602406891855
44,the,theals,0.00535593493954342
44,the,theeer,0.00545019904547621
44,the,theize,-0.0423122637886189
44,the,theive,0.00669168279702309
44,the,theity,0.00458549604412262
44,the,thible,0.00642729329639583
44,the,thized,0.00545019904547621
44,the,thions,-0.00820137099915726
44,the,thitys,0.00522848187425968
44,the,thives,0.00320025437925429
44,the,thived,0.00535593493954342
44,the,theallies,0.00558883407025473
44,the,theallied,0.00552563260603846
44,the,theabilities,0.00522848187425968
44,the,thabled,0.00522848187425968
44,the,thables,-0.00104756194594208
44,the,thallys,0.00133136249688531
44,the,thality,0.00522848187425968
44,the,thances,0.00569155305082732
44,the,thanced,0.00573470601057091
44,the,thation,0.00646462511379051
44,the,theable,0.00558883407025473
44,the,theally,0.00564340911409441
44,the,theives,0.00845933991059008
44,the,theived,0.00597950624258972
44,the,theizes,0.00535593493954342
44,the,theical,0.00522848187425968
44,the,theible,0.00522848187425968
44,the,thelied,0.00522848187425968
44,the,thelies,-0.0340662479688065
44,the,theness,0.00590258534470213
44,the,thement,0.00595527353298866
44,the,thibled,0.00522848187425968
44,the,thibles,0.00545019904547621
44,the,thitied,0.00522848187425968
44,the,thities,0.00522848187425968
44,the,thiving,0.00597950624258972
44,the,thizing,0.00535593493954342
44,united,unitedness,0.0700256962967517
44,united,unitedations,0.116340383120763
44,united,uniteding,0.0897752725780095
44,united,uniteddal,0.11357187704061
44,united,unitedor,0.0700419663206509
44,united,unitedly,0.101304434891044
44,united,unitedes,0.0700419663206509
44,united,uniteder,0.120026516682425
44,united,uniteded,0.0687765364081536
44,united,uniteds,0.13866554203022
44,states,statesabilities,0.123428071737431
44,states,statesness,0.116790507416065
44,states,statesment,0.0550372833487125
44,states,statessing,0.116790507416065
44,states,statesers,0.0523133389288232
44,states,statesity,0.121743084770634
44,states,statesism,0.119637473040925
44,states,statesing,0.0502683923744199
44,states,statesize,0.0889264796408948
44,states,statesallies,0.073134779318913
44,states,statesments,0.0424494246909777
44,states,stateses,0.0656858649506677
44,states,statesed,0.112119547737291
44,states,stateser,0.0889264796408948
44,states,statesly,0.119637473040925
44,states,statesor,0.127509337055778
44,states,statesal,0.0929939029534637
44,states,statesability,0.141376086995495
45,solar,solarance,0.179949074003455
45,solar,solarizes,0.206788459568542
45,solar,solarizer,0.240746803368746
45,solar,solarized,0.191867877311972
45,solar,solarions,0.202815460947948
45,solar,solarness,0.202815460947948
45,solar,solaric,0.129722873870779
45,solar,solared,0.231501630676043
45,solar,solarer,0.289835790621653
45,solar,solares,0.240654406733764
45,solar,solaror,0.251746672316868
45,solar,solarly,0.248128738191951
45,solar,solaral,0.251746672316868
45,solar,solarize,0.173624888371947
45,solar,solarity,0.172699150470331
45,solar,solarism,0.240895947702265
45,solar,solaring,0.206943614497719
45,solar,solarion,0.231497385721111
45,solar,solarics,0.179949074003455
45,solar,solarred,0.151140833440671
45,solar,solars,0.288560494465987
45,solar,solarization,0.223994902944961
45,solar,solarizers,0.202815460947948
45,solar,solarizing,0.230887532513071
45,solar,solarizations,0.119619149158835
45,solar,solarically,0.251746672316868
45,panels,paneler,0.272756725709255
45,panels,paneles,0.296997619707328
45,panels,paneled,0.282953291650537
45,panels,panelor,0.254034882037346
45,panels,panelly,0.238295710521147
45,panels,panel,0.434541558262126
45,panels,panelizer,0.256172104565741
45,panels,panelizes,0.215429323576654
45,panels,panelized,0.30053456188844
45,panels,panellize,0.238295710521147
45,panels,panelization,0.262970826878752
45,panels,panelables,0.238295710521147
45,panels,panelizing,0.250539249332202
45,panels,panelizers,0.287259959138493
45,panels,panellized,0.216100229632462
45,panels,paneller,0.117605717713509
45,panels,panelled,0.258512210681621
45,panels,panelize,0.296659310596843
45,panels,panelion,0.238295710521147
45,panels,panelism,0.236739347480487
45,panels,panelers,0.0605150787740552
46,alexian,alexians,0.650120831566904
46,brothers,brotherliness,0.148868382883103
46,brothers,brotheral,0.128139155918896
46,brothers,brotheres,0.240732644056206
46,brothers,brotherer,0.117857049807657
46,brothers,brothered,0.138493879149017
46,brothers,brotherly,0.263576847670685
46,brothers,brotheror,0.140750479893898
46,brothers,brotherlyness,0.179813783426173
46,brothers,brotherization,0.179813783426173
46,brothers,brotherment,0.233839535579778
46,brothers,brotherness,0.150018066112231
46,brothers,brotherred,0.179813783426173
46,brothers,brotherers,0.179813783426173
46,brothers,brotherism,0.100470154990602
46,brothers,brothering,0.252939050432638
46,brothers,brotherments,0.233362508900705
46,brothers,brother,0.402602763114981
46,hospital,hospitalal,0.188903443651609
46,hospital,hospitaler,0.169619294067761
46,hospital,hospitales,0.24603391141803
46,hospital,hospitaled,0.221120877181613
46,hospital,hospitally,0.149611480710181
46,hospital,hospitalor,0.172019484089569
46,hospital,hospitallor,0.165295182821821
46,hospital,hospitaller,0.195366315873027
46,hospital,hospitalled,0.221719731861737
46,hospital,hospitaling,0.212700048114209
46,hospital,hospitalism,0.22967374199591
46,hospital,hospitaleer,0.212700048114209
46,hospital,hospitalers,0.195805299807609
46,hospital,hospitalality,0.212700048114209
46,hospital,hospitalable,0.154508367149121
46,hospital,hospitallers,0.22093033202835
46,hospital,hospitalness,0.212700048114209
46,hospital,hospitalment,0.165295182821821
46,hospital,hospitallized,0.0984952664675554
46,hospital,hospitals,0.494864107695195
47,indexed,indexicality,0.168682457638428
47,indexed,indexor,0.140774439335932
47,indexed,indexic,0.177241268827096
47,indexed,indexes,0.38866153884274
47,indexed,indexer,0.30357459859217
47,indexed,indexal,0.221706675913403
47,indexed,indexically,0.251547441163529
47,indexed,index,0.217589407606074
47,indexed,indexers,0.335236279135821
47,indexed,indexeds,0.234290956746657
47,indexed,indexeer,0.27338130342068
47,indexed,indexism,0.27338130342068
47,indexed,indexial,0.177241268827096
47,indexed,indexing,0.549478731441633
47,indexed,indexors,0.234290956746657
47,indexed,indexxed,0.254996769358327
47,indexed,indexization,0.27338130342068
47,indexed,indexability,0.322927244796371
47,indexed,indexations,0.345616584094335
47,indexed,indexicalities,0.251658955440252
47,indexed,indexs,0.157764008764657
47,indexed,indexables,0.260860677816285
47,indexed,indexality,0.27338130342068
47,indexed,indexation,0.293372022472439
47,indexed,indexibles,0.27338130342068
47,indexed,indexicals,0.133299013513423
47,indexed,indexibility,0.254996769358327
47,indexed,indexable,0.353030548514879
47,indexed,indexence,0.27338130342068
47,indexed,indexings,0.309606441498343
47,indexed,indexicly,0.27338130342068
47,indexed,indexical,0.159112848012192
47,indexed,indexible,0.171652326569853
47,annuity,annuitied,0.367733319978912
47,annuity,annuities,0.68975299017025
47,annuity,annuityes,0.367733319978912
47,annuity,annuitys,0.481928853631607
48,wilson,wilsons,0.307786048686124
48,wilson,wilsonism,0.264490759051109
48,wilson,wilsonisms,0.202121272838842
48,wilson,wilsonly,0.194220282213377
48,antenna,antennas,0.658538002092862
48,antenna,antennaing,0.335604252970083
48,antenna,antennaness,0.283395019702183
48,antenna,antennaor,0.35873443347973
48,antenna,antennaes,0.355910126435965
48,antenna,antennaer,0.343785172746027
48,antenna,antennaed,0.22960228316759
49,flame,flamable,0.267996320078626
49,flame,flameing,0.250712689284481
49,flame,flamence,0.213650697999171
49,flame,flamible,0.263102860849077
49,flame,flamables,0.148817911276022
49,flame,flamation,0.279906652484715
49,flame,flameable,0.217688104085933
49,flame,flameness,0.303703256947316
49,flame,flameed,0.110301442984617
49,flame,flameds,0.311106536133413
49,flame,flamees,0.309655124627939
49,flame,flamers,0.341084596280442
49,flame,flamely,0.2298746577287
49,flame,flameor,0.214346634501768
49,flame,flamity,0.2298746577287
49,flame,flamion,0.023750536763821
49,flame,flamors,0.2298746577287
49,flame,flamability,0.323317208168832
49,flame,flamal,0.271596678044075
49,flame,flames,0.393217259350347
49,flame,flamer,0.337310873736202
49,flame,flamed,0.334294409259043
49,flame,flamic,0.190784311054678
49,flame,flamor,0.239226088460075
49,flame,flamalitied,0.303703256947316
49,flame,flamibility,0.27417634112172
49,designs,designsallied,0.0728498546342638
49,designs,designsor,0.192748452798138
49,designs,designsic,0.00147203085489744
49,designs,designsed,0.169670571299551
49,designs,designser,0.135183929211458
49,designs,designses,0.192748452798138
49,designs,designssize,0.168989889227848
49,designs,designsability,0.221823708307766
49,designs,designssally,0.216545057260739
49,designs,designsize,0.0909453274735562
49,designs,designsing,0.175864493236099
49,designs,designsers,0.204528173750908
49,designs,designsals,0.168989889227848
50,dog,dogger,0.144689397509147
50,dog,doggor,0.156988405609997
50,dog,dogism,0.174239237257353
50,dog,doging,0.188576121689914
50,dog,dogive,0.0950316719914816
50,dog,dogals,0.134122018665504
50,dog,dogor,0.17903478134865
50,dog,dogly,0.17586343994597
50,dog,doged,0.169536638861975
50,dog,dogal,0.0750947189745225
50,dog,dogality,0.199056876034867
50,dog,doggable,0.199056876034867
50,dog,doggings,0.204055346520182
50,dog,dogities,0.191734005242938
50,dog,dogallied,0.156988405609997
50,dog,dogalities,0.156988405609997
50,dog,dogliness,0.194782695668368
50,dog,dogally,0.156988405609997
50,dog,dogable,0.180258742057581
50,dog,doggers,0.171753802241681
50,dog,dogging,0.196753675103112
50,dog,dogisms,0.215652440475954
50,dog,dogness,0.261109601833057
50,heat,heats,0.361184482073903
50,heat,heatability,0.196650309240543
50,heat,heatic,0.167717336842354
50,heat,heatly,0.090744911322502
50,heat,heator,0.152541081695965
50,heat,heatal,0.19769751287979
50,heat,heates,0.128455242235424
50,heat,heatable,0.223771948805376
50,heat,heatence,0.173745488835198
50,heat,heateers,0.19769751287979
50,heat,heatness,0.153557595604024
50,heat,heatment,0.19769751287979
50,heat,heatting,0.200915347939581
50,heat,heatters,0.191089744567146
50,heat,heateer,0.230391295724051
50,heat,heatted,0.12207086132792
50,heat,heatter,0.114680544002462
50,heat,heation,0.175953602464598
50,heat,heatity,0.12207086132792
50,heat,heators,0.227593973373199
50,heat,heatlys,0.134655142161175
51,horse,horsees,0.21045096847533
51,horse,horseds,0.239570083737927
51,horse,horseed,-0.0266001616072281
51,horse,horsely,0.135323629893336
51,horse,horsers,0.241324426697519
51,horse,horseor,0.187914444774727
51,horse,horsing,0.258139773575645
51,horse,horsion,0.239570083737927
51,horse,horsals,0.153405492632255
51,horse,horsability,0.224123283084254
51,horse,horseability,0.240735284395613
51,horse,horsal,0.153405492632255
51,horse,horsed,0.265718495305175
51,horse,horser,0.229242972987685
51,horse,horses,0.545127688923029
51,horse,horseize,0.224123283084254
51,horse,horseics,0.224123283084254
51,horse,horseing,0.222822654013185
51,horse,horseism,0.224123283084254
51,horse,horseable,0.212291131612106
51,horse,horseally,0.176271879576748
51,horse,horsement,0.182080489247976
51,horse,horseness,0.200547129521839
52,avp,avps,0.536706187187253
53,discovery,discoverys,0.230495795992416
53,discovery,discoveryor,0.205601436895186
53,discovery,discoveryes,0.221565693924316
53,discovery,discoveryer,0.229398041357787
53,discovery,discoveryed,0.188717477333146
53,discovery,discoveried,0.166616803444254
53,discovery,discoverics,0.181340445720747
53,discovery,discoveries,0.38998406630067
53,discovery,discoverier,0.229398041357787
53,discovery,discoveriers,0.158474058776253
53,discovery,discoverying,0.146891995269659
53,channel,channelings,0.161002990593604
53,channel,channelizer,0.148350044429281
53,channel,channelizes,0.127821917870591
53,channel,channelized,0.23464416284034
53,channel,channelling,0.162665372945137
53,channel,channellize,0.15386455175181
53,channel,channellers,0.215478287472
53,channel,channellors,0.17074851131385
53,channel,channelization,0.225457851948326
53,channel,channelizations,0.203276915510456
53,channel,channels,0.416185001663635
53,channel,channelor,0.221380121835874
53,channel,channelal,0.233823082428794
53,channel,channeled,0.173697980111793
53,channel,channeler,0.198273656041471
53,channel,channeles,0.158838803053398
53,channel,channelizing,0.115785728823948
53,channel,channelizers,0.0851243372029719
53,channel,channellized,0.108759586408966
53,channel,channellings,0.127365924523471
53,channel,channelments,0.108759586408966
53,channel,channelers,0.18647399596711
53,channel,channelive,0.147849933082989
53,channel,channelism,0.202794927821568
53,channel,channelion,0.189143357776935
53,channel,channelize,0.126078977075229
53,channel,channeling,0.169036592456371
53,channel,channelors,0.19454511577645
53,channel,channelled,0.151151855949711
53,channel,channeller,0.184827589733773
53,channel,channellor,0.140768335276414
53,store,storations,0.0981600759583449
53,store,storeability,0.148890809339696
53,store,storabled,0.0981600759583449
53,store,storables,0.153985495960923
53,store,storality,0.0981600759583449
53,store,storation,0.090285935827297
53,store,storative,0.0590697292843224
53,store,storeable,0.0609174899611563
53,store,storement,0.0752936890138518
53,store,storeness,0.142833847237672
53,store,storities,0.0981600759583449
53,store,storable,0.111925893392118
53,store,storance,0.0752936890138518
53,store,storeing,0.109361230891326
53,store,storency,0.0464854484510677
53,store,storions,0.0981600759583449
53,store,storings,0.0483765027129955
53,store,storativity,0.0322923375068972
53,store,storability,0.0876239210075321
53,store,storer,0.0212559920190362
53,store,stored,0.208806431348794
53,store,storal,0.114954601120608
53,store,storor,0.148890809339696
53,store,storativities,0.139203045817176
53,store,storeor,0.209694489348457
53,store,storers,0.0980175453257202
53,store,storely,0.0362033423398292
53,store,storeds,0.129580019319559
53,store,storeed,0.0783566787504311
53,store,storeer,0.0981600759583449
53,store,storees,0.0399503296255815
53,store,storeal,0.115604669801534
53,store,storize,0.0981600759583449
53,store,storion,0.0362033423398292
53,store,storing,0.228089039442003
54,president,presidentation,0.124761834944547
54,president,presidentally,0.167174273642815
54,president,presidentency,0.172458091397865
54,president,presidentical,0.144427827067289
54,president,presidentness,0.169475336518484
54,president,presidentallied,0.0579281179463614
54,president,presidental,0.212071306538232
54,president,presidentes,0.16123519110309
54,president,presidenter,0.127534918560849
54,president,presidented,0.151173395880709
54,president,presidentor,0.145692949167739
54,president,presidently,0.152179801961625
54,president,presidents,0.399347821937256
54,president,presidenters,0.169475336518484
54,president,presidentals,0.167174273642815
54,president,presidenting,0.170993688638982
54,president,presidention,0.138764343118454
54,of,ofly,-0.0051473773902505
54,of,ofisms,0.0059504493807601
54,of,oflies,0.00620278205320646
54,of,ofness,0.00664971872357282
54,of,ofities,-0.0724628490964451
54,of,ofity,0.00609550162185656
54,the,thority,0.00485065460940542
54,the,thal,0.00436206373141345
54,the,thes,-0.000159029012240114
54,the,ther,0.0112880183226315
54,the,thor,0.000183773996754603
54,the,theability,0.00696520476917045
54,the,theabled,0.00522848187425968
54,the,theables,0.00545019904547621
54,the,theality,-0.0136445190396593
54,the,theities,0.00522848187425968
54,the,theiveds,0.00522848187425968
54,the,theively,0.00564340911409441
54,the,theiving,0.0065314155478595
54,the,thements,-0.00781648221641546
54,the,theority,0.00552563260603846
54,the,therness,0.00646462511379051
54,the,thorness,0.00681286767950424
54,the,thals,0.00732176987722906
54,the,theor,0.00587930541256615
54,the,thers,0.00810395727524461
54,the,theal,0.00559742148291355
54,the,thely,2.72730004926271e-05
54,the,thize,0.000987604808073396
54,the,thity,0.00422362884484943
54,the,thive,0.00331629640451309
54,the,thion,0.00425104191733358
54,the,thors,0.00598104579682084
54,the,thorities,0.00632076038612616
54,the,theivings,0.00522848187425968
54,the,thancies,0.00535593493954342
54,the,thations,0.00592969128498455
54,the,thable,-0.00632691173198135
54,the,thably,0.00522848187425968
54,the,thally,-0.00340371371374911
54,the,thance,0.00652441845530087
54,the,theors,0.00597950624258972
54,the,thelys,-0.00302602406891855
54,the,theals,0.00535593493954342
54,the,theeer,0.00545019904547621
54,the,theize,-0.0423122637886189
54,the,theive,0.00669168279702309
54,the,theity,0.00458549604412262
54,the,thible,0.00642729329639583
54,the,thized,0.00545019904547621
54,the,thions,-0.00820137099915726
54,the,thitys,0.00522848187425968
54,the,thives,0.00320025437925429
54,the,thived,0.00535593493954342
54,the,theallies,0.00558883407025473
54,the,theallied,0.00552563260603846
54,the,theabilities,0.00522848187425968
54,the,thabled,0.00522848187425968
54,the,thables,-0.00104756194594208
54,the,thallys,0.00133136249688531
54,the,thality,0.00522848187425968
54,the,thances,0.00569155305082732
54,the,thanced,0.00573470601057091
54,the,thation,0.00646462511379051
54,the,theable,0.00558883407025473
54,the,theally,0.00564340911409441
54,the,theives,0.00845933991059008
54,the,theived,0.00597950624258972
54,the,theizes,0.00535593493954342
54,the,theical,0.00522848187425968
54,the,theible,0.00522848187425968
54,the,thelied,0.00522848187425968
54,the,thelies,-0.0340662479688065
54,the,theness,0.00590258534470213
54,the,thement,0.00595527353298866
54,the,thibled,0.00522848187425968
54,the,thibles,0.00545019904547621
54,the,thitied,0.00522848187425968
54,the,thities,0.00522848187425968
54,the,thiving,0.00597950624258972
54,the,thizing,0.00535593493954342
54,united,unitedness,0.0700256962967517
54,united,unitedations,0.116340383120763
54,united,uniteding,0.0897752725780095
54,united,uniteddal,0.11357187704061
54,united,unitedor,0.0700419663206509
54,united,unitedly,0.101304434891044
54,united,unitedes,0.0700419663206509
54,united,uniteder,0.120026516682425
54,united,uniteded,0.0687765364081536
54,united,uniteds,0.13866554203022
54,states,statesabilities,0.123428071737431
54,states,statesness,0.116790507416065
54,states,statesment,0.0550372833487125
54,states,statessing,0.116790507416065
54,states,statesers,0.0523133389288232
54,states,statesity,0.121743084770634
54,states,statesism,0.119637473040925
54,states,statesing,0.0502683923744199
54,states,statesize,0.0889264796408948
54,states,statesallies,0.073134779318913
54,states,statesments,0.0424494246909777
54,states,stateses,0.0656858649506677
54,states,statesed,0.112119547737291
54,states,stateser,0.0889264796408948
54,states,statesly,0.119637473040925
54,states,statesor,0.127509337055778
54,states,statesal,0.0929939029534637
54,states,statesability,0.141376086995495
55,iron,ironables,0.178999121643635
55,iron,ironially,0.178999121643635
55,iron,ironizing,0.143854609847505
55,iron,ironments,0.139908774969612
55,iron,ironizations,0.178999121643635
55,iron,ironor,0.203402827663177
55,iron,ironly,0.178999121643635
55,iron,ironed,0.210714886713083
55,iron,irones,0.0788892982029977
55,iron,ironer,0.197967762389067
55,iron,ironal,0.203164866434053
55,iron,ironers,0.120155893498467
55,iron,ironeer,0.232494039596852
55,iron,ironned,0.186974489669423
55,iron,ironize,0.198982129735878
55,iron,ironion,0.215198505039993
55,iron,ironity,0.100818428295589
55,iron,ironism,0.0642392147980913
55,iron,ironally,0.178999121643635
55,iron,ironable,0.180594638798309
55,iron,ironized,0.133776987688508
55,iron,ironizes,0.122039743150588
55,iron,ironizer,0.21055744255936
55,iron,ironions,0.226961470896653
55,iron,ironment,0.0727257044687698
55,iron,ironning,0.257295101726364
55,iron,ironness,0.226961470896653
55,iron,ironization,0.10136174110947
55,iron,ironability,0.207996115975372
56,uss,ussed,0.105539374655419
56,uss,ussly,0.273999150337999
56,uss,ussing,0.127944435005976
56,uss,ussity,0.21583320456626
56,yorktown,yorktowns,0.509466194284043
56,charleston,charlestons,0.353820825541809
56,charleston,charlestoning,0.244871673392922
56,charleston,charlestoners,0.295513755204844
56,charleston,charlestones,0.228647713663392
56,charleston,charlestoned,0.327094088308989
56,sc,scly,0.214306077968705
56,sc,scities,0.171045414363644
56,sc,scism,0.192328318476564
56,sc,scity,0.152462523696799
56,sc,scisms,0.148179027419151
56,sc,sclied,0.210135761037666
57,ct,ctly,0.0804604701174033
57,ct,ctities,0.177165086611866
57,ct,ctity,0.110848044638698
57,jobs,job,0.348388529775397
57,jobs,jobly,0.0253474964951727
57,jobs,jobor,0.0823811466021446
57,jobs,jobal,0.138238187187958
57,jobs,jobed,-0.00621228729703751
57,jobs,jobes,0.0690913125081373
57,jobs,jober,0.0352938479555428
57,jobs,jobic,-0.01956122312356
57,jobs,jobable,0.134742800590936
57,jobs,jobical,0.0518535623359406
57,jobs,jobings,0.0806618028987246
57,jobs,jobness,0.0185710369655803
57,jobs,jobers,0.0312329768184431
57,jobs,jobbal,0.103528189843218
57,jobs,jobbed,0.0997337301261448
57,jobs,jobals,0.0806618028987246
57,jobs,jobbor,0.0644378431691952
57,jobs,jobors,0.103528189843218
57,jobs,jobing,0.25834180546882
57,jobs,jobism,0.140601998187894
57,jobs,jobity,0.0153945840751089
57,jobs,jobial,0.103528189843218
57,jobs,jobations,0.0263786469492089
57,jobs,jobability,0.14427876717102
57,jobs,jobliness,0.154714199939281
57,jobs,jobation,0.0385649281746096
58,penguins,penguin,0.462354177575301
58,penguins,penguiners,0.340377852938182
58,penguins,penguining,0.39230885680258
58,penguins,penguinism,0.367721221212258
58,penguins,penguinity,0.293687436301788
58,penguins,penguinize,0.343415049461201
58,penguins,penguinality,0.367211653923802
58,penguins,penguinicity,0.326531089899161
58,penguins,penguinor,0.313766876395156
58,penguins,penguinic,0.367211653923802
58,penguins,penguinly,0.367211653923802
58,penguins,penguinal,0.313766876395156
58,penguins,penguines,0.360960122480771
58,penguins,penguiner,0.36721167864116
58,penguins,penguined,0.272754309399125
58,penguins,penguinations,0.313766876395156
58,penguins,penguinance,0.313766876395156
58,penguins,penguinized,0.358867522857679
58,penguins,penguinizer,0.313766876395156
58,penguins,penguinness,0.313766876395156
59,how,hows,0.116210435012108
59,how,howings,0.0781972659497375
59,how,howizer,0.0411490870965512
59,how,howlies,0.064623832848031
59,how,howness,0.0874842236816928
59,how,howizers,0.036050161040779
59,how,howwible,0.036050161040779
59,how,howly,0.0489278287546775
59,how,howic,0.062807921656475
59,how,howed,0.0434322253308742
59,how,hower,0.0348307272935812
59,how,howes,0.0422382540770831
59,how,howal,0.0624553651242826
59,how,howor,0.0655390807390056
59,how,howors,0.0781972659497375
59,how,howity,0.0544006614871367
59,how,howism,0.0781972659497375
59,how,howing,0.0661122037897921
59,how,howers,0.0436703483347029
59,how,howeer,0.0640035485849925
59,how,howwal,0.0544006614871367
59,how,howability,0.0781972659497375
59,how,howliness,0.036050161040779
59,to,toly,0.00144991561157517
59,to,tonessed,0.0064613082141808
59,to,toism,0.00661881350107766
59,to,tolys,-0.00148476866773133
59,to,toness,0.00723970780254068
59,to,tolied,0.00690662803358068
59,to,tolies,0.0064613082141808
59,build,buildables,0.0914788808935024
59,build,builddings,0.174020981401941
59,build,buildability,0.135880413832644
59,build,buildder,0.176429521370877
59,build,buildeer,0.15555977656329
59,build,buildeds,0.174020981401941
59,build,buildance,0.0984591668003145
59,build,buildable,0.187240249723901
59,build,buildably,0.121325553744808
59,build,buildding,0.147707987438398
59,build,buildders,0.131615331626609
59,build,buildence,0.0984591668003145
59,build,buildeers,0.15555977656329
59,build,builded,0.142606513282488
59,build,buildes,0.0430066523274574
59,build,buildor,0.165120997370737
59,build,buildly,0.0415401946823034
59,build,buildic,0.121325553744808
59,build,builds,0.277831008554016
59,a,aity,0.00449385113057825
59,a,aism,0.0017938666949002
59,a,aitys,0.00858269158699248
59,a,aisms,0.00737483541488101
59,a,aness,0.00705108881631306
59,a,aismings,0.00737483541488101
59,a,aities,0.00737483541488101
59,a,anessed,0.00737483541488101
59,fence,fencor,0.270984326127999
59,fence,fencic,0.242497556777917
59,fence,fenced,0.397200918568685
59,fence,fences,0.498166413898226
59,fence,fencal,0.26536394372241
59,fence,fencys,0.26536394372241
59,fence,fencable,0.26536394372241
59,fence,fenceing,0.320433934244499
59,fence,fencible,0.24223602738707
59,fence,fency,0.21829148271438
59,fence,fencive,0.26536394372241
59,fence,fencies,0.213689316215133
59,fence,fenceed,0.19968344426589
59,fence,fencees,0.211681930137599
59,fence,fenceds,0.316839662649481
59,fence,fenceor,0.359332102803951
59,fence,fenceable,0.222382318124804
59,fence,fencement,0.26536394372241
59,fence,fencibles,0.134194579210857
59,fence,fencyness,0.26536394372241
59,fence,fenceiving,0.316839662649481
60,bellevue,bellevues,0.377094389703957
60,bellevue,bellevued,0.374241403513282
61,worm,wormer,0.313870672827926
61,worm,wormes,0.199980027482491
61,worm,wormly,0.170590873962435
61,worm,wormal,0.279695901492205
61,worm,wormed,0.284131360113421
61,worm,wormor,0.258834677412105
61,worm,wormable,0.314491542445901
61,worm,wormings,0.203084100972088
61,worm,wormizer,0.324683798942414
61,worm,wormmers,0.281701064356598
61,worm,wormming,0.281701064356598
61,worm,wormness,0.281701064356598
61,worm,wormation,0.281701064356598
61,worm,wormences,0.281701064356598
61,worm,wormmings,0.258834677412105
61,worm,worms,0.521979050859483
61,worm,worming,0.329120766606619
61,worm,wormism,0.333841386565607
61,worm,wormers,0.314511523179328
61,worm,wormability,0.310044782103006
62,texas,texanized,0.146812118498775
62,texas,texanisms,0.192770427113085
62,texas,texanness,0.157773346492982
62,texas,texasisms,0.183147761596422
62,texas,texasness,0.160202448146583
62,texas,texanism,0.188484339893012
62,texas,texaners,0.143318488584543
62,texas,texasers,0.183999052609183
62,texas,texasism,0.196680451199308
62,texas,texasive,0.183999052609183
62,texas,texasing,0.194456285596562
62,texas,texasize,0.183999052609183
62,texas,texassed,0.114849732236483
62,texas,texasallied,0.191801651993121
62,texas,texanization,0.188484339893012
62,texas,texan,0.316973482728248
62,texas,texasizing,0.160202448146583
62,texas,texasor,0.188484339893012
62,texas,texases,0.136702260193786
62,texas,texaser,0.188484339893012
62,texas,texasly,0.183999052609183
62,texas,texased,0.194456285596562
62,texas,texaner,0.13315810060359
62,texas,texanes,0.172009889602425
62,texas,texaned,0.137716119180976
62,texas,texanic,0.137716119180976
62,texas,texans,0.376286886567411
62,texas,texasization,0.137716119180976
62,border,borders,0.338896051667129
62,border,borderabilities,0.0672424730305241
62,border,borderability,0.126570675067058
62,border,borderize,0.196196810005007
62,border,borderive,0.110346715337529
62,border,borderism,0.200979438200991
62,border,borderion,0.149437062011551
62,border,bordering,0.281613259891052
62,border,borderred,0.0874803283930354
62,border,borderal,0.196196810005007
62,border,bordered,0.257324450279306
62,border,borderes,0.0878047214360047
62,border,borderly,0.097762434504274
62,border,borderor,0.170268444800962
62,border,borderizations,0.200979438200991
62,border,borderable,0.149437062011551
62,border,borderions,0.196196810005007
62,border,borderings,0.0847245864524753
62,border,borderisms,0.196196810005007
62,border,borderness,0.172400205542406
62,border,borderliness,0.126570675067058
62,patrol,patrols,0.534043486588636
62,patrol,patrollies,0.282449562057571
62,patrol,patrolling,0.471954571446662
62,patrol,patrollers,0.403744494805105
62,patrol,patrolment,0.193227817410769
62,patrol,patrollable,0.254743677465486
62,patrol,patrollings,0.255184551029285
62,patrol,patrolal,0.232318164084792
62,patrol,patroled,0.300200670155963
62,patrol,patroler,0.267606609701522
62,patrol,patroles,0.18420447444625
62,patrol,patrolly,0.306246166520172
62,patrol,patrolor,0.282449562057571
62,patrol,patroller,0.372618517293213
62,patrol,patrolled,0.450429704588239
62,patrol,patroling,0.303010875138102
62,patrol,patrolers,0.33598683379399
62,patrol,patroleer,0.255184551029285
63,flushing,flusher,0.382580972543512
63,flushing,flushes,0.398455461734781
63,flushing,flushly,0.208591094522401
63,flushing,flushers,0.385306242209053
63,flushing,flushs,0.046760346767264
63,flushing,flushibility,0.309715037236556
63,flushing,flush,0.401216544787797
63,flushing,flushables,0.346043207545578
63,flushing,flushability,0.320436945277734
63,flushing,flushable,0.317666392183062
63,flushing,flushible,0.309715037236556
63,flushing,flushings,0.382692446682684
63,flushing,flushness,0.246664155283321
64,moths,moth,0.647192119345317
64,moths,mothal,0.206988425948899
64,moths,mothes,0.211056436561093
64,moths,mothed,0.189156235249422
64,moths,mothic,0.351639897377356
64,moths,mothor,0.221784576522034
64,moths,mothly,0.111244150518347
64,moths,motheers,0.303856153855617
64,moths,mothings,0.273459204029311
64,moths,mothions,0.37450628432185
64,moths,mothhers,0.322831656814572
64,moths,mothors,0.289683163758841
64,moths,motheds,0.303856153855617
64,moths,motheer,0.183642074836789
64,moths,mothing,0.443955483477232
64,moths,mothion,0.209957292951283
64,moths,mothive,0.37450628432185
64,moths,mothher,0.208453325175221
65,korean,koreans,0.498927104167211
65,korean,koreanisms,0.170366267025001
65,korean,koreanized,0.301395732360339
65,korean,koreanness,0.303789838531034
65,korean,koreanic,0.266993531319277
65,korean,koreanly,0.0970926193759103
65,korean,koreaner,0.215085465565953
65,korean,koreaness,0.276502695140691
65,korean,koreaners,0.276241213653979
65,korean,koreanize,0.27707490414968
65,korean,koreanism,0.240053593469794
65,korean,koreaning,0.193232653969495
65,korean,korea,0.425035106299093
65,korean,koreas,0.389772668773919
65,korean,koreanization,0.281151837467464
65,language,languageible,0.13564759329353
65,language,languagences,0.13564759329353
65,language,languageness,0.146412454457647
65,language,languaging,0.149736180200966
65,language,languageor,0.144289199374836
65,language,languagers,0.123818094949475
65,language,languagees,0.130492388754504
65,language,languageer,0.13564759329353
65,language,languagely,0.108243238795461
65,language,languageative,0.13564759329353
65,language,languageiving,0.13564759329353
65,language,languageing,0.141399817627602
65,language,languagings,0.13895423219549
65,language,languages,0.31585530615362
65,language,languager,0.0563008033563414
65,language,languaged,0.137774592710875
65,language,languagal,0.0130740418241213
66,income,incomeness,0.146986075731745
66,income,incomed,0.209157604537443
66,income,incomes,0.451752540237714
66,income,incomer,0.133287540106762
66,income,incomor,0.222743253790692
66,income,incomic,0.11228498817164
66,income,incomers,0.166184252058858
66,income,incomeor,0.236630099049194
66,income,incomees,0.146986075731745
66,income,incomics,-0.020047698559112
66,income,incomity,0.226663520543023
66,income,incomeing,0.109840725955838
66,income,incomible,0.107587309835001
66,tax,taxs,0.137032371403289
66,tax,taxibility,0.114798279333437
66,tax,taxable,0.233412269879558
66,tax,taxably,0.109677780757074
66,tax,taxible,0.114628257891201
66,tax,taxings,0.0579450081863877
66,tax,taxxing,0.0710928376925991
66,tax,taxor,0.0236085875780621
66,tax,taxic,-0.0364126814138776
66,tax,taxly,0.11177340171724
66,tax,taxer,0.087326813662437
66,tax,taxes,0.230448893753616
66,tax,taxed,0.216021332358882
66,tax,taxal,0.0693455575807377
66,tax,taxability,0.161495675706019
66,tax,taxors,0.0683137940211553
66,tax,taxers,0.144523739759554
66,tax,taxeds,0.0710928376925991
66,tax,taxity,0.0683137940211553
66,tax,taxism,0.0546250793536787
66,tax,taxing,0.182703286610372
66,tax,taxion,0.074107575669326
66,tax,taxables,0.115557016484976
66,tax,taxative,0.142471638396271
66,return,returnation,0.102714771000096
66,return,returneds,0.155960905208677
66,return,returners,0.144533910781398
66,return,returning,0.293760327244654
66,return,returnity,-0.0356956634984833
66,return,returnned,0.109498969483913
66,return,returnes,0.141322747554501
66,return,returner,0.171146577530029
66,return,returned,0.331449390427912
66,return,returnal,0.116360486238793
66,return,returnor,0.151150739314022
66,return,returnly,0.147573829842683
66,return,returnence,0.102714771000096
66,return,returnible,0.102714771000096
66,return,returnings,0.0947391987712024
66,return,returnment,-0.027870629653617
66,return,returnning,0.117596961808085
66,online,onlines,0.126425820063028
66,online,onlined,0.119097197955887
66,online,onlining,0.092388239831643
66,online,onlineds,0.0892520246958311
66,online,onlineness,0.0753924153868202
67,vldl,vldls,0.655994902343924
67,levels,leveleer,0.143524608814497
67,levels,leveleds,0.143524608814497
67,levels,leveling,0.179366446153319
67,levels,levelism,0.166247230414526
67,levels,levelize,0.111833262053989
67,levels,levelled,0.152536627204051
67,levels,levellor,0.104434262140474
67,levels,levelors,0.0769082260369519
67,levels,levelization,0.114859479864889
67,levels,levelability,0.120658221870004
67,levels,levelal,0.143524608814497
67,levels,leveled,0.198679893267348
67,levels,leveles,0.165912650281223
67,levels,levelly,0.0497882534536429
67,levels,levelor,0.0724620416429216
67,levels,level,0.383270931209439
67,levels,levelation,0.0918499813072198
67,levels,levelizing,0.0801884240286063
67,levels,levellable,0.166247230414526
67,levels,levellings,0.0528097839554253
67,levels,levellized,0.120658221870004
67,levels,levelable,0.0955864903524502
67,levels,leveleers,0.143524608814497
67,levels,levelings,0.108873609930574
67,levels,levelized,0.147292673748965
67,levels,levelizes,0.143524608814497
67,levels,levelizer,0.162252153280973
67,levels,levelling,0.16982106105113
67,levels,levelness,0.101142157846697
67,levels,levellors,0.104434262140474
67,levels,levelment,0.143524608814497
68,pvc,pvcs,0.392468256022117
68,pvc,pvccable,0.358250527790791
68,pvc,pvcized,0.296964148597741
68,pvc,pvcal,0.296964148597741
68,pvc,pvcor,0.325928777219834
69,sewing,sewings,0.315866364109836
69,sewing,sewingers,0.269992931988322
69,sewing,sewingly,0.344821378587389
69,instructions,instruction,0.247743420889528
69,instructions,instructionability,0.163029189627788
69,instructions,instructionnal,0.0848484962797434
69,instructions,instructioning,0.186545268576367
69,instructions,instructionism,0.0274369727945741
69,instructions,instructioneds,0.140162802683295
69,instructions,instructionals,0.133318343918744
69,instructions,instructionor,0.123938842953766
69,instructions,instructional,0.152838074119463
69,instructions,instructiones,0.139405237071914
69,instructions,instructioned,0.156565092538931
69,instructions,instructionality,0.140162802683295
69,instructions,instructionally,0.0689389749619303
69,instructions,instructionlies,0.163029189627788
70,to,toly,0.00144991561157517
70,to,tonessed,0.0064613082141808
70,to,toism,0.00661881350107766
70,to,tolys,-0.00148476866773133
70,to,toness,0.00723970780254068
70,to,tolied,0.00690662803358068
70,to,tolies,0.0064613082141808
70,be,bes,0.0202187699569473
70,be,bely,0.0239064639594815
70,be,beism,0.0174425842195291
70,be,belys,0.0237335606779028
70,be,beness,0.027146282633002
70,or,orisms,0.0329897730687955
70,or,orness,0.0174947854626807
70,or,orism,0.00774219734231174
70,not,nots,0.0789496223098734
70,not,notted,0.0427747875871903
70,not,notter,0.0264178779319355
70,not,nottor,0.0525216777508231
70,not,noteer,0.0439092248727051
70,not,noteor,0.0566200165720099
70,not,notial,0.0512718401596746
70,not,notism,0.0590776197284694
70,not,notity,0.0250337257871856
70,not,notive,0.0523765483683077
70,not,notize,0.0249233869417901
70,not,notors,0.00609435584470077
70,not,notals,0.0101772594791953
70,not,notibility,0.055877238167833
70,not,notal,-0.00974676610039094
70,not,notor,0.0291333031513998
70,not,notly,0.0451349658207957
70,not,noteority,-0.0289130871948272
70,not,notibles,0.0333160319764259
70,not,notities,0.0188156446838124
70,not,notiving,0.0512718401596746
70,not,notority,0.0528844212537251
70,not,notally,0.0562360044479163
70,not,notible,0.0492610833777115
70,not,notized,0.041231070201236
70,not,notizes,0.0101772594791953
70,not,notives,0.0541857767840124
70,not,notived,0.0552377357646607
70,not,notness,0.0367579276948581
70,not,notting,0.0137136214924858
70,not,notters,0.0538523501392417
70,not,nottable,0.0525216777508231
70,not,nottible,0.0512718401596746
70,not,nottings,0.0494537364914033
70,to,toly,0.00144991561157517
70,to,tonessed,0.0064613082141808
70,to,toism,0.00661881350107766
70,to,tolys,-0.00148476866773133
70,to,toness,0.00723970780254068
70,to,tolied,0.00690662803358068
70,to,tolies,0.0064613082141808
70,be,bes,0.0202187699569473
70,be,bely,0.0239064639594815
70,be,beism,0.0174425842195291
70,be,belys,0.0237335606779028
70,be,beness,0.027146282633002
70,that,thaterness,0.0405815393276471
70,that,thats,0.104783047499983
70,that,thativing,0.0445106635343228
70,that,thattable,0.0423024258717192
70,that,thattings,0.0405815393276471
70,that,thatically,0.0423024258717192
70,that,thatency,0.0405815393276471
70,that,thatible,0.0405815393276471
70,that,thatives,0.0405815393276471
70,that,thatings,0.0415707828032159
70,that,thatlies,0.0377283955778098
70,that,thatness,0.047346843933099
70,that,thatting,0.0476440070210897
70,that,thatters,0.0448146082156071
70,that,thator,0.0512821901614598
70,that,thatly,0.0405815393276471
70,that,thatic,-0.00977643038062065
70,that,thates,0.0427886203901957
70,that,thater,0.0148215397023173
70,that,thated,0.0498013363338639
70,that,thatal,0.0428879132231533
70,that,thatability,0.0405815393276471
70,that,thatter,0.0477731111939527
70,that,thatted,0.0412424578842675
70,that,thaters,0.00558371732824795
70,that,thatism,0.0286508558270857
70,that,thative,0.045093157809966
70,that,thatity,0.0415707828032159
70,that,thating,0.0460240669986982
70,is,isity,0.0193979734338267
70,is,isism,0.00574640338919322
70,is,isisms,0.0186088529336036
70,is,isness,0.0152018802611807
70,the,thority,0.00485065460940542
70,the,thal,0.00436206373141345
70,the,thes,-0.000159029012240114
70,the,ther,0.0112880183226315
70,the,thor,0.000183773996754603
70,the,theability,0.00696520476917045
70,the,theabled,0.00522848187425968
70,the,theables,0.00545019904547621
70,the,theality,-0.0136445190396593
70,the,theities,0.00522848187425968
70,the,theiveds,0.00522848187425968
70,the,theively,0.00564340911409441
70,the,theiving,0.0065314155478595
70,the,thements,-0.00781648221641546
70,the,theority,0.00552563260603846
70,the,therness,0.00646462511379051
70,the,thorness,0.00681286767950424
70,the,thals,0.00732176987722906
70,the,theor,0.00587930541256615
70,the,thers,0.00810395727524461
70,the,theal,0.00559742148291355
70,the,thely,2.72730004926271e-05
70,the,thize,0.000987604808073396
70,the,thity,0.00422362884484943
70,the,thive,0.00331629640451309
70,the,thion,0.00425104191733358
70,the,thors,0.00598104579682084
70,the,thorities,0.00632076038612616
70,the,theivings,0.00522848187425968
70,the,thancies,0.00535593493954342
70,the,thations,0.00592969128498455
70,the,thable,-0.00632691173198135
70,the,thably,0.00522848187425968
70,the,thally,-0.00340371371374911
70,the,thance,0.00652441845530087
70,the,theors,0.00597950624258972
70,the,thelys,-0.00302602406891855
70,the,theals,0.00535593493954342
70,the,theeer,0.00545019904547621
70,the,theize,-0.0423122637886189
70,the,theive,0.00669168279702309
70,the,theity,0.00458549604412262
70,the,thible,0.00642729329639583
70,the,thized,0.00545019904547621
70,the,thions,-0.00820137099915726
70,the,thitys,0.00522848187425968
70,the,thives,0.00320025437925429
70,the,thived,0.00535593493954342
70,the,theallies,0.00558883407025473
70,the,theallied,0.00552563260603846
70,the,theabilities,0.00522848187425968
70,the,thabled,0.00522848187425968
70,the,thables,-0.00104756194594208
70,the,thallys,0.00133136249688531
70,the,thality,0.00522848187425968
70,the,thances,0.00569155305082732
70,the,thanced,0.00573470601057091
70,the,thation,0.00646462511379051
70,the,theable,0.00558883407025473
70,the,theally,0.00564340911409441
70,the,theives,0.00845933991059008
70,the,theived,0.00597950624258972
70,the,theizes,0.00535593493954342
70,the,theical,0.00522848187425968
70,the,theible,0.00522848187425968
70,the,thelied,0.00522848187425968
70,the,thelies,-0.0340662479688065
70,the,theness,0.00590258534470213
70,the,thement,0.00595527353298866
70,the,thibled,0.00522848187425968
70,the,thibles,0.00545019904547621
70,the,thitied,0.00522848187425968
70,the,thities,0.00522848187425968
70,the,thiving,0.00597950624258972
70,the,thizing,0.00535593493954342
70,question,questionality,0.118744905944254
70,question,questional,0.131483883589455
70,question,questionly,0.123575515693119
70,question,questionic,0.164547645280215
70,question,questioned,0.292647518713791
70,question,questiones,0.115110658569098
70,question,questionor,0.15845850506166
70,question,questionnable,0.10475347846534
70,question,questionnings,0.117320291121605
70,question,questionally,0.0500101197432664
70,question,questioneers,0.164385424025972
70,question,questions,0.304392852256438
70,question,questionized,0.157569895463107
70,question,questionible,0.118744905944254
70,question,questionning,0.148757230739971
70,question,questionners,0.143147362673084
70,question,questionnables,0.123575515693119
70,question,questioneer,0.13938038620298
70,question,questioneds,0.0958785189997608
70,question,questionner,0.164553236559973
70,question,questionned,0.156450228131408
70,question,questionize,0.118093642930206
71,living,livinging,0.115835862095004
71,living,livingly,0.102489771857969
71,living,livinged,0.118040976267217
71,living,livinger,0.101157016705177
71,living,livingor,0.140143606138766
71,living,livingence,0.141837580729818
71,living,livinglies,0.0526830820102328
71,living,livingness,0.160887359839559
71,living,livingiving,0.118040976267217
71,living,livings,0.15318495991706
71,in,inly,-0.00792602078492762
71,in,initied,0.0010504593872988
71,in,inities,-0.00432071826325134
71,in,inity,0.00447624665765562
71,in,inism,0.00985782165896985
71,in,innessed,0.00881013560997146
71,in,initys,0.00881013560997146
71,in,inisms,0.00881013560997146
71,in,inlied,0.00881013560997146
71,in,inlies,0.0095904232653069
71,in,inness,0.00918328661190103
71,india,indianess,0.211053359769255
71,india,indias,0.234679533323773
72,the,thority,0.00485065460940542
72,the,thal,0.00436206373141345
72,the,thes,-0.000159029012240114
72,the,ther,0.0112880183226315
72,the,thor,0.000183773996754603
72,the,theability,0.00696520476917045
72,the,theabled,0.00522848187425968
72,the,theables,0.00545019904547621
72,the,theality,-0.0136445190396593
72,the,theities,0.00522848187425968
72,the,theiveds,0.00522848187425968
72,the,theively,0.00564340911409441
72,the,theiving,0.0065314155478595
72,the,thements,-0.00781648221641546
72,the,theority,0.00552563260603846
72,the,therness,0.00646462511379051
72,the,thorness,0.00681286767950424
72,the,thals,0.00732176987722906
72,the,theor,0.00587930541256615
72,the,thers,0.00810395727524461
72,the,theal,0.00559742148291355
72,the,thely,2.72730004926271e-05
72,the,thize,0.000987604808073396
72,the,thity,0.00422362884484943
72,the,thive,0.00331629640451309
72,the,thion,0.00425104191733358
72,the,thors,0.00598104579682084
72,the,thorities,0.00632076038612616
72,the,theivings,0.00522848187425968
72,the,thancies,0.00535593493954342
72,the,thations,0.00592969128498455
72,the,thable,-0.00632691173198135
72,the,thably,0.00522848187425968
72,the,thally,-0.00340371371374911
72,the,thance,0.00652441845530087
72,the,theors,0.00597950624258972
72,the,thelys,-0.00302602406891855
72,the,theals,0.00535593493954342
72,the,theeer,0.00545019904547621
72,the,theize,-0.0423122637886189
72,the,theive,0.00669168279702309
72,the,theity,0.00458549604412262
72,the,thible,0.00642729329639583
72,the,thized,0.00545019904547621
72,the,thions,-0.00820137099915726
72,the,thitys,0.00522848187425968
72,the,thives,0.00320025437925429
72,the,thived,0.00535593493954342
72,the,theallies,0.00558883407025473
72,the,theallied,0.00552563260603846
72,the,theabilities,0.00522848187425968
72,the,thabled,0.00522848187425968
72,the,thables,-0.00104756194594208
72,the,thallys,0.00133136249688531
72,the,thality,0.00522848187425968
72,the,thances,0.00569155305082732
72,the,thanced,0.00573470601057091
72,the,thation,0.00646462511379051
72,the,theable,0.00558883407025473
72,the,theally,0.00564340911409441
72,the,theives,0.00845933991059008
72,the,theived,0.00597950624258972
72,the,theizes,0.00535593493954342
72,the,theical,0.00522848187425968
72,the,theible,0.00522848187425968
72,the,thelied,0.00522848187425968
72,the,thelies,-0.0340662479688065
72,the,theness,0.00590258534470213
72,the,thement,0.00595527353298866
72,the,thibled,0.00522848187425968
72,the,thibles,0.00545019904547621
72,the,thitied,0.00522848187425968
72,the,thities,0.00522848187425968
72,the,thiving,0.00597950624258972
72,the,thizing,0.00535593493954342
72,sun,suns,0.240804144626665
72,sun,sunable,0.1191857524378
72,sun,sunally,0.127111020889657
72,sun,sunance,0.132281968913196
72,sun,sunical,0.146467793037832
72,sun,sunings,0.104244633945163
72,sun,sunisms,0.127111020889657
72,sun,sunions,0.0489303275416115
72,sun,sunning,0.19370663224588
72,sun,sunneds,0.172962532937836
72,sun,sunners,0.104149698954126
72,sun,sunness,0.084735283864258
72,sun,suned,0.0936880291248013
72,sun,sunes,0.0539341957324997
72,sun,suner,0.0884771233417884
72,sun,sunal,0.0995428793811414
72,sun,sunly,0.115962284186236
72,sun,sunic,0.027021671004954
72,sun,sunor,0.137010334165961
72,sun,sunation,0.172962532937836
72,sun,sunnings,0.0348665876982917
72,sun,sunals,0.127111020889657
72,sun,suneer,0.0348665876982917
72,sun,suners,0.127111020889657
72,sun,suneor,-0.048477073854652
72,sun,sunity,0.024534897468348
72,sun,sunism,0.132281968913196
72,sun,sunion,0.0942156401419828
72,sun,suning,0.0472580421036322
72,sun,sunize,0.172962532937836
72,sun,sunive,0.172962532937836
72,sun,sunics,0.11891509434124
72,sun,sunnor,0.11809359233866
72,sun,sunors,0.0651542872711409
72,sun,sunned,0.141094213279472
72,sun,sunner,0.094810622455982
72,sun,sunnal,0.0754363933823794
73,neil,neilly,0.235674932341906
73,neil,neils,0.261348234754578
73,neil,neilism,0.29012059374321
73,young,youngs,0.179878387937228
73,young,younges,0.139816098841328
73,young,younged,0.120949335786055
73,young,youngal,0.0668518609786616
73,young,youngor,-0.0424497397330641
73,young,youngly,0.123238411250004
73,young,youngors,0.109971372446188
73,young,youngeer,0.155125633928504
73,young,youngger,0.140380357423818
73,young,younggal,0.109971372446188
73,young,youngive,0.109971372446188
73,young,younging,0.10785203930705
73,young,youngable,0.0871049855016953
73,young,youngally,0.0582967449389113
73,young,youngings,0.0958002969840099
73,young,youngisms,0.109971372446188
73,young,youngness,0.174551028145851
74,kiwi,kiwis,0.571773978323557
74,kiwi,kiwial,0.328800265849948
74,kiwi,kiwier,0.392189385829839
74,kiwi,kiwior,0.215168904724155
74,kiwi,kiwiable,0.273001199292295
74,kiwi,kiwially,0.18414879442149
74,kiwi,kiwiisms,0.243977145286939
75,tornadoes,tornadoing,0.283276706273819
75,tornadoes,tornadoers,0.409005344106735
75,tornadoes,tornadoeds,0.409005344106735
75,tornadoes,tornadoer,0.302252209232775
75,tornadoes,tornadoed,0.377949287995572
75,tornadoes,tornadors,0.418975539294839
75,tornadoes,tornador,0.169200832672898
75,tornadoes,tornados,0.482703111913035
75,tornadoes,tornado,0.583630410880347
76,raised,raise,0.367004848150323
76,raised,raisable,0.240177978661452
76,raised,raiseeds,0.179590102862671
76,raised,raiseing,0.106108722673295
76,raised,raisings,0.200925272190503
76,raised,raisions,0.127915475355393
76,raised,raisal,0.167476372276781
76,raised,raiser,0.213432423591464
76,raised,raises,0.32069952049644
76,raised,raisor,0.111445083684156
76,raised,raising,0.347917949540493
76,raised,raision,0.10452774298376
76,raised,raisers,0.188847225194563
76,raised,raiseds,0.215828519923332
76,raised,raiseed,0.0461556140407656
76,raised,raiseer,0.179590102862671
76,raised,raisees,0.0532439142292456
76,raised,raisors,0.146215365515727
76,raised,raisables,0.179590102862671
76,raised,raiseable,0.181320101075247
76,gardens,gardeners,0.438997594740497
76,gardens,gardeneer,0.109846990352936
76,gardens,gardenial,0.198570228086379
76,gardens,gardenize,0.236062261696166
76,gardens,gardenner,0.206648176963435
76,gardens,gardenned,0.247328740988075
76,gardens,gardenizing,0.247328740988075
76,gardens,garden,0.403617690762619
76,gardens,gardenization,0.247328740988075
76,gardens,gardenable,0.179138641393092
76,gardens,gardenally,0.247328740988075
76,gardens,gardeneers,0.197522884653186
76,gardens,gardenized,0.247328740988075
76,gardens,gardenment,0.247328740988075
76,gardens,gardenning,0.157976750695886
76,gardens,gardenness,0.233011162020506
76,gardens,gardenners,0.206648176963435
76,gardens,gardenic,0.247328740988075
76,gardens,gardenly,0.233598534975914
76,gardens,gardenor,0.173005577407125
76,gardens,gardenal,0.0305874837284144
76,gardens,gardened,0.291928975199005
76,gardens,gardener,0.386213919402877
76,gardens,gardenes,0.182864890371351
77,bobcat,bobcatal,0.378372485408651
77,bobcat,bobcates,0.378372485408651
77,bobcat,bobcator,0.378372485408651
77,bobcat,bobcats,0.494447682534767
77,bobcat,bobcatting,0.378372485408651
78,dieting,diet,0.481114459117677
78,dieting,dietation,0.292132299404463
78,dieting,dieted,0.499898611735756
78,dieting,dietes,0.188300165332336
78,dieting,dieter,0.323863934960679
78,dieting,dietal,0.169807541430953
78,dieting,dietly,0.26926591245997
78,dieting,dietor,0.203965340687852
78,dieting,dietic,0.222722024810837
78,dieting,dietivity,0.385377534163333
78,dieting,dietizing,0.22148216893823
78,dieting,dietter,0.0921920600433153
78,dieting,dieteer,0.394771761627794
78,dieting,dieters,0.58027471617174
78,dieting,dietics,0.182898979566837
78,dieting,dietion,0.260572515612253
78,dieting,dietize,0.361580929700732
78,dieting,dietism,0.331222646078486
78,dieting,dietization,0.308356259133992
78,dieting,diets,0.534191592290675
78,dieting,dietance,0.279548018571208
78,dieting,dietable,0.26926591245997
78,dieting,dietized,0.260572515612253
78,dieting,dietions,0.331222646078486
78,dieting,dietings,0.424926367116468
78,dieting,dietical,0.304016406114052
78,dieting,dietting,0.387328728051676
78,dieting,dietically,0.308356259133992
79,voyager,voyagers,0.406286920326977
79,voyager,voyagerism,0.335710174121572
79,voyager,voyagerer,0.318826214559533
79,voyager,voyageror,0.368270362741634
80,keyboard,keyboardder,0.199828274671766
80,keyboard,keyboarders,0.250006925672809
80,keyboard,keyboarding,0.307721581607813
80,keyboard,keyboardism,0.272434570080725
80,keyboard,keyboards,0.497161008088269
80,keyboard,keyboardor,0.272434570080725
80,keyboard,keyboardes,0.270335765001628
80,keyboard,keyboarder,0.248665215769068
80,keyboard,keyboarded,0.255539121639593
80,keyboard,keyboardly,0.222694661616259
80,keyboard,keyboardability,0.272434570080725
80,keyboard,keyboardable,0.231754006056085
80,keyboard,keyboardings,0.222694661616259
80,keyboard,keyboardisms,0.222694661616259
80,keyboard,keyboardness,0.222694661616259
80,reviews,reviewed,0.253873173317285
80,reviews,reviewal,0.0585230985438217
80,reviews,reviewes,0.142406031461967
80,reviews,reviewor,0.0991813033925101
80,reviews,reviewables,0.142665612544922
80,reviews,reviewability,0.0374392052175118
80,reviews,review,0.418745264578069
80,reviews,revieweer,0.1425139869423
80,reviews,revieweds,0.1425139869423
80,reviews,reviewals,0.107620930050177
80,reviews,reviewing,0.165089894677576
80,reviews,reviewwer,0.118717382479699
80,reviews,reviewwed,0.12869247121508
80,reviews,reviewable,0.0497204765628509
80,reviews,reviewence,0.0978527191128056
80,reviews,reviewings,0.0628066236607144
80,reviews,reviewlied,0.0978527191128056
80,reviews,reviewwing,0.1425139869423
81,afghanistan,afghaners,0.207090546954374
81,afghanistan,afghanism,0.25619567123329
81,afghanistan,afghaning,0.207090546954374
81,afghanistan,afghanize,0.259447536465886
81,afghanistan,afghanistanlied,0.215515107208649
81,afghanistan,afghanistanism,0.241604009469199
81,afghanistan,afghanistans,0.330844406497149
81,afghanistan,afghanal,0.25619567123329
81,afghanistan,afghanic,0.232399066770689
81,afghanistan,afghaner,0.252799295937212
81,afghanistan,afghanes,0.280753268662647
81,afghanistan,afghaned,0.184327580801574
81,afghanistan,afghanized,0.262440872880036
81,afghanistan,afghanness,0.25619567123329
81,afghanistan,afghan,0.549643222115679
81,afghanistan,afghanization,0.290555140386494
81,afghanistan,afghans,0.457385927851374
82,joints,jointability,0.191154948832656
82,joints,jointables,0.282845678664042
82,joints,jointance,0.282845678664042
82,joints,jointable,0.100198952237888
82,joints,jointives,0.177284553909607
82,joints,jointings,0.333647283043184
82,joints,jointness,0.0101640102197441
82,joints,jointment,0.273802555020152
82,joints,jointlies,0.282845678664042
82,joints,joint,0.37491156019637
82,joints,jointes,0.0954864303890844
82,joints,jointer,0.321121263201169
82,joints,jointed,0.373916663914697
82,joints,jointly,0.0282698826206987
82,joints,jointor,0.212195548197809
82,joints,jointive,0.259979291719548
82,joints,jointism,0.243755331990019
82,joints,jointing,0.400139571229853
82,joints,jointers,0.273111007117009
83,memory,memoricity,0.202041636131871
83,memory,memoryment,0.202041636131871
83,memory,memorical,0.073087299157388
83,memory,memoriers,0.000482507268702789
83,memory,memorieds,0.155053411858867
83,memory,memoriors,0.137564467644629
83,memory,memorying,0.155053411858867
83,memory,memoric,0.177066721920653
83,memory,memorys,0.142337652873877
83,memory,memoryor,0.192654964984562
83,memory,memoryal,0.245481180069549
83,memory,memoryed,0.155053411858867
83,memory,memoryes,0.138501091842158
83,memory,memoryer,0.202041636131871
83,memory,memorior,0.16136107210723
83,memory,memorics,0.17824503166927
83,memory,memoried,0.171503473199048
83,memory,memories,0.305799148813531
83,memory,memorier,0.115963065184844
84,continental,continentalization,0.208570614534067
84,continental,continentally,0.281402203510519
84,continental,continentalor,0.219564726717243
84,continental,continentales,0.259607631191581
84,continental,continentaler,0.228496743640017
84,continental,continentalism,0.26914171443294
84,continental,continentality,0.281298896341147
84,continental,continentalize,0.17471996313998
84,continental,continentalizing,0.128445678213817
84,continental,continentalized,0.16847750666102
84,continental,continentalizes,0.19669833977275
84,continental,continentals,0.346007840198789
84,plates,plateability,0.234191874988446
84,plates,plation,0.145724992086213
84,plates,plative,0.138051840394862
84,plates,platics,0.176292436381866
84,plates,plateed,0.198720185035578
84,plates,plateds,0.325035622239215
84,plates,platees,0.205187214549344
84,plates,platers,0.220199900447608
84,plates,plately,0.219922328090364
84,plates,plateor,0.189942152052928
84,plates,platements,0.234191874988446
84,plates,platal,0.179241764065723
84,plates,plator,0.191531374906738
84,plates,plater,0.175137167266938
84,plates,plated,0.3154751956467
84,plates,platic,0.271440758957168
84,plates,plable,0.107229262515841
84,plates,plible,0.211325488043953
84,plates,plate,0.493194608059151
84,plates,platables,0.234191874988446
84,plates,platative,0.211325488043953
84,plates,platation,0.150315940391117
84,plates,plateable,0.190692236697053
84,plates,plateally,0.211325488043953
84,plates,platement,0.110278407751415
84,plates,platicism,0.234191874988446
84,plates,platicity,0.183611084416533
84,plates,plability,0.234191874988446
84,plates,platically,0.260602892115004
84,plates,platicness,0.234191874988446
84,plates,platability,0.124451397848191
84,plates,platations,0.169242692699759
84,plates,platable,0.113156559428398
84,plates,platence,0.234191874988446
84,plates,plateing,0.260670697779958
84,plates,plations,0.182517247481169
84,plates,platicly,0.234191874988446
85,milwaukee,milwaukeed,0.329977875729299
85,milwaukee,milwaukees,0.291055600845688
85,journal,journals,0.435867420096432
85,journal,journalization,0.171653342589561
85,journal,journalal,0.182956876363375
85,journal,journales,0.146775329820051
85,journal,journaler,0.225436372869616
85,journal,journaled,0.169150340205313
85,journal,journalor,0.158151161426092
85,journal,journally,0.166637702783397
85,journal,journalizers,0.106696447297979
85,journal,journalizing,0.161045946586918
85,journal,journalizations,0.0447397136794628
85,journal,journalers,0.203768465893233
85,journal,journaller,0.189071648202763
85,journal,journalled,0.130721734704786
85,journal,journaling,0.216199389708397
85,journal,journalics,0.129562834242472
85,journal,journalize,0.140350548273392
85,journal,journalations,0.175514087440727
85,journal,journalable,0.175514087440727
85,journal,journalized,0.139145659451327
85,journal,journalizer,0.1578904889347
85,journal,journalizes,0.127941514354193
85,journal,journalings,0.162636384858993
85,journal,journalling,0.151447874831112
85,journal,journallers,0.196440231105356
85,journal,journalness,0.0871805103790107
85,sentinel,sentineled,0.300414442187113
85,sentinel,sentinelling,0.252472966818262
85,sentinel,sentinels,0.459208572622423
85,sentinel,sentinelled,0.238319250597807
85,sentinel,sentineling,0.311843468219821
85,sentinel,sentinelism,0.352524032244461
86,bart,barts,0.282373626997132
86,bart,bartisms,0.346680911924301
86,bart,bartness,0.158488205219627
86,bart,barting,0.495773981633679
86,bart,bartism,0.346680911924301
86,bart,bartly,0.255885040198102
86,sf,sfly,0.220724458376535
86,sf,sfism,0.23056539192829
86,sf,sfness,0.277536574994806
87,who,whos,0.109341100474452
87,who,whor,0.0569145206099467
87,who,whoing,0.060449997425985
87,who,whoism,0.0665580300318249
87,who,whoors,0.0362660642805166
87,who,whoeer,0.0822498668265883
87,who,whoers,0.0671329722377494
87,who,whoals,0.0348484112552889
87,who,whoor,0.0797691448128454
87,who,whors,0.0361644796340186
87,who,whoes,0.0770803464696609
87,who,whoer,0.0713538174822627
87,who,whoed,0.0665580300318249
87,who,whoal,0.0869059625814482
87,who,whorness,0.0802096000764583
87,who,whomenting,0.0788223321665442
87,who,whoable,0.0119820243107957
87,who,whoally,0.0788223321665442
87,who,whoings,0.0769466283051572
87,who,whoived,0.0769466283051572
87,who,whoives,0.0769466283051572
87,who,whoisms,0.0769466283051572
87,who,whoment,0.0813197422335715
87,who,whoness,0.0748173587162334
87,invented,inventations,0.190626170097249
87,invented,inventables,0.145027878363213
87,invented,inventation,0.148590246846336
87,invented,inventative,0.246373014414997
87,invented,inventibles,0.207282667740974
87,invented,inventments,0.155608040233697
87,invented,inventtable,0.161549893851988
87,invented,inventability,0.223551954004477
87,invented,invents,0.34673976335573
87,invented,invency,0.246373014414997
87,invented,invental,0.184416280796481
87,invented,inventic,0.161549893851988
87,invented,inventer,0.313889830602969
87,invented,inventes,0.141175711553898
87,invented,invently,0.246373014414997
87,invented,inventers,0.269820200362142
87,invented,inventeds,0.304317904429077
87,invented,inventity,0.223506627470504
87,invented,inventing,0.394207293584453
87,invented,inventics,0.184416280796481
87,invented,inventtor,0.27327956716389
87,invented,inventted,0.30967387971708
87,invented,invent,0.391703187671505
87,invented,inventable,0.297397568354433
87,invented,inventeors,0.29707617162649
87,invented,inventeers,0.246373014414997
87,invented,inventings,0.270350785250052
87,invented,inventible,0.255918641270188
87,invented,inventment,0.151674015459563
87,invented,inventting,0.246373014414997
87,invented,inventibleness,0.3206518478702
87,invented,inventativeness,0.29707617162649
87,music,musics,0.163909966395011
87,music,musication,0.123057844535982
87,music,musiccable,0.113201452065414
87,music,musicially,0.137829007999847
87,music,musicicals,0.113201452065414
87,music,musications,0.113201452065414
87,music,musicics,0.113201452065414
87,music,musicial,0.144866152563799
87,music,musicion,0.112873046375645
87,music,musicing,0.120052333825515
87,music,musicity,0.118992514232366
87,music,musicism,0.102882120030258
87,music,musicced,0.113201452065414
87,music,musiccal,0.108005277443537
87,music,musicers,0.0986653938550904
87,music,musicors,0.113201452065414
87,music,musicer,0.0935530166139472
87,music,musices,0.15311852884454
87,music,musiced,0.132898923556574
87,music,musicic,0.119635039314757
87,music,musicly,0.122232843464295
87,music,musicor,0.143595652121962
87,music,musicability,0.113201452065414
87,music,musicable,0.10555995440933
87,music,musicancy,0.113201452065414
87,music,musicance,0.113201452065414
87,music,musiccals,0.113201452065414
87,music,musicical,0.133303046492834
87,music,musicials,0.0417111501935886
87,music,musicions,0.103576199497103
87,music,musicings,0.089404847602813
87,music,musicisms,0.0852499350119193
87,music,musicment,0.118001833195759
87,music,musicness,0.114866687290028
87,music,musiciality,0.113201452065414
87,music,musicically,0.119635039314757
88,forearm,forearms,0.56481046558163
88,forearm,forearming,0.353158859596196
88,forearm,forearmes,0.426228629158534
88,forearm,forearmed,0.21167480034918
88,pain,painion,0.169591557389323
88,pain,paining,0.220408866824452
88,pain,painism,0.259016745335906
88,pain,painers,0.21501298912015
88,pain,painal,0.127917617944366
88,pain,painly,0.15128236165168
88,pain,paines,0.11253189010387
88,pain,painer,0.150271905083571
88,pain,painic,0.192144077470499
88,pain,painor,0.191981274804254
88,pain,painable,0.209198458758391
88,pain,painings,0.109804062798484
88,pain,painning,0.176490637597737
88,pain,painness,0.169591557389323
88,pain,painners,0.169591557389323
88,pain,paination,0.169591557389323
89,ocd,ocds,0.435015986880538
89,ocd,ocdism,0.357161829317093
89,ocd,ocding,0.271640308555585
89,ocd,ocdness,0.382556301772428
90,mgb,mgbs,0.60205825941478
91,er,erly,0.154968280618732
91,er,erisms,0.220564358739386
91,er,erlies,0.229537041256638
91,er,erlied,0.270217605281278
91,er,erness,0.149333720191491
91,er,erism,0.225158518249177
91,er,erlys,0.126877117533113
91,tv,tvly,0.0880494233853115
91,tv,tvism,0.13317742494601
91,tv,tvities,0.0962594556846559
91,tv,tvlies,0.0733930687401628
91,tv,tvness,0.144289509033834
91,show,showabilities,0.0515471905081949
91,show,shows,0.332431695339164
91,show,showal,0.0774407637545547
91,show,showes,0.102708925962624
91,show,showed,0.248027779014225
91,show,showly,0.0636969983986707
91,show,showor,0.110515001048289
91,show,showeer,0.0669262662363361
91,show,showeds,0.103705199838425
91,show,showwed,0.0966750205562646
91,show,showwer,0.0687792377820564
91,show,showable,0.142658280850581
91,show,showeers,0.0227389499454108
91,show,showness,0.126262367737397
91,show,showment,0.0515471905081949
91,show,showwing,0.076538994688232
91,show,showwers,0.0774407637545547
91,show,showability,0.0549543948355429
91,show,showables,0.109478769391363
92,the,thority,0.00485065460940542
92,the,thal,0.00436206373141345
92,the,thes,-0.000159029012240114
92,the,ther,0.0112880183226315
92,the,thor,0.000183773996754603
92,the,theability,0.00696520476917045
92,the,theabled,0.00522848187425968
92,the,theables,0.00545019904547621
92,the,theality,-0.0136445190396593
92,the,theities,0.00522848187425968
92,the,theiveds,0.00522848187425968
92,the,theively,0.00564340911409441
92,the,theiving,0.0065314155478595
92,the,thements,-0.00781648221641546
92,the,theority,0.00552563260603846
92,the,therness,0.00646462511379051
92,the,thorness,0.00681286767950424
92,the,thals,0.00732176987722906
92,the,theor,0.00587930541256615
92,the,thers,0.00810395727524461
92,the,theal,0.00559742148291355
92,the,thely,2.72730004926271e-05
92,the,thize,0.000987604808073396
92,the,thity,0.00422362884484943
92,the,thive,0.00331629640451309
92,the,thion,0.00425104191733358
92,the,thors,0.00598104579682084
92,the,thorities,0.00632076038612616
92,the,theivings,0.00522848187425968
92,the,thancies,0.00535593493954342
92,the,thations,0.00592969128498455
92,the,thable,-0.00632691173198135
92,the,thably,0.00522848187425968
92,the,thally,-0.00340371371374911
92,the,thance,0.00652441845530087
92,the,theors,0.00597950624258972
92,the,thelys,-0.00302602406891855
92,the,theals,0.00535593493954342
92,the,theeer,0.00545019904547621
92,the,theize,-0.0423122637886189
92,the,theive,0.00669168279702309
92,the,theity,0.00458549604412262
92,the,thible,0.00642729329639583
92,the,thized,0.00545019904547621
92,the,thions,-0.00820137099915726
92,the,thitys,0.00522848187425968
92,the,thives,0.00320025437925429
92,the,thived,0.00535593493954342
92,the,theallies,0.00558883407025473
92,the,theallied,0.00552563260603846
92,the,theabilities,0.00522848187425968
92,the,thabled,0.00522848187425968
92,the,thables,-0.00104756194594208
92,the,thallys,0.00133136249688531
92,the,thality,0.00522848187425968
92,the,thances,0.00569155305082732
92,the,thanced,0.00573470601057091
92,the,thation,0.00646462511379051
92,the,theable,0.00558883407025473
92,the,theally,0.00564340911409441
92,the,theives,0.00845933991059008
92,the,theived,0.00597950624258972
92,the,theizes,0.00535593493954342
92,the,theical,0.00522848187425968
92,the,theible,0.00522848187425968
92,the,thelied,0.00522848187425968
92,the,thelies,-0.0340662479688065
92,the,theness,0.00590258534470213
92,the,thement,0.00595527353298866
92,the,thibled,0.00522848187425968
92,the,thibles,0.00545019904547621
92,the,thitied,0.00522848187425968
92,the,thities,0.00522848187425968
92,the,thiving,0.00597950624258972
92,the,thizing,0.00535593493954342
92,wall,walles,0.126094222646273
92,wall,waller,0.11364097073238
92,wall,walled,0.233177263037981
92,wall,wallal,-0.00923316927507237
92,wall,wallly,0.142412144523712
92,wall,wallic,0.113847304748189
92,wall,wallor,0.163960826997396
92,wall,wallled,0.161080723456538
92,wall,walller,0.0892821304226119
92,wall,wallers,0.131125087702654
92,wall,walleds,0.187371522370202
92,wall,walleer,0.140956757929889
92,wall,wallity,0.140956757929889
92,wall,wallive,0.187371522370202
92,wall,wallism,0.218633607513457
92,wall,wallize,0.146690958345562
92,wall,wallion,0.146690958345562
92,wall,walling,0.191028713098779
92,wall,wallably,0.140956757929889
92,wall,wallable,0.209753419062446
92,wall,wallance,0.0863580077004179
92,wall,wallence,0.168868372206505
92,wall,wallisms,0.140956757929889
92,wall,wallings,0.0941438887219625
92,wall,wallions,0.187371522370202
92,wall,wallizer,0.0703066274636563
92,wall,wallling,0.140956757929889
92,wall,wallness,0.11005277085451
92,wall,walls,0.352212818083573
92,wall,wallables,0.214538457965974
92,wall,wallibles,0.195317133525704
92,wall,wallablies,0.140956757929889
93,raffles,raffleer,0.337777540939553
93,raffles,rafflees,0.354001500669082
93,raffles,rafflers,0.379102869369074
93,raffles,raffleor,0.376867887613575
93,raffles,raffling,0.367006620651037
93,raffles,raffle,0.459597163640463
93,raffles,raffly,0.325193260106298
93,raffles,rafflor,0.376867887613575
93,raffles,raffler,0.261439808335021
93,raffles,raffled,0.382182662043082
93,raffles,raffleing,0.36840248138187
93,raffles,rafflings,0.376867887613575
93,raffles,rafflement,0.376867887613575
94,titan,titanizing,0.216855448056762
94,titan,titanal,0.236756252026342
94,titan,titanes,0.292711720037613
94,titan,titaned,0.314522956433463
94,titan,titanor,0.30525537021513
94,titan,titans,0.378398272228568
94,titan,titanizer,0.295036141404807
94,titan,titanized,0.27765289019643
94,titan,titanness,0.323922337606848
94,titan,titanation,0.295036141404807
94,titan,titaneer,0.216855448056762
94,titan,titanize,0.216855448056762
94,titan,titanism,0.259278770530208
94,titan,titanion,0.221595670376464
94,titan,titaning,0.295036141404807
94,titan,titanner,0.347718942069448
96,rice,rications,0.178261514146297
96,rice,ricative,0.178261514146297
96,rice,rication,0.116304780527781
96,rice,riceived,0.149453273583513
96,rice,riceives,0.178261514146297
96,rice,ricences,0.0381240871797358
96,rice,riceness,0.249990461572896
96,rice,ricibility,0.20112790109079
96,rice,rical,0.0655338751010514
96,rice,rices,0.318001610581399
96,rice,ricer,0.247492863984036
96,rice,riced,0.290140847060308
96,rice,ricic,-0.0392678457682198
96,rice,ricor,0.0677589658061855
96,rice,ricable,0.0543365814026771
96,rice,rically,0.167927765808202
96,rice,ricance,0.20112790109079
96,rice,riceive,0.139171167472274
96,rice,riceing,0.209897099825987
96,rice,ricence,0.170580854911681
96,rice,ricized,0.20112790109079
96,rice,ricors,0.0874965399649969
96,rice,ricals,0.20112790109079
96,rice,riceal,0.149453273583513
96,rice,riceer,0.249990461572896
96,rice,ricees,0.162037554416767
96,rice,riceed,0.209309897548255
96,rice,riceds,0.249990461572896
96,rice,riceor,0.257549473216504
96,rice,ricely,0.263583655917181
96,rice,ricers,0.219468677574324
96,rice,ricion,0.162037554416767
96,rice,ricing,0.243584909374989
96,rice,ricive,0.20112790109079
96,rice,ricity,0.109258832122055
96,rice,riceiving,0.20112790109079
96,rice,ricability,0.00278217561113536
97,south,southerness,0.0954974046975535
97,south,southes,0.119726011748378
97,south,souther,0.117119871172115
97,south,southed,0.125066730693429
97,south,southal,0.0768595776067659
97,south,southor,0.109930029200934
97,south,southly,0.13030230015308
97,south,southors,0.119726011748378
97,south,southeer,0.119726011748378
97,south,southing,0.116235681237657
97,south,southion,0.0959294072857773
97,south,southism,0.0759555337692133
97,south,southers,0.100609101780046
97,south,souths,0.16626603193935
97,south,southallied,0.119726011748378
97,south,southisms,-0.0432896282139259
97,south,southings,0.122644535243057
97,south,southness,0.118307067326872
97,africa,africaneers,0.184707659757174
97,africa,africanisms,0.235924947921858
97,africa,africanized,0.141874430484026
97,africa,africanizes,0.123405986600217
97,africa,africanness,0.223021793119211
97,africa,africaness,0.21202560843043
97,africa,africaners,0.17488816115163
97,africa,africanism,0.271998003646873
97,africa,africanity,0.220089059612099
97,africa,africanize,0.194027471495711
97,africa,africanicities,0.128852327114204
97,africa,africans,0.381240712186682
97,africa,africanes,0.154910078706673
97,africa,africaner,0.184530780474449
97,africa,africanly,0.179035104037437
97,africa,africanic,0.0707826291209896
97,africa,africanor,0.182186110202219
97,africa,africanations,0.174774676481738
97,africa,africanization,0.248040198360004
97,africa,africanative,0.0506716337661586
97,africa,africanicity,0.182186110202219
97,africa,africanities,0.0897619804401811
97,africa,africanizing,0.196190463625172
97,africa,africanizations,0.119050611027733
97,africa,african,0.505095852464627
97,africa,africas,0.245343621063614
98,sat,sats,0.26150463494059
98,sat,satments,0.170396216861843
98,sat,satability,0.0742561822682583
98,sat,satalities,0.170396216861843
98,sat,satal,0.0316706672611769
98,sat,satly,0.172383114734032
98,sat,sator,0.0776092885495748
98,sat,satterness,0.170396216861843
98,sat,satically,0.170396216861843
98,sat,satial,0.135166287387814
98,sat,sative,0.133165687989563
98,sat,satism,0.170396216861843
98,sat,sators,0.164355166395506
98,sat,sattal,0.117595606393402
98,sat,sattor,0.117957529669888
98,sat,satted,0.171132943485762
98,sat,satter,0.0362063852557606
98,sat,sateer,0.223322922346602
98,sat,satibility,0.170396216861843
98,sat,satable,0.0436760157603257
98,sat,sateers,0.170396216861843
98,sat,satives,0.0693491365693044
98,sat,satical,0.170396216861843
98,sat,satness,0.170396216861843
98,sat,sattors,0.170396216861843
98,sat,satting,0.166055355086661
98,sat,sattals,0.13130587018782
98,sat,satters,0.170396216861843
99,satellite,satellitization,0.241171363415023
99,satellite,satellital,0.237779949790024
99,satellite,satellites,0.500179537394527
99,satellite,satelliter,0.244020137969285
99,satellite,satellited,0.229264258505131
99,satellite,satellitic,0.149502883853513
99,satellite,satellitics,0.164272439876988
99,satellite,satelliting,0.181575055973422
99,satellite,satellitors,0.235432303872129
99,satellite,satelliters,0.114304016666216
99,satellite,satelliteor,0.210460370014993
99,satellite,satelliteds,0.241171363415023
99,satellite,satellitees,0.235432303872129
99,satellite,satelliteers,0.241171363415023
99,satellite,satelliteing,0.187138826821481
99,satellite,satellitical,0.187138826821481
101,ritz,ritzs,0.381246467327538
101,ritz,ritzing,0.0253936217921048
101,carlton,carltons,0.365096588027789
101,lake,lakal,0.0317308953328064
101,lake,laked,0.167816728013374
101,lake,lakes,0.45276329767656
101,lake,laker,0.153478581823328
101,lake,lakic,0.0195338202038041
101,lake,lakor,0.0837477902164572
101,lake,lakative,0.141933668072149
101,lake,lakelies,0.188388173768051
101,lake,lakeness,0.188388173768051
101,lake,lakeing,0.151308231889623
101,lake,lakeers,0.141933668072149
101,lake,lakings,0.0412046562045767
101,lake,lakors,0.188388173768051
101,lake,lakics,0.0571105475091404
101,lake,laking,0.0834368851169573
101,lake,lakion,0.141933668072149
101,lake,lakers,0.119149571547746
101,lake,lakeor,0.156102288233285
101,lake,lakely,0.165496348673319
101,lake,lakeic,0.119067281127656
101,lake,lakeds,0.196376896686673
101,lake,lakeer,0.00970746396182346
101,lake,lakees,0.169320638305214
101,las,lasly,0.092755505784432
101,las,laslies,0.170343287542012
101,las,lasity,0.140818122433908
101,vegas,vega,0.173150323261433
101,vegas,vegalys,0.159754120992791
101,vegas,vegaism,0.182620507937284
101,vegas,veganess,0.0728800307970289
102,fickle,fickly,0.426899373810597
102,fickle,ficklely,0.403256089342394
102,fickle,fickling,0.253881904887728
102,fickle,fickleicity,0.403256089342394
102,fickle,fickleness,0.426840053300276
102,fickle,fickles,0.429044823997575
102,fickle,fickler,0.386812927213226
102,fickle,fickled,0.316262221187305
102,creek,creekkings,0.168924564242056
102,creek,creekized,0.191790951186549
102,creek,creekers,0.278412478010294
102,creek,creekkal,0.240273679280281
102,creek,creeking,0.266353724771207
102,creek,creekor,0.215419762115331
102,creek,creekly,0.140116323679272
102,creek,creeked,0.20502497756992
102,creek,creeker,0.239926689052625
102,creek,creekes,0.223211655483451
102,creek,creeks,0.422952406928655
102,farm,farmor,0.13555084819014
102,farm,farmly,0.185864131039046
102,farm,farmic,0.222143241387492
102,farm,farmed,0.33648308026046
102,farm,farmes,0.202695876613392
102,farm,farmal,0.185782750660308
102,farm,farms,0.472280696973591
102,farm,farmable,0.214011613150187
102,farm,farmeers,0.227558357615835
102,farm,farmming,0.201657502317661
102,farm,farmmers,0.217177953608655
102,farm,farmness,0.222143241387492
102,farm,farmability,0.245315049538874
102,farm,farmables,0.222143241387492
102,farm,farmality,0.222143241387492
102,farm,farmation,0.00831627924971311
102,farm,farmalities,0.0788027536393273
102,farm,farmeds,0.198346636924891
102,farm,farmeer,0.205616275133328
102,farm,farmors,0.113901509981065
102,farm,farmmer,0.200557911707158
102,farm,farmion,0.0836042642150417
103,madam,madamor,0.29932125149522
103,madam,madamism,0.204216024820972
103,madam,madams,0.457941161486739
103,cj,cjly,0.145726432797681
103,cj,cjity,0.20142763645649
103,cj,cjisms,0.317467227554708
103,cj,cjness,0.371062537455613
103,cj,cjities,0.221327192961124
103,walker,walkers,0.300217146617733
103,walker,walkered,0.269817263378027
103,walker,walkeres,0.261270553861548
103,walker,walkerer,0.222216696809093
103,walker,walkeral,0.222216696809093
103,walker,walkerly,0.183663388445778
103,walker,walkerism,0.248140556933019
103,walker,walkerion,0.160259963190577
103,walker,walkering,0.331396817630556
103,walker,walkerred,0.222216696809093
103,walker,walkerally,0.305497741276887
103,walker,walkerisms,0.269817263378027
103,walker,walkerings,0.31652992168285
104,indiana,indianas,0.268304590811208
104,child,childization,0.173183997636437
104,child,childers,0.0992207955349489
104,child,childize,0.149387393173836
104,child,childion,0.127323828456413
104,child,childing,0.194682298166488
104,child,childance,0.10445744151192
104,child,childizes,0.173183997636437
104,child,childisms,0.173183997636437
104,child,childings,0.0996597800144238
104,child,childness,0.182197986794717
104,child,childes,0.199074919339268
104,child,childer,0.115361021125715
104,child,childed,0.197367702482176
104,child,childic,0.0696845200862132
104,child,childor,0.178339041796221
104,child,childly,0.155558362393896
104,child,childliness,0.173183997636437
104,child,childs,0.240301579780843
104,support,supportance,0.0755342825907518
104,support,supporteers,0.0788379011408851
104,support,supportible,0.102634505603486
104,support,supportings,0.0550347764644565
104,support,supportions,0.036665753580213
104,support,supportment,0.0500678220222097
104,support,supportting,0.0400591069915808
104,support,supportters,0.0881851207066843
104,support,supportation,0.0755342825907518
104,support,supportative,0.0625873251294188
104,support,supporttings,0.0595321405247062
104,support,supportatively,0.102634505603486
104,support,supportize,0.102634505603486
104,support,supportism,0.102634505603486
104,support,supportion,0.0488577251034495
104,support,supporting,0.257797186423933
104,support,supporteer,0.102634505603486
104,support,supporteds,0.0488577251034495
104,support,supportted,0.0830073249068769
104,support,supportter,0.0634641734110542
104,support,supportors,0.123947924224519
104,support,supports,0.277882455555995
104,support,supportations,0.0595321405247062
104,support,supportes,0.0522045092629405
104,support,supported,0.266505342664827
104,support,supportal,0.0880590997264709
104,support,supportor,0.100432128861848
104,support,supportly,0.0878408602484328
105,sonoma,sonomas,0.430103443626199
105,county,countiers,0.163364193842704
105,county,countying,0.111502600936028
105,county,countyers,0.165279381436065
105,county,countyallied,0.119728206443638
105,county,countyness,0.169308345158007
105,county,countys,0.218038780241141
105,county,countic,0.096861819499145
105,county,countyer,0.111502600936028
105,county,countyes,0.0994633926987176
105,county,countyal,0.147482446063042
105,county,countyor,0.165515466561371
105,county,countied,0.158636590955692
105,county,countier,0.141482776973464
105,county,counties,0.509099346153327
105,medical,medicalizations,0.140965446838239
105,medical,medicalallied,0.166755473113861
105,medical,medicalics,0.158260981395098
105,medical,medicalize,0.170518567390013
105,medical,medicality,0.140965446838239
105,medical,medicalism,0.179265909268277
105,medical,medicalive,0.177367173705163
105,medical,medicalizers,0.154494907418976
105,medical,medicalizing,0.197256154083836
105,medical,medicalization,0.220443326325682
105,medical,medicals,0.192867768869643
105,medical,medicalized,0.183294446761161
105,medical,medicalizes,0.191871353643532
105,medical,medicalical,0.109365301254574
105,medical,medicalment,0.109365301254574
105,medical,medicalness,0.140965446838239
105,medical,medicalor,0.165142850836846
105,medical,medically,0.325938040330218
105,medical,medicaled,0.1744137970243
105,medical,medicaler,0.154494907418976
105,medical,medicales,0.16613774616427
105,medical,medicalal,0.154494907418976
105,services,servicibility,0.0895875319154342
105,services,servicableness,-0.00467944994610983
105,services,servicer,0.105840364843513
105,services,serviced,0.120359937208294
105,services,servicor,0.0463651830723061
105,services,servical,-0.0193194916323814
105,services,serviceal,0.0771767848098625
105,services,serviceer,-0.0882352037064396
105,services,servicees,0.0991558167708713
105,services,serviceds,0.106940435137009
105,services,serviceed,0.059150139348911
105,services,serviceor,0.083496657787019
105,services,servicely,0.0469951775611673
105,services,servicers,0.106987245720418
105,services,servicals,-0.0378279430018415
105,services,servicors,0.0946790673375964
105,services,servicion,0.0342300660658086
105,services,servicing,0.172139405609317
105,services,servicity,0.0469951775611673
105,services,service,0.278418596719657
105,services,servicably,0.0373293295981107
105,services,servicable,-0.0074397321628284
105,services,serviceion,0.0895875319154342
105,services,serviceing,0.0806206004961331
105,services,serviceity,0.0895875319154342
105,services,serviceive,0.0685808344807926
105,services,serviceial,0.0933865494180766
105,services,serviceers,0.0489069678907938
105,services,servicence,0.0469951775611673
105,services,servicible,0.0152289387366789
105,services,servicings,0.0818987865682005
105,services,servicions,0.0657909274528334
105,services,servicized,0.0657909274528334
105,services,servicization,0.0685808344807926
105,services,servicability,0.0192670440367342
105,services,serviceally,0.0989324261797578
105,services,serviceence,0.0895875319154342
105,services,serviceical,0.0895875319154342
105,services,serviceness,0.0917713791254704
105,services,servicement,0.013425994043086
105,services,servicizing,0.0791878158318808
106,universal,universallization,0.17682552312638
106,universal,universalizations,0.239672690230614
106,universal,universalization,0.261210617911409
106,universal,universalities,0.21664025419536
106,universal,universalizers,0.24018595976157
106,universal,universalizing,0.273435605531208
106,universal,universals,0.328187210933446
106,universal,universalizes,0.24563508367907
106,universal,universalizer,0.17682552312638
106,universal,universalisms,0.239586902034802
106,universal,universalment,0.125150895619103
106,universal,universalness,0.218062998055013
106,universal,universalled,0.224699449165754
106,universal,universaller,0.17682552312638
106,universal,universaling,0.153959136181887
106,universal,universalism,0.309135326374464
106,universal,universality,0.367404302249807
106,universal,universalize,0.249702494514025
106,universal,universalibility,0.153959136181887
106,universal,universalor,0.224699449165754
106,universal,universaler,0.14943118392231
106,universal,universales,0.226301422652836
106,animal,animaled,0.162801393025851
106,animal,animales,0.166416326871006
106,animal,animaler,0.150073467241063
106,animal,animalal,0.0983988397337855
106,animal,animally,0.207197285997287
106,animal,animalor,0.178337731877081
106,animal,animalic,0.145736562273355
106,animal,animalallies,0.201657877301105
106,animal,animalations,0.170946883901075
106,animal,animalally,0.196859104558203
106,animal,animalitys,0.196738689914389
106,animal,animalized,0.206010953583753
106,animal,animalizes,0.221299677004682
106,animal,animalizer,0.156178540533563
106,animal,animalness,0.22781285761717
106,animal,animalics,0.156178540533563
106,animal,animalion,0.196859104558203
106,animal,animaling,0.196859104558203
106,animal,animalize,0.108880386630481
106,animal,animality,0.234466910013791
106,animal,animalive,0.150073467241063
106,animal,animalled,0.196859104558203
106,animal,animalation,0.196859104558203
106,animal,animalities,0.175211052944223
106,animal,animalizers,0.196859104558203
106,animal,animalizing,0.187960967668826
106,animal,animalizations,0.178895162917702
106,animal,animalization,0.243629807255036
106,animal,animals,0.49745905170322
106,cuts,cut,0.379384873260814
106,cuts,cutable,0.0975994501292476
106,cuts,cuteers,0.214197882863154
106,cuts,cutible,0.214197882863154
106,cuts,cutical,0.192229601438248
106,cuts,cutings,0.0902844156261222
106,cuts,cutisms,0.214197882863154
106,cuts,cutives,0.00604686818073225
106,cuts,cutness,0.13228597584249
106,cuts,cutteds,0.214197882863154
106,cuts,cuttability,0.184393445177008
106,cuts,cuttables,0.122860508124711
106,cuts,cutables,-0.038623060240423
106,cuts,cutibles,0.214197882863154
106,cuts,cuticals,0.21104988461493
106,cuts,cutively,0.214197882863154
106,cuts,cutal,0.15373672672703
106,cuts,cutor,0.121419936766935
106,cuts,cutly,0.134637800601069
106,cuts,cuted,0.0491967719387126
106,cuts,cuttable,0.149967802679232
106,cuts,cutization,0.214197882863154
106,cuts,cutability,0.239315572864042
106,cuts,cutabilities,0.214197882863154
106,cuts,cuttor,0.152241149244638
106,cuts,cutted,0.147749856183281
106,cuts,cuteor,0.143547752396921
106,cuts,cuteer,0.214197882863154
106,cuts,cutism,0.123432908681854
106,cuts,cutive,0.1197490742114
106,cuts,cuting,0.150625566557296
106,reviews,reviewed,0.253873173317285
106,reviews,reviewal,0.0585230985438217
106,reviews,reviewes,0.142406031461967
106,reviews,reviewor,0.0991813033925101
106,reviews,reviewables,0.142665612544922
106,reviews,reviewability,0.0374392052175118
106,reviews,review,0.418745264578069
106,reviews,revieweer,0.1425139869423
106,reviews,revieweds,0.1425139869423
106,reviews,reviewals,0.107620930050177
106,reviews,reviewing,0.165089894677576
106,reviews,reviewwer,0.118717382479699
106,reviews,reviewwed,0.12869247121508
106,reviews,reviewable,0.0497204765628509
106,reviews,reviewence,0.0978527191128056
106,reviews,reviewings,0.0628066236607144
106,reviews,reviewlied,0.0978527191128056
106,reviews,reviewwing,0.1425139869423
107,cass,cassing,0.18557963197056
107,cass,cassity,0.256831726056761
107,cass,cassings,0.297536620724951
107,cass,cassitys,0.259912965114615
107,cass,cassness,0.297536620724951
107,cass,cassed,0.230777259013104
107,cass,cassly,0.320403007669444
107,county,countiers,0.163364193842704
107,county,countying,0.111502600936028
107,county,countyers,0.165279381436065
107,county,countyallied,0.119728206443638
107,county,countyness,0.169308345158007
107,county,countys,0.218038780241141
107,county,countic,0.096861819499145
107,county,countyer,0.111502600936028
107,county,countyes,0.0994633926987176
107,county,countyal,0.147482446063042
107,county,countyor,0.165515466561371
107,county,countied,0.158636590955692
107,county,countier,0.141482776973464
107,county,counties,0.509099346153327
107,missouri,missouris,0.274473606605001
108,ralph,ralphs,0.24241100328141
108,ralph,ralphisms,0.285228910614136
108,ralph,ralphings,0.244548346589496
108,ralph,ralphing,0.190905811979425
108,owen,owenism,0.43153043054339
108,owen,owenities,0.310812771306649
108,owen,owenly,0.237288553684636
108,owen,owens,0.267390902692224
108,brewster,brewsters,0.448967154398769
109,mayo,mayoism,0.33614050716807
109,mayo,mayos,0.352826919641941
109,mayo,mayoness,0.274334930948032
109,mayo,mayoly,0.217137959176997
109,clinic,clinics,0.52248002926788
109,clinic,clinicials,0.206036791856586
109,clinic,clinicical,0.206036791856586
109,clinic,clinicized,0.270513960343827
109,clinic,cliniced,0.242664183092161
109,clinic,clinices,0.232373850730937
109,clinic,clinicor,0.225928060785539
109,clinic,clinicly,0.157322680967569
109,clinic,clinication,0.169174501672524
109,clinic,clinicially,0.160658549495306
109,clinic,clinicically,0.158892395561286
109,clinic,clinicing,0.272199106606927
109,clinic,clinicics,0.177828141472133
109,clinic,clinicial,0.226895209190676
109,clinic,clinicism,0.124675663807305
109,clinic,clinicion,0.270513960343827
109,clinic,clinicers,0.270513960343827
109,clinic,cliniccal,0.246397201040238
109,clinic,clinicced,0.197982742235308
109,jacksonville,jacksonvilles,0.367496243463842
109,fl,flly,0.203783218755125
109,fl,fllies,0.173184518325727
109,fl,flism,0.143420872876345
109,fl,flity,0.160919429085254
110,map,maps,0.223429226739066
110,map,mapable,0.091218946858113
110,map,mapings,0.00173844999611906
110,map,mapness,0.0714886409265671
110,map,mappers,0.0833404420969968
110,map,mapor,-0.0526849199465144
110,map,mapal,-0.00368312875221052
110,map,maped,-0.0238679246613774
110,map,maper,0.0412628360160317
110,map,mapes,-0.00200472504972131
110,map,mapic,0.01775752222281
110,map,mappable,0.0970901463759753
110,map,mapability,0.0904594619090515
110,map,mappability,-0.0477019594021658
110,map,mapped,0.113007010524892
110,map,mapper,0.0932402245581619
110,map,mappal,0.0424190140207596
110,map,mapism,0.096195794520796
110,map,maping,0.0802212091202695
110,map,mapion,0.0783820947916472
110,map,mapics,0.0485857869963349
110,map,mapers,0.0699734373634297
110,map,mapeer,0.0985224979295853
110,map,mapals,-0.0705683463466589
110,of,ofly,-0.0051473773902505
110,of,ofisms,0.0059504493807601
110,of,oflies,0.00620278205320646
110,of,ofness,0.00664971872357282
110,of,ofities,-0.0724628490964451
110,of,ofity,0.00609550162185656
110,brazil,brazilianization,0.22790742240518
110,brazil,brazilianisms,0.166838471521488
110,brazil,brazilianized,0.203639620315812
110,brazil,brazilianizer,0.238131421056822
110,brazil,brazilianness,0.237995229727371
110,brazil,brazilianizers,0.284183921906215
110,brazil,brazilianizing,0.219530191810751
110,brazil,brazilian,0.437455750084496
110,brazil,brazilians,0.409549474150912
110,brazil,brazilness,0.226485795584136
110,brazil,brazilianed,0.189157498812439
110,brazil,brazilianes,0.214306118668632
110,brazil,brazilianly,0.166838471521488
110,brazil,brazils,0.290440249983322
110,brazil,brazilianers,0.214306118668632
110,brazil,brazilianity,0.219530191810751
110,brazil,brazilianize,0.214306118668632
110,brazil,brazilianing,0.166838471521488
110,brazil,brazilianism,0.244096008584813
110,brazil,brazilly,0.214306118668632
111,lymphoma,lymphomas,0.664995832446158
111,in,inly,-0.00792602078492762
111,in,initied,0.0010504593872988
111,in,inities,-0.00432071826325134
111,in,inity,0.00447624665765562
111,in,inism,0.00985782165896985
111,in,innessed,0.00881013560997146
111,in,initys,0.00881013560997146
111,in,inisms,0.00881013560997146
111,in,inlied,0.00881013560997146
111,in,inlies,0.0095904232653069
111,in,inness,0.00918328661190103
111,dogs,dogses,0.193714783237461
111,dogs,dogsed,0.186142405204825
111,dogs,dogsor,0.225113418620643
111,dogs,dogsiving,0.234395347262101
111,dogs,dogsabilities,0.234395347262101
111,dogs,dogsical,0.186142405204825
111,dogs,dogsized,0.240109129238448
111,dogs,dogsness,0.234395347262101
111,dogs,dogssize,0.234395347262101
111,dogs,dogsability,0.247716756925463
112,kenmore,kenmores,0.45589464147197
112,gas,gasments,0.217035364613095
112,gas,gassable,0.201078009233608
112,gas,gassings,0.276218655443629
112,gas,gasings,0.177281404771008
112,gas,gasment,0.212505891939398
112,gas,gassing,0.286833411811468
112,gas,gassers,0.199718349747
112,gas,gasics,0.173126430566027
112,gas,gasial,0.154127453470122
112,gas,gasing,0.17477213383914
112,gas,gasion,0.136600840746367
112,gas,gasers,0.127553791611595
112,gas,gaseor,0.159993422996122
112,gas,gaseer,0.147301228733572
112,gas,gaseds,0.131261066525629
112,gas,gassor,0.101026943807409
112,gas,gassal,0.131261066525629
112,gas,gassed,0.262290689772562
112,gas,gasser,0.1048653962188
112,gas,gasic,0.0479483578648554
112,gas,gases,0.443652476237012
112,gas,gaser,0.0877175523902845
112,gas,gased,0.138592360078948
112,gas,gasal,0.221577154132778
112,gas,gasor,0.191206903581285
112,gas,gasly,0.176048329137213
112,water,waterial,0.113450396455235
112,water,watering,0.242617893298706
112,water,waterize,0.1169342338195
112,water,waterors,0.1407308382821
112,water,waterers,0.169574054158495
112,water,waterral,0.1407308382821
112,water,waterred,0.142223936575844
112,water,waterror,0.155410501571823
112,water,watered,0.212071663628624
112,water,wateror,0.156086000470942
112,water,wateres,0.109909456155655
112,water,waterer,0.181617323898123
112,water,waterly,0.113213290213158
112,water,waterably,0.1407308382821
112,water,waterable,0.126865855298406
112,water,waterized,0.144161389855265
112,water,waterizer,0.1407308382821
112,water,waterings,0.205505367075318
112,water,waterness,0.121892905985596
112,water,waterring,0.12729075308036
112,water,waterizing,0.14669862092288
112,water,waterrings,0.150430148299573
112,water,waterrible,0.0961392743519047
112,water,waterability,0.0961392743519047
112,water,waterallied,0.1407308382821
112,heater,heateration,0.298012106455021
112,heater,heateres,0.328656708720386
112,heater,heaterer,0.350815971056423
112,heater,heatered,0.298012106455021
112,heater,heatering,0.303804404169655
112,heater,heaters,0.576799799603908
113,hp,hply,0.122751678783462
113,hp,hpity,0.20757479934647
113,hp,hpism,0.20757479934647
113,hp,hplys,0.256699623285827
113,mini,miniation,0.102421693986564
113,mini,miniative,0.187949394315578
113,mini,miniizing,0.16437842760508
113,mini,miniorities,0.0175985734235553
113,mini,miniority,0.0391095209458413
113,mini,miniations,0.16437842760508
113,mini,minis,0.314498096909154
113,mini,minially,0.147268830290937
113,mini,miniized,0.16437842760508
113,mini,miniment,0.141512040660587
113,mini,minieor,0.16437842760508
113,mini,miniers,0.134457568201848
113,mini,minieer,0.211745998778179
113,mini,miniors,0.0669022674698808
113,mini,miniize,0.16437842760508
113,mini,miniion,0.171065434753538
113,mini,miniing,0.128751029720674
113,mini,minior,0.0855452788911384
113,mini,minily,0.16437842760508
113,mini,miniic,0.211745998778179
113,mini,minier,0.0461977908760845
113,mini,minial,0.128432847195376
114,adobe,adobably,0.184385204495844
114,adobe,adobable,0.178789882137137
114,adobe,adobor,0.160122575262632
114,adobe,adober,0.276542421964248
114,adobe,adobes,0.237436187822245
114,adobe,adobed,0.227260204797618
114,adobe,adobeor,0.208770058174573
114,adobe,adobeisms,0.232566662637174
114,adobe,adobeized,0.238235867341094
114,indian,indians,0.438283442506561
114,indian,indianics,0.19495303815221
114,indian,indianity,0.205732442827516
114,indian,indianism,0.233454727839879
114,indian,indianize,0.190988042744095
114,indian,indianing,0.19495303815221
114,indian,indiannor,0.19495303815221
114,indian,indianers,0.139902991661751
114,indian,indianeer,0.158033125917004
114,indian,indianization,0.231813929188995
114,indian,indianor,0.198718815570566
114,indian,indianed,0.186049202447567
114,indian,indianal,0.0569516520429547
114,indian,indianly,0.12537552268717
114,indian,indianic,0.0285977544037792
114,indian,indianer,0.177706738211343
114,indian,indianes,0.168994353911212
114,indian,indianisms,0.219949952552002
114,indian,indianizes,0.206032819882853
114,indian,indianized,0.263032814384391
114,indian,indianness,0.261265106184823
114,indian,indianation,0.19495303815221
114,indian,indianizing,0.223059036727497
114,houses,houseallied,0.171695663335251
114,houses,housance,0.086872542772242
114,houses,housable,0.148829276390758
114,houses,houseism,0.196453791030208
114,houses,houseing,0.191084892263781
114,houses,housives,0.210958114902807
114,houses,housicly,0.171695663335251
114,houses,houseed,0.011543247549548
114,houses,houseds,0.231827859710393
114,houses,housees,0.186517468447401
114,houses,houseal,0.0306836214635643
114,houses,houseor,0.24103203017889
114,houses,housers,0.120272537690598
114,houses,housely,0.0956540514133607
114,houses,housion,0.148829276390758
114,houses,house,0.32195539603649
114,houses,housements,0.195564299322353
114,houses,housor,0.224808895695363
114,houses,housed,0.303376035550003
114,houses,houser,0.0672420905879303
114,houses,housal,0.171695663335251
114,houses,housativity,0.148829276390758
114,houses,housation,0.148829276390758
114,houses,houseives,0.109738929716735
114,houses,houseisms,0.101106954797676
114,houses,houseings,0.101045532869018
114,houses,houselied,0.148829276390758
114,houses,housement,0.171695663335251
114,houses,houseness,0.137999775735673
115,pacific,pacificcal,0.196041988254091
115,pacific,pacificers,0.192782441782516
115,pacific,pacificial,0.0395478151562964
115,pacific,pacificity,0.087331558678036
115,pacific,pacificism,0.111090657434489
115,pacific,pacifically,0.121971906847888
115,pacific,pacificable,0.21340484736706
115,pacific,pacificisms,0.189005330395119
115,pacific,pacificness,0.195875134373506
115,pacific,pacification,0.138363003017224
115,pacific,pacificcable,0.110197945622529
115,pacific,pacifical,0.183117992089454
115,pacific,pacificed,0.134771934177123
115,pacific,pacificer,-0.000562703391183213
115,pacific,pacificic,0.18352530785188
115,pacific,pacificly,0.13156481976685
115,pacific,pacificor,0.186581206627854
115,pacific,pacifications,0.175440520984254
115,pacific,pacifics,0.277951456014954
115,northwest,northwestness,0.242280860672077
115,northwest,northwests,0.238793687470264
115,northwest,northwested,0.201600296647437
115,northwest,northwestly,0.190666791906024
115,northwest,northwestor,0.218484256209476
115,laboratory,laboratorically,0.188003966751514
115,laboratory,laboratorics,0.221548762330439
115,laboratory,laboratoried,0.131174905670594
115,laboratory,laboratories,0.485784058368906
115,laboratory,laboratorier,0.150895814687058
115,laboratory,laboratoryal,0.236332638182476
115,laboratory,laboratoryes,0.183125888941806
115,laboratory,laboratoryer,0.252620919791259
115,laboratory,laboratoryed,0.234573300862774
115,laboratory,laboratoryor,0.234573300862774
115,laboratory,laboratorical,0.0418242282315994
115,laboratory,laboratoryics,0.236332638182476
115,laboratory,laboratorying,0.252620919791259
115,laboratory,laboratorys,0.225036878643535
115,laboratory,laboratoryallied,0.117353836285281
115,laboratory,laboratoryable,0.188003966751514
116,california,californianisms,0.146841924967612
116,california,californias,0.239662458754947
116,california,californian,0.272106416512483
116,california,californianly,0.114877691993871
116,california,californiaism,0.0366969986458255
116,california,californianative,0.0600129836216777
116,california,californianatives,0.160231545322671
116,california,californianess,0.164137459524471
116,california,californianned,0.164137459524471
116,california,californianism,0.13643494086007
116,california,californianize,0.167026268116584
116,california,californianing,0.160231545322671
116,california,californians,0.325347652594824
116,franchise,franchisal,0.235172836009647
116,franchise,franchisor,0.535542721978068
116,franchise,franchises,0.629543592230793
116,franchise,franchiser,0.364400823834496
116,franchise,franchised,0.455600831852649
116,franchise,franchisability,0.336793225017561
116,franchise,franchisable,0.349040192557579
116,franchise,franchiseers,0.288949616509684
116,franchise,franchiseing,0.287551142705476
116,franchise,franchisings,0.284699157669004
116,franchise,franchising,0.566382336990709
116,franchise,franchisees,0.581593395672686
116,franchise,franchisely,0.238564129154972
116,franchise,franchiseds,0.265153012047083
116,franchise,franchiseed,0.235172836009647
116,franchise,franchisers,0.356335181044261
116,franchise,franchisors,0.531723704863679
116,franchise,franchisibility,0.295993250823121
116,franchise,franchiseability,0.30120271275011
116,franchise,franchisation,0.265282257423091
116,franchise,franchiseable,0.332610611099774
116,franchise,franchisement,0.268670494183395
116,tax,taxs,0.137032371403289
116,tax,taxibility,0.114798279333437
116,tax,taxable,0.233412269879558
116,tax,taxably,0.109677780757074
116,tax,taxible,0.114628257891201
116,tax,taxings,0.0579450081863877
116,tax,taxxing,0.0710928376925991
116,tax,taxor,0.0236085875780621
116,tax,taxic,-0.0364126814138776
116,tax,taxly,0.11177340171724
116,tax,taxer,0.087326813662437
116,tax,taxes,0.230448893753616
116,tax,taxed,0.216021332358882
116,tax,taxal,0.0693455575807377
116,tax,taxability,0.161495675706019
116,tax,taxors,0.0683137940211553
116,tax,taxers,0.144523739759554
116,tax,taxeds,0.0710928376925991
116,tax,taxity,0.0683137940211553
116,tax,taxism,0.0546250793536787
116,tax,taxing,0.182703286610372
116,tax,taxion,0.074107575669326
116,tax,taxables,0.115557016484976
116,tax,taxative,0.142471638396271
116,board,boardder,0.073327833115085
116,board,boardeor,0.140788019212153
116,board,boardive,0.0961942200595781
116,board,boardable,0.162356324986738
116,board,boardance,0.0961942200595781
116,board,boardding,0.0961942200595781
116,board,boardness,0.0932801570543722
116,board,boardment,0.0961942200595781
116,board,boardor,0.154401711313273
116,board,boardes,0.142421534649274
116,board,boarded,0.171458141546327
116,board,boardly,0.108973676429493
116,board,boardal,0.0870112387121163
117,dangers,danger,0.379688803217862
117,dangers,dangeral,0.209549417732361
117,dangers,dangerly,0.209549417732361
117,dangers,dangered,0.188582616432753
117,dangers,dangerer,0.1601769649471
117,dangers,dangeres,0.285014083354066
117,dangers,dangeror,0.239007133139412
117,dangers,dangerality,0.1601769649471
117,dangers,dangerizing,0.261224045239638
117,dangers,dangerization,0.248054182274184
117,dangers,dangerism,0.222133698565615
117,dangers,dangering,0.159780409324342
117,dangers,dangerics,0.238357658295145
117,dangers,dangerors,0.261224045239638
117,dangers,dangerred,0.238357658295145
117,dangers,dangerable,0.261224045239638
117,dangers,dangerings,0.261224045239638
117,dangers,dangerlies,0.222133698565615
117,dangers,dangerness,0.1601769649471
117,of,ofly,-0.0051473773902505
117,of,ofisms,0.0059504493807601
117,of,oflies,0.00620278205320646
117,of,ofness,0.00664971872357282
117,of,ofities,-0.0724628490964451
117,of,ofity,0.00609550162185656
117,asbestos,asbestoses,0.400937344295285
118,poem,poemical,0.254104559231761
118,poem,poemings,0.294785123256401
118,poem,poemizer,0.294785123256401
118,poem,poemness,0.301971007890341
118,poem,poemed,0.303726924923328
118,poem,poemer,0.251031200277771
118,poem,poemes,0.2525846973499
118,poem,poemor,0.260298786496103
118,poem,poemic,0.221305136975448
118,poem,poems,0.616376071495978
118,poem,poemation,0.221305136975448
118,poem,poemizing,0.294785123256401
118,poem,poemism,0.221305136975448
118,poem,poeming,0.315171429886395
118,poem,poemmed,0.294785123256401
118,poem,poemers,0.294785123256401
118,in,inly,-0.00792602078492762
118,in,initied,0.0010504593872988
118,in,inities,-0.00432071826325134
118,in,inity,0.00447624665765562
118,in,inism,0.00985782165896985
118,in,innessed,0.00881013560997146
118,in,initys,0.00881013560997146
118,in,inisms,0.00881013560997146
118,in,inlied,0.00881013560997146
118,in,inlies,0.0095904232653069
118,in,inness,0.00918328661190103
118,your,yourative,0.0421698875095193
118,your,youriving,0.0421698875095193
118,your,youric,0.0404543927007764
118,your,youred,0.0377494605694543
118,your,youres,0.0402953786067283
118,your,yourer,-0.000217330208406571
118,your,youror,0.0404543927007764
118,your,yourly,-0.000217330208406571
118,your,youral,0.0440373186199621
118,your,yourion,0.0404543927007764
118,your,youring,0.0234840355168208
118,your,yourive,0.0427535404617895
118,your,yourism,-0.00526320629988391
118,your,yourred,0.0414405367628395
118,your,yourments,0.0456701412048479
118,your,yourrings,0.0404543927007764
118,your,yourable,0.0297812089829007
118,your,yourably,-0.000217330208406571
118,your,yourally,0.0404543927007764
118,your,yourance,0.0404543927007764
118,your,youreers,-0.000226171323864143
118,your,yourings,0.0166577882381756
118,your,yourness,0.0111961101434625
118,your,yourment,0.0436648139867639
118,your,yourlies,0.0404543927007764
118,your,yourability,0.0440373186199621
118,your,yourabilities,0.0404543927007764
118,your,yournessed,0.0414405367628395
118,pocket,pocketor,0.288191656215842
118,pocket,pocketer,0.149862866301636
118,pocket,pocketes,0.125021742204956
118,pocket,pocketed,0.264951277514994
118,pocket,pocketable,0.292711457717711
118,pocket,pocketeers,0.118459306244039
118,pocket,pocketings,0.175393852910899
118,pocket,pocketized,0.104906898489889
118,pocket,pocketness,0.22051587437725
118,pocket,pocketting,0.156038705890009
118,pocket,pocketters,0.195671872671189
118,pocket,pockets,0.384524724707451
118,pocket,pocketability,0.244862258939376
118,pocket,pocketize,0.244312478839851
118,pocket,pocketism,0.172805485726696
118,pocket,pocketing,0.240528372921679
118,pocket,pocketeer,0.255577962759068
118,pocket,pocketers,0.0992379947823796
118,pocket,pocketted,0.191300251675898
118,pocket,pocketables,0.232997726614845
118,pocket,pockettable,0.195671872671189
118,day,daic,-0.00706659273751429
118,day,dayers,0.126415499785864
118,day,daying,0.0433948194358687
118,day,dayive,0.0941864576983
118,day,dayity,0.0492606257541923
118,day,dayals,0.04324665008573
118,day,dayeer,0.0681485353561192
118,day,dayallied,0.0919451398187201
118,day,daied,0.0919451398187201
118,day,daies,0.101911501491546
118,day,daier,-0.0111704108516051
118,day,daics,-0.0415043484271074
118,day,dayic,-0.060479851386063
118,day,dayed,0.0434739998176512
118,day,dayes,0.0871263065677984
118,day,dayer,0.0812408688734377
118,day,dayal,0.0679935127341616
118,day,dayly,0.0902877080270906
118,day,dayor,0.0919956639113328
118,day,dayable,0.0971706653608743
118,day,dayance,0.0919451398187201
118,day,dayally,0.0492606257541923
118,day,dayence,0.0492606257541923
118,day,dayives,0.0919451398187201
118,day,dayings,0.0763009205532878
118,day,dayment,0.0700504949209065
118,day,daylies,0.0255847939764145
118,day,dayness,0.102143963055599
119,interview,interviews,0.449313143733793
119,interview,interviewor,0.202685288918505
119,interview,interviewal,0.155480323340103
119,interview,interviewer,0.400477926162169
119,interview,interviewes,0.187835563248291
119,interview,interviewed,0.423747613776921
119,interview,interviewability,0.13261393639561
119,interview,interviewables,0.155480323340103
119,interview,interviewancy,0.202485914612953
119,interview,interviewable,0.219177389564724
119,interview,intervieweers,0.155480323340103
119,interview,interviewings,0.197420891347834
119,interview,interviewions,0.202485914612953
119,interview,interviewness,0.155480323340103
119,interview,interviewers,0.33722440199608
119,interview,intervieweds,0.202485914612953
119,interview,intervieweer,0.211072461392467
119,interview,interviewize,0.178689310150352
119,interview,interviewing,0.358235084136336
119,thank,thankiving,0.181318547405591
119,thank,thankals,0.135140395855054
119,thank,thanking,0.274992311161229
119,thank,thankkal,0.0644902653888214
119,thank,thankers,0.19450769387756
119,thank,thankor,0.0390003612614698
119,thank,thanker,0.18697004228792
119,thank,thankes,0.127532351290309
119,thank,thanked,0.235162220141996
119,thank,thankly,0.196816450918241
119,thank,thankal,0.127541766905555
119,thank,thankably,0.112274008910561
119,thank,thankable,0.140637983380951
119,thank,thankings,0.166096887720738
119,thank,thankisms,0.181318547405591
119,thank,thankking,0.112274008910561
119,thank,thanklies,0.157521942942991
119,thank,thankness,0.161768763166837
119,you,youive,0.0286167080119295
119,you,youism,0.0181583878026736
119,you,youial,0.041240474308857
119,you,youion,0.0338715459349036
119,you,youing,0.0260800941609169
119,you,youers,0.0128512662680654
119,you,youals,0.0338715459349036
119,you,youable,0.0338715459349036
119,you,youance,-0.0294092381565925
119,you,youings,-0.0132102103423696
119,you,youment,0.0338715459349036
119,you,youlies,0.0338715459349036
119,you,youlied,-0.00654285121209937
119,you,youness,-0.0199979476569701
119,you,youality,0.0417607685376572
119,you,youor,0.0416076771255865
119,you,youed,0.0277417570694503
119,you,youal,0.0296798379646866
119,you,youly,-0.00697499939138044
119,you,youic,0.0346972220028567
119,you,youes,0.0299062722445624
119,you,youer,0.0448611746491747
119,you,youiving,0.0346972220028567
119,you,youations,-0.00654285121209937
120,tv,tvly,0.0880494233853115
120,tv,tvism,0.13317742494601
120,tv,tvities,0.0962594556846559
120,tv,tvlies,0.0733930687401628
120,tv,tvness,0.144289509033834
120,on,onness,0.019184754100231
120,on,onism,0.00744535347543458
120,computer,computeration,0.0444706998652226
120,computer,computerative,0.0961453273724998
120,computer,computerority,0.144167842671262
120,computer,computerrible,0.0732789404280066
120,computer,computerrized,0.0851016924026401
120,computer,computerically,0.140737137542987
120,computer,computerations,0.140737137542987
120,computer,computerabilities,0.0732789404280066
120,computer,computering,0.0888705908967784
120,computer,computerism,0.0627505310270063
120,computer,computerers,0.116940533080386
120,computer,computerred,0.153201809590458
120,computer,computerror,0.0932280350586918
120,computer,computers,0.374345787305991
120,computer,computerable,0.140737137542987
120,computer,computerence,0.140737137542987
120,computer,computerials,0.140737137542987
120,computer,computerions,0.140737137542987
120,computer,computerness,0.135844702396758
120,computer,computerring,0.116940533080386
120,computer,computerrors,0.0961453273724998
120,computer,computeror,0.134589429560399
120,computer,computerly,0.117521539186151
120,computer,computeric,0.0909284676167897
120,computer,computerer,0.123273907328325
120,computer,computeres,0.150582400345827
120,computer,computered,0.0940988946413188
120,computer,computeral,0.133053617263385
121,sit,sits,0.318434971901308
121,sit,sitivities,0.166935634049198
121,sit,sitly,0.189802020993691
121,sit,sitor,0.0354621313797296
121,sit,sital,0.0648496029608856
121,sit,sitability,0.197523274260731
121,sit,sitables,0.150711674319669
121,sit,sitively,0.0936619864001069
121,sit,sitiving,0.189802020993691
121,sit,sitivity,0.106076315127339
121,sit,sitizing,0.189802020993691
121,sit,sittable,0.172814012286937
121,sit,sitism,0.150711674319669
121,sit,sitive,0.0826678446011889
121,sit,sitial,0.0812016487914548
121,sit,sitors,0.0545716397260843
121,sit,sittal,0.189802020993691
121,sit,sitted,0.202318849402269
121,sit,sittor,-0.00738509389243135
121,sit,siteer,0.189802020993691
121,sit,siteor,0.0665542919333615
121,sit,sitable,0.146857252045059
121,sit,sitably,0.138127393486414
121,sit,siteers,0.189802020993691
121,sit,sitical,0.189802020993691
121,sit,sitible,0.166935634049198
121,sit,sitizes,0.189802020993691
121,sit,sitizer,0.166935634049198
121,sit,sitives,0.189802020993691
121,sit,sitness,0.220656374971765
121,sit,sittability,0.238203838285372
121,and,ands,0.00951396672338127
121,and,andability,0.00818750992350514
121,and,andmenting,0.00674799443457034
121,and,andically,0.00691248818168224
121,and,andabilities,0.00691248818168224
121,and,andly,0.0079592134719376
121,and,andor,0.0081365342316146
121,and,andic,0.00708680291520944
121,and,anded,0.00973701810451341
121,and,ander,-0.00581870394088592
121,and,andal,0.00303609160041674
121,and,andallied,0.0072130729547869
121,and,andallies,0.00703414752324862
121,and,andations,0.00703414752324862
121,and,andanced,0.00703414752324862
121,and,andation,0.00728350871433493
121,and,andative,0.00785318611257352
121,and,anderity,0.00674799443457034
121,and,andiving,0.00703414752324862
121,and,andities,0.00728350871433493
121,and,andments,0.0077753294575317
121,and,andliness,0.00674799443457034
121,and,andmently,0.00691248818168224
121,and,andeor,0.0072130729547869
121,and,andeer,-0.0191713092723969
121,and,andeds,0.00703414752324862
121,and,anddor,0.00728350871433493
121,and,anders,0.00144449002952797
121,and,andded,0.00734564434470431
121,and,andder,-0.0170486100280305
121,and,anddal,0.00674799443457034
121,and,andive,0.00828262629900994
121,and,andity,-0.00565792229540813
121,and,andion,-0.00481053943198549
121,and,anding,0.00791951794593756
121,and,andics,-0.00194304132413383
121,and,andial,0.00730228502497192
121,and,andize,0.00674799443457034
121,and,andals,0.00770066873390832
121,and,andors,0.00251328430037326
121,and,andable,0.00758078464646153
121,and,andance,0.00229812575836671
121,and,andding,0.0074518791508814
121,and,andence,-0.0177715674140354
121,and,andeers,0.00703414752324862
121,and,andials,0.00674799443457034
121,and,andical,0.00691248818168224
121,and,andized,0.00674799443457034
121,and,andions,0.00674799443457034
121,and,andings,0.00838849884148954
121,and,andives,0.00691248818168224
121,and,andment,0.00847102476011024
121,and,andlies,0.00758078464646153
121,and,andness,0.00728350871433493
121,and,anderness,0.00691248818168224
121,reach,reachabled,0.168975244274512
121,reach,reachables,0.0155041754225466
121,reach,reachal,0.0841892500484489
121,reach,reaches,0.288656544245468
121,reach,reacher,0.127080181306312
121,reach,reached,0.31177403661547
121,reach,reachly,0.0944713561596875
121,reach,reachor,0.146145983666965
121,reach,reachibility,0.0927207833109133
121,reach,reachs,0.148663831503297
121,reach,reachableness,0.180175453167982
121,reach,reacheds,0.1192476311151
121,reach,reachers,0.0498029882230744
121,reach,reaching,0.328017613917596
121,reach,reachion,0.0944713561596875
121,reach,reachher,0.146145983666965
121,reach,reachhed,0.166710054172037
121,reach,reachably,0.0676421313718149
121,reach,reachable,0.213574746285555
121,reach,reachions,0.146145983666965
121,reach,reachings,0.0977360059534592
121,reach,reachment,0.0613228631039558
121,reach,reachness,0.185475675784413
121,reach,reachability,0.154461877747419
121,reach,reachabilities,0.176140749303919
121,test,testibility,0.16144637224389
121,test,testicalities,0.167000850655581
121,test,tests,0.448602983927801
121,test,testables,0.0883956169494422
121,test,testicals,0.160475233709664
121,test,testitied,0.0822920361605529
121,test,testments,0.0365592622715666
121,test,testtable,0.1571729964423
121,test,testeer,0.0667870298639024
121,test,testeds,0.129399556699351
121,test,testive,0.171071778093588
121,test,testion,0.111603901488114
121,test,testing,0.412471214278895
121,test,testity,0.102979967295637
121,test,testial,0.14320424619298
121,test,testors,0.0381531550342098
121,test,testted,0.149276915303381
121,test,testter,0.0855624120755823
121,test,testably,0.157178014063195
121,test,testable,0.240247934438087
121,test,testeers,0.167000850655581
121,test,testible,0.150773684943491
121,test,testical,0.161279764936965
121,test,testings,0.192948992212307
121,test,testions,0.171071778093588
121,test,testment,0.086260493622475
121,test,testting,0.156262450130099
121,test,testters,0.167000850655581
121,test,testly,0.121382382834575
121,test,testor,0.110457826273187
121,test,tested,0.338438082269576
121,test,testes,0.16799007482288
121,test,testal,0.0512862646208894
121,test,testability,0.236640935765972
121,test,testtables,0.171071778093588
122,culpeper,culpepers,0.494413464125766
122,national,nationals,0.219316725886269
122,national,nationalals,0.117314303137472
122,national,nationaling,0.122415634563102
122,national,nationallys,0.114522621067904
122,national,nationalality,0.114522621067904
122,national,nationaliving,0.0709555454343196
122,national,nationallized,0.119379027228263
122,national,nationalable,0.0709555454343196
122,national,nationallied,0.0331614930186232
122,national,nationalness,0.103042112841744
122,national,nationaler,0.125642691381353
122,national,nationales,0.212984103484449
122,national,nationalal,0.109054415236176
122,national,nationalor,0.117314303137472
122,national,nationally,0.244006561215039
122,national,nationalalities,0.0907260166053034
122,cemetery,cemeteriness,0.303059244995504
122,cemetery,cemeterys,0.329971973563737
122,cemetery,cemeteries,0.581378344150161
122,cemetery,cemeteried,0.262378680970864
122,cemetery,cemeteryal,0.303059244995504
122,cemetery,cemeteryor,0.279262640532903
122,cemetery,cemeteriers,0.314275810228285
122,cemetery,cemeterying,0.279262640532903
123,von,vons,0.104223360338814
123,von,vonisms,0.236069429218041
123,von,vonness,0.147617237160826
123,von,vonly,0.110469699430858
123,von,vonity,0.187751046716747
123,willebrand,willebrands,0.498738362569455
123,disease,diseasal,0.169648346045812
123,disease,diseaser,0.204872585170136
123,disease,diseases,0.622690569456091
123,disease,diseased,0.372521736333851
123,disease,diseasements,0.182495251019265
123,disease,diseaseive,0.15913748866103
123,disease,diseasement,0.188864006134895
123,disease,diseasing,0.237922838716642
123,disease,diseaseor,0.214698350924636
123,disease,diseasers,0.206291855481866
123,disease,diseasees,0.190238585525775
123,disease,diseaseds,0.206291855481866
123,disease,diseaseed,0.206291855481866
124,bowflex,bowflexs,0.530721031714676
124,power,powerallies,0.134710219605861
124,power,powerallied,0.134710219605861
124,power,powerably,0.134710219605861
124,power,powerable,0.186201916397982
124,power,powerisms,0.0903540037469115
124,power,powerings,0.0940296555812204
124,power,powerizer,0.129214104473553
124,power,powerized,0.102574575457008
124,power,powerlies,0.11091361514326
124,power,powerment,0.133440904279893
124,power,powerness,0.133647838920868
124,power,powerring,0.125213607891724
124,power,powerics,0.137994008442987
124,power,powerize,0.120401586820596
124,power,powerism,0.0980170442242927
124,power,powerive,0.134710219605861
124,power,powering,0.227037357205544
124,power,powerion,0.0903540037469115
124,power,powerers,0.120698473886129
124,power,powereds,0.101491757658116
124,power,powerred,0.137955119621312
124,power,powerability,0.134710219605861
124,power,poweric,0.125946963638818
124,power,powered,0.100538334271688
124,power,powerer,0.103047738202594
124,power,poweres,0.12354369733193
124,power,poweror,0.142706260442228
124,power,powerly,0.118557892343376
124,power,poweral,0.141947957433352
124,power,powerabilities,0.134710219605861
124,power,powerizers,0.0552114518719714
124,power,powerizing,0.0980170442242927
124,power,powerments,0.134710219605861
124,power,powerrings,0.0903540037469115
124,power,powerrizer,0.0674876168024183
124,power,powerrizers,0.0963217870487503
124,pro,pror,0.134052703803352
124,pro,pros,0.232596641710154
124,pro,proables,0.0844403394764598
124,pro,proation,0.180676033728571
124,pro,proative,0.114536826357612
124,pro,proiveds,0.134522998260412
124,pro,proments,0.111656611315918
124,pro,proority,0.0638728677941789
124,pro,proritys,0.134522998260412
124,pro,proive,0.0334759179678734
124,pro,proism,0.156879429265971
124,pro,proity,0.0828483707531345
124,pro,proing,0.0758072267217794
124,pro,proion,0.0383829636668273
124,pro,proeds,0.180676033728571
124,pro,proers,0.134522998260412
124,pro,proal,0.0650213034705448
124,pro,proes,0.139896343302616
124,pro,proer,0.0954723179260318
124,pro,proed,0.0648904046648528
124,pro,proic,0.0828483707531345
124,pro,proor,0.137543644446069
124,pro,prors,0.207734894824256
124,pro,prorities,0.0952121787776391
124,pro,proativeness,0.126449572246682
124,pro,proorities,0.139995469703931
124,pro,proability,0.0324364278522789
124,pro,proabilities,0.0942877676165793
124,pro,proally,0.126449572246682
124,pro,proable,0.0710248806332887
124,pro,proably,0.0480614370506946
124,pro,proency,0.134522998260412
124,pro,proence,0.134522998260412
124,pro,proized,0.134522998260412
124,pro,proizer,0.180676033728571
124,pro,proizes,0.134522998260412
124,pro,proived,0.0954326515863891
124,pro,proives,0.0496998776974028
124,pro,proment,0.0567147520382788
124,pro,proness,0.135185308411013
124,pro,prority,0.0829633370933037
124,pro,promently,0.0308747736313886
125,butter,butterers,0.328777347574634
125,butter,buttering,0.328688654199282
125,butter,butterity,0.288344704106817
125,butter,butterize,0.288344704106817
125,butter,butterlys,0.198892516313618
125,butter,butterred,0.270192023811031
125,butter,butterror,0.237982862987641
125,butter,butterable,0.237982862987641
125,butter,butterance,0.237982862987641
125,butter,butterings,0.215116476043147
125,butter,butterlied,0.237982862987641
125,butter,butterlies,0.125183584905397
125,butter,butterment,0.288344704106817
125,butter,butterness,0.247664140082177
125,butter,butteror,0.282595466910773
125,butter,butterly,0.15237604484704
125,butter,butterer,0.253363319131363
125,butter,butteres,0.234567923606781
125,butter,buttered,0.472633517550679
125,butter,butteral,0.237982862987641
125,butter,butters,0.383841957884792
125,and,ands,0.00951396672338127
125,and,andability,0.00818750992350514
125,and,andmenting,0.00674799443457034
125,and,andically,0.00691248818168224
125,and,andabilities,0.00691248818168224
125,and,andly,0.0079592134719376
125,and,andor,0.0081365342316146
125,and,andic,0.00708680291520944
125,and,anded,0.00973701810451341
125,and,ander,-0.00581870394088592
125,and,andal,0.00303609160041674
125,and,andallied,0.0072130729547869
125,and,andallies,0.00703414752324862
125,and,andations,0.00703414752324862
125,and,andanced,0.00703414752324862
125,and,andation,0.00728350871433493
125,and,andative,0.00785318611257352
125,and,anderity,0.00674799443457034
125,and,andiving,0.00703414752324862
125,and,andities,0.00728350871433493
125,and,andments,0.0077753294575317
125,and,andliness,0.00674799443457034
125,and,andmently,0.00691248818168224
125,and,andeor,0.0072130729547869
125,and,andeer,-0.0191713092723969
125,and,andeds,0.00703414752324862
125,and,anddor,0.00728350871433493
125,and,anders,0.00144449002952797
125,and,andded,0.00734564434470431
125,and,andder,-0.0170486100280305
125,and,anddal,0.00674799443457034
125,and,andive,0.00828262629900994
125,and,andity,-0.00565792229540813
125,and,andion,-0.00481053943198549
125,and,anding,0.00791951794593756
125,and,andics,-0.00194304132413383
125,and,andial,0.00730228502497192
125,and,andize,0.00674799443457034
125,and,andals,0.00770066873390832
125,and,andors,0.00251328430037326
125,and,andable,0.00758078464646153
125,and,andance,0.00229812575836671
125,and,andding,0.0074518791508814
125,and,andence,-0.0177715674140354
125,and,andeers,0.00703414752324862
125,and,andials,0.00674799443457034
125,and,andical,0.00691248818168224
125,and,andized,0.00674799443457034
125,and,andions,0.00674799443457034
125,and,andings,0.00838849884148954
125,and,andives,0.00691248818168224
125,and,andment,0.00847102476011024
125,and,andlies,0.00758078464646153
125,and,andness,0.00728350871433493
125,and,anderness,0.00691248818168224
125,margarine,margarinal,0.375111372964411
125,margarine,margarined,0.435679135712456
125,margarine,margarines,0.569455461366815
126,us,usly,0.027459525307845
126,us,usism,0.0450263629313985
126,us,uslys,0.0407732922552943
126,us,usness,0.0387199131514149
126,capitol,capitoler,0.248239582400689
126,capitol,capitoles,0.25833810862599
126,capitol,capitolic,0.248239582400689
126,capitol,capitolal,0.29901867265063
126,capitol,capitolations,0.248239582400689
126,capitol,capitolizing,0.218151122233575
126,capitol,capitolers,0.248239582400689
126,capitol,capitolize,0.0701991252309716
126,capitol,capitolism,0.281731192071903
126,capitol,capitolial,0.248239582400689
126,capitol,capitolizes,0.196564954893412
126,capitol,capitolized,0.172023506791319
126,capitol,capitollize,0.248239582400689
126,capitol,capitols,0.361214387657597
126,capitol,capitolization,0.0901428141885886
126,map,maps,0.223429226739066
126,map,mapable,0.091218946858113
126,map,mapings,0.00173844999611906
126,map,mapness,0.0714886409265671
126,map,mappers,0.0833404420969968
126,map,mapor,-0.0526849199465144
126,map,mapal,-0.00368312875221052
126,map,maped,-0.0238679246613774
126,map,maper,0.0412628360160317
126,map,mapes,-0.00200472504972131
126,map,mapic,0.01775752222281
126,map,mappable,0.0970901463759753
126,map,mapability,0.0904594619090515
126,map,mappability,-0.0477019594021658
126,map,mapped,0.113007010524892
126,map,mapper,0.0932402245581619
126,map,mappal,0.0424190140207596
126,map,mapism,0.096195794520796
126,map,maping,0.0802212091202695
126,map,mapion,0.0783820947916472
126,map,mapics,0.0485857869963349
126,map,mapers,0.0699734373634297
126,map,mapeer,0.0985224979295853
126,map,mapals,-0.0705683463466589
127,county,countiers,0.163364193842704
127,county,countying,0.111502600936028
127,county,countyers,0.165279381436065
127,county,countyallied,0.119728206443638
127,county,countyness,0.169308345158007
127,county,countys,0.218038780241141
127,county,countic,0.096861819499145
127,county,countyer,0.111502600936028
127,county,countyes,0.0994633926987176
127,county,countyal,0.147482446063042
127,county,countyor,0.165515466561371
127,county,countied,0.158636590955692
127,county,countier,0.141482776973464
127,county,counties,0.509099346153327
127,tourism,tourismism,0.233405821068129
127,tourism,tourisming,0.173130401071093
127,tourism,tourismor,0.197057402998517
127,tourism,tourismes,0.129263870838811
127,tourism,tourismic,0.173130401071093
127,tourism,tourismal,0.232889516319132
127,tourism,tourisms,0.265222952651405
128,atypical,atypicaliving,0.324392427316895
128,atypical,atypicalities,0.434679787007802
128,atypical,atypicalness,0.429162635768254
128,atypical,atypicality,0.436537330838751
128,atypical,atypically,0.354543144597518
128,atypical,atypicals,0.538067255639051
128,atypical,atypicity,0.363482773990917
128,atypical,atypics,0.278659653427908
128,atypical,atypic,0.404132384813957
128,squamous,squamously,0.451550230001821
128,squamous,squamousness,0.451550230001821
128,cells,cell,0.522556138421897
128,cells,cellation,0.105629422106923
128,cells,cellerity,0.255764783112352
128,cells,cellers,0.0862163049707377
128,cells,celleer,0.206676502399461
128,cells,cellity,-0.042365287218691
128,cells,cellism,0.206676502399461
128,cells,celling,0.130109419006092
128,cells,cellion,0.0770828329784568
128,cells,cellial,0.220327259740075
128,cells,cellics,0.206676502399461
128,cells,cellled,0.266610654929878
128,cells,celller,0.206676502399461
128,cells,cellations,0.167586155725439
128,cells,cellency,0.155001874892184
128,cells,cellence,0.0348156914130095
128,cells,cellings,0.0893532200547908
128,cells,cellions,0.0689392440097959
128,cells,cellling,0.183810115454968
128,cells,cellness,0.249430938838195
128,cells,cellability,0.206676502399461
128,cells,cellly,0.255764783112352
128,cells,celles,-0.0222391229764025
128,cells,celled,0.39758524786258
128,cells,celler,0.0407528123267305
128,cells,cellic,0.16749101016251
128,cells,cellal,0.183810115454968
129,iowa,iowas,0.311007363337376
129,iowa,iowaism,0.237302344946651
129,iowa,iowaity,0.0381259527807781
129,iowa,iowaness,0.21350574048405
129,food,foodliness,0.0675635562714228
129,food,fooded,0.101430267220965
129,food,foodal,0.0649224734342431
129,food,foodes,0.0955784973852842
129,food,fooder,0.151269976025806
129,food,foodly,0.0935872187616495
129,food,foodor,0.127861531861276
129,food,foods,0.417408144867297
129,food,foodable,0.147211232330388
129,food,foodings,0.13241341452359
129,food,foodized,0.132040724758664
129,food,foodizer,0.148336266228985
129,food,foodisms,0.117830981902832
129,food,foodness,0.160792779759332
129,food,foodors,0.108244120296063
129,food,foodism,0.198433754158147
129,food,foodity,0.13954500591144
129,food,fooding,0.150993902750866
129,food,fooders,0.181603368294113
129,food,foodically,0.135259440155887
129,food,foodables,0.0913601607340237
129,food,foodities,0.0486985137047137
129,food,foodizing,0.132040724758664
129,stamp,stampables,0.283499951555722
129,stamp,stampability,0.240333498735609
129,stamp,stampable,0.339782722899289
129,stamp,stampings,0.196662657480115
129,stamp,stampness,0.30481066722285
129,stamp,stampping,0.251033886722814
129,stamp,stamppals,0.30481066722285
129,stamp,stamps,0.581860018735499
129,stamp,stampabilities,0.33694837732595
129,stamp,stampers,0.449841641517153
129,stamp,stampeds,0.253805165897146
129,stamp,stampity,0.253805165897146
129,stamp,stamping,0.418516276713164
129,stamp,stampion,0.253805165897146
129,stamp,stampism,0.28101406276025
129,stamp,stampics,0.26413010319821
129,stamp,stampped,0.262868244774007
129,stamp,stamppal,0.30481066722285
129,stamp,stampor,0.26812493175032
129,stamp,stamply,0.129891698660115
129,stamp,stampic,0.317736361624888
129,stamp,stamped,0.397390407309897
129,stamp,stamper,0.387729925453248
129,stamp,stampes,0.200824219255892
129,program,programically,0.119349668214734
129,program,programmibility,0.116916113412361
129,program,programeer,0.0747051316865847
129,program,programics,0.12131154546802
129,program,programity,0.12515518554528
129,program,programism,0.118424742603771
129,program,programing,0.114826021925878
129,program,programize,0.0747051316865847
129,program,programmed,0.152982770375684
129,program,programmal,0.109801960213585
129,program,programations,-0.016059842494715
129,program,programs,0.445972671090035
129,program,programed,0.0962616193042144
129,program,programes,0.0993775932095138
129,program,programic,0.044900524981757
129,program,programor,0.130934935997755
129,program,programly,0.07774417857913
129,program,programal,0.0986409058260759
129,program,programibility,0.0747051316865847
129,program,programmables,-0.0209271785386411
129,program,programmabled,0.0747051316865847
129,program,programmability,0.13393205634801
129,program,programables,-0.00410203081260958
129,program,programation,0.0325697818971409
129,program,programancy,0.0747051316865847
129,program,programable,0.0814383174658338
129,program,programably,0.0986409058260759
129,program,programeers,0.118424742603771
129,program,programence,0.12131154546802
129,program,programible,0.0796393240737827
129,program,programical,0.0230305041793075
129,program,programives,0.0906005520679902
129,program,programings,0.111372010620184
129,program,programized,0.118424742603771
129,program,programming,0.210248449304413
129,program,programment,0.0570135809445028
129,program,programness,0.0946281381411697
129,program,programmable,0.122301403825812
129,program,programmably,0.10084137944112
129,program,programmizer,0.0356147850125622
129,program,programmible,0.118424742603771
129,program,programmings,0.0705953900767347
129,program,programization,0.0747051316865847
129,program,programability,0.0970506683820966
129,program,programmabilities,0.0530105687497213
130,fact,factallys,0.11324343853611
130,fact,factality,0.11324343853611
130,fact,factation,0.11324343853611
130,fact,factative,0.11324343853611
130,fact,factically,0.177505224124592
130,fact,facticity,0.178455140414438
130,fact,factibles,0.0326512770986231
130,fact,factities,0.11324343853611
130,fact,factivity,0.108773739401739
130,fact,factizing,0.0903770515916167
130,fact,factal,0.0543726393324222
130,fact,factic,0.110725573528193
130,fact,factly,0.204600905455864
130,fact,factes,0.13022965080283
130,fact,facter,0.115055101881713
130,fact,facted,0.0718751860175611
130,fact,facts,0.263448346106043
130,fact,factliness,0.162395265410051
130,fact,factibility,-0.0573431287047598
130,fact,facticities,0.153259895104184
130,fact,factivities,0.0615688110288327
130,fact,factable,0.104754029012453
130,fact,factance,0.158530809512489
130,fact,factical,0.175757625640937
130,fact,factible,0.050508603307455
130,fact,factings,0.0903770515916167
130,fact,factized,0.158530809512489
130,fact,factives,0.0842819733315894
130,fact,factness,0.176599857452397
130,fact,factals,0.111455457797481
130,fact,factive,0.069319502404118
130,fact,factism,0.155191594771767
130,fact,factics,0.0171034039425255
130,fact,factial,0.0702570365626469
130,fact,facting,0.0973325762112978
130,fact,facters,0.101739235926017
130,fact,facteor,0.134734205049888
130,fact,facteer,0.0903770515916167
130,fact,facttor,0.140447696561992
130,on,onness,0.019184754100231
130,on,onism,0.00744535347543458
130,uranus,uranuses,0.47774316756546
131,equal,equalance,0.137667704465639
131,equal,equalancy,0.176758051139662
131,equal,equalings,0.176758051139662
131,equal,equallize,0.153891664195169
131,equal,equalling,0.208776139616032
131,equal,equalness,0.193181962221157
131,equal,equalism,0.212869934385642
131,equal,equaling,0.214385542746641
131,equal,equalive,0.176758051139662
131,equal,equaller,0.170852451880524
131,equal,equalled,0.197372871670877
131,equal,equals,0.343088744617042
131,equal,equallization,0.179165141220252
131,equal,equalation,0.176758051139662
131,equal,equaled,0.211625316384171
131,equal,equales,0.178097561118226
131,equal,equaler,0.230104948832822
131,equal,equalor,0.166943416225576
131,equal,equallable,0.176758051139662
131,equal,equallized,0.153891664195169
131,equal,equallizes,0.153891664195169
131,equal,equallizer,0.114801317521146
131,opportunity,opportunitiers,0.0708528863577036
131,opportunity,opportunitieds,0.114415785762149
131,opportunity,opportunitiors,0.109943233031726
131,opportunity,opportunitying,0.132809619976219
131,opportunity,opportunitys,0.104962743243643
131,opportunity,opportunitic,0.165785745213717
131,opportunity,opportunityor,0.179514687918005
131,opportunity,opportunityer,0.178892954249391
131,opportunity,opportunityes,0.15387532381793
131,opportunity,opportunitier,0.132809619976219
131,opportunity,opportunities,0.31655234101285
131,opportunity,opportunitied,0.125116173749354
131,opportunity,opportunitics,0.152542778372512
131,employer,employerism,0.271696613734594
131,employer,employerment,0.247900009271993
131,employer,employered,0.247608683602349
131,employer,employerer,0.199119165295035
131,employer,employeres,0.251476458011616
131,employer,employeror,0.269566515137133
131,employer,employers,0.574749257754855
132,mothers,mother,0.393681075905511
132,mothers,motherability,0.240598326937371
132,mothers,mothered,0.241194074017217
132,mothers,motheres,0.25433632668512
132,mothers,motherer,0.116733987269447
132,mothers,motheral,0.00784672899916238
132,mothers,motheror,0.123327286915304
132,mothers,motherizing,0.240598326937371
132,mothers,mothering,0.42802247706274
132,mothers,motherism,0.332104432673759
132,mothers,motherers,0.16833294879515
132,mothers,motherrings,0.326987963699993
132,mothers,motherable,0.240598326937371
132,mothers,motherings,0.240598326937371
132,mothers,motherisms,0.305706486413466
132,mothers,motherness,0.190440675522322
132,day,daic,-0.00706659273751429
132,day,dayers,0.126415499785864
132,day,daying,0.0433948194358687
132,day,dayive,0.0941864576983
132,day,dayity,0.0492606257541923
132,day,dayals,0.04324665008573
132,day,dayeer,0.0681485353561192
132,day,dayallied,0.0919451398187201
132,day,daied,0.0919451398187201
132,day,daies,0.101911501491546
132,day,daier,-0.0111704108516051
132,day,daics,-0.0415043484271074
132,day,dayic,-0.060479851386063
132,day,dayed,0.0434739998176512
132,day,dayes,0.0871263065677984
132,day,dayer,0.0812408688734377
132,day,dayal,0.0679935127341616
132,day,dayly,0.0902877080270906
132,day,dayor,0.0919956639113328
132,day,dayable,0.0971706653608743
132,day,dayance,0.0919451398187201
132,day,dayally,0.0492606257541923
132,day,dayence,0.0492606257541923
132,day,dayives,0.0919451398187201
132,day,dayings,0.0763009205532878
132,day,dayment,0.0700504949209065
132,day,daylies,0.0255847939764145
132,day,dayness,0.102143963055599
132,songs,song,0.585727809905931
132,songs,songiving,0.207069298553743
132,songs,songals,0.137018154269215
132,songs,songeer,0.159884541213708
132,songs,songger,0.166388734529102
132,songs,songgal,0.212116961998223
132,songs,songers,0.187460788545873
132,songs,songism,0.137018154269215
132,songs,songive,0.159884541213708
132,songs,songing,0.169221118165789
132,songs,songial,0.159884541213708
132,songs,songes,0.153819948773866
132,songs,songer,0.153268356253532
132,songs,songic,0.0588374609211696
132,songs,songal,-0.0508821295958281
132,songs,songed,0.135382259940178
132,songs,songor,0.0980796973278367
132,songs,songly,0.0979278075951922
132,songs,songging,0.159884541213708
132,songs,songions,0.125708170504462
132,songs,songment,0.207069298553743
132,songs,songness,0.182498572041132
133,all,alls,0.0247863387363303
133,all,allal,0.00896380438574373
133,all,allor,0.000305495507723836
133,all,allly,0.0149280476322918
133,all,alles,-0.0164727942070759
133,all,aller,-0.0529180987195633
133,all,alled,0.023177699080342
133,all,allization,-0.00309173766820279
133,all,allance,0.000866565616306332
133,all,allable,0.0240196056707607
133,all,allence,0.0138891448777024
133,all,allible,0.0212095828482547
133,all,allived,0.020704866794398
133,all,allives,0.0105730641576097
133,all,allizer,-0.019194840300457
133,all,allizes,-0.019194840300457
133,all,allions,-0.00927089440895856
133,all,allings,-0.0170856628357028
133,all,allisms,-0.019194840300457
133,all,allment,0.000533279850136733
133,all,alllors,0.020704866794398
133,all,alllied,0.000640737621520649
133,all,alllies,0.0208522649145359
133,all,allness,0.025313801158866
133,all,allables,-0.0199756972302425
133,all,allanced,0.0150137581970043
133,all,allances,0.0105102381012802
133,all,allative,-0.00543230731434734
133,all,allation,0.00704674973515854
133,all,allive,0.0140338583559402
133,all,allity,0.0215828701243262
133,all,allism,0.0217665488867702
133,all,alling,0.0145926410025019
133,all,allion,0.0160501375289402
133,all,allial,-0.00950141055177493
133,all,allers,0.0149113902073666
133,all,alllor,-0.019194840300457
133,all,allled,0.0116555806700119
133,all,alller,-0.0394000611750751
133,all,alllal,0.0212095828482547
133,all,allize,0.000293760731525145
133,all,alleer,-0.0280285597502418
133,all,alleds,0.020704866794398
133,all,allals,0.020704866794398
133,all,allors,-0.0280428692081791
133,all,allities,0.0248952391323113
133,all,alliving,0.0212095828482547
133,all,allments,0.0221318669058219
133,all,allabilities,-0.000246374608604976
133,all,allallies,-0.0204626385459824
133,all,allallied,0.0079313000796927
133,all,allatives,-0.019194840300457
133,all,allations,-0.0772646086190142
133,all,allibility,0.020704866794398
133,men,mens,0.234036667260218
133,men,menically,0.166600473866138
133,men,menations,0.120997656912632
133,men,menor,0.107065100099022
133,men,menal,0.125534236085817
133,men,mened,0.102820148103969
133,men,menes,0.115959094364013
133,men,mener,0.144915393926556
133,men,menic,0.0451930172875926
133,men,menly,0.131582370641624
133,men,menable,0.0199083617719697
133,men,menance,0.127099524448751
133,men,menally,0.132877438972562
133,men,meneers,0.153366106887673
133,men,menence,0.153366106887673
133,men,menions,0.10856004457871
133,men,menings,0.110592217758168
133,men,menical,0.129576988846803
133,men,menizes,0.120997656912632
133,men,menlied,0.166600473866138
133,men,menment,0.0981312699681384
133,men,mennors,0.120997656912632
133,men,menning,0.0207531163770503
133,men,menness,-0.00150340718504527
133,men,menners,0.153516927641496
133,men,menabled,0.081907310238609
133,men,menances,0.133199101262068
133,men,menanced,0.15519914721789
133,men,menality,0.103924275229917
133,men,menation,0.0428169635645865
133,men,menicity,0.166600473866138
133,men,menities,-0.0214419447759453
133,men,meniving,0.166600473866138
133,men,mennings,0.139950648044502
133,men,menority,0.0981312699681384
133,men,menability,0.0445587817922163
133,men,menabilities,0.166600473866138
133,men,menals,0.124053845338742
133,men,menors,0.0552138367615797
133,men,mennor,0.081907310238609
133,men,menner,0.0906136489980769
133,men,menned,0.133076326226744
133,men,mennal,0.0302581841991928
133,men,menize,0.124053845338742
133,men,menive,0.176068892025477
133,men,menity,0.128989420050294
133,men,menism,0.168412164219016
133,men,mening,0.113806655489464
133,men,menion,0.153133845156426
133,men,menics,0.0752024056180114
133,men,meners,-0.00439468870630337
133,men,meneor,0.0981312699681384
133,men,meneds,0.15519914721789
133,men,meneer,0.140080610019129
133,are,aral,0.0272564432409392
133,are,arer,0.0245689628196713
133,are,aric,0.00353317516219856
133,are,aror,0.0135159461185792
133,are,arances,0.0164556685406137
133,are,arancys,-0.00743025787616483
133,are,arative,0.0232205084846182
133,are,aration,0.0184108941270954
133,are,areable,0.0166945297143421
133,are,areance,0.00915143460462395
133,are,areancy,0.0329480390672248
133,are,areally,0.0390075211118666
133,are,areions,0.0348205776271653
133,are,areives,0.0329480390672248
133,are,areials,0.0355627634244869
133,are,arelied,0.0329480390672248
133,are,arenced,0.00915143460462395
133,are,arences,0.00915143460462395
133,are,areness,0.0429887557511292
133,are,arement,-0.0309405301307531
133,are,aricals,0.00953950713540949
133,are,arition,0.0343452220726935
133,are,arities,0.0408077914281444
133,are,ariving,0.0296571014401873
133,are,arizing,0.00357416639181995
133,are,arizers,-0.00743025787616483
133,are,aritions,0.0348205776271653
133,are,arizings,0.00915143460462395
133,are,arals,0.0221847171430047
133,are,areed,0.00189696651602223
133,are,areal,0.0220485503576674
133,are,arers,0.0267097239377664
133,are,areor,0.031060723766897
133,are,arely,0.0190305999819188
133,are,areer,0.0283930104096018
133,are,arees,0.0184108941270954
133,are,areic,-0.0127166759478584
133,are,arics,0.0117059225423163
133,are,arize,-0.0469152718466462
133,are,arive,0.019882538947571
133,are,arity,0.0285541369106195
133,are,arion,-0.00334083399321185
133,are,arors,0.0337512030974722
133,are,arations,0.0293558161411952
133,are,aratively,0.0337512030974722
133,are,arization,-0.00792101829676489
133,are,areations,-0.0868570384840694
133,are,arancy,-0.00743025787616483
133,are,arance,-0.0229615344500413
133,are,arally,0.0329480390672248
133,are,areals,0.0196908147263048
133,are,areers,0.00336582263719369
133,are,areeds,0.02069365202806
133,are,areors,0.0329480390672248
133,are,areial,0.0189386543547446
133,are,areize,0.0329480390672248
133,are,areive,0.0337512030974722
133,are,areity,-0.00773252495741575
133,are,areism,0.0329480390672248
133,are,areion,0.0252858339598149
133,are,areing,0.0347853857911899
133,are,arelys,-0.00840816641735239
133,are,arency,0.0129684039163147
133,are,arence,0.0166925087281388
133,are,arions,-0.017576788700244
133,are,arical,-0.0554464561083059
133,are,arible,0.00953950713540949
133,are,aritys,-0.00743025787616483
133,are,arives,0.0372074734912415
133,are,arived,0.0357616094487922
133,are,arizes,0.0321281156091203
133,are,arizer,-0.008171988171567
133,are,arized,0.0245683082353994
133,are,areality,0.0273054051055779
133,are,areative,0.0337512030974722
133,are,areation,0.0197874840693829
133,are,areiving,0.0352188508472285
133,are,arements,0.010106022669711
133,are,arencies,-0.00743025787616483
133,are,arenessing,0.0329480390672248
133,created,creatability,0.0881519380963366
133,created,creatables,0.0700913623417749
133,created,creatation,0.0435226617471588
133,created,creatative,0.0374025522261245
133,created,createable,0.154517200360326
133,created,createment,0.108052682692357
133,created,creaticity,0.0829803610622661
133,created,creatition,0.108052682692357
133,created,creatizing,0.153128890793298
133,created,createables,0.156861665809922
133,created,createation,0.159622420906764
133,created,creability,0.0374025522261245
133,created,creatable,0.128879805933067
133,created,createers,0.0851862957478641
133,created,createeds,0.108052682692357
133,created,createive,0.0419454513631706
133,created,createion,0.0563780551850801
133,created,createing,0.0486907522547783
133,created,createors,0.153128890793298
133,created,creatical,0.0563780551850801
133,created,creatible,0.115189444415685
133,created,creatings,0.103063441165287
133,created,createabilities,0.0563780551850801
133,created,creatabilities,0.108052682692357
133,created,creibility,0.129332286330698
133,created,createability,0.112927482294931
133,created,creables,0.108052682692357
133,created,creatics,0.112913276667507
133,created,creating,0.305361947438721
133,created,creatity,0.0348749418060206
133,created,creaters,-0.0152811509984372
133,created,createds,0.12205077894042
133,created,createed,0.0172345020614875
133,created,createer,0.0851862957478641
133,created,createes,0.00489476576858503
133,created,createal,0.153128890793298
133,created,creately,0.0717677627440173
133,created,createor,0.111428439194153
133,created,createic,0.0563780551850801
133,created,creatations,0.108052682692357
133,created,creibles,-0.0245541813923912
133,created,creable,0.112448326768658
133,created,creatic,0.115131745741142
133,created,creatal,0.108052682692357
133,created,creater,0.101184543220556
133,created,creates,0.267865691014252
133,created,creible,-0.00863474627925014
133,created,create,0.212746159009375
133,created,creatativity,0.0563780551850801
133,equal,equalance,0.137667704465639
133,equal,equalancy,0.176758051139662
133,equal,equalings,0.176758051139662
133,equal,equallize,0.153891664195169
133,equal,equalling,0.208776139616032
133,equal,equalness,0.193181962221157
133,equal,equalism,0.212869934385642
133,equal,equaling,0.214385542746641
133,equal,equalive,0.176758051139662
133,equal,equaller,0.170852451880524
133,equal,equalled,0.197372871670877
133,equal,equals,0.343088744617042
133,equal,equallization,0.179165141220252
133,equal,equalation,0.176758051139662
133,equal,equaled,0.211625316384171
133,equal,equales,0.178097561118226
133,equal,equaler,0.230104948832822
133,equal,equalor,0.166943416225576
133,equal,equallable,0.176758051139662
133,equal,equallized,0.153891664195169
133,equal,equallizes,0.153891664195169
133,equal,equallizer,0.114801317521146
134,electronic,electronicing,0.173011843929556
134,electronic,electronicism,0.144972570556182
134,electronic,electronicity,0.121175966093581
134,electronic,electronicize,0.139305542514917
134,electronic,electronicals,0.180595369916822
134,electronic,electronicization,0.198448534153483
134,electronic,electronicly,0.141128487080612
134,electronic,electronicor,0.196204374142215
134,electronic,electronices,0.218889699554387
134,electronic,electronicer,0.175334629334629
134,electronic,electroniced,0.198448534153483
134,electronic,electronicic,0.190178742902877
134,electronic,electronical,0.211334478606356
134,electronic,electronications,0.139305542514917
134,electronic,electronication,0.185653134580822
134,electronic,electroniccally,0.172883208346018
134,electronic,electronicially,0.171754394235979
134,electronic,electronicizing,0.161856530118222
134,electronic,electronically,0.353761070735636
134,electronic,electronicisms,0.190178742902877
134,electronic,electronicized,0.160094689830028
134,electronic,electronicness,0.0856020691546226
134,skeet,skeeting,0.461219182264286
134,skeet,skeeteer,0.427093023669987
134,skeet,skeeters,0.272833297906752
134,skeet,skeetter,0.394249370072614
134,skeet,skeets,0.426658890250368
134,skeet,skeetor,0.467773587694627
134,skeet,skeetly,0.410397809312671
134,skeet,skeeted,0.458879677138
134,skeet,skeetes,0.263617955131146
134,skeet,skeeter,0.285245641310697
134,skeet,skeetal,0.358723181805393
134,shoot,shooterness,0.210700379509492
134,shoot,shootability,0.232137440225501
134,shoot,shootable,0.285292070318224
134,shoot,shootical,0.210700379509492
134,shoot,shootings,0.29291097466114
134,shoot,shootions,0.236155749350184
134,shoot,shootized,0.210700379509492
134,shoot,shootters,0.187833992564999
134,shoot,shootting,0.252773948434664
134,shoot,shoots,0.427595485735364
134,shoot,shootor,0.236155749350184
134,shoot,shootes,0.179315447644125
134,shoot,shooter,0.434854290755931
134,shoot,shootic,0.200240222702703
134,shoot,shootly,0.187833992564999
134,shoot,shooted,0.216926887640237
134,shoot,shootors,0.210700379509492
134,shoot,shootter,0.224616909540081
134,shoot,shooting,0.477235101426203
134,shoot,shootion,0.148743645890976
134,shoot,shooteer,0.235578137534289
134,shoot,shooters,0.365234736129787
134,shoot,shoottings,0.187833992564999
135,source,sourcability,0.126248153850988
135,source,sources,0.270482408301972
135,source,sourcer,0.108332794576715
135,source,sourced,0.161669393991927
135,source,sourcing,0.14171347665424
135,source,sourceds,0.136783208631145
135,source,sourceer,0.146070047970238
135,source,sourcees,0.110601968374319
135,source,sourceor,0.104381860186453
135,source,sourcers,0.150952876107349
135,source,sourcable,0.16854953786003
135,source,sourcably,0.140127836031702
135,source,sourceals,0.09555984366852
135,source,sourceing,0.0779871022355473
135,source,sourceeer,0.143543688407847
135,source,sourcings,0.106228063345826
135,source,sourceability,0.116786025183664
135,source,sourceally,0.0726934567240268
135,source,sourceably,0.140127836031702
135,source,sourceable,0.168417532305367
135,source,sourceness,0.153622503388782
135,source,sourcities,0.09555984366852
135,of,ofly,-0.0051473773902505
135,of,ofisms,0.0059504493807601
135,of,oflies,0.00620278205320646
135,of,ofness,0.00664971872357282
135,of,ofities,-0.0724628490964451
135,of,ofity,0.00609550162185656
135,the,thority,0.00485065460940542
135,the,thal,0.00436206373141345
135,the,thes,-0.000159029012240114
135,the,ther,0.0112880183226315
135,the,thor,0.000183773996754603
135,the,theability,0.00696520476917045
135,the,theabled,0.00522848187425968
135,the,theables,0.00545019904547621
135,the,theality,-0.0136445190396593
135,the,theities,0.00522848187425968
135,the,theiveds,0.00522848187425968
135,the,theively,0.00564340911409441
135,the,theiving,0.0065314155478595
135,the,thements,-0.00781648221641546
135,the,theority,0.00552563260603846
135,the,therness,0.00646462511379051
135,the,thorness,0.00681286767950424
135,the,thals,0.00732176987722906
135,the,theor,0.00587930541256615
135,the,thers,0.00810395727524461
135,the,theal,0.00559742148291355
135,the,thely,2.72730004926271e-05
135,the,thize,0.000987604808073396
135,the,thity,0.00422362884484943
135,the,thive,0.00331629640451309
135,the,thion,0.00425104191733358
135,the,thors,0.00598104579682084
135,the,thorities,0.00632076038612616
135,the,theivings,0.00522848187425968
135,the,thancies,0.00535593493954342
135,the,thations,0.00592969128498455
135,the,thable,-0.00632691173198135
135,the,thably,0.00522848187425968
135,the,thally,-0.00340371371374911
135,the,thance,0.00652441845530087
135,the,theors,0.00597950624258972
135,the,thelys,-0.00302602406891855
135,the,theals,0.00535593493954342
135,the,theeer,0.00545019904547621
135,the,theize,-0.0423122637886189
135,the,theive,0.00669168279702309
135,the,theity,0.00458549604412262
135,the,thible,0.00642729329639583
135,the,thized,0.00545019904547621
135,the,thions,-0.00820137099915726
135,the,thitys,0.00522848187425968
135,the,thives,0.00320025437925429
135,the,thived,0.00535593493954342
135,the,theallies,0.00558883407025473
135,the,theallied,0.00552563260603846
135,the,theabilities,0.00522848187425968
135,the,thabled,0.00522848187425968
135,the,thables,-0.00104756194594208
135,the,thallys,0.00133136249688531
135,the,thality,0.00522848187425968
135,the,thances,0.00569155305082732
135,the,thanced,0.00573470601057091
135,the,thation,0.00646462511379051
135,the,theable,0.00558883407025473
135,the,theally,0.00564340911409441
135,the,theives,0.00845933991059008
135,the,theived,0.00597950624258972
135,the,theizes,0.00535593493954342
135,the,theical,0.00522848187425968
135,the,theible,0.00522848187425968
135,the,thelied,0.00522848187425968
135,the,thelies,-0.0340662479688065
135,the,theness,0.00590258534470213
135,the,thement,0.00595527353298866
135,the,thibled,0.00522848187425968
135,the,thibles,0.00545019904547621
135,the,thitied,0.00522848187425968
135,the,thities,0.00522848187425968
135,the,thiving,0.00597950624258972
135,the,thizing,0.00535593493954342
135,nile,nileds,0.349270597342117
135,nile,niling,0.244852514427671
135,nile,nileism,0.349270597342117
135,nile,niles,0.141457606481185
135,nile,niled,0.214132688792799
136,american,americalies,0.113748597927818
136,american,americaners,0.116521411877696
136,american,americaness,0.131659869686176
136,american,americaneer,0.0899519934652176
136,american,americanner,0.113748597927818
136,american,americanned,0.113748597927818
136,american,americanity,0.119566786212095
136,american,americaly,0.113748597927818
136,american,americans,0.356435742107914
136,american,americanally,0.0702117791271134
136,american,americaneers,0.127115808070978
136,american,americanible,0.113748597927818
136,american,americanness,0.140744602924878
136,american,americanal,0.0858104184776661
136,american,americaned,0.117005591484799
136,american,americaner,0.128953317801572
136,american,americanes,0.00406617416386395
136,american,americanic,0.081191311080091
136,american,americanly,0.118390586024434
136,american,americanor,0.119436534957621
136,american,americaism,0.113748597927818
136,american,americas,0.20262523350538
136,american,americanallies,0.116521411877696
136,american,americanative,0.113748597927818
136,american,americanicity,0.116521411877696
136,american,americanities,0.113748597927818
136,american,americannized,0.113748597927818
136,american,america,0.334441305544015
136,military,militaryism,0.186489867942142
136,military,militaries,0.357557380002879
136,military,militarily,0.37224222313149
136,military,militaryed,0.145868714280365
136,military,militaryly,0.134464597060138
136,military,militaryor,0.167626750507362
136,military,militarys,0.209701450911655
136,military,militaric,0.112634843491734
136,military,militariness,0.204448454449043
136,university,universityives,0.127105501642449
136,university,universitiers,0.127105501642449
136,university,universityeds,0.124080822294843
136,university,universitier,0.0410497665876951
136,university,universities,0.357533497574209
136,university,universitied,0.0427196942455624
136,university,universitics,0.124080822294843
136,university,universityor,0.125468915732705
136,university,universityic,0.124080822294843
136,university,universityer,0.124080822294843
136,university,universityes,0.104052356605188
136,university,universityed,0.127105501642449
136,university,universityal,0.135070293761203
136,university,universitys,0.240470485441305
137,rock,rockally,0.124998550536139
137,rock,rockable,0.0784103066595043
137,rock,rockably,0.128592128537334
137,rock,rockeers,0.141882510098178
137,rock,rockings,0.124195939051341
137,rock,rockisms,0.178423954189291
137,rock,rockical,0.165679114560779
137,rock,rocklies,0.165679114560779
137,rock,rocklied,0.111902334060743
137,rock,rockking,0.0956261572304809
137,rock,rockness,0.208367000800772
137,rock,rockment,0.120112313861931
137,rock,rockeds,0.0684376863546535
137,rock,rockeer,0.141882510098178
137,rock,rockals,0.124998550536139
137,rock,rockity,0.16750002982666
137,rock,rockive,0.184098350690578
137,rock,rockion,0.165679114560779
137,rock,rockism,0.189822844827225
137,rock,rocking,0.229335223737703
137,rock,rockker,0.152422287895063
137,rock,rockked,0.165679114560779
137,rock,rockality,0.165679114560779
137,rock,rockation,0.210019473949441
137,rock,rockkings,0.165679114560779
137,rock,rockization,0.169717822451922
137,rock,rockability,0.181991002414841
137,rock,rockor,0.122619073867234
137,rock,rockes,0.111679661133224
137,rock,rocked,0.208119328240342
137,rock,rockal,0.106953564431677
137,rock,rockly,0.144028706833735
137,and,ands,0.00951396672338127
137,and,andability,0.00818750992350514
137,and,andmenting,0.00674799443457034
137,and,andically,0.00691248818168224
137,and,andabilities,0.00691248818168224
137,and,andly,0.0079592134719376
137,and,andor,0.0081365342316146
137,and,andic,0.00708680291520944
137,and,anded,0.00973701810451341
137,and,ander,-0.00581870394088592
137,and,andal,0.00303609160041674
137,and,andallied,0.0072130729547869
137,and,andallies,0.00703414752324862
137,and,andations,0.00703414752324862
137,and,andanced,0.00703414752324862
137,and,andation,0.00728350871433493
137,and,andative,0.00785318611257352
137,and,anderity,0.00674799443457034
137,and,andiving,0.00703414752324862
137,and,andities,0.00728350871433493
137,and,andments,0.0077753294575317
137,and,andliness,0.00674799443457034
137,and,andmently,0.00691248818168224
137,and,andeor,0.0072130729547869
137,and,andeer,-0.0191713092723969
137,and,andeds,0.00703414752324862
137,and,anddor,0.00728350871433493
137,and,anders,0.00144449002952797
137,and,andded,0.00734564434470431
137,and,andder,-0.0170486100280305
137,and,anddal,0.00674799443457034
137,and,andive,0.00828262629900994
137,and,andity,-0.00565792229540813
137,and,andion,-0.00481053943198549
137,and,anding,0.00791951794593756
137,and,andics,-0.00194304132413383
137,and,andial,0.00730228502497192
137,and,andize,0.00674799443457034
137,and,andals,0.00770066873390832
137,and,andors,0.00251328430037326
137,and,andable,0.00758078464646153
137,and,andance,0.00229812575836671
137,and,andding,0.0074518791508814
137,and,andence,-0.0177715674140354
137,and,andeers,0.00703414752324862
137,and,andials,0.00674799443457034
137,and,andical,0.00691248818168224
137,and,andized,0.00674799443457034
137,and,andions,0.00674799443457034
137,and,andings,0.00838849884148954
137,and,andives,0.00691248818168224
137,and,andment,0.00847102476011024
137,and,andlies,0.00758078464646153
137,and,andness,0.00728350871433493
137,and,anderness,0.00691248818168224
137,gem,gems,0.441181358902383
137,gem,gemmor,0.267263082254142
137,gem,gemmed,0.307537896734479
137,gem,gemmer,0.221355746128552
137,gem,gemors,0.146573089446504
137,gem,gemial,0.22817273558012
137,gem,gemize,0.267263082254142
137,gem,gemity,0.205306348635626
137,gem,geming,0.125284010228165
137,gem,gemmal,0.196612951787909
137,gem,gemers,0.171123047660558
137,gem,gemeer,0.244396695309649
137,gem,gemals,0.244396695309649
137,gem,gemor,0.271868181249337
137,gem,gemly,0.265039278707809
137,gem,gemic,0.196774367133923
137,gem,gemes,0.0990039965303103
137,gem,gemer,0.127433669841756
137,gem,gemed,0.237010834501942
137,gem,gemal,0.111348288328041
137,gem,gemables,0.318816059207845
137,gem,gemation,0.267263082254142
137,gem,gemmings,0.244396695309649
137,gem,gemancy,0.244396695309649
137,gem,gemence,0.267263082254142
137,gem,gemizes,0.267263082254142
137,gem,gemings,0.267263082254142
137,gem,gemness,0.267263082254142
137,gem,gemming,0.299442316485015
137,gem,gemment,0.267263082254142
137,gem,gemmers,0.217084722296607
137,gem,gemability,0.318816059207845
137,shows,show,0.332431695339164
137,shows,showabilities,0.0893121310057221
137,shows,showal,0.143964473425246
137,shows,showes,0.147036687042085
137,shows,showed,0.26122518093879
137,shows,showly,0.0945285322030917
137,shows,showor,0.100515392798065
137,shows,showeer,0.0442712921379191
137,shows,showeds,0.116742003331878
137,shows,showwed,0.0832352388573231
137,shows,showwer,0.0832352388573231
137,shows,showable,0.152151245668839
137,shows,showeers,0.0605038904429381
137,shows,showness,0.155060852815311
137,shows,showment,0.0893121310057221
137,shows,showwing,0.0716894627235853
137,shows,showwers,0.0730881712761927
137,shows,showability,0.0166909379056784
137,shows,showables,0.130549014582075
138,jax,jaxs,0.386616485954653
138,jax,jaxly,0.294761545968074
138,chemical,chemicalizing,0.124385990270579
138,chemical,chemicalized,0.222941912799809
138,chemical,chemicalizes,0.212065916202046
138,chemical,chemicallies,0.153194230833363
138,chemical,chemicalling,0.176060617777856
138,chemical,chemicalization,0.208010824272368
138,chemical,chemicals,0.496823164329476
138,chemical,chemicism,0.229361450758904
138,chemical,chemicly,0.219746627301988
138,chemical,chemics,0.23231941349303
138,chemical,chemicalizations,0.153194230833363
138,chemical,chemicalize,0.085295643596556
138,chemical,chemicalism,0.153194230833363
138,chemical,chemicalled,0.176060617777856
138,chemical,chemicaleor,0.223903427036226
138,chemical,chemic,0.261855224869739
138,chemical,chemicalal,0.223903427036226
138,chemical,chemicales,0.17012664653619
138,chemical,chemicaler,0.229361450758904
138,chemical,chemicaled,0.176060617777856
138,chemical,chemicalor,0.229361450758904
138,chemical,chemically,0.437373825868986
138,company,companyable,0.112408203644906
138,company,companyallied,0.0992485777949832
138,company,companior,0.0272630651670976
138,company,companied,0.0822134905748212
138,company,companies,0.388236078121252
138,company,companier,0.0452561015971753
138,company,companics,0.0951000050601094
138,company,companyor,0.110231825728282
138,company,companyly,0.112408203644906
138,company,companyer,0.112408203644906
138,company,companyes,0.116448098420068
138,company,companyal,0.121179570527042
138,company,companic,0.0951126690880475
138,company,companys,0.181152428497163
138,company,companiers,0.115132316758175
138,company,companieds,0.062233421548545
138,company,companiors,0.0663534118411201
138,company,companyity,0.109733270084417
138,company,companying,0.0863359105865575
138,company,companyism,0.0859366656218158
139,rocky,rockieds,0.275594050633753
139,rocky,rockiers,0.275594050633753
139,rocky,rockyed,0.275594050633753
139,rocky,rockyer,0.225730636979159
139,rocky,rockyes,0.0810791655507015
139,rocky,rockyor,0.225730636979159
139,rocky,rockier,0.255572872177728
139,rocky,rockies,0.409370175088407
139,rocky,rockied,0.275594050633753
139,rocky,rockily,0.235373829514797
139,rocky,rockiness,0.248791850497875
139,rocky,rockyness,0.275594050633753
139,rocky,rockys,0.281646132765885
139,mountain,mountainization,0.212709348079573
139,mountain,mountainical,0.193932691382887
139,mountain,mountainized,0.147261448571282
139,mountain,mountainness,0.202156533173658
139,mountain,mountainners,0.147261448571282
139,mountain,mountainity,0.147261448571282
139,mountain,mountainize,0.193932691382887
139,mountain,mountaining,0.165667461941238
139,mountain,mountainism,0.193932691382887
139,mountain,mountainers,0.161832925971246
139,mountain,mountainner,0.0876426322467692
139,mountain,mountains,0.470929823779673
139,mountain,mountainor,0.162952052450286
139,mountain,mountainly,0.0955868210640044
139,mountain,mountained,0.153847236680188
139,mountain,mountainer,0.16864164382004
139,mountain,mountaines,0.119941289170688
139,news,newsor,0.0746187535802241
139,news,newsly,0.0571645950268178
139,news,newsal,0.07350401904555
139,news,newser,0.112795221105459
139,news,newses,0.0437660657861563
139,news,newsed,0.0478307018470497
139,news,newsation,0.0702089285794062
139,news,newssally,0.0702089285794062
139,news,newsable,0.0595346137712123
139,news,newsally,0.0702089285794062
139,news,newsance,0.0389497737466802
139,news,newsence,0.0295283645547656
139,news,newsings,0.0621710161063967
139,news,newsisms,0.0702089285794062
139,news,newsical,0.0582743528143751
139,news,newsment,0.0749647066873478
139,news,newslies,0.0702089285794062
139,news,newsness,0.053186281405291
139,news,newssing,0.0702089285794062
139,news,newssize,0.00550770360310976
139,news,newsability,0.0533293734686575
139,news,newsically,0.0702089285794062
139,news,newsser,0.0702089285794062
139,news,newsers,0.0839836743316403
139,news,newsing,0.0888683410042357
139,news,newsity,0.0731861838158458
139,news,newsize,-0.0892573380641833
140,east,eastance,0.147078809062368
140,east,eastable,0.14357883281828
140,east,eastings,0.142489172935081
140,east,eastness,0.132378749934317
140,east,eastic,0.0253248838310022
140,east,eastes,0.0869496791119044
140,east,easted,0.0589221741035793
140,east,eastal,0.0961390014497975
140,east,eastor,0.0987483353431035
140,east,eastly,0.11969910916595
140,east,eastment,0.0794662008137425
140,east,easts,0.118008011371638
140,east,eastiality,0.107261736742591
140,east,eastality,0.0597855931203168
140,east,eastments,0.0988759397943393
140,east,easteer,0.0946384672071334
140,east,easteds,0.119782228355679
140,east,eastion,0.115281297394202
140,east,easting,0.144682868068006
140,east,eastism,0.147078809062368
140,east,eastics,0.14357883281828
140,east,eastted,0.14357883281828
140,east,eastter,0.0689655169839057
140,east,eastallied,0.0988759397943393
140,east,eastliness,0.119782228355679
140,ridge,ridgement,0.187422028566088
140,ridge,ridgelys,0.223610233131321
140,ridge,ridgings,0.219185983169113
140,ridge,ridgers,0.200049962411631
140,ridge,ridgely,0.281322184928708
140,ridge,ridgeor,0.141005289821068
140,ridge,ridgeds,0.268783156615369
140,ridge,ridgees,0.167511355661836
140,ridge,ridgity,0.0984959903614749
140,ridge,ridgion,0.219185983169113
140,ridge,ridging,0.258202674977302
140,ridge,ridges,0.41259261164341
140,ridge,ridger,0.305484761287923
140,ridge,ridged,0.190646019162647
140,high,highability,0.00340456130833872
140,high,highs,0.177468207618181
140,high,highive,0.0980004053072953
140,high,highing,0.0901963438451454
140,high,highion,0.0980004053072953
140,high,highher,0.0829238889810039
140,high,higheer,0.0492689804421479
140,high,highor,0.0889316268612654
140,high,highes,0.0902441377560699
140,high,highed,0.0580510875347929
140,high,highment,0.0980004053072953
140,school,schools,0.417690837918062
140,school,schoolor,0.136365054224136
140,school,schoolly,0.113377205787417
140,school,schoolal,0.128329235334604
140,school,schooler,0.174021108126709
140,school,schooles,0.0977263407961927
140,school,schooled,0.194304466472876
140,school,schoolers,0.213673391577541
140,school,schoolism,0.0562059910212008
140,school,schoolity,0.120054929606096
140,school,schoolive,0.120054929606096
140,school,schoolled,0.105685936471529
140,school,schoolable,0.0555777611188549
140,school,schoolisms,0.120054929606096
140,school,schoolives,0.120054929606096
140,school,schoollies,0.0534052071693528
140,school,schoolling,0.0772145980659882
140,school,schoollers,0.0143148604953303
140,school,schoolness,0.132208850763847
140,school,schoolization,0.0962583251434954
140,school,schoolation,0.076271594113846
141,va,vaity,0.183454939520863
141,va,vaism,0.184147970988585
141,va,vaities,0.237982964819685
141,va,vanessed,0.232319778337034
141,va,vaitys,0.167842609849793
141,va,vaness,0.136590890129255
141,dmv,dmvs,0.524457321338362
141,dmv,dmvly,0.360887420678776
141,registration,registrations,0.378283563742996
141,registration,registrationion,0.185673976458175
141,registration,registrationor,0.200641728030942
141,registration,registrational,0.130569087362273
141,registration,registrationer,0.185673976458175
141,registration,registrationes,0.0856229110319748
141,registration,registrative,0.0824789632102935
142,illinois,illinoisances,0.167099089262643
142,illinois,illinoised,0.167099089262643
142,illinois,illinoiser,0.167099089262643
142,illinois,illinoises,0.236531383906461
142,illinois,illinoisor,0.223676629952073
142,state,statality,0.114426752607624
142,state,statation,0.0522565255809077
142,state,statibility,0.106868990525401
142,state,stateable,0.0904967145387816
142,state,stateence,0.10432587142855
142,state,stateions,0.110255032088181
142,state,stateness,0.133240101452431
142,state,statition,0.0761579971253712
142,state,statively,0.10432587142855
142,state,stativity,0.0392032300253469
142,state,statizing,0.108749877794856
142,state,stativeness,0.0220670435992938
142,state,stater,0.124737708389114
142,state,stator,0.054669881312218
142,state,stated,0.212885164917872
142,state,statal,0.110992910480449
142,state,stible,0.0229647433792694
142,state,statization,0.104940619599983
142,state,stibility,0.06364530740391
142,state,statability,0.0505490909285141
142,state,statations,0.0778131864585545
142,state,stateallies,0.10432587142855
142,state,statable,0.09747570776372
142,state,statally,0.0805292669659497
142,state,stateers,0.10432587142855
142,state,stateism,0.124040128910947
142,state,stateing,0.0720014532911738
142,state,stateion,0.0838076439481385
142,state,statizes,0.109030921878774
142,state,statized,0.108929196051263
142,state,statings,0.0183582711983398
142,state,statived,0.0611573902733164
142,state,statives,0.104694495049415
142,state,statals,0.089866387920483
142,state,staters,0.152457082783825
142,state,stateor,0.118611987453768
142,state,stateds,0.097988669890047
142,state,statees,0.0912432207319825
142,state,stateed,0.0568899011443035
142,state,stateal,0.0225724939963953
142,state,stateic,0.10432587142855
142,state,statize,0.108749877794856
142,state,stative,0.089473352690581
142,state,stating,0.196034568772685
142,state,stators,0.0192486532399147
142,state,stibles,0.10432587142855
142,state,stateability,0.108749877794856
142,tax,taxs,0.137032371403289
142,tax,taxibility,0.114798279333437
142,tax,taxable,0.233412269879558
142,tax,taxably,0.109677780757074
142,tax,taxible,0.114628257891201
142,tax,taxings,0.0579450081863877
142,tax,taxxing,0.0710928376925991
142,tax,taxor,0.0236085875780621
142,tax,taxic,-0.0364126814138776
142,tax,taxly,0.11177340171724
142,tax,taxer,0.087326813662437
142,tax,taxes,0.230448893753616
142,tax,taxed,0.216021332358882
142,tax,taxal,0.0693455575807377
142,tax,taxability,0.161495675706019
142,tax,taxors,0.0683137940211553
142,tax,taxers,0.144523739759554
142,tax,taxeds,0.0710928376925991
142,tax,taxity,0.0683137940211553
142,tax,taxism,0.0546250793536787
142,tax,taxing,0.182703286610372
142,tax,taxion,0.074107575669326
142,tax,taxables,0.115557016484976
142,tax,taxative,0.142471638396271
143,health,healthers,0.11380472265739
143,health,healthize,0.11380472265739
143,health,healthism,0.136195167860922
143,health,healthion,0.11380472265739
143,health,healthing,0.104072220397373
143,health,healthability,0.073124158632749
143,health,healthable,0.11380472265739
143,health,healthical,0.11380472265739
143,health,healthized,0.11380472265739
143,health,healthness,-0.0328144462778665
143,health,healthallies,0.132188352945907
143,health,healthallied,0.130151746899267
143,health,healthor,0.134461802318512
143,health,healthly,0.129992799194401
143,health,healther,0.125539689574985
143,health,healthes,0.0911205446360833
143,health,healthed,0.143756044929575
143,health,healthality,0.11380472265739
143,health,healthation,0.116578904742223
143,health,healthhings,0.11380472265739
143,health,healths,0.118749801778132
143,club,clubability,0.14168048435757
143,club,clubbible,0.013896002791208
143,club,clubbings,0.161807573788369
143,club,clubism,0.0816687118512691
143,club,clubers,0.149816499666344
143,club,clubion,0.0583614098775152
143,club,clubing,0.15768457810062
143,club,clubbal,0.110036037384792
143,club,clubber,0.186771700388937
143,club,clubbed,0.125830924993188
143,club,clubeer,0.0709456907107698
143,club,clubs,0.392378511536514
143,club,clubable,0.139927178213572
143,club,clubbers,0.223796190510584
143,club,clubbing,0.203429137082897
143,club,clubings,0.114512365448642
143,club,clublied,0.0494987396782045
143,club,clubness,0.127555458940502
143,club,clubor,0.147547896000382
143,club,clubic,0.175583890841149
143,club,clubal,0.167508889519971
143,club,clubed,0.120032983856776
143,club,cluber,0.067224519603903
143,club,clubes,0.187695060677228
144,trombone,trombones,0.591655755099935
144,trombone,tromboner,0.341290363358872
144,trombone,tromboned,0.295143599192781
144,trombone,tromboning,0.348474723071841
144,trombone,tromboneal,0.314119102151737
144,trombone,tromboners,0.418348756120216
144,trombone,tromboneliness,0.449233206520415
144,for,fors,-0.0112868546718285
144,for,foriveness,0.0120528228932134
144,for,forlys,-0.0286674316160093
144,for,fority,0.0111113372181859
144,for,forive,0.0125834600503533
144,for,forism,0.000154865290905283
144,for,foreer,0.0124982937134084
144,for,foreor,0.0108469251213541
144,for,forals,0.00275054975611453
144,for,forors,-0.0129496793412467
144,for,forror,0.0122454094316721
144,for,forral,-0.0134988189080945
144,for,forred,0.0126618860424974
144,for,forrer,0.00790082479611706
144,for,foror,0.0134662177176705
144,for,forly,0.00898661490000014
144,for,foral,0.00587630281160815
144,for,forable,0.0115945060408782
144,for,forally,-0.0108866329516148
144,for,forives,0.0113068960291895
144,for,forlies,0.0108469251213541
144,for,forness,0.00508288529437384
144,for,forment,-0.0186591296207225
144,for,forrers,0.0108469251213541
144,for,forrals,0.0111113372181859
144,for,forring,0.0118971296421392
144,for,formenting,0.0129828780752498
144,for,foriving,0.0113068960291895
144,for,formently,0.0108469251213541
144,for,forments,0.0126550670935472
144,for,forority,0.0108469251213541
144,for,forrible,0.0113068960291895
144,for,forrings,0.0111113372181859
144,sale,saly,0.0261614471350229
144,sale,salation,0.0846592666749216
144,sale,salement,0.0350040361776897
144,sale,salences,0.117130893181962
144,sale,saliness,0.0942645062374686
144,sale,salization,0.117130893181962
144,sale,salor,0.0911874733003539
144,sale,salys,0.0233503425242873
144,sale,salal,0.0384633797166928
144,sale,saled,0.158296187421623
144,sale,saler,0.0966535687978898
144,sale,salic,0.0196794738059458
144,sale,salals,0.0654562656746846
144,sale,salers,0.110827414411247
144,sale,saleor,0.169360658472048
144,sale,saleic,0.0654562656746846
144,sale,saleds,0.179546082449799
144,sale,saleed,0.0745224705083145
144,sale,saleer,0.138779803543354
144,sale,salees,0.125918970532387
144,sale,saleal,0.162576408005954
144,sale,salize,0.0209908585883774
144,sale,sality,0.0128649320352833
144,sale,salive,0.0364916520821846
144,sale,salics,0.121895843981314
144,sale,saling,0.115520289082273
144,sale,salion,0.0563545809696409
144,sale,salied,0.0697795805594161
144,sale,salies,-0.0621337025441262
144,sale,salors,0.071740379935509
144,sale,salance,0.0980992395187131
144,sale,salancy,0.0369766782187714
144,sale,salency,-0.168915588751721
144,sale,salence,0.107571726239966
144,sale,saleeer,0.166539482191061
144,sale,saleing,0.172622325616126
144,sale,salical,-0.00983171929064403
144,sale,salizer,0.0942645062374686
144,sale,salions,0.108799627505918
144,sale,salings,0.129773115350085
144,sale,salives,-0.11490031036259
144,sale,salived,0.117130893181962
144,sale,saliveness,0.0942645062374686
145,vines,vine,0.495671525314072
145,vines,vineness,0.00686125729782114
145,vines,vinicity,0.139968812411474
145,vines,vinition,0.326873821186358
145,vines,vinities,0.326873821186358
145,vines,viner,0.139725195273961
145,vines,vinic,0.170667215869585
145,vines,vinal,0.190232498448429
145,vines,vined,0.358468928250341
145,vines,vinations,0.326873821186358
145,vines,vinable,0.326873821186358
145,vines,vinally,0.326873821186358
145,vines,vinance,0.251897459647267
145,vines,vineers,0.202960353949327
145,vines,vinence,0.326873821186358
145,vines,vineing,0.307327578999736
145,vines,vinions,0.326873821186358
145,vines,vinings,0.115243030743344
145,vines,vinicities,0.304007434241865
145,vines,vinals,0.212217240339965
145,vines,viners,0.15922836640298
145,vines,vinely,0.264917087567843
145,vines,vineal,0.301979066640663
145,vines,vineer,0.22732689173619
145,vines,vinees,0.24205070062335
145,vines,vineed,0.275199193679081
145,vines,vinion,0.167093481704697
145,vines,vinity,0.0830124172332759
145,vines,vining,0.309211635081853
145,vines,vinics,0.230733786592774
145,for,fors,-0.0112868546718285
145,for,foriveness,0.0120528228932134
145,for,forlys,-0.0286674316160093
145,for,fority,0.0111113372181859
145,for,forive,0.0125834600503533
145,for,forism,0.000154865290905283
145,for,foreer,0.0124982937134084
145,for,foreor,0.0108469251213541
145,for,forals,0.00275054975611453
145,for,forors,-0.0129496793412467
145,for,forror,0.0122454094316721
145,for,forral,-0.0134988189080945
145,for,forred,0.0126618860424974
145,for,forrer,0.00790082479611706
145,for,foror,0.0134662177176705
145,for,forly,0.00898661490000014
145,for,foral,0.00587630281160815
145,for,forable,0.0115945060408782
145,for,forally,-0.0108866329516148
145,for,forives,0.0113068960291895
145,for,forlies,0.0108469251213541
145,for,forness,0.00508288529437384
145,for,forment,-0.0186591296207225
145,for,forrers,0.0108469251213541
145,for,forrals,0.0111113372181859
145,for,forring,0.0118971296421392
145,for,formenting,0.0129828780752498
145,for,foriving,0.0113068960291895
145,for,formently,0.0108469251213541
145,for,forments,0.0126550670935472
145,for,forority,0.0108469251213541
145,for,forrible,0.0113068960291895
145,for,forrings,0.0111113372181859
145,shade,shadeing,0.250619656938492
145,shade,shadeism,0.25865485296351
145,shade,shadeeds,0.180474159615465
145,shade,shadions,0.25865485296351
145,shade,shader,0.15864051986324
145,shade,shaded,0.356347693437735
145,shade,shadion,0.25865485296351
145,shade,shadeds,0.24176286965481
145,shade,shadeed,0.0610124308714023
145,shade,shadees,0.228496514245136
145,shade,shadely,0.0550155149189212
145,shade,shaders,0.136553654742321
146,sherwood,sherwoodness,0.369975314731326
146,sherwood,sherwoods,0.375299509884205
146,regional,regionalize,0.183418110472718
146,regional,regionalism,0.279282475849898
146,regional,regionality,0.228896968033938
146,regional,regionaller,0.136765991883125
146,regional,regionals,0.275970471595302
146,regional,regionalizations,0.165299081938641
146,regional,regionalized,0.212718507217352
146,regional,regionalizes,0.157122298791761
146,regional,regionalisms,0.209769345958695
146,regional,regionallied,0.18301027359696
146,regional,regionalment,0.136765991883125
146,regional,regionales,0.207070095845658
146,regional,regionaler,0.186821752492094
146,regional,regionally,0.275805074233738
146,regional,regionaled,0.187471457724456
146,regional,regionalal,0.187471457724456
146,regional,regionalization,0.254835961502436
146,regional,regionalities,0.0995806812469748
146,regional,regionalizers,0.136765991883125
146,regional,regionalizing,0.207176156992511
146,library,librarics,0.162911198229547
146,library,libraries,0.427020472674672
146,library,librarier,0.155103974439568
146,library,libraried,0.12809935310743
146,library,librarily,0.130353754018758
146,library,libraryal,0.154150358481359
146,library,libraryes,0.148422518306256
146,library,libraryic,0.154150358481359
146,library,libraryor,0.132050480975612
146,library,librarys,0.195128086369606
146,library,libraric,0.154150358481359
146,library,libraryizing,0.109034220854375
146,library,librariness,0.14672693631363
146,library,libraryness,0.157908033495929
146,library,librarieds,0.0806261408593455
146,library,librariers,0.14155496169531
146,library,librarying,0.145672325453144
147,tangible,tangiblizing,0.249621975482641
147,tangible,tangibleor,0.306334944003983
147,tangible,tangiblity,0.306334944003983
147,tangible,tangibilities,0.344096228277295
147,tangible,tangibility,0.377145629006732
147,tangible,tangibler,0.28346855705949
147,tangible,tangibles,0.372744066019404
147,tangible,tangibly,0.344061783255947
147,tangible,tangiblement,0.26724459732996
147,tangible,tangibleness,0.291511668411614
147,personal,personalally,0.0432963997949792
147,personal,personalable,0.0596010143931157
147,personal,personalisms,0.0668811519300675
147,personal,personallize,-0.00871905874116108
147,personal,personalness,0.0972716774450377
147,personal,personalment,0.0197875550255067
147,personal,personalality,0.0735998351960447
147,personal,personalation,0.0857382857835158
147,personal,personalative,0.0204300128504861
147,personal,personals,0.004575586927433
147,personal,personallizes,0.0432963997949792
147,personal,personallized,0.0290135374389401
147,personal,personallization,0.0432963997949792
147,personal,personalism,0.103630825567588
147,personal,personaling,0.0857382857835158
147,personal,personalled,0.0432963997949792
147,personal,personalals,0.0432963997949792
147,personal,personallizing,0.0204300128504861
147,personal,personalal,0.0432963997949792
147,personal,personaler,-0.008491764319525
147,personal,personales,0.0113744618287925
147,personal,personaled,0.0212611172962745
147,personal,personalic,0.0857382857835158
147,personal,personalor,0.0571173077260047
147,property,propertiers,0.129913524311728
147,property,propertiors,0.123164757573041
147,property,propertying,0.163845321597681
147,property,propertyism,0.14004871713508
147,property,propertys,0.191581638942774
147,property,propertic,0.118350204501489
147,property,propertyes,0.19924452093272
147,property,propertyer,0.163845321597681
147,property,propertyed,0.167839327692037
147,property,propertyor,0.178875606091081
147,property,propertyly,0.118350204501489
147,property,propertics,0.0941512290781813
147,property,properties,0.375814405953676
147,property,propertier,0.0563934708829729
147,property,propertior,0.118350204501489
147,property,propertyived,0.118350204501489
147,property,propertyized,0.163845321597681
147,tax,taxs,0.137032371403289
147,tax,taxibility,0.114798279333437
147,tax,taxable,0.233412269879558
147,tax,taxably,0.109677780757074
147,tax,taxible,0.114628257891201
147,tax,taxings,0.0579450081863877
147,tax,taxxing,0.0710928376925991
147,tax,taxor,0.0236085875780621
147,tax,taxic,-0.0364126814138776
147,tax,taxly,0.11177340171724
147,tax,taxer,0.087326813662437
147,tax,taxes,0.230448893753616
147,tax,taxed,0.216021332358882
147,tax,taxal,0.0693455575807377
147,tax,taxability,0.161495675706019
147,tax,taxors,0.0683137940211553
147,tax,taxers,0.144523739759554
147,tax,taxeds,0.0710928376925991
147,tax,taxity,0.0683137940211553
147,tax,taxism,0.0546250793536787
147,tax,taxing,0.182703286610372
147,tax,taxion,0.074107575669326
147,tax,taxables,0.115557016484976
147,tax,taxative,0.142471638396271
148,martha,marthas,0.275402399659049
148,martha,marthaness,0.26134390661622
148,martha,marthaly,0.238477519671727
148,stewart,stewartisms,0.221664677163704
148,stewart,stewartness,0.221664677163704
148,stewart,stewarts,0.326236351764183
148,stewart,stewartism,0.247566080817103
148,stewart,stewarting,0.151014546697471
148,and,ands,0.00951396672338127
148,and,andability,0.00818750992350514
148,and,andmenting,0.00674799443457034
148,and,andically,0.00691248818168224
148,and,andabilities,0.00691248818168224
148,and,andly,0.0079592134719376
148,and,andor,0.0081365342316146
148,and,andic,0.00708680291520944
148,and,anded,0.00973701810451341
148,and,ander,-0.00581870394088592
148,and,andal,0.00303609160041674
148,and,andallied,0.0072130729547869
148,and,andallies,0.00703414752324862
148,and,andations,0.00703414752324862
148,and,andanced,0.00703414752324862
148,and,andation,0.00728350871433493
148,and,andative,0.00785318611257352
148,and,anderity,0.00674799443457034
148,and,andiving,0.00703414752324862
148,and,andities,0.00728350871433493
148,and,andments,0.0077753294575317
148,and,andliness,0.00674799443457034
148,and,andmently,0.00691248818168224
148,and,andeor,0.0072130729547869
148,and,andeer,-0.0191713092723969
148,and,andeds,0.00703414752324862
148,and,anddor,0.00728350871433493
148,and,anders,0.00144449002952797
148,and,andded,0.00734564434470431
148,and,andder,-0.0170486100280305
148,and,anddal,0.00674799443457034
148,and,andive,0.00828262629900994
148,and,andity,-0.00565792229540813
148,and,andion,-0.00481053943198549
148,and,anding,0.00791951794593756
148,and,andics,-0.00194304132413383
148,and,andial,0.00730228502497192
148,and,andize,0.00674799443457034
148,and,andals,0.00770066873390832
148,and,andors,0.00251328430037326
148,and,andable,0.00758078464646153
148,and,andance,0.00229812575836671
148,and,andding,0.0074518791508814
148,and,andence,-0.0177715674140354
148,and,andeers,0.00703414752324862
148,and,andials,0.00674799443457034
148,and,andical,0.00691248818168224
148,and,andized,0.00674799443457034
148,and,andions,0.00674799443457034
148,and,andings,0.00838849884148954
148,and,andives,0.00691248818168224
148,and,andment,0.00847102476011024
148,and,andlies,0.00758078464646153
148,and,andness,0.00728350871433493
148,and,anderness,0.00691248818168224
148,imclone,imclones,0.632580254965763
149,uplift,uplifts,0.461807669672695
149,uplift,upliftments,0.305486048366129
149,uplift,uplifted,0.500971497448483
149,uplift,upliftes,0.325714862578669
149,uplift,uplifter,0.232233160585112
149,uplift,upliftance,0.350566833894604
149,uplift,upliftable,0.429305258913011
149,uplift,upliftings,0.324241642836602
149,uplift,upliftment,0.377895908795141
149,uplift,upliftting,0.350566833894604
149,uplift,uplifting,0.371477509211745
149,uplift,uplifters,0.427722431406033
149,uplift,uplifteer,0.373433220839097
149,at,atly,0.0228698718563441
149,at,atism,0.0202036281529771
149,at,atlys,0.0249509659961805
149,at,atlies,0.0305608158030938
149,at,atness,0.0142034003312938
149,yellowstone,yellowstoning,0.387116682634334
149,yellowstone,yellowstoned,0.329667587659425
149,yellowstone,yellowstones,0.422319539214191
149,national,nationals,0.219316725886269
149,national,nationalals,0.117314303137472
149,national,nationaling,0.122415634563102
149,national,nationallys,0.114522621067904
149,national,nationalality,0.114522621067904
149,national,nationaliving,0.0709555454343196
149,national,nationallized,0.119379027228263
149,national,nationalable,0.0709555454343196
149,national,nationallied,0.0331614930186232
149,national,nationalness,0.103042112841744
149,national,nationaler,0.125642691381353
149,national,nationales,0.212984103484449
149,national,nationalal,0.109054415236176
149,national,nationalor,0.117314303137472
149,national,nationally,0.244006561215039
149,national,nationalalities,0.0907260166053034
149,park,parkors,0.110511399907511
149,park,parkity,0.170761381423962
149,park,parkism,0.131891025548941
149,park,parkkal,0.174214290655659
149,park,parkker,0.128392091594769
149,park,parkkor,0.110511399907511
149,park,parkeer,0.14946214761977
149,park,parkeds,0.155687630011542
149,park,parkeor,0.110511399907511
149,park,parkal,0.0697785779550997
149,park,parkly,0.0871239267789243
149,park,parked,0.195971085325295
149,park,parkes,0.135894734764767
149,park,parkor,0.134071756732055
149,park,parkkings,0.204015039187386
149,park,parks,0.416133148716008
149,park,parkable,0.112065636051016
149,park,parkance,0.110511399907511
149,park,parkeers,0.0743265019622609
149,park,parkence,0.131891025548941
149,park,parkized,0.155687630011542
149,park,parkking,0.131786360626169
149,park,parklies,0.159482778612787
149,park,parklied,0.155687630011542
149,park,parkness,0.110234747837638
149,park,parkallied,0.0821634123895284
149,park,parkization,0.110511399907511
149,park,parkability,0.11781055721855
150,tn,tnly,0.154479518246436
150,highway,highwayers,0.151266205284642
150,highway,highwaying,0.105533431395655
150,highway,highwaies,0.198100363858128
150,highway,highwayor,0.244601615784506
150,highway,highwayes,0.193661808171936
150,highway,highwayed,0.238780927882769
150,highway,highways,0.582260723711684
150,highway,highwayness,0.238780927882769
150,patrol,patrols,0.534043486588636
150,patrol,patrollies,0.282449562057571
150,patrol,patrolling,0.471954571446662
150,patrol,patrollers,0.403744494805105
150,patrol,patrolment,0.193227817410769
150,patrol,patrollable,0.254743677465486
150,patrol,patrollings,0.255184551029285
150,patrol,patrolal,0.232318164084792
150,patrol,patroled,0.300200670155963
150,patrol,patroler,0.267606609701522
150,patrol,patroles,0.18420447444625
150,patrol,patrolly,0.306246166520172
150,patrol,patrolor,0.282449562057571
150,patrol,patroller,0.372618517293213
150,patrol,patrolled,0.450429704588239
150,patrol,patroling,0.303010875138102
150,patrol,patrolers,0.33598683379399
150,patrol,patroleer,0.255184551029285
152,angular,angularisms,0.331714870813903
152,angular,angularizes,0.345209218853974
152,angular,angularized,0.292624524139881
152,angular,angularness,0.368017279794078
152,angular,angulares,0.358399991391234
152,angular,angulared,0.331714870813903
152,angular,angularer,0.331714870813903
152,angular,angularly,0.460116735697161
152,angular,angularities,0.35271386843634
152,angular,angularize,0.39529649726959
152,angular,angularity,0.403058508171394
152,angular,angularism,0.331714870813903
152,angular,angulars,0.371850273931505
152,angular,angularization,0.371363525209732
153,pocono,poconos,0.630697937617985
154,figs,fig,0.620336900429643
154,figs,figiveness,0.317833661224703
154,figs,figals,0.356924007898725
154,figs,figors,0.356924007898725
154,figs,figged,0.373865952772985
154,figs,figger,0.110865844128389
154,figs,figing,0.338600224256608
154,figs,figity,0.294699775304651
154,figs,figive,0.356924007898725
154,figs,figers,0.197460824866287
154,figs,figes,0.101006124014088
154,figs,figer,0.144451430227882
154,figs,figal,0.16278175168265
154,figs,figor,0.321530692990993
154,figs,figly,0.391459676936296
154,figs,figic,0.356924007898725
154,figs,figgings,0.334057620954232
154,figs,figance,0.356924007898725
154,figs,figgers,0.189368517458328
154,figs,figging,0.216861724966655
154,figs,figives,0.356924007898725
154,figs,figisms,0.334057620954232
154,figs,figness,0.233010540661694
155,last,lastability,0.029739101584093
155,last,lasts,0.0979008667441171
155,last,lastables,0.0271472541821113
155,last,lastation,0.0271472541821113
155,last,lastically,0.0271472541821113
155,last,lasticism,0.0689321838186004
155,last,lasticity,0.0348769944957462
155,last,lastivity,0.0271472541821113
155,last,lastable,-0.0119430924919112
155,last,lastance,0.0689321838186004
155,last,lastally,0.0271472541821113
155,last,lastness,0.0729311742426523
155,last,lastment,0.0689321838186004
155,last,lastting,0.0451355793559996
155,last,lasttable,0.0271472541821113
155,last,lastabilitys,0.00428086723761814
155,last,lastibility,-0.0119430924919112
155,last,lastion,0.0689321838186004
155,last,lastics,0.00711693195916976
155,last,lastive,0.0282516197939599
155,last,lasters,0.033914313530668
155,last,lastors,0.0689321838186004
155,last,laster,0.0189940858920543
155,last,lastes,0.0382440368378849
155,last,lasted,0.16876279960187
155,last,lastal,0.0220348008604109
155,last,lastor,0.0382968290821565
155,last,lastic,0.0421014765258943
155,supper,suppers,0.464482135296207
155,supper,supperment,0.285882075251619
155,supper,supperring,0.285882075251619
155,supper,supperer,0.26965811552209
155,supper,supperes,0.285882075251619
155,supper,suppered,0.328260953009511
155,supper,supperor,0.285882075251619
155,supper,suppering,0.292699890358131
155,supper,supperion,0.361989087804631
155,supper,supperers,0.308748462196112
155,supper,supperative,0.329140961042356
155,supper,supperation,0.267531743279954
155,painting,paintingal,0.193891594062866
155,painting,paintinged,0.193891594062866
155,painting,paintinger,0.242459777493621
155,painting,paintinges,0.206697922166006
155,painting,paintingings,0.261701149782134
155,painting,paintings,0.541243448260382
156,university,universityives,0.127105501642449
156,university,universitiers,0.127105501642449
156,university,universityeds,0.124080822294843
156,university,universitier,0.0410497665876951
156,university,universities,0.357533497574209
156,university,universitied,0.0427196942455624
156,university,universitics,0.124080822294843
156,university,universityor,0.125468915732705
156,university,universityic,0.124080822294843
156,university,universityer,0.124080822294843
156,university,universityes,0.104052356605188
156,university,universityed,0.127105501642449
156,university,universityal,0.135070293761203
156,university,universitys,0.240470485441305
156,of,ofly,-0.0051473773902505
156,of,ofisms,0.0059504493807601
156,of,oflies,0.00620278205320646
156,of,ofness,0.00664971872357282
156,of,ofities,-0.0724628490964451
156,of,ofity,0.00609550162185656
156,phoenix,phoenixs,0.198978997969416
156,phoenix,phoenixic,0.238906794168462
156,phoenix,phoenixes,0.272386024268793
156,phoenix,phoenixer,0.246822970175047
156,phoenix,phoenixed,0.168174857253667
156,phoenix,phoenixal,0.190477498087615
156,phoenix,phoenixing,0.124702012521808
156,phoenix,phoenixion,0.167611111143122
156,phoenix,phoenixism,0.151387151413592
156,phoenix,phoenixity,0.138802870580338
156,phoenix,phoenixers,0.262037865183974
156,phoenix,phoenixness,0.238906794168462
157,the,thority,0.00485065460940542
157,the,thal,0.00436206373141345
157,the,thes,-0.000159029012240114
157,the,ther,0.0112880183226315
157,the,thor,0.000183773996754603
157,the,theability,0.00696520476917045
157,the,theabled,0.00522848187425968
157,the,theables,0.00545019904547621
157,the,theality,-0.0136445190396593
157,the,theities,0.00522848187425968
157,the,theiveds,0.00522848187425968
157,the,theively,0.00564340911409441
157,the,theiving,0.0065314155478595
157,the,thements,-0.00781648221641546
157,the,theority,0.00552563260603846
157,the,therness,0.00646462511379051
157,the,thorness,0.00681286767950424
157,the,thals,0.00732176987722906
157,the,theor,0.00587930541256615
157,the,thers,0.00810395727524461
157,the,theal,0.00559742148291355
157,the,thely,2.72730004926271e-05
157,the,thize,0.000987604808073396
157,the,thity,0.00422362884484943
157,the,thive,0.00331629640451309
157,the,thion,0.00425104191733358
157,the,thors,0.00598104579682084
157,the,thorities,0.00632076038612616
157,the,theivings,0.00522848187425968
157,the,thancies,0.00535593493954342
157,the,thations,0.00592969128498455
157,the,thable,-0.00632691173198135
157,the,thably,0.00522848187425968
157,the,thally,-0.00340371371374911
157,the,thance,0.00652441845530087
157,the,theors,0.00597950624258972
157,the,thelys,-0.00302602406891855
157,the,theals,0.00535593493954342
157,the,theeer,0.00545019904547621
157,the,theize,-0.0423122637886189
157,the,theive,0.00669168279702309
157,the,theity,0.00458549604412262
157,the,thible,0.00642729329639583
157,the,thized,0.00545019904547621
157,the,thions,-0.00820137099915726
157,the,thitys,0.00522848187425968
157,the,thives,0.00320025437925429
157,the,thived,0.00535593493954342
157,the,theallies,0.00558883407025473
157,the,theallied,0.00552563260603846
157,the,theabilities,0.00522848187425968
157,the,thabled,0.00522848187425968
157,the,thables,-0.00104756194594208
157,the,thallys,0.00133136249688531
157,the,thality,0.00522848187425968
157,the,thances,0.00569155305082732
157,the,thanced,0.00573470601057091
157,the,thation,0.00646462511379051
157,the,theable,0.00558883407025473
157,the,theally,0.00564340911409441
157,the,theives,0.00845933991059008
157,the,theived,0.00597950624258972
157,the,theizes,0.00535593493954342
157,the,theical,0.00522848187425968
157,the,theible,0.00522848187425968
157,the,thelied,0.00522848187425968
157,the,thelies,-0.0340662479688065
157,the,theness,0.00590258534470213
157,the,thement,0.00595527353298866
157,the,thibled,0.00522848187425968
157,the,thibles,0.00545019904547621
157,the,thitied,0.00522848187425968
157,the,thities,0.00522848187425968
157,the,thiving,0.00597950624258972
157,the,thizing,0.00535593493954342
157,beatles,beatled,0.35132703955473
157,beatles,beatility,0.305539221300423
157,beatles,beatleisms,0.251255003307829
157,beatles,beatle,0.540944321852182
157,beatles,beatlely,0.274121390252322
157,beatles,beatleds,0.333899030195658
157,rock,rockally,0.124998550536139
157,rock,rockable,0.0784103066595043
157,rock,rockably,0.128592128537334
157,rock,rockeers,0.141882510098178
157,rock,rockings,0.124195939051341
157,rock,rockisms,0.178423954189291
157,rock,rockical,0.165679114560779
157,rock,rocklies,0.165679114560779
157,rock,rocklied,0.111902334060743
157,rock,rockking,0.0956261572304809
157,rock,rockness,0.208367000800772
157,rock,rockment,0.120112313861931
157,rock,rockeds,0.0684376863546535
157,rock,rockeer,0.141882510098178
157,rock,rockals,0.124998550536139
157,rock,rockity,0.16750002982666
157,rock,rockive,0.184098350690578
157,rock,rockion,0.165679114560779
157,rock,rockism,0.189822844827225
157,rock,rocking,0.229335223737703
157,rock,rockker,0.152422287895063
157,rock,rockked,0.165679114560779
157,rock,rockality,0.165679114560779
157,rock,rockation,0.210019473949441
157,rock,rockkings,0.165679114560779
157,rock,rockization,0.169717822451922
157,rock,rockability,0.181991002414841
157,rock,rockor,0.122619073867234
157,rock,rockes,0.111679661133224
157,rock,rocked,0.208119328240342
157,rock,rockal,0.106953564431677
157,rock,rockly,0.144028706833735
157,band,bandally,0.147163219261015
157,band,bandance,0.193830466048875
157,band,bandable,0.0954885917537377
157,band,bandding,0.124296832316522
157,band,bandials,0.147163219261015
157,band,bandible,0.193830466048875
157,band,bandings,0.102621684929864
157,band,bandlied,0.193830466048875
157,band,bandment,0.147163219261015
157,band,bandness,0.197740443110199
157,band,bands,0.495234822774196
157,band,bandables,0.197518874675998
157,band,bandize,0.156883189225055
157,band,bandive,0.124296832316522
157,band,bandity,0.175694397551863
157,band,bandism,0.193830466048875
157,band,bandion,0.0621614592929551
157,band,banding,0.196485017827053
157,band,bandial,-0.0333689585369281
157,band,bandals,0.0563982450797151
157,band,banders,0.177863681312703
157,band,bandeer,0.147163219261015
157,band,bandeds,0.139587654668196
157,band,bandded,0.147163219261015
157,band,bandder,0.193830466048875
157,band,banded,0.162572883532777
157,band,bandes,0.0384302122364143
157,band,bander,0.147809865828865
157,band,bandal,0.0681164870777846
157,band,bandor,0.143708044151458
157,band,bandly,0.120306248426862
157,band,bandliness,0.193830466048875
158,septic,septics,0.483505894318542
158,septic,septicity,0.257256449211087
158,septic,septicism,0.399470644162626
158,septic,septical,0.301896555467624
158,septic,septices,0.344764851522191
158,septic,septicer,0.399470644162626
158,septic,septically,0.249088861202975
158,system,systeming,0.110427576780407
158,system,systemion,0.115391458727292
158,system,systemism,0.119132483463708
158,system,systemive,0.113395701765308
158,system,systemity,0.0345285239700426
158,system,systemize,0.0980794082648426
158,system,systemals,0.07298580895196
158,system,systemeor,0.11069726910264
158,system,systemers,0.113395701765308
158,system,systemative,0.0700167050779996
158,system,systemation,0.0842601559924994
158,system,systemiving,0.0672797278035278
158,system,systemizers,0.0919856294160057
158,system,systemizing,0.123135367621982
158,system,systemor,0.129425656997948
158,system,systemly,0.11069726910264
158,system,systemed,0.0583414223909389
158,system,systemer,0.0932834757172838
158,system,systemes,0.0983202621265106
158,system,systemal,0.0441252753218864
158,system,systemable,0.113395701765308
158,system,systemions,0.0672797278035278
158,system,systemizes,0.08810294425729
158,system,systemizer,0.0554982613088262
158,system,systemized,0.116555088758754
158,system,systemlies,0.113395701765308
158,system,systemming,0.113395701765308
158,system,systemment,0.11069726910264
158,system,systemness,0.128135716140624
158,system,systems,0.373084243389131
158,system,systemization,0.127592723412619
158,system,systemability,0.0717234803710711
158,system,systemizations,0.100156148988497
158,design,designned,0.0929420778010132
158,design,designner,0.0828663532828298
158,design,designnal,0.11571958162593
158,design,designors,0.112857365016578
158,design,designeds,0.114683189293913
158,design,designeer,0.111478440735738
158,design,designism,0.152108819924419
158,design,designity,0.0343584535766494
158,design,designize,0.0492393294446843
158,design,designabilities,0.11571958162593
158,design,designables,0.128500174035993
158,design,designality,0.11571958162593
158,design,designities,0.11571958162593
158,design,designiving,0.118540441628178
158,design,designizing,0.11571958162593
158,design,designments,0.0101489827706617
158,design,designability,0.110495315480242
158,design,designor,0.115149230208904
158,design,designic,0.11571958162593
158,design,designly,0.0721057163891774
158,design,designal,0.100111731429981
158,design,designed,0.230917464985044
158,design,designes,0.124350187285414
158,design,designable,0.130734156146948
158,design,designeers,0.143393033833142
158,design,designical,0.118540441628178
158,design,designized,0.0492393294446843
158,design,designisms,0.155015676645668
158,design,designment,0.0898868149885428
158,design,designning,0.114962636690914
158,design,designners,0.110450328124675
158,design,designness,0.11571958162593
158,design,designallied,-0.0186592577921223
160,grilling,grillal,0.344278824574718
160,grilling,grilled,0.533198709864412
160,grilling,grillor,0.39139475190252
160,grilling,grilleds,0.344278824574718
160,grilling,grillled,0.326985357937183
160,grilling,grill,0.507209621440209
160,grilling,grills,0.486898061071996
160,grilling,grillables,0.242020002486664
160,grilling,grillable,0.403323852410312
160,grilling,grillings,0.319009666646377
160,grilling,grillling,0.385181683776051
161,furniture,furniturees,0.206245195521139
161,furniture,furniturers,0.22747503236102
161,furniture,furnitureor,0.20975365910589
161,furniture,furnituring,0.206530490638751
161,furniture,furnitureables,0.233261244292865
161,furniture,furniturings,0.247975180794856
161,furniture,furnituror,0.223540730077997
161,furniture,furnitured,0.190410024565333
161,furniture,furnitures,0.323279395522924
161,furniture,furniturer,0.272050758966679
161,furniture,furnitural,0.230623403913476
161,for,fors,-0.0112868546718285
161,for,foriveness,0.0120528228932134
161,for,forlys,-0.0286674316160093
161,for,fority,0.0111113372181859
161,for,forive,0.0125834600503533
161,for,forism,0.000154865290905283
161,for,foreer,0.0124982937134084
161,for,foreor,0.0108469251213541
161,for,forals,0.00275054975611453
161,for,forors,-0.0129496793412467
161,for,forror,0.0122454094316721
161,for,forral,-0.0134988189080945
161,for,forred,0.0126618860424974
161,for,forrer,0.00790082479611706
161,for,foror,0.0134662177176705
161,for,forly,0.00898661490000014
161,for,foral,0.00587630281160815
161,for,forable,0.0115945060408782
161,for,forally,-0.0108866329516148
161,for,forives,0.0113068960291895
161,for,forlies,0.0108469251213541
161,for,forness,0.00508288529437384
161,for,forment,-0.0186591296207225
161,for,forrers,0.0108469251213541
161,for,forrals,0.0111113372181859
161,for,forring,0.0118971296421392
161,for,formenting,0.0129828780752498
161,for,foriving,0.0113068960291895
161,for,formently,0.0108469251213541
161,for,forments,0.0126550670935472
161,for,forority,0.0108469251213541
161,for,forrible,0.0113068960291895
161,for,forrings,0.0111113372181859
161,small,smaller,0.304265393427948
161,small,smalles,0.114509614360401
161,small,smalled,0.110706780991828
161,small,smallal,0.11900326772144
161,small,smallly,0.11900326772144
161,small,smallic,0.11900326772144
161,small,smallor,0.0893827262165407
161,small,smalller,0.105845612572693
161,small,smallive,0.0752610420568444
161,small,smallism,0.12190417311131
161,small,smallion,0.110398108569922
161,small,smalling,0.0504337229363457
161,small,smallers,0.11083731558854
161,small,smalleer,0.10919778534029
161,small,smallable,0.033960780933069
161,small,smallence,0.0752610420568444
161,small,smallings,0.045479050099426
161,small,smallized,0.11900326772144
161,small,smallizes,0.0752610420568444
161,small,smalllies,0.0752610420568444
161,small,smallness,0.163493423201908
161,spaces,spaceability,0.268038420250225
161,spaces,space,0.305298692508467
161,spaces,spacation,0.0633411726086672
161,spaces,spaceable,0.207992644037125
161,spaces,spaceence,0.207992644037125
161,spaces,spaceived,0.257134466134172
161,spaces,spaceings,0.292877764026833
161,spaces,spaceness,0.137342513570892
161,spaces,spacement,0.144769835717642
161,spaces,spaceallied,0.207992644037125
161,spaces,spacicity,0.137342513570892
161,spaces,spaceal,0.207992644037125
161,spaces,spaceds,0.207992644037125
161,spaces,spaceer,0.168902297363102
161,spaces,spacees,0.244155586471667
161,spaces,spaceed,0.106945563744587
161,spaces,spacely,0.0146549433117472
161,spaces,spaceor,0.195843341220219
161,spaces,spacers,0.0869322096013085
161,spaces,spacion,0.137342513570892
161,spaces,spacity,0.117227669855825
161,spaces,spacive,0.207992644037125
161,spaces,spacations,0.257134466134172
161,spaces,spacable,0.168902297363102
161,spaces,spacelys,0.117227669855825
161,spaces,spaceive,0.207992644037125
161,spaces,spaceing,0.122999095244882
161,spaces,spaceion,0.137342513570892
161,spaces,spaceial,0.168902297363102
161,spaces,spaceics,0.207992644037125
161,spaces,spacions,0.168902297363102
161,spaces,spacal,0.118101494325461
161,spaces,spacic,0.185126257092632
161,spaces,spaced,0.188884844352976
161,spaces,spacer,0.0834821639021239
161,spaces,spacemently,0.185126257092632
162,dnr,dnrs,0.406998892078451
163,arkansas,arkansasable,0.249211287480219
163,arkansas,arkansasallied,0.249211287480219
163,arkansas,arkansassal,0.161288838509493
163,arkansas,arkansases,0.177512798239022
163,arkansas,arkansaser,0.249211287480219
164,hobby,hobbiers,0.263805830116955
164,hobby,hobbying,0.321251490191434
164,hobby,hobbyism,0.278379034129717
164,hobby,hobbyer,0.220924055665967
164,hobby,hobbyes,0.242784364436184
164,hobby,hobbyor,0.28750832316017
164,hobby,hobbied,0.232488935706976
164,hobby,hobbier,0.237812154328613
164,hobby,hobbies,0.293504886862778
164,hobby,hobbily,0.198088829788127
164,hobby,hobbiness,0.263711718697569
164,hobby,hobbyness,0.237179176462149
164,hobby,hobbys,0.244551726856285
164,hobby,hobbic,0.175222442843633
164,hobby,hobbyation,0.237179176462149
164,stores,storesing,0.152484950073735
164,stores,storesive,0.152484950073735
164,stores,storesize,0.134891519385403
164,stores,storesor,0.145591907372608
164,stores,storesal,0.152484950073735
164,stores,storesed,0.152484950073735
164,stores,storessizes,0.100810322566458
165,blue,blueally,0.00862287111356722
165,blue,blueable,0.161664088225077
165,blue,blueence,0.161664088225077
165,blue,blueisms,0.161664088225077
165,blue,blueings,0.148309388519731
165,blue,blueness,0.196979083739984
165,blue,bluement,0.116254236297596
165,blue,bluelies,0.116254236297596
165,blue,blueiving,0.116254236297596
165,blue,bluor,0.161726088766741
165,blue,bluer,0.229624264727399
165,blue,blued,0.160837866756737
165,blue,blueliness,0.172806138748813
165,blue,bluize,0.0803029601757956
165,blue,bluors,0.16560492307659
165,blue,bluely,0.151839613236138
165,blue,blueor,0.144964261247787
165,blue,blueds,0.170851956381401
165,blue,blueed,0.134283148862432
165,blue,blueal,0.0771638896235735
165,blue,blueer,0.137867483762476
165,blue,bluees,0.129321829596402
165,blue,bluing,0.181526194649103
165,blue,bluers,0.140229679541162
165,blue,bluance,0.0933878493531029
165,blue,bluelys,0.116254236297596
165,blue,blueity,0.16560492307659
165,blue,blueize,0.148309388519731
165,blue,blueing,0.165384728660679
165,blue,blueion,0.147369448524887
165,blue,blueism,0.168519558931598
165,blue,bluings,0.134283148862432
165,throated,throats,0.31334617804898
165,throated,throatism,0.393116358656357
165,throated,throating,0.371985088018467
165,throated,throaters,0.285000916624825
165,throated,throateds,0.509279323844841
165,throated,throatly,0.393116358656357
165,throated,throator,0.314935665308312
165,throated,throatal,0.272426365848719
165,throated,throates,0.314935665308312
165,throated,throater,0.264505874491865
165,throated,throatable,0.370249971711864
165,throated,throatings,0.331159625037842
165,throated,throatting,0.449789117878451
165,throated,throat,0.308856153564569
165,hummingbird,hummingbirded,0.351859283802583
165,hummingbird,hummingbirds,0.639241400914194
165,hummingbird,hummingbirding,0.383057077487018
165,hummingbird,hummingbirders,0.410455006651546
165,hummingbird,hummingbirdness,0.351859283802583
166,computer,computeration,0.0444706998652226
166,computer,computerative,0.0961453273724998
166,computer,computerority,0.144167842671262
166,computer,computerrible,0.0732789404280066
166,computer,computerrized,0.0851016924026401
166,computer,computerically,0.140737137542987
166,computer,computerations,0.140737137542987
166,computer,computerabilities,0.0732789404280066
166,computer,computering,0.0888705908967784
166,computer,computerism,0.0627505310270063
166,computer,computerers,0.116940533080386
166,computer,computerred,0.153201809590458
166,computer,computerror,0.0932280350586918
166,computer,computers,0.374345787305991
166,computer,computerable,0.140737137542987
166,computer,computerence,0.140737137542987
166,computer,computerials,0.140737137542987
166,computer,computerions,0.140737137542987
166,computer,computerness,0.135844702396758
166,computer,computerring,0.116940533080386
166,computer,computerrors,0.0961453273724998
166,computer,computeror,0.134589429560399
166,computer,computerly,0.117521539186151
166,computer,computeric,0.0909284676167897
166,computer,computerer,0.123273907328325
166,computer,computeres,0.150582400345827
166,computer,computered,0.0940988946413188
166,computer,computeral,0.133053617263385
166,programming,programically,0.221039040428675
166,programming,programmibility,0.206010161834402
166,programming,programeer,0.16719681109935
166,programming,programics,0.144330424154857
166,programming,programity,0.115522183592073
166,programming,programism,0.16719681109935
166,programming,programing,0.312515866533975
166,programming,programize,0.16719681109935
166,programming,programmed,0.302990617071046
166,programming,programmal,0.0234624968048311
166,programming,programations,0.14752898453224
166,programming,programs,0.230117484339014
166,programming,programed,0.141951574876502
166,programming,programes,0.0832627910639118
166,programming,programic,0.14115481808062
166,programming,programor,0.075352600325695
166,programming,programly,0.173998471677993
166,programming,programal,0.150201867215392
166,programming,programibility,0.16719681109935
166,programming,programmables,0.115789493022354
166,programming,programmabled,0.16719681109935
166,programming,programmability,0.274819340563378
166,programming,programables,0.109828776429181
166,programming,programation,0.165511234754446
166,programming,programancy,0.16719681109935
166,programming,programable,0.165383604682447
166,programming,programably,0.150201867215392
166,programming,programeers,0.214679035702633
166,programming,programence,0.219912199326507
166,programming,programible,0.198976924767461
166,programming,programical,0.115522183592073
166,programming,programives,0.115522183592073
166,programming,programings,0.216945690792014
166,programming,programized,0.16719681109935
166,programming,programment,0.0964250867153553
166,programming,programness,0.144330424154857
166,programming,programmable,0.294309096741052
166,programming,programmably,0.191390273864084
166,programming,programmizer,0.202616664769648
166,programming,programmible,0.214679035702633
166,programming,programmings,0.237177196458918
166,programming,program,0.210248449304413
166,programming,programization,0.16719681109935
166,programming,programability,0.21383840251085
166,programming,programmabilities,0.16794300130751
167,barbados,barbadosing,0.276539622550059
167,barbados,barbadosability,0.276539622550059
167,barbados,barbadoses,0.276539622550059
167,barbados,barbadosed,0.292256221207716
168,lipoma,lipomas,0.64874659910386
169,battles,battlementing,0.216637033618892
169,battles,battleing,0.199358437998089
169,battles,battlizer,0.235079074037444
169,battles,battlized,0.204538034572309
169,battles,battlings,0.209077786235958
169,battles,battlions,0.141012368244237
169,battles,battlation,0.217654428088734
169,battles,battleizer,0.239728400664507
169,battles,battlement,0.131592612444604
169,battles,battleness,0.239728400664507
169,battles,battlizers,0.290161251240905
169,battles,battlion,0.27534868233797
169,battles,battling,0.360229680855087
169,battles,battlies,0.216862013720014
169,battles,battlers,0.345317653483953
169,battles,battleor,0.216862013720014
169,battles,battlees,0.200474519563101
169,battles,battleed,0.125733343447484
169,battles,battleds,0.290161251240905
169,battles,battled,0.361340033346285
169,battles,battler,0.264460360951441
169,battles,battlor,0.266364646778305
169,battles,battly,0.183178985006243
169,battles,battle,0.50420413201621
169,in,inly,-0.00792602078492762
169,in,initied,0.0010504593872988
169,in,inities,-0.00432071826325134
169,in,inity,0.00447624665765562
169,in,inism,0.00985782165896985
169,in,innessed,0.00881013560997146
169,in,initys,0.00881013560997146
169,in,inisms,0.00881013560997146
169,in,inlied,0.00881013560997146
169,in,inlies,0.0095904232653069
169,in,inness,0.00918328661190103
169,the,thority,0.00485065460940542
169,the,thal,0.00436206373141345
169,the,thes,-0.000159029012240114
169,the,ther,0.0112880183226315
169,the,thor,0.000183773996754603
169,the,theability,0.00696520476917045
169,the,theabled,0.00522848187425968
169,the,theables,0.00545019904547621
169,the,theality,-0.0136445190396593
169,the,theities,0.00522848187425968
169,the,theiveds,0.00522848187425968
169,the,theively,0.00564340911409441
169,the,theiving,0.0065314155478595
169,the,thements,-0.00781648221641546
169,the,theority,0.00552563260603846
169,the,therness,0.00646462511379051
169,the,thorness,0.00681286767950424
169,the,thals,0.00732176987722906
169,the,theor,0.00587930541256615
169,the,thers,0.00810395727524461
169,the,theal,0.00559742148291355
169,the,thely,2.72730004926271e-05
169,the,thize,0.000987604808073396
169,the,thity,0.00422362884484943
169,the,thive,0.00331629640451309
169,the,thion,0.00425104191733358
169,the,thors,0.00598104579682084
169,the,thorities,0.00632076038612616
169,the,theivings,0.00522848187425968
169,the,thancies,0.00535593493954342
169,the,thations,0.00592969128498455
169,the,thable,-0.00632691173198135
169,the,thably,0.00522848187425968
169,the,thally,-0.00340371371374911
169,the,thance,0.00652441845530087
169,the,theors,0.00597950624258972
169,the,thelys,-0.00302602406891855
169,the,theals,0.00535593493954342
169,the,theeer,0.00545019904547621
169,the,theize,-0.0423122637886189
169,the,theive,0.00669168279702309
169,the,theity,0.00458549604412262
169,the,thible,0.00642729329639583
169,the,thized,0.00545019904547621
169,the,thions,-0.00820137099915726
169,the,thitys,0.00522848187425968
169,the,thives,0.00320025437925429
169,the,thived,0.00535593493954342
169,the,theallies,0.00558883407025473
169,the,theallied,0.00552563260603846
169,the,theabilities,0.00522848187425968
169,the,thabled,0.00522848187425968
169,the,thables,-0.00104756194594208
169,the,thallys,0.00133136249688531
169,the,thality,0.00522848187425968
169,the,thances,0.00569155305082732
169,the,thanced,0.00573470601057091
169,the,thation,0.00646462511379051
169,the,theable,0.00558883407025473
169,the,theally,0.00564340911409441
169,the,theives,0.00845933991059008
169,the,theived,0.00597950624258972
169,the,theizes,0.00535593493954342
169,the,theical,0.00522848187425968
169,the,theible,0.00522848187425968
169,the,thelied,0.00522848187425968
169,the,thelies,-0.0340662479688065
169,the,theness,0.00590258534470213
169,the,thement,0.00595527353298866
169,the,thibled,0.00522848187425968
169,the,thibles,0.00545019904547621
169,the,thitied,0.00522848187425968
169,the,thities,0.00522848187425968
169,the,thiving,0.00597950624258972
169,the,thizing,0.00535593493954342
169,civil,civillization,0.0848185042637183
169,civil,civillizations,0.125773523450402
169,civil,civilations,0.141931347921486
169,civil,civilation,0.135168274996133
169,civil,civillized,0.173175822128835
169,civil,civilally,0.11307396106277
169,civil,civilings,0.152164307736792
169,civil,civilions,0.173175822128835
169,civil,civilness,0.137837907297248
169,civil,civiller,0.173238800127344
169,civil,civilism,0.194634483972285
169,civil,civiling,0.158354437599944
169,civil,civilion,0.138202157118703
169,civil,civilial,0.182669495259225
169,civil,civilor,0.152164307736792
169,civil,civiles,0.247538687112102
169,civil,civiler,0.223939046675982
169,civil,civiled,0.100489680229515
169,civil,civils,0.244662202935543
169,war,wars,0.430404291615426
169,war,wareds,0.0869481961105413
169,war,wareer,0.0901118854128775
169,war,wareor,0.109814583055034
169,war,warers,0.114865265500204
169,war,warors,0.154962466256485
169,war,warial,0.0869481961105413
169,war,waring,0.106539761385498
169,war,warism,0.156399476011567
169,war,warity,-0.00745645696703312
169,war,warion,0.0549114008302847
169,war,warrer,0.064863084618525
169,war,warred,0.224212507429573
169,war,warral,-0.0707991792906335
169,war,warror,0.136338046299525
169,war,warallied,0.154962466256485
169,war,warations,0.109814583055034
169,war,warance,0.158739937767967
169,war,warable,0.0904852977692432
169,war,warence,0.139202127992697
169,war,warings,0.0544843617494868
169,war,warisms,0.154962466256485
169,war,warives,0.154962466256485
169,war,warlies,0.0228349430984513
169,war,warment,0.070724236381012
169,war,warness,0.158322800928839
169,war,warrers,0.144665777458109
169,war,warring,0.289433944862067
169,war,warrors,0.115040759699324
169,war,waror,0.173306087203291
169,war,warly,0.0540253983047795
169,war,warer,0.0914147953532122
169,war,wared,0.0885949627361655
169,war,waral,0.073265255772939
169,war,wariving,0.158739937767967
169,war,warizing,0.154962466256485
169,war,warments,0.0869481961105413
169,war,warrable,0.109814583055034
169,war,warrally,0.166803562897873
169,war,warrings,0.133589453866942
170,scooters,scooter,0.603179463620131
170,scooters,scooterred,0.312704525929447
170,scooters,scooterism,0.375030539860409
170,scooters,scootering,0.448285780538276
170,scooters,scooterers,0.391080378786359
170,scooters,scooterized,0.312704525929447
170,scooters,scooterisms,0.312704525929447
170,scooters,scooterring,0.312704525929447
170,scooters,scootered,0.324979872980515
170,scooters,scooterer,0.244829679211033
170,scooters,scooteres,0.260948353930074
170,scooters,scooterly,0.366106086441956
171,ron,rons,0.170325307024108
171,ron,ronisms,0.244721992791509
171,ron,ronness,0.266629018756125
171,ron,ronly,0.0145166599137366
171,ron,ronlys,0.183827043584547
171,ron,ronism,0.20669343052904
171,ron,ronity,0.20669343052904
171,howard,howards,0.311561868565853
171,howard,howardly,0.224340145624151
171,howard,howardisms,0.176072209858
171,howard,howardness,0.199346651829273
171,howard,howardism,0.272161469885083
172,becoming,becominging,0.165630543600665
172,becoming,becomingness,0.200508678100519
172,becoming,becomings,0.228768140186379
172,becoming,becomingly,0.168543978078422
172,a,aity,0.00449385113057825
172,a,aism,0.0017938666949002
172,a,aitys,0.00858269158699248
172,a,aisms,0.00737483541488101
172,a,aness,0.00705108881631306
172,a,aismings,0.00737483541488101
172,a,aities,0.00737483541488101
172,a,anessed,0.00737483541488101
172,paralegal,paralegality,0.261834544187049
172,paralegal,paralegalism,0.388355927802926
172,paralegal,paralegals,0.55630187565138
173,hip,hips,0.319889539480345
173,hip,hipal,0.0683076855344861
173,hip,hipor,0.158432736486548
173,hip,hiply,0.239937734707423
173,hip,hipic,0.0218829342609148
173,hip,hiped,0.147570120681504
173,hip,hiper,0.0693084514100602
173,hip,hipes,0.00494291969139415
173,hip,hipical,0.192221152771517
173,hip,hipisms,0.216924777245769
173,hip,hipment,0.045441298589993
173,hip,hipness,0.271695425727925
173,hip,hipping,0.141503100704229
173,hip,hippers,0.214176917296851
173,hip,hipped,0.190400113318667
173,hip,hipper,0.201384010218711
173,hip,hippal,0.169354765827024
173,hip,hipity,0.206778737978125
173,hip,hipism,-0.0609175120135164
173,hip,hiping,0.195585191378415
173,hip,hipers,0.104092482492104
173,hip,hipeer,0.153130806097495
173,hip,hipals,0.130264419153002
173,hip,hipperness,0.192221152771517
173,hip,hipments,0.0911740724789793
173,hip,hippings,0.14054652526424
173,fractures,fractural,0.278256016071295
173,fractures,fractured,0.462088943104726
173,fractures,fracturer,0.305484991184914
173,fractures,fracturization,0.257125298220278
173,fractures,fracturability,0.23819497501276
173,fractures,fracturing,0.433725618543723
173,fractures,fractureed,0.21528340831683
173,fractures,fracturees,0.325023885457085
173,fractures,fracturers,0.325023885457085
173,fractures,fractureor,0.308799925727556
173,fractures,fracturations,0.347890272401578
173,fractures,fracturation,0.330944997571451
173,fractures,fracturable,0.330647067830844
173,fractures,fractureing,0.176193061642807
173,fractures,fracturings,0.32136208087692
173,fractures,fracture,0.617551644204173
174,rock,rockally,0.124998550536139
174,rock,rockable,0.0784103066595043
174,rock,rockably,0.128592128537334
174,rock,rockeers,0.141882510098178
174,rock,rockings,0.124195939051341
174,rock,rockisms,0.178423954189291
174,rock,rockical,0.165679114560779
174,rock,rocklies,0.165679114560779
174,rock,rocklied,0.111902334060743
174,rock,rockking,0.0956261572304809
174,rock,rockness,0.208367000800772
174,rock,rockment,0.120112313861931
174,rock,rockeds,0.0684376863546535
174,rock,rockeer,0.141882510098178
174,rock,rockals,0.124998550536139
174,rock,rockity,0.16750002982666
174,rock,rockive,0.184098350690578
174,rock,rockion,0.165679114560779
174,rock,rockism,0.189822844827225
174,rock,rocking,0.229335223737703
174,rock,rockker,0.152422287895063
174,rock,rockked,0.165679114560779
174,rock,rockality,0.165679114560779
174,rock,rockation,0.210019473949441
174,rock,rockkings,0.165679114560779
174,rock,rockization,0.169717822451922
174,rock,rockability,0.181991002414841
174,rock,rockor,0.122619073867234
174,rock,rockes,0.111679661133224
174,rock,rocked,0.208119328240342
174,rock,rockal,0.106953564431677
174,rock,rockly,0.144028706833735
174,art,artability,0.113425438743002
174,art,artiality,0.106440597855988
174,art,artically,0.0895566382939485
174,art,arttables,0.106440597855988
174,art,artancy,0.086055838256078
174,art,artance,0.07444419786299
174,art,artably,0.086055838256078
174,art,artable,0.0887347886440541
174,art,artency,0.130237202318589
174,art,artence,0.133411953814086
174,art,artials,0.116116419257227
174,art,artible,0.0946464179364307
174,art,artical,0.071788676215168
174,art,artings,0.152120513401386
174,art,artions,0.130237202318589
174,art,artives,0.086055838256078
174,art,artived,0.086055838256078
174,art,artisms,0.146310165680765
174,art,artment,0.0560824986017924
174,art,artlies,0.161443573328966
174,art,artness,0.132783176797724
174,art,artations,0.086055838256078
174,art,artal,0.058981802191337
174,art,artor,0.109659287030331
174,art,artly,0.0851274529329218
174,art,arted,0.15055092987175
174,art,arter,0.0546876827316237
174,art,artes,0.14233810262335
174,art,artables,0.140292349325818
174,art,artation,0.130237202318589
174,art,artially,0.0321670514041563
174,art,articals,0.114086191759202
174,art,artibles,0.137638983735163
174,art,artities,0.130237202318589
174,art,artivity,0.138080656466807
174,art,artments,0.0501278637487777
174,art,arttable,0.148264951978175
174,art,arttings,0.130237202318589
174,art,artivities,0.13416447923368
174,art,artlys,0.113776590234438
174,art,artize,0.0764604218185527
174,art,artors,0.0764604218185527
174,art,arteds,0.130237202318589
174,art,arteer,0.122108425463197
174,art,arteor,0.133411953814086
174,art,artals,0.0567129846965755
174,art,artial,0.121699113162653
174,art,arting,0.149881867707414
174,art,artion,0.00135577453360776
174,art,artism,0.128867164457133
174,art,artity,0.133411953814086
174,art,artive,0.110753989000378
174,art,arters,0.0398042821437737
174,art,arttor,0.07444419786299
174,art,artter,0.0469654915820555
174,art,arterities,0.106440597855988
175,signs,sign,0.162293386124771
175,signs,signities,0.146500528634521
175,signs,signments,0.0987167851127816
175,signs,signnings,0.130276568904992
175,signs,signable,0.148720018158841
175,signs,signance,0.169366915579014
175,signs,signical,0.216937421256523
175,signs,signials,0.0987167851127816
175,signs,signings,0.142188162337116
175,signs,signions,0.117692288071737
175,signs,signizer,0.130276568904992
175,signs,signized,0.169366915579014
175,signs,signment,0.178531489645855
175,signs,signness,0.212485223520857
175,signs,signners,0.216937421256523
175,signs,signning,0.092895840556193
175,signs,signmently,0.169366915579014
175,signs,signization,0.169366915579014
175,signs,signability,0.168547951348865
175,signs,signmenting,0.169366915579014
175,signs,signes,0.192761571168085
175,signs,signed,0.197227672990209
175,signs,signic,0.226136793565491
175,signs,signly,0.130276568904992
175,signs,signeer,0.0596264384387591
175,signs,signeds,0.169366915579014
175,signs,signeor,0.169366915579014
175,signs,signnal,0.152460252769282
175,signs,signned,0.0710991247200005
175,signs,signion,0.116886355830323
175,signs,signing,0.198287559477882
175,signs,signity,0.0693441490637368
175,signs,signism,0.130276568904992
175,signs,signize,0.130276568904992
175,signs,signial,0.149816514603172
175,signs,signatives,0.169366915579014
175,signs,signations,0.0203327296112483
175,signs,signables,0.045453448341983
175,signs,signances,0.169366915579014
175,signs,signative,0.169366915579014
175,signs,signation,0.0205746212710423
175,of,ofly,-0.0051473773902505
175,of,ofisms,0.0059504493807601
175,of,oflies,0.00620278205320646
175,of,ofness,0.00664971872357282
175,of,ofities,-0.0724628490964451
175,of,ofity,0.00609550162185656
175,a,aity,0.00449385113057825
175,a,aism,0.0017938666949002
175,a,aitys,0.00858269158699248
175,a,aisms,0.00737483541488101
175,a,aness,0.00705108881631306
175,a,aismings,0.00737483541488101
175,a,aities,0.00737483541488101
175,a,anessed,0.00737483541488101
175,heartattack,heartattacks,0.537546827341164
176,weather,weatherabilities,0.145723306749771
176,weather,weatherization,0.0853984909262287
176,weather,weatherability,0.10688338001301
176,weather,weatherable,0.098308589302297
176,weather,weatherings,0.107851371705067
176,weather,weatherizer,0.148439158432899
176,weather,weatherizes,0.126623293847263
176,weather,weatherized,0.152229562568462
176,weather,weatherment,0.176434300149801
176,weather,weatherness,0.145723306749771
176,weather,weatherring,0.159138765592942
176,weather,weatherliness,0.152872400893626
176,weather,weatheribility,0.126412660540228
176,weather,weathereds,0.126412660540228
176,weather,weatherers,0.145723306749771
176,weather,weatherlys,0.0539818139082224
176,weather,weathering,0.157030079040925
176,weather,weatherize,0.142718730056531
176,weather,weatherred,0.117108041593053
176,weather,weatherizers,0.00702797088462374
176,weather,weatherizing,0.0904612992915841
176,weather,weatherly,0.064930421725459
176,weather,weatheror,0.118458982395464
176,weather,weatheres,0.1722357628955
176,weather,weatherer,0.117651386244654
176,weather,weathered,0.133434542976743
176,weather,weatheral,0.0857871173941424
176,weather,weatherizations,0.15473381739835
176,strip,stripability,0.244057312941915
176,strip,stripable,0.234798310830794
176,strip,strippors,0.257925528259701
176,strip,stripping,0.361360325753895
176,strip,strippeds,0.2341289237971
176,strip,strippable,0.196417699568382
176,strip,strippings,0.16240666922391
176,strip,strippability,0.167415253097418
176,strip,strips,0.4471320680216
176,strip,strippor,0.191829683295186
176,strip,stripped,0.244902150517284
176,strip,stripeer,0.138102652803694
176,strip,stripor,0.246917363532595
176,strip,striply,0.185886396325433
177,best,besttables,0.0879885267805118
177,best,bestallies,0.0879885267805118
177,best,besters,0.0338719312758973
177,best,bestals,-0.00662650608852268
177,best,bestter,0.0556211013953873
177,best,bestors,0.0780681673867802
177,best,besting,0.0871992695698062
177,best,bestion,-0.0294748037125222
177,best,bestics,0.064191922317911
177,best,bestism,0.0574833273622481
177,best,bestive,0.0879885267805118
177,best,bestize,0.0879885267805118
177,best,bestliness,0.09298918581496
177,best,bests,0.116548235815369
177,best,bestality,0.036429492767322
177,best,bestation,0.0879885267805118
177,best,bestal,0.0721194410073736
177,best,bested,0.113176016311742
177,best,bester,0.0336625532034764
177,best,bestes,0.0775280761340056
177,best,bestic,0.042711218897856
177,best,bestly,0.0598441586789238
177,best,bestor,0.0310545193443047
177,best,bestiving,0.0879885267805118
177,best,bestments,0.0879885267805118
177,best,bestance,0.0225922911468094
177,best,bestally,0.064191922317911
177,best,bestable,0.064191922317911
177,best,bestions,0.0454586780913026
177,best,bestings,0.0454586780913026
177,best,bestlies,0.0454586780913026
177,best,bestness,0.0841731288984409
177,best,bestting,0.0947615856359303
177,best,besttable,0.0879885267805118
177,best,bestivities,0.0917197374314137
177,long,longations,0.111740084818473
177,long,longliness,0.111740084818473
177,long,longlyness,0.111740084818473
177,long,longable,0.0951432568356164
177,long,longging,0.0684004861927903
177,long,longions,0.109081050217431
177,long,longived,0.100055132985443
177,long,longives,0.094444550261615
177,long,longness,0.0811904260065751
177,long,longment,0.0266363408008199
177,long,longativity,0.109278776321924
177,long,longals,0.109081050217431
177,long,longeer,0.08528444575483
177,long,longive,0.0810290914184438
177,long,longism,0.118573549168686
177,long,longion,-0.0316505792334095
177,long,longlys,0.0657266874748424
177,long,longged,0.109081050217431
177,long,longger,0.0775739070384602
177,long,longers,0.0862906348531807
177,long,longial,0.109081050217431
177,long,longgor,0.0657266874748424
177,long,longs,0.149934402600545
177,long,longation,0.0646843505470555
177,long,longivity,0.0793441444813865
177,long,longic,0.0266363408008199
177,long,longed,0.181407167553451
177,long,longes,0.0383317375589673
177,long,longer,0.307804536308645
177,long,longly,0.0967621791217671
177,long,longor,0.0904610405403529
177,long,longal,-0.0080454286542254
177,term,termically,0.155328942332036
177,term,termability,0.162106289824014
177,term,termations,0.0650045245754537
177,term,termation,0.0923384525321714
177,term,termerity,0.119369082502101
177,term,termially,0.162106289824014
177,term,termicity,0.116679152082731
177,term,termities,0.121425725799373
177,term,termally,0.0365065600368307
177,term,termable,0.116679152082731
177,term,termeers,0.116679152082731
177,term,termings,0.116679152082731
177,term,termical,0.0276257810595405
177,term,termials,0.0317736536843788
177,term,termlies,0.162106289824014
177,term,termness,0.144174797439385
177,term,termming,0.116679152082731
177,term,terming,0.163402690021999
177,term,termial,0.0607330716936523
177,term,termics,0.0650045245754537
177,term,termize,0.162106289824014
177,term,termion,0.0775888054087083
177,term,termism,0.187011374679612
177,term,termity,0.148762369528565
177,term,termmal,0.116679152082731
177,term,termlys,0.166057904085423
177,term,termals,0.0654179267400903
177,term,termeer,0.0829676719183437
177,term,termers,0.1717981618578
177,term,termors,0.100008995853807
177,term,termor,0.174308640944241
177,term,termic,0.0356068956447527
177,term,termly,0.183518093473481
177,term,termes,-0.0531933302024819
177,term,termer,0.120280029509109
177,term,termed,0.299980668257351
177,term,termal,-0.00151276487576467
177,care,carance,0.123381582297459
177,care,careeds,0.109966123454288
177,care,careeer,0.0809491046237537
177,care,careeor,0.109966123454288
177,care,careing,0.140371744775382
177,care,careity,0.096648915122956
177,care,carelys,0.0746282086227021
177,care,carence,0.0352193829427132
177,care,carency,-0.0771287765366177
177,care,carings,0.0949138360474431
177,care,carions,0.063805261525583
177,care,careallied,0.149492344969007
177,care,careallies,0.15346780559784
177,care,careation,-0.0517805959033261
177,care,careiving,0.137329479147597
177,care,carencies,0.0928708755251314
177,care,carer,0.204514011104625
177,care,cares,0.222201136023905
177,care,caric,0.00509924976118376
177,care,cared,0.245064618898917
177,care,carations,0.113532874684996
177,care,carely,0.020764993451466
177,care,carers,0.229186175328217
177,care,careal,0.0309971702190024
177,care,carees,0.0970359377287246
177,care,careed,0.113658951900927
177,care,careds,0.0692908114752554
177,care,carics,0.0928708755251314
177,care,carion,0.0219003034620907
177,care,caring,0.304299268443614
177,care,careability,0.160776909794421
177,care,caration,0.0928708755251314
177,care,careable,0.0700044885806383
177,care,careeers,0.102168235872612
177,care,careings,0.123381582297459
177,care,carement,-0.0970292857102184
177,care,carelies,0.0928708755251314
177,care,careness,0.109453942868689
177,care,carences,0.0512952426891486
177,insurance,insurancance,0.186820373018392
177,insurance,insuranceive,0.182374682496118
177,insurance,insuranceing,0.136155246258757
177,insurance,insurancy,0.200598332498467
177,insurance,insuranceance,0.182374682496118
177,insurance,insuranceable,0.182374682496118
177,insurance,insurancor,0.206301106250593
177,insurance,insurancer,0.2470440163866
177,insurance,insurances,0.297836194449811
177,insurance,insuranced,0.244568076683034
177,insurance,insurancies,0.158578078033517
177,insurance,insurancing,0.198527068758638
177,insurance,insuranceer,0.182374682496118
177,insurance,insuranceor,0.211411184620298
177,insurance,insurancers,0.0196524263975559
177,insurance,insuranceallied,0.209374422303708
178,pork,porkes,0.274073787517382
178,pork,porked,0.293843760224728
178,pork,porkal,0.263360148149065
178,pork,porkor,0.341462493320729
178,pork,porkly,0.29386530426961
178,pork,porks,0.260330917142685
178,pork,porkion,0.240493761204572
178,pork,porking,0.232936781892279
178,pork,porkity,0.314754351542023
178,pork,porkker,0.341968744721546
178,pork,porkeds,0.314754351542023
178,pork,porkeer,0.338721537351498
178,pork,porkness,0.374232870580841
178,tenderloin,tenderloiner,0.351322098411316
178,tenderloin,tenderloined,0.465929481689111
178,tenderloin,tenderloins,0.590116492402367
179,black,blackers,0.138720694878438
179,black,blackial,0.0954013951545259
179,black,blackics,0.13996294174279
179,black,blackive,-0.0189715712691281
179,black,blackity,0.146731953297857
179,black,blackism,0.148385302480021
179,black,blackize,0.13996294174279
179,black,blackization,0.13996294174279
179,black,blackability,0.143374774542492
179,black,blacks,0.309469692639786
179,black,blackic,0.0589061174835964
179,black,blackes,0.127450068037701
179,black,blacker,0.18197487956118
179,black,blacked,0.160263925194991
179,black,blackal,0.0709915597482256
179,black,blackor,0.129585320584013
179,black,blackality,0.0954013951545259
179,black,blackicity,0.0954013951545259
179,black,blackably,0.0725350082100327
179,black,blackisms,0.147917466891961
179,black,blackking,0.0235892610697935
179,black,blackness,0.218672440300352
179,history,historys,-0.0431408322745702
179,history,historiness,0.0811968780359883
179,history,historiers,0.0389325172506906
179,history,historying,0.0916655185686481
179,history,historyive,0.00767266041397476
179,history,historyals,0.0389325172506906
179,history,historyical,0.065788456559822
179,history,historyying,0.0846400844088328
179,history,historyically,0.0598343694715488
179,history,historier,0.0355426084768333
179,history,histories,0.185150535052633
179,history,historied,0.0831566613867836
179,history,historyic,0.00767266041397476
179,history,historyer,0.0846400844088328
179,history,historyes,0.0881747007122548
179,history,historyed,0.0902238726183299
179,history,historyor,0.0885523237654808
179,history,historyal,0.0574002735733875
180,newyork,newyorks,0.663497910304298
180,newyork,newyorkisms,0.362251058070238
180,newyork,newyorkness,0.362251058070238
180,hotels,hotelable,0.226842959480005
180,hotels,hotelence,0.180912124924102
180,hotels,hotelling,-0.00467710105827316
180,hotels,hotellies,0.188583821133744
180,hotels,hotellers,0.157115520461501
180,hotels,hotelic,0.111883473624769
180,hotels,hoteled,0.155355083905465
180,hotels,hoteler,0.153497661190209
180,hotels,hoteles,0.338210484426085
180,hotels,hotelal,0.237457607508262
180,hotels,hotelor,0.209028009137167
180,hotels,hotelly,0.165545252959322
180,hotels,hotel,0.589088387388084
180,hotels,hotelation,0.134749860569262
180,hotels,hotellings,0.00778724809665626
180,hotels,hotelers,0.0830752330619849
180,hotels,hotelism,0.180912124924102
180,hotels,hotelity,0.111883473624769
180,hotels,hoteling,0.0709152675231262
180,hotels,hotelion,0.185322163138461
180,hotels,hotellor,0.180912124924102
180,hotels,hotelled,0.107387907302088
180,hotels,hoteller,0.274869432419162
181,old,olds,0.205645026694319
181,old,oldals,-0.0412472059734857
181,old,oldder,0.117256619209866
181,old,oldeor,0.121636744385899
181,old,olders,0.109330442916922
181,old,oldeds,0.124601845211713
181,old,oldeer,0.0929901914295577
181,old,oldity,0.121636744385899
181,old,oldive,0.101989114630855
181,old,oldism,0.126794829568139
181,old,olding,0.0866132297509452
181,old,oldability,0.121636744385899
181,old,oldor,0.0997004701549144
181,old,oldal,-0.0472027843204735
181,old,olded,0.108919640166487
181,old,older,0.265864503304079
181,old,oldes,0.0701018648982674
181,old,oldly,0.0355173901055311
181,old,oldic,0.0387012285315099
181,old,olderness,0.117241211283442
181,old,oldiving,0.0777915752055324
181,old,oldable,-0.0129733989757673
181,old,oldence,0.0978401399232985
181,old,oldings,0.0404905006831045
181,old,oldisms,0.124601845211713
181,old,oldlies,0.111972451441374
181,old,oldness,0.119283872201815
181,coins,coin,0.57154359273702
181,coins,coination,0.233988396139524
181,coins,coinable,0.332833987275059
181,coins,coinance,0.256854783084017
181,coins,coineers,0.256854783084017
181,coins,coinings,0.126120051836569
181,coins,coinical,0.234460126934928
181,coins,coinning,0.256854783084017
181,coins,coinness,0.256854783084017
181,coins,coinned,0.256854783084017
181,coins,coinnor,0.217764436409994
181,coins,coinics,0.256854783084017
181,coins,coining,0.275218749423685
181,coins,coinism,0.256854783084017
181,coins,coiners,0.300992267400269
181,coins,coinization,0.256854783084017
181,coins,coinability,0.331021269354692
181,coins,coinor,0.124247918999268
181,coins,coinic,0.20518015557674
181,coins,coinly,0.256854783084017
181,coins,coinal,0.307984344556942
181,coins,coines,0.237109415569438
181,coins,coiner,0.25627316697288
181,coins,coined,0.155780204806835
182,quit,quitably,0.239296385445486
182,quit,quitable,0.158045959218837
182,quit,quitings,0.239296385445486
182,quit,quitives,0.216429998500993
182,quit,quitness,0.133965061978908
182,quit,quitment,0.216429998500993
182,quit,quittors,0.289711661399106
182,quit,quitting,0.498697255533502
182,quit,quitize,0.239296385445486
182,quit,quiteor,0.239296385445486
182,quit,quiting,0.348140570009139
182,quit,quitism,0.239296385445486
182,quit,quitity,0.239296385445486
182,quit,quitted,0.299963623987339
182,quit,quittal,0.316184229989592
182,quit,quittor,0.265126168360425
182,quit,quited,0.202212002445923
182,quit,quital,0.154473264882477
182,quit,quitor,0.131156815619152
182,quit,quitly,0.252756753801961
182,quit,quitization,0.239296385445486
182,quit,quitability,0.289711661399106
182,quit,quitables,0.138209616602199
182,quit,quittable,0.28784827501306
182,quit,quittings,0.27702481660552
182,smoking,smokinged,0.214876321171295
182,smoking,smokinger,0.206476731284671
182,smoking,smokingly,0.136769851172782
182,smoking,smokingor,0.273517758097116
182,smoking,smokings,0.258913821473899
182,smoking,smokingism,0.206476731284671
182,smoking,smokingings,0.167386384610648
183,kansas,kansases,0.200535139739683
183,kansas,kansaser,0.225743260375881
183,kansas,kansased,0.225743260375881
183,kansas,kansasor,0.225743260375881
183,kansas,kansasity,0.0914626254574079
183,city,citically,0.106451060180148
183,city,citicisms,0.0829467062968462
183,city,citys,0.162941837317659
183,city,citic,0.0879562453057757
183,city,cityallied,0.105604863615697
183,city,citicity,0.0395199992679806
183,city,citicism,0.0478433722194161
183,city,citiness,0.107433096648266
183,city,cityisms,0.110083106476756
183,city,citylies,0.0623863862124737
183,city,cityness,0.112765331886156
183,city,citication,0.0623863862124737
183,city,cityation,0.0623863862124737
183,city,citiers,0.0357018445884285
183,city,citieds,0.0428717417641394
183,city,citical,0.0589188845453794
183,city,cityers,0.108179160304561
183,city,citying,0.0032057645088748
183,city,cityive,0.108179160304561
183,city,cityism,0.0693357871398398
183,city,citior,0.0623863862124737
183,city,cities,0.348428030595741
183,city,citier,0.105604863615697
183,city,citied,0.0877322225536764
183,city,citics,0.0405097414022
183,city,cityor,0.107648304310022
183,city,cityly,0.105604863615697
183,city,cityal,0.0587866550782328
183,city,cityed,0.111606713341387
183,city,cityes,0.115141488047099
183,city,cityer,0.108179160304561
183,mo,moness,0.123151541918181
183,mo,moism,0.210034308108264
183,mo,moity,0.0866552705751684
183,mo,moities,0.085289491180267
183,mo,monessing,0.184182624378927
184,civil,civillization,0.0848185042637183
184,civil,civillizations,0.125773523450402
184,civil,civilations,0.141931347921486
184,civil,civilation,0.135168274996133
184,civil,civillized,0.173175822128835
184,civil,civilally,0.11307396106277
184,civil,civilings,0.152164307736792
184,civil,civilions,0.173175822128835
184,civil,civilness,0.137837907297248
184,civil,civiller,0.173238800127344
184,civil,civilism,0.194634483972285
184,civil,civiling,0.158354437599944
184,civil,civilion,0.138202157118703
184,civil,civilial,0.182669495259225
184,civil,civilor,0.152164307736792
184,civil,civiles,0.247538687112102
184,civil,civiler,0.223939046675982
184,civil,civiled,0.100489680229515
184,civil,civils,0.244662202935543
184,right,rightable,0.109822339489286
184,right,rightings,0.0722006412751174
184,right,rightisms,0.0154866979650685
184,right,rightives,0.109944042489745
184,right,rightness,0.16564495879454
184,right,rightting,0.109944042489745
184,right,righted,0.141023870378616
184,right,rightes,0.0146310932351373
184,right,righter,0.0854157380952364
184,right,rightal,0.109944042489745
184,right,rightor,0.107388869990927
184,right,righters,0.0641028890592911
184,right,righting,0.126804910353443
184,right,rightism,0.124388599407765
184,right,rightive,0.109944042489745
184,right,rightiving,0.109944042489745
184,right,righttable,0.107850914971066
184,movement,movementality,0.17912572197752
184,movement,movementation,0.209671919918747
184,movement,movementations,0.134724599010543
184,movement,movementtable,0.157590985955036
184,movement,movementives,0.204682440173526
184,movement,movementical,0.157590985955036
184,movement,movementness,0.204682440173526
184,movement,movementment,0.157590985955036
184,movement,movementism,0.19229384702541
184,movement,movementize,0.204682440173526
184,movement,movemental,0.204207283989616
184,movement,movementer,0.204682440173526
184,movement,movementes,0.157257430424176
184,movement,movemented,0.153454169195898
184,movement,movementor,0.164104704429455
185,credit,creditations,0.0723397340906601
185,credit,creditibility,0.0727948269608409
185,credit,crediteer,0.145066777200295
185,credit,crediters,0.217841735285358
185,credit,creditals,0.119966923265605
185,credit,creditial,0.143049814098991
185,credit,credition,-0.0317217942865168
185,credit,crediting,0.213610965539848
185,credit,creditism,0.176024143085571
185,credit,creditted,0.11668460014946
185,credit,credittor,0.168863381662896
185,credit,credital,0.162453995756685
185,credit,creditic,0.104386213175654
185,credit,crediter,0.199977409292678
185,credit,credites,0.11919034084507
185,credit,credited,0.18072898045162
185,credit,creditly,0.168863381662896
185,credit,credits,0.203093837047439
185,credit,creditative,0.0840817601851002
185,credit,creditation,0.0976063772106986
185,credit,creditions,0.168863381662896
185,credit,creditings,0.168863381662896
185,credit,creditible,0.0840817601851002
185,credit,creditials,0.109618495172165
185,credit,creditting,0.162114355200841
185,credit,credittors,0.168863381662896
185,report,reportability,0.123002324496035
185,report,reports,0.360628072415445
185,report,reportables,0.113229229577984
185,report,reportative,0.0671190890559962
185,report,reportation,0.0906219125542907
185,report,reportiving,0.134503195931468
185,report,reportively,0.107215845586716
185,report,reporttable,0.135406671191945
185,report,reportably,0.107161536570349
185,report,reportable,0.176870830269992
185,report,reportence,0.0499413485296502
185,report,reportizer,0.146059713025353
185,report,reportives,0.0870794705762805
185,report,reportings,0.0882974492496042
185,report,reportting,0.11309052083997
185,report,reportters,0.10750587211633
185,report,reportor,0.119170224973142
185,report,reported,0.320365939469916
185,report,reportes,0.0886070847358802
185,report,reportal,0.106479497627697
185,report,reportly,0.0798255922940336
185,report,reportted,0.109612749816578
185,report,reportion,0.0354048430690033
185,report,reporting,0.298992785548971
185,report,reportize,0.131302476578931
185,report,reportive,0.0945289604757207
185,report,reportics,0.0642130836317874
185,report,reportial,0.133263673481852
185,report,reportors,0.10230723801122
185,report,reportals,0.112064728478087
185,report,reporteer,0.10750587211633
185,report,reporteds,0.00889877722823543
185,report,reportations,0.0870794705762805
186,unc,uncs,0.410846262914072
186,unc,uncitied,0.274836947044872
186,unc,uncities,0.336793680663387
186,unc,uncity,0.21952264064132
186,unc,uncing,0.246028706482088
187,vanuatu,vanuatus,0.349365573638218
188,internet,internetly,0.062063334630791
188,internet,internetisms,0.0523041343989101
188,internet,internetness,0.110299910677137
188,internet,internetism,0.123951480721771
188,internet,internetliness,0.121807673603574
188,internet,internets,0.138274190582444
188,phone,phoneability,0.0652079495795035
188,phone,phonality,0.130871529107471
188,phone,phonation,-0.00190841077344779
188,phone,phoneable,0.134061743388453
188,phone,phonally,0.0866653689908781
188,phone,phonable,0.116766208831594
188,phone,phoneing,0.0556206279986326
188,phone,phonions,0.0637989820463849
188,phone,phonor,0.111444496236954
188,phone,phonal,0.12480402821412
188,phone,phoned,0.161941178714351
188,phone,phoner,0.170000799266528
188,phone,phones,0.284213387850028
188,phone,phonors,0.134061743388453
188,phone,phoning,0.154938347340007
188,phone,phoners,0.151463826585908
188,phone,phoneed,0.0699384486929675
188,phone,phonees,0.130793161989276
188,phone,phoneds,0.136760305707183
188,phone,phoneor,0.129380988318948
188,phone,phonely,0.10707492464487
188,phone,phonations,-0.0244505798670299
188,service,servicibility,0.0877889083502163
188,service,servicableness,-0.00640776469262738
188,service,servicer,0.108024553803477
188,service,services,0.278418596719657
188,service,serviced,0.139632911447942
188,service,servicor,0.033776214939397
188,service,servical,-0.0352581028136281
188,service,serviceal,0.0833710971766055
188,service,serviceer,0.0222148240815998
188,service,servicees,0.0863770208969427
188,service,serviceds,0.102769967965005
188,service,serviceed,0.0841688268453234
188,service,serviceor,0.0986715088597343
188,service,servicely,0.0877889083502163
188,service,servicers,0.0971497563784228
188,service,servicals,-0.0395562577483591
188,service,servicors,0.0927782224543262
188,service,servicion,0.0664845111789572
188,service,servicing,0.164017286785804
188,service,servicity,0.0877889083502163
188,service,servicably,0.0721613912842428
188,service,servicable,0.0571741030359252
188,service,serviceion,0.0877889083502163
188,service,serviceing,0.0948128803606546
188,service,serviceity,0.0877889083502163
188,service,serviceive,0.0814696984541863
188,service,serviceial,0.0915116540518743
188,service,serviceers,0.0915116540518743
188,service,servicence,0.0877889083502163
188,service,servicible,0.0824562511842913
188,service,servicings,0.0753882423525821
188,service,servicions,0.0224004758701566
188,service,servicized,0.0224004758701566
188,service,servicization,0.0667059391145903
188,service,servicability,0.0704409200621716
188,service,serviceally,0.0969461878128044
188,service,serviceence,0.0877889083502163
188,service,serviceical,0.0877889083502163
188,service,serviceness,0.0899289110768648
188,service,servicement,0.0464764264989255
188,service,servicizing,0.0654321979166747
189,gs,gsly,0.271885369393113
189,pay,paic,0.0505482672009937
189,pay,pays,0.282167763840657
189,pay,pailies,0.10063139440633
189,pay,painess,0.104725136289366
189,pay,payance,0.10063139440633
189,pay,payence,0.145405700314006
189,pay,payings,0.141927870514841
189,pay,payions,0.173326896372309
189,pay,payizes,0.123497781350823
189,pay,paylies,0.123497781350823
189,pay,payness,0.0718231538435463
189,pay,payiving,0.173326896372309
189,pay,paical,0.0615410477323077
189,pay,paiers,0.0615410477323077
189,pay,paying,0.405128502153769
189,pay,payize,0.0528476508845907
189,pay,payive,0.169202304776607
189,pay,payors,0.141964445150656
189,pay,payals,0.0291646960622317
189,pay,payeer,0.180863896718591
189,pay,paies,0.0706621462603686
189,pay,paier,0.0134597713004255
189,pay,paics,-0.0866143734070689
189,pay,paied,0.151216468922934
189,pay,paior,0.0747449602519303
189,pay,paily,0.0475974116737346
189,pay,payor,0.18991457350461
189,pay,payal,-0.0238467583808699
189,pay,payes,0.0592775151645015
189,pay,payed,0.213614471625771
189,pay,payic,0.176377438454143
189,rate,rably,0.0962902715875014
189,rate,rable,0.0195044146892517
189,rate,ratic,0.0953168150281299
189,rate,rater,0.163515603224207
189,rate,rates,0.366352231003934
189,rate,rated,0.264698370003439
189,rate,rible,0.0082962944839087
189,rate,ratations,0.0932762758540157
189,rate,rabled,0.116142662798509
189,rate,rables,-0.0104574947135411
189,rate,rateal,0.0644680352912317
189,rate,rateed,0.0559757921949067
189,rate,rateds,0.160687715806166
189,rate,ratees,0.153487551023708
189,rate,rately,0.130577444262059
189,rate,raters,0.183607582332169
189,rate,ratics,0.134774986869671
189,rate,ribles,0.0670906313284394
189,rate,ribled,0.116142662798509
189,rate,ratation,0.0538846218121689
189,rate,rateence,0.1654859802697
189,rate,rateings,0.145171487492982
189,rate,ratement,0.137751371390516
189,rate,rateness,0.154170809342943
189,rate,rablies,0.0970708073658751
189,rate,ratance,0.137751371390516
189,rate,rateism,0.0932762758540157
189,rate,rateing,0.102387425070148
189,rate,rateion,0.116142662798509
189,rate,rateeer,0.168398522739057
189,rate,rability,0.115198893840797
189,rate,rabilities,0.0932762758540157
189,rate,rateiving,0.116142662798509
190,brooks,brook,0.250297578114566
190,brooks,brookers,0.0596476345318519
190,brooks,brookeer,0.248482553015219
190,brooks,brooking,0.238514935891438
190,brooks,brookable,0.248482553015219
190,brooks,brookings,0.211912642169026
190,brooks,brookes,0.250631084063521
190,brooks,brooker,0.237895390629095
190,brooks,brooked,0.12237213877359
190,brooks,brookly,0.0894275014062474
190,brothers,brotherliness,0.148868382883103
190,brothers,brotheral,0.128139155918896
190,brothers,brotheres,0.240732644056206
190,brothers,brotherer,0.117857049807657
190,brothers,brothered,0.138493879149017
190,brothers,brotherly,0.263576847670685
190,brothers,brotheror,0.140750479893898
190,brothers,brotherlyness,0.179813783426173
190,brothers,brotherization,0.179813783426173
190,brothers,brotherment,0.233839535579778
190,brothers,brotherness,0.150018066112231
190,brothers,brotherred,0.179813783426173
190,brothers,brotherers,0.179813783426173
190,brothers,brotherism,0.100470154990602
190,brothers,brothering,0.252939050432638
190,brothers,brotherments,0.233362508900705
190,brothers,brother,0.402602763114981
190,clearance,clearanced,0.331148176869669
190,clearance,clearances,0.350727531500171
190,clearance,clearancer,0.267829604158075
190,clearance,clearancees,0.227149040133435
190,clearance,clearancies,0.218269705407947
190,clearance,clearancing,0.291534614998465
190,clearance,clearanceability,0.218269705407947
191,churchill,churchilled,0.291809037928723
191,churchill,churchillism,0.34558581842876
191,churchill,churchills,0.416641068797915
191,downs,downsizings,0.129673597952558
191,downs,downsize,0.125536353576338
191,downs,downsing,0.178136709921753
191,downs,downsizers,0.0934238760185448
191,downs,downsizing,0.116075704098364
191,downs,downses,0.339295796148147
191,downs,downser,0.240093443540269
191,downs,downsed,0.192339597087962
191,downs,downsor,0.279183790214292
191,downs,downsings,0.279183790214292
191,downs,downsizes,0.0236856255356598
191,downs,downsizer,0.121866088243995
191,downs,downsized,0.112588931121616
192,condos,condo,0.637766152123938
192,in,inly,-0.00792602078492762
192,in,initied,0.0010504593872988
192,in,inities,-0.00432071826325134
192,in,inity,0.00447624665765562
192,in,inism,0.00985782165896985
192,in,innessed,0.00881013560997146
192,in,initys,0.00881013560997146
192,in,inisms,0.00881013560997146
192,in,inlied,0.00881013560997146
192,in,inlies,0.0095904232653069
192,in,inness,0.00918328661190103
192,florida,floridaness,0.197748387652735
192,florida,floridaity,0.191675338224666
192,florida,floridas,0.274108650079015
193,dog,dogger,0.144689397509147
193,dog,doggor,0.156988405609997
193,dog,dogism,0.174239237257353
193,dog,doging,0.188576121689914
193,dog,dogive,0.0950316719914816
193,dog,dogals,0.134122018665504
193,dog,dogor,0.17903478134865
193,dog,dogly,0.17586343994597
193,dog,doged,0.169536638861975
193,dog,dogal,0.0750947189745225
193,dog,dogality,0.199056876034867
193,dog,doggable,0.199056876034867
193,dog,doggings,0.204055346520182
193,dog,dogities,0.191734005242938
193,dog,dogallied,0.156988405609997
193,dog,dogalities,0.156988405609997
193,dog,dogliness,0.194782695668368
193,dog,dogally,0.156988405609997
193,dog,dogable,0.180258742057581
193,dog,doggers,0.171753802241681
193,dog,dogging,0.196753675103112
193,dog,dogisms,0.215652440475954
193,dog,dogness,0.261109601833057
193,clean,cleanic,-0.0235183251338455
193,clean,cleanor,0.13406877851049
193,clean,cleanal,0.154704820858687
193,clean,cleanes,0.162264955351467
193,clean,cleaned,0.3613287040675
193,clean,cleanable,0.224404532867564
193,clean,cleanably,0.20167886425319
193,clean,cleanance,0.18643639490481
193,clean,cleanence,0.131838433914194
193,clean,cleaneers,0.213140895400737
193,clean,cleanical,0.131838433914194
193,clean,cleanings,0.245401386590613
193,clean,cleanners,0.183788445939913
193,clean,cleanness,0.208112320346935
193,clean,cleanning,0.164130768780415
193,clean,cleanability,0.21933345151841
193,clean,cleanibility,0.115614474184664
193,clean,cleanables,0.210231187537797
193,clean,cleanation,0.20167886425319
193,clean,cleans,0.310736533969289
193,clean,cleanors,0.18929959221195
193,clean,cleanner,0.179440215968714
193,clean,cleanned,0.157854903152831
193,clean,cleanics,0.154704820858687
193,clean,cleaneds,0.20167886425319
193,clean,cleaneer,0.208373098548691
193,clean,cleaning,0.362999094112679
193,up,uply,0.05465240495026
193,up,upity,0.0723248656821601
193,up,upism,0.0601756217628213
193,up,upness,0.0737494863065571
193,bags,bagsize,0.231909755623248
193,bags,bagsing,0.189000023621102
193,bags,bagsor,0.163844997585306
193,bags,bagsly,0.104176903058094
193,bags,bagsal,0.23736921520732
193,bags,bagsic,0.042220169439578
193,bags,bagsed,0.201483268837026
193,bags,bagser,0.189000023621102
193,bags,bagses,0.189000023621102
194,designer,designers,0.459583852120624
194,designer,designerings,0.176818963392875
194,designer,designerisms,0.176818963392875
194,designer,designerness,0.22469262257859
194,designer,designerring,0.230169884273858
194,designer,designerers,0.230169884273858
194,designer,designerism,0.22469262257859
194,designer,designerity,0.153952576448382
194,designer,designering,0.151168404956577
194,designer,designerror,0.18401205855395
194,designer,designerred,0.137728616718853
194,designer,designerization,0.22469262257859
194,designer,designeror,0.234220859238759
194,designer,designered,0.212874349716999
194,designer,designerer,0.111666373978637
194,designer,designeres,0.179124774790417
194,designer,designeric,0.170915842078554
194,designer,designerly,0.171944652686639
194,dog,dogger,0.144689397509147
194,dog,doggor,0.156988405609997
194,dog,dogism,0.174239237257353
194,dog,doging,0.188576121689914
194,dog,dogive,0.0950316719914816
194,dog,dogals,0.134122018665504
194,dog,dogor,0.17903478134865
194,dog,dogly,0.17586343994597
194,dog,doged,0.169536638861975
194,dog,dogal,0.0750947189745225
194,dog,dogality,0.199056876034867
194,dog,doggable,0.199056876034867
194,dog,doggings,0.204055346520182
194,dog,dogities,0.191734005242938
194,dog,dogallied,0.156988405609997
194,dog,dogalities,0.156988405609997
194,dog,dogliness,0.194782695668368
194,dog,dogally,0.156988405609997
194,dog,dogable,0.180258742057581
194,dog,doggers,0.171753802241681
194,dog,dogging,0.196753675103112
194,dog,dogisms,0.215652440475954
194,dog,dogness,0.261109601833057
194,breeds,breedder,0.345270392539646
194,breeds,breedeer,0.272576961088492
194,breeds,breededs,0.366035113498022
194,breeds,breedism,0.249355077683637
194,breeds,breedable,0.327110477213905
194,breeds,breedding,0.283277349075697
194,breeds,breedeers,0.29234764348237
194,breeds,breedders,0.214138089662451
194,breeds,breedness,0.337054129575733
194,breeds,breedables,0.245697873454662
194,breeds,breed,0.645494774475736
194,breeds,breedal,0.214138089662451
194,breeds,breedes,0.317200109572454
194,breeds,breeded,0.291904767021031
194,breeds,breedor,0.245697873454662
194,breeds,breedability,0.244630415194313
195,pressure,pressuring,0.293254352682746
195,pressure,pressurees,0.110647905638169
195,pressure,pressureor,0.230588492112139
195,pressure,pressurers,0.210320569356259
195,pressure,pressuration,0.168925905347712
195,pressure,pressureence,0.209606469372352
195,pressure,pressureized,0.213984731973075
195,pressure,pressurements,0.227234895703852
195,pressure,pressurable,0.168925905347712
195,pressure,pressureize,0.214715980635331
195,pressure,pressureing,0.139456146200953
195,pressure,pressurer,0.220304039564994
195,pressure,pressures,0.387586038150683
195,pressure,pressured,0.30572681684693
195,pressure,pressural,0.214715980635331
195,washers,washer,0.548275970804208
195,washers,washering,0.338249017266734
195,washers,washerred,0.337611026752884
195,washers,washered,0.357532452210042
195,washers,washeres,0.374413496380598
196,sore,soration,0.214467991296572
196,sore,soreness,0.501270376151293
196,sore,sorition,0.292648684644617
196,sore,sorities,0.21133783341548
196,sore,sored,0.302277572456306
196,sore,sorer,0.350063153204471
196,sore,sores,0.547179790699599
196,sore,soral,0.065128348209271
196,sore,soror,0.121391141048834
196,sore,soric,0.0267991498614071
196,sore,soreority,0.269782297700124
196,sore,sorance,0.263873234172389
196,sore,soreity,0.294682276203954
196,sore,soreing,0.24097405713734
196,sore,sorence,0.321437757759069
196,sore,sorency,0.292648684644617
196,sore,soritys,0.292648684644617
196,sore,sorized,0.269782297700124
196,sore,sorical,0.292648684644617
196,sore,sorings,0.173991425072463
196,sore,sorals,0.253558337970594
196,sore,soreds,0.32293903875502
196,sore,sorees,0.335703043559097
196,sore,soreal,0.0565769635601807
196,sore,sorers,0.34685497702402
196,sore,soring,0.261985119557261
196,sore,sorion,0.196508650051033
196,sore,sorive,0.24097405713734
196,sore,sorize,0.292648684644617
196,sore,sority,0.213174804034808
196,sore,sorors,0.0862487837835517
196,throat,throats,0.407705958531114
196,throat,throatism,0.251673449632318
196,throat,throating,0.368675768702106
196,throat,throaters,0.364016251551871
196,throat,throateds,0.289231728543929
196,throat,throatly,0.251673449632318
196,throat,throator,0.221231103488747
196,throat,throatal,0.243884611469197
196,throat,throated,0.308856153564569
196,throat,throates,0.173492756284273
196,throat,throater,0.261362632131239
196,throat,throatable,0.309968427605654
196,throat,throatings,0.189716716013802
196,throat,throatting,0.302592231538028
197,idaho,idahoism,0.142076065739221
197,idaho,idaholy,0.202993041155806
197,idaho,idahos,0.29654501818435
197,state,statality,0.114426752607624
197,state,statation,0.0522565255809077
197,state,statibility,0.106868990525401
197,state,stateable,0.0904967145387816
197,state,stateence,0.10432587142855
197,state,stateions,0.110255032088181
197,state,stateness,0.133240101452431
197,state,statition,0.0761579971253712
197,state,statively,0.10432587142855
197,state,stativity,0.0392032300253469
197,state,statizing,0.108749877794856
197,state,stativeness,0.0220670435992938
197,state,stater,0.124737708389114
197,state,stator,0.054669881312218
197,state,stated,0.212885164917872
197,state,statal,0.110992910480449
197,state,stible,0.0229647433792694
197,state,statization,0.104940619599983
197,state,stibility,0.06364530740391
197,state,statability,0.0505490909285141
197,state,statations,0.0778131864585545
197,state,stateallies,0.10432587142855
197,state,statable,0.09747570776372
197,state,statally,0.0805292669659497
197,state,stateers,0.10432587142855
197,state,stateism,0.124040128910947
197,state,stateing,0.0720014532911738
197,state,stateion,0.0838076439481385
197,state,statizes,0.109030921878774
197,state,statized,0.108929196051263
197,state,statings,0.0183582711983398
197,state,statived,0.0611573902733164
197,state,statives,0.104694495049415
197,state,statals,0.089866387920483
197,state,staters,0.152457082783825
197,state,stateor,0.118611987453768
197,state,stateds,0.097988669890047
197,state,statees,0.0912432207319825
197,state,stateed,0.0568899011443035
197,state,stateal,0.0225724939963953
197,state,stateic,0.10432587142855
197,state,statize,0.108749877794856
197,state,stative,0.089473352690581
197,state,stating,0.196034568772685
197,state,stators,0.0192486532399147
197,state,stibles,0.10432587142855
197,state,stateability,0.108749877794856
197,flower,flowers,0.501804783364075
197,flower,flowerized,0.175682881231052
197,flower,flowerlies,0.198549268175545
197,flower,flowerness,0.271119569218191
197,flower,flowerring,0.223510323953646
197,flower,flowerers,0.245152485520052
197,flower,flowerism,0.261362143012023
197,flower,flowerize,0.127899137709312
197,flower,flowerion,0.247306928416246
197,flower,flowerals,0.198549268175545
197,flower,flowerred,0.298971646826123
197,flower,floweral,0.223024031843831
197,flower,floweres,0.254432434596316
197,flower,flowerer,0.261243130607873
197,flower,floweror,0.201736919589713
197,flower,flowerly,0.223984101137759
197,flower,flowerrings,0.247306928416246
198,indiana,indianas,0.268304590811208
198,state,statality,0.114426752607624
198,state,statation,0.0522565255809077
198,state,statibility,0.106868990525401
198,state,stateable,0.0904967145387816
198,state,stateence,0.10432587142855
198,state,stateions,0.110255032088181
198,state,stateness,0.133240101452431
198,state,statition,0.0761579971253712
198,state,statively,0.10432587142855
198,state,stativity,0.0392032300253469
198,state,statizing,0.108749877794856
198,state,stativeness,0.0220670435992938
198,state,stater,0.124737708389114
198,state,stator,0.054669881312218
198,state,stated,0.212885164917872
198,state,statal,0.110992910480449
198,state,stible,0.0229647433792694
198,state,statization,0.104940619599983
198,state,stibility,0.06364530740391
198,state,statability,0.0505490909285141
198,state,statations,0.0778131864585545
198,state,stateallies,0.10432587142855
198,state,statable,0.09747570776372
198,state,statally,0.0805292669659497
198,state,stateers,0.10432587142855
198,state,stateism,0.124040128910947
198,state,stateing,0.0720014532911738
198,state,stateion,0.0838076439481385
198,state,statizes,0.109030921878774
198,state,statized,0.108929196051263
198,state,statings,0.0183582711983398
198,state,statived,0.0611573902733164
198,state,statives,0.104694495049415
198,state,statals,0.089866387920483
198,state,staters,0.152457082783825
198,state,stateor,0.118611987453768
198,state,stateds,0.097988669890047
198,state,statees,0.0912432207319825
198,state,stateed,0.0568899011443035
198,state,stateal,0.0225724939963953
198,state,stateic,0.10432587142855
198,state,statize,0.108749877794856
198,state,stative,0.089473352690581
198,state,stating,0.196034568772685
198,state,stators,0.0192486532399147
198,state,stibles,0.10432587142855
198,state,stateability,0.108749877794856
198,fairgrounds,fairgroundes,0.410590745366328
198,fairgrounds,fairground,0.505069046291008
199,fybromyalgia,fybromyalgias,0.621901540203733
200,ontario,ontarios,0.285263791388364
200,california,californianisms,0.146841924967612
200,california,californias,0.239662458754947
200,california,californian,0.272106416512483
200,california,californianly,0.114877691993871
200,california,californiaism,0.0366969986458255
200,california,californianative,0.0600129836216777
200,california,californianatives,0.160231545322671
200,california,californianess,0.164137459524471
200,california,californianned,0.164137459524471
200,california,californianism,0.13643494086007
200,california,californianize,0.167026268116584
200,california,californianing,0.160231545322671
200,california,californians,0.325347652594824
200,airport,airportability,0.205913410658775
200,airport,airportation,0.162240074774134
200,airport,airports,0.519325278000988
200,airport,airportiving,0.209520656547986
200,airport,airporters,0.23726764438253
200,airport,airportlys,0.162240074774134
200,airport,airportism,0.185724052085386
200,airport,airporting,0.209520656547986
200,airport,airportor,0.233324451212512
200,airport,airportly,0.100283341155619
200,airport,airportal,0.133785131680309
200,airport,airported,0.162240074774134
200,airport,airporter,0.294538956197619
200,airport,airportes,0.193599801192974
200,airport,airportable,0.0382693897241707
200,airport,airportions,0.162240074774134
200,airport,airportlies,0.209520656547986
200,airport,airportness,0.209520656547986
