QID,Term,Morph,npmi
1,obama,obamas,0.457162763747596
1,obama,obamae,0.260145463091569
1,obama,obamaism,0.295681202010758
1,obama,obamaize,0.177283445202887
1,obama,obamaing,0.232508177060308
1,obama,obamaers,0.232508177060308
1,obama,obamas's,0.258526253339577
1,obama,obamaisms,0.288706233108678
1,obama,obamaized,0.242168859259439
1,obama,obamaitis,0.22294873578125
1,obama,obamaness,0.253119964181864
1,obama,obamaization,0.260577925556854
1,obama,obamaments,0.219005231053215
1,obama,obamaic,0.226975271936484
1,obama,obamaes,0.226975271936484
1,obama,obamaer,0.226975271936484
1,obama,obamaed,0.244987808913802
1,obama,obama's,0.637739281467937
1,family,famili,0.0685928185776368
1,family,familialization,0.115433722666269
1,family,familiality,0.110650965727818
1,family,familialism,0.116011067383909
1,family,familialize,0.0463250926419257
1,family,familiement,-0.0405489975538365
1,family,familializing,0.0720062280016938
1,family,familially,0.0949298072192963
1,family,familiants,0.103813778618675
1,family,familieals,0.0691914795864188
1,family,families's,0.115026591451196
1,family,familiness,0.130727347133086
1,family,familiant,0.0385061708613896
1,family,familials,0.0924259157103314
1,family,familiers,0.000236004985113625
1,family,familient,0.0463250926419257
1,family,familieds,0.112686792026334
1,family,familieer,0.0888901875637335
1,family,familie's,0.113513798043205
1,family,familied,0.075319313337319
1,family,familial,0.158891477660046
1,family,families,0.356914659876327
1,family,familier,0.0481894360658065
1,family,famili's,0.0888901875637335
1,family,familyed,0.102321878073605
1,family,family's,0.268211186251792
1,family,familying,0.102405659420818
1,family,familys,0.150359844628316
1,family,familie,0.0896246146039839
1,family,familis,0.118042837002581
1,family,familialized,0.0950165881253762
1,tree,treeing,0.131657457139929
1,tree,trees's,0.155911945655644
1,tree,trees,0.457086034004073
1,tree,tree's,0.368721529924103
2,french,frenchnesses,0.162950412223834
2,french,frenchings,0.139153807761233
2,french,frenchness,0.220750808632196
2,french,frenches,0.11873462088142
2,french,frenched,0.122439829346634
2,french,french's,0.209708148279639
2,french,frenchli,0.117490277445307
2,french,frenchly,0.160359355580178
2,french,frenching,0.136021384241226
2,french,frenche's,0.0658156499380298
2,french,frenchfully,0.166922603392636
2,french,frenche,0.170299185647984
2,french,frenchs,0.117977589417329
2,lick,licked's,0.343964974224731
2,lick,lickedly,0.314295304409036
2,lick,lickings,0.40762371989155
2,lick,lickly's,0.291428917464543
2,lick,lickness,0.194953491504658
2,lick,licke,0.242873930120709
2,lick,licks,0.487125574234846
2,lick,licking's,0.291428917464543
2,lick,lickingly,0.246897531168788
2,lick,lickely,0.213248224116498
2,lick,lickeds,0.262620676901759
2,lick,licking,0.563584295964649
2,lick,licks's,0.179064923141429
2,lick,licked,0.517255026069967
2,lick,lickes,0.282844276850338
2,lick,lickli,0.367761578687332
2,lick,lickly,0.266533952806786
2,lick,lick's,0.441947228319156
2,resort,resorts,0.568499270997234
2,resort,resorte,0.206265417428442
2,resort,resortations,0.181062117815708
2,resort,resorts's,0.244941851419594
2,resort,resortals,0.229108390916587
2,resort,resortant,0.181062117815708
2,resort,resorters,0.199139647426676
2,resort,resortent,0.181062117815708
2,resort,resortely,0.181062117815708
2,resort,resortful,0.141971771141685
2,resort,resorte's,0.181062117815708
2,resort,resorteer,0.181062117815708
2,resort,resorteal,0.234693294413777
2,resort,resortism,0.217397759856918
2,resort,resorting,0.166510789526773
2,resort,resortable,0.075500993061273
2,resort,resortalli,0.229108390916587
2,resort,resortal's,0.229108390916587
2,resort,resorter's,0.181062117815708
2,resort,resortized,0.181062117815708
2,resort,resortings,0.19302107301954
2,resort,resortlies,0.244898770184063
2,resort,resortment,0.181062117815708
2,resort,resorter,0.180156488307642
2,resort,resortes,0.104348586167235
2,resort,resorted,0.171742741236417
2,resort,resortal,0.305511210695522
2,resort,resort's,0.452547734521414
2,resort,resortative,0.181062117815708
2,resort,resortation,0.061126828769897
2,resort,resortlying,0.229108390916587
2,and,ande,-0.0051217873521299
2,and,ands,0.00951396672338127
2,and,and's,0.00918654534173483
2,and,andli,-0.00661742252138484
2,and,andly,0.0079592134719376
2,and,anded,0.00973701810451341
2,and,andeness,0.00691248818168224
2,and,andeli's,0.00674799443457034
2,and,andelied,0.00691248818168224
2,and,andfully,0.0074518791508814
2,and,anding's,0.00734564434470431
2,and,andingly,0.00734564434470431
2,and,andlying,0.00713150374616293
2,and,andeli,0.000493405021751795
2,and,andely,-0.000522369370824925
2,and,andeds,0.00703414752324862
2,and,ande's,0.000903593864183163
2,and,andded,0.00734564434470431
2,and,anding,0.00791951794593756
2,and,andful,0.00430663391571841
2,and,andding,0.0074518791508814
2,and,andfuls,0.00713150374616293
2,and,andelys,-0.00682966086190919
2,and,andelis,0.00728350871433493
2,and,andes's,0.00182380053559997
2,and,andeing,0.00691248818168224
2,and,andings,0.00838849884148954
2,and,andlies,0.00758078464646153
2,and,andness,0.00728350871433493
2,casino,casinoe,0.354177281462574
2,casino,casinos,0.610249243793704
2,casino,casino's,0.466514150160264
2,casino,casinoed,0.227967671885028
2,casino,casinoes,0.327840519312348
2,casino,casinoer,0.313083133192443
2,casino,casinoal,0.252522991404356
2,casino,casinoization,0.180695046508682
2,casino,casinoation,0.266874650928353
2,casino,casinoent,0.252522991404356
2,casino,casinos's,0.277887394274343
2,casino,casinoism,0.252522991404356
2,casino,casinoing,0.269927128337446
3,getting,get,0.311610206815593
3,getting,gets,0.351163705940499
3,getting,getful,0.128944779388288
3,getting,getted,0.121165287484869
3,getting,gets's,0.124982071411504
3,getting,get's,0.164441444006795
3,getting,getli,0.0560056960233881
3,getting,getly,0.116812831705337
3,getting,gettings,0.0690789435423167
3,getting,getting's,0.148141713594201
3,getting,gettingly,0.152741383850889
3,getting,getfulness,0.139169178175271
3,getting,gettings's,0.152741383850889
3,organized,organally,0.135902366500511
3,organized,organates,0.174992713174533
3,organized,organator,0.174992713174533
3,organized,organisms,0.1454052172139
3,organized,organitis,0.135902366500511
3,organized,organizes,0.283432784034047
3,organized,organizer,0.360263275251763
3,organized,organic's,0.0131764722855432
3,organized,organical,0.158887025230184
3,organized,organiced,0.159555552062726
3,organized,organicly,0.0683193536845007
3,organized,organisms's,0.0901695926115245
3,organized,organizeing,-0.00201806115806263
3,organized,organizered,0.228223012222437
3,organized,organizer's,0.479686581790174
3,organized,organized's,0.15212632623004
3,organized,organizedly,0.224145515680953
3,organized,organizings,0.113192012746264
3,organized,organications,0.150109720143975
3,organized,organizations,0.259791467608139
3,organized,organations,0.0968120198264883
3,organized,organicational,0.135902366500511
3,organized,organs,0.15592318990189
3,organized,organe,0.0854499194121796
3,organized,organational,0.123318085667256
3,organized,organation's,0.174992713174533
3,organized,organization,0.300553699436575
3,organized,organ,0.129857894081494
3,organized,organizeness,0.174992713174533
3,organized,organizering,0.135902366500511
3,organized,organizers's,0.192461473882361
3,organized,organizing's,0.240536026490297
3,organized,organal,0.173643037007166
3,organized,organed,0.0842277389932336
3,organized,organes,0.0216850898115327
3,organized,organer,0.0224206023422221
3,organized,organic,0.106377692569338
3,organized,organ's,0.0949737196846605
3,organized,organizationed,0.15212632623004
3,organized,organization's,0.208970317659816
3,organized,organality,0.174992713174533
3,organized,organation,0.0772360675381008
3,organized,organicals,0.174992713174533
3,organized,organicity,0.14238063661839
3,organized,organicing,0.15212632623004
3,organized,organics's,0.128334734946639
3,organized,organism's,0.17281401861765
3,organized,organities,0.174992713174533
3,organized,organize's,0.15212632623004
3,organized,organizely,0.197512018822407
3,organized,organizers,0.371064603031835
3,organized,organizeds,0.162174103990821
3,organized,organizing,0.357972794764966
3,organized,organeizations,0.174992713174533
3,organized,organate,0.158314910984075
3,organized,organics,0.0436927656539642
3,organized,organeer,0.174992713174533
3,organized,organeli,0.113035979556018
3,organized,organely,0.192461473882361
3,organized,organlis,0.222792079471316
3,organized,organing,0.111045181222159
3,organized,organity,0.21867056077249
3,organized,organism,0.169133207504072
3,organized,organize,0.349645360266837
3,organized,organs's,0.174992713174533
3,organized,organous,0.113035979556018
3,organized,organned,0.174992713174533
3,organized,organicality,0.174992713174533
3,organized,organication,0.0567219344751742
3,organized,organizations's,0.130063438357172
3,organized,organically,0.125622005940246
3,organized,organicities,0.135902366500511
3,organized,organicity's,0.174992713174533
3,organized,organicness,0.0613613520487405
4,toilet,toiletfully,0.254741078572656
4,toilet,toiletization,0.305784653353878
4,toilet,toileteer,0.281988048891277
4,toilet,toileters,0.305784653353878
4,toilet,toilets's,0.231874691628163
4,toilet,toiletted,0.313238670088361
4,toilet,toileting,0.348964928954115
4,toilet,toiletism,0.305784653353878
4,toilet,toileteers,0.281988048891277
4,toilet,toiletness,0.254741078572656
4,toilet,toiletting,0.203019156739653
4,toilet,toileted,0.295333057088974
4,toilet,toileter,0.313238670088361
4,toilet,toiletes,0.192654076525074
4,toilet,toilet's,0.420143173518169
4,toilet,toilete,0.307422450212514
4,toilet,toilets,0.4965061948411
5,mitchell,mitcheleness,0.233455316540132
5,mitchell,mitchellisms,0.283632974516176
5,mitchell,mitchellitis,0.283632974516176
5,mitchell,mitchellness,0.318636969738305
5,mitchell,mitchele's,0.210588929595638
5,mitchell,mitchelled,0.283632974516176
5,mitchell,mitchellal,0.233455316540132
5,mitchell,mitchell's,0.472923638743656
5,mitchell,mitchellent,0.283632974516176
5,mitchell,mitchells's,0.229856194016139
5,mitchell,mitchelling,0.259836370053575
5,mitchell,mitchelness,0.295660615098244
5,mitchell,mitchells,0.342739612187738
5,mitchell,mitcheler,0.233455316540132
5,mitchell,mitchel's,0.221261121905267
5,mitchell,mitchele,0.239764911478565
5,mitchell,mitchels,0.175837792739433
5,mitchell,mitchel,0.316693119554725
5,college,colleging,0.132880203602998
5,college,collegeds,0.148109068789269
5,college,collegeal,0.134423942620063
5,college,collegeer,0.103229087270708
5,college,collegent,0.129584015151614
5,college,collegers,0.148759531859075
5,college,collegant,0.169383603636378
5,college,collegate,-0.0266605682717817
5,college,college's,0.349308941041347
5,college,collegality,0.103229087270708
5,college,collegateli,0.0803627003262144
5,college,collegations,0.103229087270708
5,college,collegated,0.064138740596685
5,college,collegalli,0.0250483939226625
5,college,collegeals,0.148109068789269
5,college,collegeate,0.140269274898439
5,college,collegeity,0.148109068789269
5,college,collegered,0.159862860537075
5,college,collegeous,0.0803627003262144
5,college,colleger's,0.154389730088898
5,college,colleges's,0.1488477261571
5,college,collegical,0.103229087270708
5,college,collegisms,0.148109068789269
5,college,collegitis,0.0667479407399883
5,college,collegs,0.159712259522712
5,college,collegic,0.108415076796894
5,college,collegal,0.148109068789269
5,college,colleges,0.407084316812531
5,college,colleger,0.167028003576026
5,college,colleged,0.155692130630441
5,college,colleg's,0.148109068789269
5,college,collegeality,0.124312464326669
5,college,colleg,0.187652657327444
6,kcs,kcs's,0.596574529267819
7,air,airs,0.226015979851609
7,air,aire,0.155468657503824
7,air,aireing,0.131708516771206
7,air,aires's,0.0819311905034012
7,air,aired's,0.100681900337829
7,air,airings,0.185477921092134
7,air,airlied,-0.0687975862175687
7,air,airlies,0.146179645801779
7,air,airness,-0.0056862411193062
7,air,airring,0.084460760351028
7,air,air's,0.247363861559164
7,air,airli,0.162270772833638
7,air,airly,0.0889353624608876
7,air,aired,0.233561661631494
7,air,aires,0.100973565547109
7,air,airlied's,0.0719340432332716
7,air,aireings,0.0656596085395899
7,air,aireness,0.100681900337829
7,air,airing's,0.121661656392684
7,air,airlying,0.0778155133933359
7,air,airrings,0.149004051328064
7,air,airness's,0.145458260855285
7,air,airlis,0.128369694398096
7,air,airing,0.23934339169454
7,air,airs's,0.126820797984759
7,air,aire's,0.0936688595118078
7,air,airely,0.0504570705235717
7,air,aireds,0.145458260855285
7,air,airful,0.0778155133933359
7,air,airred,0.119342451554621
7,travel,travele,0.148959841710845
7,travel,travels,0.24536175618512
7,travel,travell,0.103852321904016
7,travel,traveleating,0.0819741862530443
7,travel,travelabilities,0.12598950640992
7,travel,travelable,0.0900973520916851
7,travel,travelance,0.12598950640992
7,travel,travelator,0.0966078100483712
7,travel,traveleing,0.0605130793289793
7,travel,traveler's,0.229488096343929
7,travel,traveled's,0.12598950640992
7,travel,traveleers,0.130631510343027
7,travel,travelizer,0.0615123379226782
7,travel,travelings,0.120870433756256
7,travel,travelitis,0.12598950640992
7,travel,travellate,0.155334469394165
7,travel,travellous,0.102192901947319
7,travel,travellers,0.278662642049014
7,travel,travelling,0.242344523665874
7,travel,travelness,0.0819741862530443
7,travel,travelallied,0.0819741862530443
7,travel,travelations,0.12906071315247
7,travel,travelator's,0.0819741862530443
7,travel,travelate,0.0591077993085511
7,travel,travelals,0.0819741862530443
7,travel,traveleer,0.0572450094295907
7,travel,traveleds,0.12598950640992
7,travel,travelers,0.350387581405474
7,travel,travele's,0.12598950640992
7,travel,travelize,0.137148024383491
7,travel,travelism,0.125002248300075
7,travel,travelive,0.12598950640992
7,travel,travelity,0.0591077993085511
7,travel,traveling,0.27451566534853
7,travel,travell's,0.119248407577476
7,travel,travelled,0.145285760431624
7,travel,traveller,0.239275146911077
7,travel,travels's,0.120490552995297
7,travel,travellators,0.140141370896964
7,travel,travelators,0.108881732595361
7,travel,travelation,0.155872386275282
7,travel,travellers's,0.124183551940849
7,travel,travellering,0.12598950640992
7,travel,travelal,0.111765178595612
7,travel,travelic,0.0819741862530443
7,travel,traveler,0.301345034730299
7,travel,traveles,0.0138109176397949
7,travel,traveled,0.174616880354754
7,travel,travells,0.127234292600577
7,travel,travel's,0.209971166154846
7,travel,travelers's,0.115107910672663
7,travel,travelling's,0.126878288752697
7,travel,travelfully,0.12598950640992
7,travel,travelicity,0.0819741862530443
7,travel,traveling's,0.133085060431304
7,travel,travellator,0.0801180889196677
7,travel,travellated,0.0819741862530443
7,travel,traveller's,0.181368223630073
7,travel,travelled's,0.134672829102623
7,travel,travellings,0.0332040289094465
7,travel,travelation's,0.134672829102623
7,travel,travelability,0.0972479971969711
7,information,informalization,0.0309753930892553
7,information,informable,0.0576029655459849
7,information,informal's,0.0312832687790641
7,information,informally,0.0624663620175425
7,information,informants,0.0780548976657815
7,information,informancy,0.065350089015507
7,information,informance,0.00638929413600786
7,information,informanci,0.0190629535173647
7,information,informates,0.0605190092430671
7,information,informated,0.0658059628732062
7,information,informator,0.00599840033356951
7,information,informed's,0.0550194590388176
7,information,informedly,0.0544392908582222
7,information,informeing,-0.0200273931566579
7,information,informence,0.0367224047804663
7,information,informer's,0.0417942127904959
7,information,informerly,0.00119721106279897
7,information,informical,0.0619942621790937
7,information,informings,0.04664242091288
7,information,informitis,0.0540894025503552
7,information,informming,0.0605190092430671
7,information,informs,0.0793383531933235
7,information,informe,0.0125879263203908
7,information,informalized,0.0326096751875627
7,information,informalizer,0.00674222874303068
7,information,informalisms,0.0568628989746288
7,information,informalness,0.0427273794883214
7,information,informance's,0.0605190092430671
7,information,informalize,0.0326436001099509
7,information,informality,0.0393198627396364
7,information,informalism,0.0170848204871407
7,information,informallys,0.0605190092430671
7,information,informant's,0.0713240128653733
7,information,informances,0.045529183236308
7,information,informating,0.0555609643324036
7,information,informative,0.117328731781895
7,information,informateli,-0.0200273931566579
7,information,informate's,-0.00380343342712849
7,information,informators,0.0455337490534498
7,information,informations,0.00933551154103204
7,information,informatives,0.00768716827997551
7,information,informator's,0.0190629535173647
7,information,informingly,0.0643396883845015
7,information,informities,0.0198384452184266
7,information,informmed's,0.0619942621790937
7,information,informationalism,0.0656626619063962
7,information,informationality,0.0605190092430671
7,information,informationals,0.050829280668764
7,information,informations's,0.0619942621790937
7,information,informationing,0.0311778191104557
7,information,informativeness,0.0639251536669214
7,information,informationallied,0.0367224047804663
7,information,inform,0.122278639006855
7,information,informationed,0.0639584909732491
7,information,informational,0.188998566624451
7,information,information's,0.0693629255404424
7,information,informatively,0.0506047979817324
7,information,informative's,0.0630853571537787
7,information,informativity,0.0533647733404266
7,information,informativenesses,0.0367224047804663
7,information,informe's,0.067247159164345
7,information,informate,-0.00314202400063456
7,information,informant,0.0677220573098376
7,information,informals,0.0210906085409398
7,information,informeer,-0.0730777754535991
7,information,informeds,0.0190629535173647
7,information,informers,0.0249339755374784
7,information,informics,0.043452571307778
7,information,informing,0.101957916599712
7,information,informity,0.0492466930383401
7,information,informiti,0.0348064399764222
7,information,informous,0.0574437051322962
7,information,informmed,0.0706453478628696
7,information,informs's,0.0605190092430671
7,information,informization,0.0663784889010741
7,information,inform's,0.0657866822686517
7,information,informli,0.0190629535173647
7,information,informic,0.0254386149236555
7,information,informed,0.125797031981307
7,information,informer,0.0177223394702684
7,information,informes,0.0222704849986075
7,information,informal,0.0804248115963885
7,information,informability,0.0619942621790937
7,information,informeation,0.0631017018240565
7,information,informalative,0.0605190092430671
7,information,informalities,0.070270492399238
7,information,informality's,0.0190629535173647
7,information,informalizing,0.0639584909732491
7,information,informationally,0.0729666867798578
7,information,informationings,0.0605190092430671
8,appraisals,appraise,0.457398918564469
8,appraisals,appraisements,0.311772229676625
8,appraisals,appraiseer,0.300916373722466
8,appraisals,appraiseds,0.389190146672308
8,appraisals,appraisers,0.586025457344111
8,appraisals,appraiseal,0.324712978185067
8,appraisals,appraising,0.49934084116262
8,appraisals,appraision,0.334886222242751
8,appraisals,appraisive,0.332480662826991
8,appraisals,appraisability,0.264236091776518
8,appraisals,appraises,0.412179768314642
8,appraisals,appraiser,0.62967065398692
8,appraisals,appraised,0.495768021035487
8,appraisals,appraisal,0.599442866679187
8,appraisals,appraisals's,0.405694007728104
8,appraisals,appraisement,0.252147301510751
8,appraisals,appraisers's,0.334886222242751
8,appraisals,appraisingly,0.256840266325704
8,appraisals,appraisments,0.334886222242751
8,appraisals,appraisable,0.297229611582453
8,appraisals,appraisaled,0.238746187649167
8,appraisals,appraisal's,0.452090774683984
8,appraisals,appraiser's,0.562954553920418
8,appraisals,appraiseals,0.334886222242751
8,appraisals,appraisings,0.365393542209707
8,appraisals,appraisment,0.205030901387429
9,used,use,0.280477507563383
9,used,usee,0.0639094953886206
9,used,uses,0.32679063099105
9,used,usefuling,-0.0388554122628892
9,used,use's,0.0859219200318628
9,used,useed,0.0765482858305912
9,used,usees,0.0789805486853216
9,used,useds,0.10193503274783
9,used,useli,0.0120217841518448
9,used,usely,0.0763543232339119
9,used,using,0.323293498078321
9,used,usefuls,0.0186565590558256
9,used,useeful,0.0797429404328789
9,used,useeing,0.0703122453009973
9,used,useness,0.0782313625076996
9,used,using's,0.0892375815578538
9,used,usingly,0.100295557101687
9,used,usefulness's,0.034418235386202
9,used,usefulnesses,0.0870104151976679
9,used,usefulness,0.189672152683532
9,used,usedly,0.0989408600166417
9,used,usee's,0.0596149930770464
9,used,used's,0.118141032289677
9,used,useful,0.211402739253475
9,used,uselis,0.0844039215551616
9,used,useing,0.0973307796483396
9,used,uses's,0.0768436115855061
9,used,usings,0.0734834475498122
9,used,useelying,0.100295557101687
9,used,usefully,0.145145303980602
9,used,useful's,-0.107264369039871
9,car,cars,0.462198159940285
9,car,carrings,0.00341939208772331
9,car,carfuls,0.140630758955102
9,car,carlies,0.10463616749499
9,car,carli's,0.0638693665775253
9,car,carly's,0.111395608488707
9,car,carness,0.0574921755840012
9,car,carring,0.123311529595308
9,car,carreds,0.110196471633836
9,car,carnesses,0.110196471633836
9,car,car's,0.33480502768372
9,car,carly,0.0946428199421688
9,car,carli,0.0415426221338375
9,car,carlys,0.0742252366087937
9,car,carlis,0.0274721732104068
9,car,carred,0.100820307892945
9,car,cars's,0.172150070886519
9,car,carful,0.106386816101757
9,car,carfully,0.0728396267514601
9,car,carlis's,0.0585218441265589
9,parts,part,0.250638919486766
9,parts,partful,0.1210327751782
9,parts,parting,0.151374123046876
9,parts,partted,0.166637020762557
9,parts,parts's,0.197355515239628
9,parts,parte's,0.0819424285041773
9,parts,parteds,0.1210327751782
9,parts,partely,0.0931128031405435
9,parts,parteli,0.0504347873720366
9,parts,partli,0.0428520818301548
9,parts,partly,0.2415635800636
9,parts,partes,0.0929006198132214
9,parts,parted,0.150801019255296
9,parts,part's,0.207466688528289
9,parts,partingly,0.1210327751782
9,parts,parting's,0.128228632822595
9,parts,partlying,0.142840416299956
9,parts,parte,-0.0169802331879719
9,parts,partes's,0.1210327751782
9,parts,parted's,0.0590760415596842
9,parts,partedly,0.1210327751782
9,parts,parteing,0.1210327751782
9,parts,partings,0.122845392367673
9,parts,partlies,0.0819424285041773
9,parts,partness,0.154822581177556
9,parts,partting,0.1210327751782
10,cheap,cheapeness,0.161896455529893
10,cheap,cheapnesses,0.16848249465444
10,cheap,cheapings,0.161896455529893
10,cheap,cheapness,0.237827145388596
10,cheap,cheaping,0.155179491302337
10,cheap,cheapful,0.20916305867908
10,cheap,cheapely,0.16848249465444
10,cheap,cheape's,0.20916305867908
10,cheap,cheapes,0.238372717127651
10,cheap,cheaped,0.231358658038094
10,cheap,cheap's,0.245543563739577
10,cheap,cheaps,0.196595179028546
10,cheap,cheape,0.222044519011133
10,internet,internet's,0.17717461636311
10,internet,internetal,0.109056777211202
10,internet,internetes,0.0763443280159225
10,internet,interneter,0.0721373981709576
10,internet,interneted,0.110051280942602
10,internet,internetic,0.114308252211645
10,internet,internetly,0.062063334630791
10,internet,internetionally,0.0782285005496792
10,internet,internetational,0.121234344483855
10,internet,internetable,0.11743381533714
10,internet,internetably,0.121807673603574
10,internet,internetally,0.0951124601117189
10,internet,internetants,0.145951416377634
10,internet,internetedly,0.0950579564082732
10,internet,internetence,0.11890906457432
10,internet,internetical,0.109056777211202
10,internet,internetisms,0.0523041343989101
10,internet,internetitis,0.11890906457432
10,internet,internetizer,0.11890906457432
10,internet,internetized,0.0826744672266861
10,internet,internetness,0.110299910677137
10,internet,internetting,0.134202594341301
10,internet,internetization,0.132152815276344
10,internet,internetalization,0.0751705213434032
10,internet,internetability,0.0782285005496792
10,internet,internetals,0.11890906457432
10,internet,interneteer,0.0751705213434032
10,internet,interneters,0.105852066896073
10,internet,internetion,0.0360801746693807
10,internet,interneting,0.118192838294708
10,internet,internetism,0.123951480721771
10,internet,internetive,0.0801354522093364
10,internet,internetize,0.129440488754648
10,internet,internetics,0.0569198151865451
10,internet,internetous,0.11890906457432
10,internet,internets's,0.0628399176524779
10,internet,internetted,0.116403909788222
10,internet,internetically,0.11890906457432
10,internet,internetionals,0.0751705213434032
10,internet,internetalized,0.11890906457432
10,internet,internetivity's,0.104512139046715
10,internet,internets,0.138274190582444
10,internet,internete,0.0876298499095797
10,internet,internetables,0.0951124601117189
10,internet,internetating,0.11890906457432
10,internet,internetfully,0.11890906457432
10,internet,interneticals,0.121807673603574
10,internet,internetional,0.0739406108726201
10,internet,internetivity,0.0984225515986332
10,internet,internetizing,0.121807673603574
10,internet,interneteating,0.0751705213434032
10,internet,internettings,0.0751705213434032
11,gmat,gmats,0.510592185940857
11,gmat,gmat's,0.548774103976402
11,gmat,gmattingly,0.387242953967895
11,gmat,gmatting,0.443676779774517
11,prep,prepping,0.287148469576809
11,prep,prep's,0.41027476957798
11,prep,preps,0.327942490283588
11,prep,preps's,0.181508800173563
11,prep,prepped,0.28063027425851
11,classes,classfulness,0.174023386638607
11,classes,class's,0.277073199315937
11,classes,classed,0.156616321517959
11,classes,class,0.39202084139838
11,classes,classeds,0.187438845481778
11,classes,classe's,0.172199299308486
11,classes,classing,0.181083345315028
11,classes,classful,0.195470742923912
11,classes,classe,0.0979277540933678
11,classes,classfully,0.113869013243986
11,classes,classing's,0.199862396976961
11,classes,classes's,0.152443323208745
11,classes,classeing,0.199862396976961
11,classes,classfuls,0.199862396976961
11,classes,classings,0.174101281717259
11,classes,classness,0.131686443454959
12,djs,djs's,0.376121776815479
13,map,maps,0.223429226739066
13,map,mapness,0.0714886409265671
13,map,mapping,0.146852499753941
13,map,map's,0.157699159875708
13,map,mapping's,0.0712323386770714
13,map,mappings,0.0679564081822157
13,map,mapped,0.113007010524892
13,map,maps's,0.0795157404125027
14,dinosaurs,dinosaure,0.248982683711575
14,dinosaurs,dinosaural's,0.294764521228314
14,dinosaurs,dinosaurical,0.294764521228314
14,dinosaurs,dinosaurisms,0.347436272230975
14,dinosaurs,dinosaur,0.600937528562033
14,dinosaurs,dinosaurication,0.294764521228314
14,dinosaurs,dinosauric,0.399320683467948
14,dinosaurs,dinosaurly,0.347436272230975
14,dinosaurs,dinosaur's,0.451913460827967
14,dinosaurs,dinosaural,0.224114390762081
14,dinosaurs,dinosaured,0.252978927706298
14,dinosaurs,dinosaures,0.341846513623262
14,dinosaurs,dinosaurer,0.289142282176147
14,dinosaurs,dinosaurers,0.27189813428382
14,dinosaurs,dinosaurism,0.27189813428382
14,dinosaurs,dinosaurity,0.27189813428382
14,dinosaurs,dinosauring,0.237580861382454
14,dinosaurs,dinosaurous,0.255674174554291
14,dinosaurs,dinosaurs's,0.370682797917441
15,espn,espn's,0.5571422620139
15,espn,espned,0.241842457116048
15,espn,espnes,0.202752110442026
15,espn,espns,0.432152256340487
15,espn,espne,0.251680744676634
15,espn,espning,0.333041872725915
15,sports,sporting's,0.118332473227853
15,sports,sportingly,0.0585752774670309
15,sports,sportely,0.062187112499137
15,sports,sportful,0.133320640824362
15,sports,sporting,0.284578047349282
15,sports,sports's,0.169233309767674
15,sports,sportfulnesses,0.109866932100825
15,sports,sportings,0.116275964131168
15,sports,sportness,0.0647169193106657
15,sports,sportting,0.116700416987715
15,sports,sport,0.290271564452066
15,sports,sport's,0.215436042104976
15,sports,sportly,0.0710345564564339
15,sports,sportli,0.0906711902231603
15,sports,sported,0.0955013512834859
15,sports,sportes,0.108534092444746
15,sports,sporte,0.122128137945582
15,sports,sportfulness,0.149532023790736
15,sports,sportfully,0.143209506379649
16,arizona,arizonas,0.278204448023462
16,arizona,arizonae,0.239194325500032
16,arizona,arizonaness,0.218184598218842
16,arizona,arizonaal,0.218184598218842
16,arizona,arizonaes,0.206207681285504
16,arizona,arizona's,0.425735229019077
16,arizona,arizonaize,0.227436857877282
16,arizona,arizonaeer,0.218184598218842
16,arizona,arizonaallied,0.223503215842362
16,game,gameness's,0.144560737584643
16,game,games's,0.201538018347795
16,game,gameful,0.14118721951754
16,game,gameing,0.183487706230006
16,game,gamedly,0.144560737584643
16,game,gamings,0.172062389159982
16,game,gaming,0.364197061840527
16,game,gameds,0.177096436861989
16,game,gameed,0.12154451749936
16,game,gamees,0.195068105011815
16,game,gameli,0.0877046257837908
16,game,gamely,0.125685680862674
16,game,game's,0.37385445542272
16,game,games,0.477289729217767
16,game,gamee,0.203351677757188
16,game,gamed,0.182202867085044
16,game,gamefulness,0.103880173560003
16,game,gameings,0.120764133122042
16,game,gameness,0.1041406491339
16,game,gaming's,0.226978949099589
16,game,gamefully,0.0891888187803824
16,and,ande,-0.0051217873521299
16,and,ands,0.00951396672338127
16,and,and's,0.00918654534173483
16,and,andli,-0.00661742252138484
16,and,andly,0.0079592134719376
16,and,anded,0.00973701810451341
16,and,andeness,0.00691248818168224
16,and,andeli's,0.00674799443457034
16,and,andelied,0.00691248818168224
16,and,andfully,0.0074518791508814
16,and,anding's,0.00734564434470431
16,and,andingly,0.00734564434470431
16,and,andlying,0.00713150374616293
16,and,andeli,0.000493405021751795
16,and,andely,-0.000522369370824925
16,and,andeds,0.00703414752324862
16,and,ande's,0.000903593864183163
16,and,andded,0.00734564434470431
16,and,anding,0.00791951794593756
16,and,andful,0.00430663391571841
16,and,andding,0.0074518791508814
16,and,andfuls,0.00713150374616293
16,and,andelys,-0.00682966086190919
16,and,andelis,0.00728350871433493
16,and,andes's,0.00182380053559997
16,and,andeing,0.00691248818168224
16,and,andings,0.00838849884148954
16,and,andlies,0.00758078464646153
16,and,andness,0.00728350871433493
16,fish,fishes's,0.159698852827159
16,fish,fisheing,0.190937278284214
16,fish,fishelis,0.0636456751588515
16,fish,fishings,0.212955775604969
16,fish,fishness,0.154866676706268
16,fish,fish's,0.355247082612031
16,fish,fished,0.385479607191066
16,fish,fishes,0.419703324063511
16,fish,fishli,0.153189666072847
16,fish,fishly,0.209565687689579
16,fish,fishe,0.16393901676906
16,fish,fishs,0.270849678461449
16,fish,fishing's,0.275014881841128
16,fish,fishe's,0.169824792221478
16,fish,fishful,0.165486465678274
16,fish,fisheli,0.120695363078413
16,fish,fishing,0.420000176581452
17,poker,pokerization,0.201728177320445
17,poker,pokerability,0.313828541903305
17,poker,pokere,0.422733774077586
17,poker,pokers,0.464791819073642
17,poker,pokerator,0.309791423745619
17,poker,pokerants,0.43418662331552
17,poker,pokerance,0.224594564264938
17,poker,pokerable,0.274411761840745
17,poker,pokereize,0.274411761840745
17,poker,pokerents,0.274411761840745
17,poker,pokeritis,0.220634981340708
17,poker,pokerings,0.29871560002467
17,poker,pokerizer,0.220634981340708
17,poker,pokerized,0.208717796629363
17,poker,pokerness,0.29871560002467
17,poker,pokerring,0.306275014637132
17,poker,pokerreds,0.224594564264938
17,poker,pokeral,0.316189036019762
17,poker,pokeres,0.33078722492882
17,poker,pokerer,0.286048370907595
17,poker,pokered,0.320469971420442
17,poker,pokeric,0.28110101142363
17,poker,pokerli,0.274411761840745
17,poker,poker's,0.472163068256557
17,poker,pokericities,0.326266819987387
17,poker,pokereants,0.274411761840745
17,poker,pokericity,0.321264417180087
17,poker,pokerallied,0.224594564264938
17,poker,pokerers,0.28110101142363
17,poker,pokerent,0.286048370907595
17,poker,pokereal,0.323041063216033
17,poker,pokerant,0.220634981340708
17,poker,pokerize,0.215052103192014
17,poker,pokerics,0.320327689024802
17,poker,pokerism,0.32845126906696
17,poker,pokering,0.29964549925734
17,poker,pokerful,0.224594564264938
17,poker,pokerred,0.415498360429787
17,poker,pokers's,0.274411761840745
17,poker,pokerous,0.338326632397171
17,tournaments,tournamentality,0.224030209338601
17,tournaments,tournamenteated,0.249240376010132
17,tournaments,tournament,0.623392552462899
17,tournaments,tournamental,0.210258647047846
17,tournaments,tournament's,0.450994207826348
17,tournaments,tournamentes,0.30130254855928
17,tournaments,tournamented,0.300060179108578
17,tournaments,tournamentitis,0.276263574645977
17,tournaments,tournamention,0.249240376010132
17,tournaments,tournamenting,0.290079117570217
17,tournaments,tournaments's,0.319110744340179
17,tournaments,tournamentant,0.249240376010132
17,tournaments,tournamentallied,0.164417255447123
17,tournaments,tournamente,0.313411470442244
18,wedding,wed,0.100177756575949
18,wedding,weds,0.231782396430683
18,wedding,wedded,0.250500958466667
18,wedding,wedlis,0.0618716378571783
18,wedding,wedding's,0.295161041187303
18,wedding,weddings's,0.243748849919598
18,wedding,wed's,0.0766326953076243
18,wedding,wedly,0.0892520692635682
18,wedding,wedli,0.0375774417562911
18,wedding,weddings,0.48851396793515
18,wedding,wedness,0.14456637566712
18,budget,budget's,0.289453767221387
18,budget,budgetly,0.204316280702989
18,budget,budgeted,0.333326177714107
18,budget,budgetes,0.118148793111117
18,budget,budgeter,0.199155147211271
18,budget,budgetal,0.158357027080894
18,budget,budgeteer's,0.134372752840646
18,budget,budgetering,0.158357027080894
18,budget,budgeting's,0.229828009392973
18,budget,budgetizing,0.204316280702989
18,budget,budgetable,0.179720141530061
18,budget,budgeteers,0.222502067790387
18,budget,budgeter's,0.20035034402941
18,budget,budgetered,0.15723913978514
18,budget,budgetings,0.204316280702989
18,budget,budgetizer,0.186386702272881
18,budget,budgetized,0.199328875301245
18,budget,budgetitis,0.204316280702989
18,budget,budgetness,0.195058459544618
18,budget,budgetting,0.251648036314794
18,budget,budgeteating,0.15723913978514
18,budget,budgeteering,0.178585841293434
18,budget,budgeters,0.223662724772017
18,budget,budgeteer,0.0918227910328911
18,budget,budgetize,0.163635716678348
18,budget,budgetism,0.180519676240388
18,budget,budgetive,0.156866034876998
18,budget,budgeting,0.337697343177417
18,budget,budgetics,0.118148793111117
18,budget,budgetted,0.181243192193829
18,budget,budgets,0.37886941471708
18,budget,budgete,0.167624613299226
18,budget,budgetization,0.167624613299226
18,budget,budgetability,0.204316280702989
18,calculator,calcule,0.153066031794648
18,calculator,calculs,0.0873551671238624
18,calculator,calcull,0.215088931035341
18,calculator,calculatedly,0.0682129678775644
18,calculator,calculateing,0.139353017378913
18,calculator,calculatings,0.163414303528064
18,calculator,calculations,0.314676080485764
18,calculator,calculator's,0.383679612357553
18,calculator,calculeations,0.192222544090848
18,calculator,calcullation,0.239266068689488
18,calculator,calcullating,0.268244364407886
18,calculator,calcullators,0.270967541497168
18,calculator,calcullations,0.192222544090848
18,calculator,calculous,0.19438514041982
18,calculator,calculing,0.21074265358992
18,calculator,calculent,0.0642791164740139
18,calculator,calculeer,0.270967541497168
18,calculator,calculate,0.404150761863729
18,calculator,calculant,0.1290371069291
18,calculator,calculed,0.0911754637983097
18,calculator,calcules,0.101824425071256
18,calculator,calculer,0.127576954208303
18,calculator,calculic,0.215088931035341
18,calculator,calculls,0.264519434089956
18,calculator,calculibility,0.215088931035341
18,calculator,calculeating,0.262084982526111
18,calculator,calculeation,0.270967541497168
18,calculator,calculeators,0.264519434089956
18,calculator,calculables,0.0852336101800189
18,calculator,calculateds,0.215088931035341
18,calculator,calculate's,0.220027733884598
18,calculator,calculation,0.316090800830225
18,calculator,calculating,0.307531922575101
18,calculator,calculative,0.129928102061038
18,calculator,calculators,0.482198539847232
18,calculator,calculeator,0.30686758635958
18,calculator,calculableness,0.223838870065316
18,calculator,calcullated,0.192222544090848
18,calculator,calcullator,0.309378420934423
18,calculator,calculativeness,0.163414303528064
18,calculator,calculable,0.133542290256963
18,calculator,calculably,0.233357584926463
18,calculator,calculated,0.218407925331909
18,calculator,calculates,0.329835534331623
18,calculator,calculaled,0.192222544090848
18,calculator,calculeate,0.240722829627356
18,calculator,calcullate,0.190995216467943
18,calculator,calculabilities,0.270967541497168
18,calculator,calculatingly,0.124239997795045
18,calculator,calculational,0.110291814189197
18,calculator,calculation's,0.169061578527679
18,calculator,calculativity,0.192222544090848
18,calculator,calculatively,0.114041850742803
18,calculator,calculators's,0.215088931035341
18,calculator,calculatoring,0.270967541497168
18,calculator,calcul,0.186081103872392
18,calculator,calculability,0.132779806411842
18,calculator,calculationally,0.211999785546072
19,the,theing's,0.00522848187425968
19,the,the's,0.00725373167379619
19,the,theing,0.00679181714563043
19,the,theings,0.00649957769975087
19,current,currente,0.0518060437306461
19,current,currents,0.132150434754744
19,current,currentates,0.0868439762122347
19,current,currentally,0.0635175531915931
19,current,currentence,0.0443588684015253
19,current,currenteers,0.090526651452588
19,current,currently's,0.0461634121875942
19,current,currentlies,0.0443588684015253
19,current,currentness,0.0133442637044878
19,current,currental,0.0443588684015253
19,current,currenter,0.0630473717496339
19,current,currentes,0.0152452030755557
19,current,currented,0.0991651956466822
19,current,current's,0.121197499540257
19,current,currently,0.171635974540835
19,current,currentators,0.0868439762122347
19,current,currentation,0.0443588684015253
19,current,currentently,0.0461634121875942
19,current,currentingly,0.0443588684015253
19,current,currentlying,0.0443588684015253
19,current,currentments,0.0868439762122347
19,current,currentism,0.0868439762122347
19,current,currentity,0.0868439762122347
19,current,currenting,-0.0112999038945593
19,current,currention,0.0917795869119845
19,current,currenters,0.0868439762122347
19,current,currentely,0.0304045953786354
19,current,currentate,0.0868439762122347
19,current,currents's,0.0868439762122347
19,current,currentlys,0.0184184003010319
21,volvo,volvoing,0.292179012309774
21,volvo,volvoness,0.344745583351339
21,volvo,volvo's,0.519377185484465
21,volvo,volvoes,0.368505793486492
21,volvo,volvos,0.470976235504204
21,volvo,volvoe,0.230222278691259
22,rick,rickelis,0.244020833409717
22,rick,rickly's,0.0860131294407961
22,rick,rickness,0.195753606581051
22,rick,ricks,0.260066077119363
22,rick,ricke,0.170712166238089
22,rick,ricke's,0.0916573810529388
22,rick,rickely,0.195753606581051
22,rick,rickeds,0.218619993525544
22,rick,ricking,0.171108998112365
22,rick,ricklis,0.0979300007179061
22,rick,ricks's,0.0988787396805151
22,rick,rickes,0.160054754991597
22,rick,ricked,0.155981109078079
22,rick,rickly,0.122657561685279
22,rick,rickli,0.128502037633709
22,rick,rick's,0.447023895515058
22,warren,warrene,0.211975995336455
22,warren,warrens,0.296095386449752
22,warren,warrenli,0.271156735004332
22,warren,warrener,0.193618765736124
22,warren,warrened,0.258531550063488
22,warren,warrenal,0.271156735004332
22,warren,warren's,0.450671506420732
22,warren,warrene's,0.143286084207949
22,warren,warrenism,0.265697662772652
22,warren,warrening,0.236690238213496
22,warren,warrenize,-0.107589995501689
22,warren,warrenity,0.221466777555994
22,warren,warrenful,0.221466777555994
22,warren,warreners,0.24069836262064
22,warren,warrens's,0.186820632734604
22,warren,warreners's,0.221466777555994
22,warren,warrenator,0.299734860446132
22,warren,warrenally,0.221466777555994
22,warren,warrener's,0.125318438467809
22,warren,warrenings,0.221466777555994
22,warren,warrenized,0.247360130541731
22,warren,warrenisms,0.277766637817378
23,yahoo,yahooe,0.205155679109646
23,yahoo,yahoos,0.228929547707621
23,yahoo,yahoo's,0.348635560830635
23,yahoo,yahooed,0.136723952539961
23,yahoo,yahooes,0.12249042000404
23,yahoo,yahooing,0.16130128103402
23,yahoo,yahoos's,0.186967588491282
24,diversity,diverseability,0.191669719564964
24,diversity,diverseabilities,0.234134137975557
24,diversity,diverse,0.376717352777254
24,diversity,diversabilities,0.134804830994995
24,diversity,diversed,0.0553143454527832
24,diversity,diverser,-0.0291015297593562
24,diversity,diverses,-0.00436089259617407
24,diversity,diversal,0.111938444050502
24,diversity,diversibility,0.196761564613511
24,diversity,diversants,0.0912004398590761
24,diversity,diverseity,0.221649895602399
24,diversity,diversence,0.196761564613511
24,diversity,diversitys,0.0946012798466475
24,diversity,diversible,0.196761564613511
24,diversity,diversions,-0.0177665454793698
24,diversity,diversness,0.173895177669018
24,diversity,diversication,0.171922282442987
24,diversity,diversality,0.245446500065
24,diversity,diversative,0.111938444050502
24,diversity,diversation,0.196761564613511
24,diversity,diversement,0.127796554779778
24,diversity,diverseness,0.192647353877318
24,diversity,diversion's,0.102036321512325
24,diversity,diversioned,0.196761564613511
24,diversity,diversities,0.281156206446028
24,diversity,diversitied,0.196761564613511
24,diversity,diversity's,0.32852042989518
24,diversity,diversityed,0.245446500065
24,diversity,diversivity,0.251429672532415
24,diversity,diversiveness,0.221649895602399
24,diversity,diversely,0.19187873911327
24,diversity,diversent,0.126111434147278
24,diversity,diverse's,0.1453954346388
24,diversity,diverseal,0.0794905245914435
24,diversity,diversals,0.196761564613511
24,diversity,diversant,0.0754732007371339
24,diversity,diversiti,0.0765564788223081
24,diversity,diversive,0.125736867931417
24,diversity,diversing,0.183771337964018
24,diversity,diversion,0.104741638892722
24,diversity,diversitying,0.196761564613511
24,diversity,diversability,0.220718679132386
25,euclid,euclidicity,0.361080896529761
25,euclid,euclidic,0.306595024235234
25,euclid,euclid's,0.65934957075257
25,euclid,euclides,0.40157543802187
25,euclid,euclides's,0.338214509585268
25,euclid,euclide,0.445958283047081
25,euclid,euclids,0.418197740091225
25,euclid,euclide's,0.354218902128815
25,euclid,euclids's,0.375769871059115
25,euclid,euclidity,0.338214509585268
25,euclid,euclidism,0.441040696830411
25,euclid,euclidization,0.338214509585268
25,euclid,euclidating,0.321990549855739
26,lower,lowerance,0.102309551772739
26,lower,lowerator,0.00742492263726433
26,lower,lowerable,0.135475799721777
26,lower,lowerered,0.097729872864589
26,lower,lowereing,0.10418482426891
26,lower,lowerence,0.136589459444814
26,lower,lowerized,0.113953832594118
26,lower,lowerings,0.131149196072484
26,lower,loweritis,0.183066707264058
26,lower,lowerness,0.113953832594118
26,lower,lowerring,0.148424120162488
26,lower,lowerers,0.0906141227331768
26,lower,lowerful,0.136820219538611
26,lower,lowerate,0.136820219538611
26,lower,lowerize,0.159270102801457
26,lower,lowering,0.334314773706104
26,lower,lowerred,0.170233732500525
26,lower,lower's,0.191945710974343
26,lower,lowerly,0.136589459444814
26,lower,lowered,0.312060685193254
26,lower,loweres,0.152691622688406
26,lower,lowerer,0.166210893830079
26,lower,lowerability,0.136820219538611
26,lower,lowerating,0.142386143239417
26,lower,loweration,0.113953832594118
26,lower,lowerators,-0.0300994261321346
26,lower,lowerering,0.113953832594118
26,lower,loweringly,0.0530168797592359
26,lower,lowerlying,0.177636228752747
26,lower,lowers,0.288438896282828
26,lower,lowere,0.155997440422782
26,heart,hearteness,0.119364446548955
26,heart,heartfully,0.138239631709797
26,heart,heartingly,0.106131040780762
26,heart,hearts,0.342061773928668
26,heart,hearte,0.137340825870296
26,heart,heartnessed,0.119364446548955
26,heart,heartfulness,0.174974419977059
26,heart,heartedly,0.16557301029311
26,heart,hearted's,0.0138033217945198
26,heart,heartfuls,0.177987192671615
26,heart,heartings,0.0964980596044617
26,heart,heartlies,0.158241980111617
26,heart,heartlyed,0.119364446548955
26,heart,heartly's,0.119364446548955
26,heart,heartness,0.13869734518212
26,heart,heartted,0.164900823583696
26,heart,hearts's,0.172624903906078
26,heart,hearting,0.074748332728962
26,heart,heartful,0.16107997653355
26,heart,heartely,0.109317881229221
26,heart,hearteds,0.164900823583696
26,heart,hearte's,0.166595372340518
26,heart,heart's,0.269509979284898
26,heart,heartly,0.110589812412954
26,heart,hearted,0.249682200413385
26,heart,heartes,0.168527373561366
26,rate,ratings's,0.0541859291799931
26,rate,rates,0.366352231003934
26,rate,rated,0.264698370003439
26,rate,ratee,0.168045894350925
26,rate,rate's,0.198109060927331
26,rate,rateed,0.0559757921949067
26,rate,rateds,0.160687715806166
26,rate,ratees,0.153487551023708
26,rate,rately,0.130577444262059
26,rate,rating,0.323996767904967
26,rate,rateings,0.145171487492982
26,rate,rateness,0.154170809342943
26,rate,rating's,0.136062202499536
26,rate,rates's,0.148190445712842
26,rate,ratelis,0.0200026282049245
26,rate,rateing,0.102387425070148
26,rate,rateful,0.0160926292496102
26,rate,ratedly,0.0932762758540157
26,rate,rated's,0.0773293453109119
26,rate,ratee's,0.125992872963725
26,rate,ratings,0.278605811645344
26,rate,ratefully,0.00640218565825357
27,starbucks,starbucke,0.351020072226784
27,starbucks,starbucking,0.347887530698497
27,starbucks,starbuckers,0.341948572916082
27,starbucks,starbucks's,0.48078142988293
27,starbucks,starbuckization,0.277495854604771
27,starbucks,starbucker's,0.207443255058576
27,starbucks,starbuck's,0.412181377176821
27,starbucks,starbucker,0.174574092338507
27,starbucks,starbuckes,0.259117882565854
27,starbucks,starbucked,0.416623438218354
27,starbucks,starbuck,0.300062267830375
28,inuyasha,inuyashas,0.482425026988425
28,inuyasha,inuyasha's,0.627410214820608
29,ps,ps's,0.347662827403997
29,games,game,0.477289729217767
29,games,gameness's,0.130209204575108
29,games,games's,0.189625969442416
29,games,gameful,0.0889806894500597
29,games,gameing,0.161412023615977
29,games,gamedly,0.130209204575108
29,games,gamings,0.152072874779503
29,games,gaming,0.357291090162335
29,games,gameds,0.167269496956885
29,games,gameed,0.118917717656783
29,games,gamees,0.180015587375249
29,games,gameli,0.0558646631181146
29,games,gamely,0.0787139511333853
29,games,game's,0.314410863560368
29,games,gamee,0.171839581825455
29,games,gamed,0.130840723468541
29,games,gamefulness,0.0895286405504679
29,games,gameings,0.13338327357838
29,games,gameness,0.0348335086665801
29,games,gaming's,0.203332783928224
29,games,gamefully,0.0843343062992895
30,diabetes,diabet,0.38022554735817
30,diabetes,diabeted,0.291032712974859
30,diabetes,diabetic,0.55449163658765
30,diabetes,diabeter,0.250921045152724
30,diabetes,diabetli,0.26411882117184
30,diabetes,diabetically,0.215365447497083
30,diabetes,diabete,0.372387594189696
30,diabetes,diabets,0.309103611077155
30,diabetes,diabetality,0.224888494780367
30,diabetes,diabeteers,0.274717649615325
30,diabetes,diabeteics,0.250921045152724
30,diabetes,diabetes's,0.291617164422303
30,diabetes,diabetical,0.210880571337413
30,diabetes,diabetic's,0.361437362775202
30,diabetes,diabetism,0.274717649615325
30,diabetes,diabetics,0.517438132648069
30,diabetes,diabeters,0.283980883770585
30,diabetes,diabeteds,0.281414355728699
30,diabetes,diabeteic,0.281566208893289
30,diabetes,diabete's,0.262375055397058
30,education,educant,0.0795052549208581
30,education,educate,0.221217546498089
30,education,educe's,0.0763973669435952
30,education,educing,0.0776012916107289
30,education,educity,0.0999229108473322
30,education,educent,0.0507323362219602
30,education,educ,0.210293498544648
30,education,educationalisming,0.0763973669435952
30,education,educatingly,0.120185818945499
30,education,education's,0.24027085992018
30,education,educational,0.340037246728291
30,education,educationed,0.107853366709594
30,education,educatively,0.11163080664703
30,education,educative's,0.0763973669435952
30,education,educeational,0.120185818945499
30,education,educators's,0.101430807782939
30,education,educatoring,0.120185818945499
30,education,educal,0.0691736032795853
30,education,educes,0.0320000815844788
30,education,educer,0.0781121541895729
30,education,educed,0.0557934366476121
30,education,educability,0.122123320419856
30,education,educabilities,0.105820016459368
30,education,educator,0.25689638261603
30,education,educates,0.179942388423419
30,education,educated,0.201026762053662
30,education,educants,0.120185818945499
30,education,educaled,0.0763973669435952
30,education,educable,0.143305772292629
30,education,educably,0.127555982409012
30,education,educered,0.0535309799991021
30,education,educer's,0.0763973669435952
30,education,educible,0.0293483664054706
30,education,educs,0.0911228640784785
30,education,educe,0.0800008661467997
30,education,educational's,0.0660565256145848
30,education,educationally,0.174662223460714
30,education,educateing,-0.0487309440205857
30,education,educated's,0.0763973669435952
30,education,educatedly,0.0828767269163306
30,education,educatives,0.0999415494425398
30,education,educations,0.181823580026145
30,education,educator's,0.188316597597547
30,education,educationallied,0.120185818945499
30,education,educibility,0.0763973669435952
30,education,educationalism,0.0998123843285152
30,education,educationality,0.120185818945499
30,education,educeators,0.120185818945499
30,education,educeation,0.13083032148453
30,education,educationing,0.117156021583326
30,education,educationeds,0.123115551016227
30,education,educationals,0.0829097100568255
30,education,educations's,0.13272242695449
30,education,educements,0.120185818945499
30,education,educables,0.115707825280542
30,education,educanted,0.0535309799991021
30,education,educative,0.134587284807649
30,education,educating,0.232572535677776
30,education,educators,0.304677509541788
30,education,educate's,0.105820016459368
30,education,educately,0.0763973669435952
30,education,educateds,0.0641477950651314
30,education,educement,0.0814433296219899
30,education,educities,0.11380358302194
31,atari,atarious,0.371474020475165
31,atari,atarience,0.317862625560375
31,atari,atariness,0.371474020475165
31,atari,atary,0.30828245589472
31,atari,atari's,0.602852469467295
31,atari,ataries,0.302416034262048
31,atari,atarie,0.415108285489084
31,atari,ataris,0.35519213056169
32,website,websit,0.123757342482996
32,website,websiteallied,0.057738132694003
32,website,websiteallies,0.100767516522365
32,website,websiteings,0.096243016658417
32,website,websitement,0.0859283601591526
32,website,websitering,0.0859283601591526
32,website,websitous,0.100767516522365
32,website,websiting,0.0955161651487996
32,website,websition,0.0348717457495098
32,website,websiteds,0.109692197444668
32,website,websiteer,0.0348717457495098
32,website,websitely,0.0348717457495098
32,website,websiters,0.0883661044731123
32,website,website's,0.206283382860567
32,website,websited,0.0933726734021862
32,website,websiter,0.10348453567443
32,website,websites,0.271783816945785
32,website,websit's,0.103223894716011
32,website,websits,0.110589127128084
32,website,websitefulness,0.100767516522365
32,website,websites's,0.102566743730615
32,website,websiter's,0.0186477860199804
32,website,websiteers,0.0348717457495098
32,website,websiteing,0.057738132694003
32,website,websiteful,0.091389058492109
32,website,websitings,0.0805043161772449
32,website,websitting,0.100767516522365
32,design,designant,0.00151479997927643
32,design,designate,0.0374817316464658
32,design,designe's,0.11571958162593
32,design,designned,0.0929420778010132
32,design,designous,0.0919229771633297
32,design,designs's,0.0928035428405691
32,design,designent,0.0212622371012536
32,design,designers,0.321457832263878
32,design,designeds,0.114683189293913
32,design,designeer,0.111478440735738
32,design,designful,0.136329467812153
32,design,designism,0.152108819924419
32,design,designity,0.0343584535766494
32,design,designize,0.0492393294446843
32,design,designing,0.295741449542666
32,design,designabilities,0.11571958162593
32,design,designements,0.11571958162593
32,design,designerings,0.0721057163891774
32,design,designerness,0.0721057163891774
32,design,designerring,0.0919229771633297
32,design,designationally,0.0721057163891774
32,design,designables,0.128500174035993
32,design,designality,0.11571958162593
32,design,designanted,-0.0289413639033608
32,design,designate's,-0.0232266788806067
32,design,designateds,0.0721057163891774
32,design,designating,0.0455460111108693
32,design,designation,0.0704402080806683
32,design,designately,0.11571958162593
32,design,designative,0.0373744156873606
32,design,designators,0.0614302849891019
32,design,designeated,0.0330153697151549
32,design,designeally,0.11571958162593
32,design,designering,0.0863903356073421
32,design,designers's,0.11477836020532
32,design,designerred,0.120626745676508
32,design,designfully,0.0492393294446843
32,design,designationed,0.07503901760129
32,design,designational,0.0274458086760883
32,design,designation's,0.0148755923774144
32,design,designatively,0.07503901760129
32,design,designingly,0.118443645318774
32,design,designing's,0.11571958162593
32,design,designity's,0.0492393294446843
32,design,designities,0.11571958162593
32,design,designizing,0.11571958162593
32,design,designments,0.0101489827706617
32,design,designability,0.110495315480242
32,design,designe,0.118524268326101
32,design,designs,0.330013150342424
32,design,designisms's,0.11571958162593
32,design,designic,0.11571958162593
32,design,designli,0.0721057163891774
32,design,designly,0.0721057163891774
32,design,designal,0.100111731429981
32,design,designed,0.230917464985044
32,design,designer,0.284784746353444
32,design,designes,0.124350187285414
32,design,design's,0.211116485443208
32,design,designator,0.0584824948100743
32,design,designated,0.0467499199670401
32,design,designates,0.0454615600000955
32,design,designants,0.0721057163891774
32,design,designable,0.130734156146948
32,design,designered,0.10124490707132
32,design,designerly,0.145725059101466
32,design,designer's,0.20204318620401
32,design,designeing,0.110987757935409
32,design,designeers,0.143393033833142
32,design,designedly,0.0877775220473253
32,design,designiced,0.11571958162593
32,design,designical,0.118540441628178
32,design,designized,0.0492393294446843
32,design,designitis,0.118540441628178
32,design,designisms,0.155015676645668
32,design,designings,0.1088864894591
32,design,designment,0.0898868149885428
32,design,designning,0.114962636690914
32,design,designness,0.11571958162593
32,design,designallied,-0.0186592577921223
32,design,designatedly,0.0919229771633297
32,design,designatives,0.0421850962188871
32,design,designations,0.0678056989150222
32,design,designatings,0.0721057163891774
32,design,designator's,0.0212622371012536
32,hosting,host,0.262321634358717
32,hosting,hoste's,0.0304016735326534
32,hosting,hosteds,0.134497899060766
32,hosting,hosteli,-0.133257908805534
32,hosting,hostely,-0.145402787040993
32,hosting,hostful,0.116172744992086
32,hosting,hosts's,0.135787404430491
32,hosting,hostted,0.134497899060766
32,hosting,hosting's,0.298998136707365
32,hosting,hosts,0.217153914964986
32,hosting,hoste,-0.063538670567694
32,hosting,hostfulness,0.157364286005259
32,hosting,host's,0.155174267160703
32,hosting,hostli,-0.148949638929058
32,hosting,hostly,0.132247942736255
32,hosting,hosted,0.26878701109522
32,hosting,hostes,0.00962590068466236
32,hosting,hostelis,-0.0315550600858623
32,hosting,hosteing,0.139969349454687
32,hosting,hosted's,0.180649913479328
32,hosting,hostings,0.273358461909932
32,hosting,hostness,0.130922300319915
32,hosting,hostting,0.217941535245893
33,elliptical,ellipt,0.410698924746293
33,elliptical,elliptization,0.300140262474076
33,elliptical,ellipticity,0.487450962465793
33,elliptical,ellipticals,0.596561548446117
33,elliptical,elliptable,0.348186024265176
33,elliptical,ellipter's,0.325319637320683
33,elliptical,ellipticed,0.263362903702168
33,elliptical,ellipticly,0.348186024265176
33,elliptical,elliptic's,0.296511396757899
33,elliptical,ellipt's,0.348186024265176
33,elliptical,elliptal,0.364064563423852
33,elliptical,ellipter,0.170145567095459
33,elliptical,ellipted,0.263362903702168
33,elliptical,elliptic,0.405320645339577
33,elliptical,ellipticaling,0.382144559023606
33,elliptical,ellipticality,0.361915744811065
33,elliptical,elliptically,0.408879061718986
33,elliptical,elliptical's,0.459243674114569
33,elliptical,ellipticities,0.435869194764544
33,elliptical,ellipters,0.348186024265176
33,elliptical,elliptics,0.43265756886688
33,elliptical,elliption,0.348186024265176
33,elliptical,ellipting,0.395560017866777
33,trainer,traineric,0.241461078676101
33,trainer,traineres,0.286502435158961
33,trainer,trainer's,0.433512316876045
33,trainer,trainerals,0.299081540697322
33,trainer,trainering,0.238187635071247
33,trainer,trainers's,0.291918641042514
33,trainer,trainerallied,0.241461078676101
33,trainer,trainers,0.531205671277687
33,trainer,trainere,0.305418439201479
34,cell,celle,-0.000416261645018299
34,cell,cells,0.522556138421897
34,cell,celle's,0.0763908695585267
34,cell,celling,0.133351918871043
34,cell,cells's,0.182768179025311
34,cell,celleing,0.126972247205954
34,cell,cellings,0.0613565878255038
34,cell,cellness,0.17071588314181
34,cell,cell's,0.375998771719141
34,cell,celles,-0.0529500164913191
34,cell,celled,0.28243037881278
34,phones,phoneing,0.0856598178962159
34,phones,phones's,0.232976387371591
34,phones,phonelis,0.184523998695457
34,phones,phoned,0.151112996749557
34,phones,phonee,0.184532429146444
34,phones,phone,0.284213387850028
34,phones,phone's,0.393518043547425
34,phones,phoning,0.166880278772108
34,phones,phoneed,0.0906841195018462
34,phones,phonees,0.240869277541611
34,phones,phoneds,0.256985247084755
34,phones,phonely,0.20891449860051
35,hoboken,hobokens,0.429575727474636
35,hoboken,hoboken's,0.596989503294974
36,gps,gps's,0.351283802070989
37,pampered,pamperations,0.368291164238861
37,pampered,pampers,0.247588298979309
37,pampered,pampere,0.172877999433377
37,pampered,pamperedly,0.448048633570914
37,pampered,pamperered,0.345424777294368
37,pampered,pampereing,0.476275456501016
37,pampered,pamperings,0.193970436297231
37,pampered,pamperring,0.345424777294368
37,pampered,pamper,0.413554879683106
37,pampered,pamperers,0.307509336841086
37,pampered,pampering,0.431205611243273
37,pampered,pamperize,0.449139759546347
37,pampered,pampers's,0.368291164238861
37,pampered,pamperred,0.370177240049993
37,pampered,pamperly,0.368291164238861
37,pampered,pamperer,0.391610695717018
37,pampered,pamperes,0.345424777294368
37,pampered,pamper's,0.233060782971254
37,pampered,pampering's,0.345424777294368
37,pampered,pamperingly,0.392616393548188
37,chef,chefs,0.57283601828961
37,chef,cheffing's,0.238534961688602
37,chef,cheffing,0.36180680346629
37,chef,chefness,0.288919262494331
37,chef,cheffed,0.286859605562295
37,chef,chefs's,0.251348736849174
37,chef,cheffings,0.153781353945014
37,chef,chef's,0.493390687523229
38,dogs,dog,0.534545493622107
38,dogs,dogged,0.146875814297606
38,dogs,dogful,0.163276018260332
38,dogs,dogs's,0.282267698168992
38,dogs,doglis,0.146121574312259
38,dogs,doggingly,0.186142405204825
38,dogs,dog's,0.474224375828491
38,dogs,dogli,0.062228937967794
38,dogs,dogly,0.174943880272378
38,dogs,dogfully,0.234395347262101
38,dogs,doggedly,0.129481605019385
38,dogs,doggings,0.186142405204825
38,dogs,dogging,0.160338506395882
38,dogs,dogness,0.287100929047622
38,for,fors,-0.0112868546718285
38,for,forlis,0.00522453804411473
38,for,forlys,-0.0286674316160093
38,for,forful,0.0111113372181859
38,for,fors's,0.00580116705498957
38,for,forred,0.0126618860424974
38,for,for's,0.0162064212341703
38,for,forly,0.00898661490000014
38,for,forli,-0.0119122955990511
38,for,forli's,0.00637842639192699
38,for,forlies,0.0108469251213541
38,for,forness,0.00508288529437384
38,for,forring,0.0118971296421392
38,for,forlying,0.0111113372181859
38,for,forrings,0.0111113372181859
38,adoption,adoptiveness,0.218894436108634
38,adoption,adoptions's,0.227799185231389
38,adoption,adoptioning,0.27986480747475
38,adoption,adoptables,0.342481678826124
38,adoption,adoptabled,0.227799185231389
38,adoption,adoptation,0.23513953183724
38,adoption,adoptative,0.273865975510932
38,adoption,adopt,0.464568355883527
38,adoption,adoptibles,0.134071315545626
38,adoption,adoption's,0.32827165397773
38,adoption,adoptional,0.303391329014062
38,adoption,adoptism's,0.26847974925603
38,adoption,adoptively,0.207179386843273
38,adoption,adoptive's,0.275024396025822
38,adoption,adoptable's,0.154274967609376
38,adoption,adoptants,0.283131373905193
38,adoption,adoptance,0.136352226097997
38,adoption,adoptable,0.490824657122367
38,adoption,adoptator,0.257728861468964
38,adoption,adoptated,0.218894436108634
38,adoption,adopter's,0.345366488443107
38,adoption,adoptedly,0.246374396593377
38,adoption,adopted's,0.218894436108634
38,adoption,adoptible,0.287923412841208
38,adoption,adoptives,0.229179150505483
38,adoption,adoptions,0.535096750160647
38,adoption,adoptings,0.218894436108634
38,adoption,adoptment,0.286983641887064
38,adoption,adoptting,0.187118621206749
38,adoption,adoptability,0.348269873154764
38,adoption,adoptations,0.191344589309668
38,adoption,adoptted,0.227799185231389
38,adoption,adopteds,0.208975487794206
38,adoption,adopteer,0.218894436108634
38,adoption,adoptent,0.138834044941629
38,adoption,adopters,0.396036529616992
38,adoption,adoptant,0.185791729198403
38,adoption,adoptate,0.132712197286252
38,adoption,adopting,0.462868772622294
38,adoption,adoptism,0.322724694193057
38,adoption,adoptive,0.536903481487832
38,adoption,adopte,0.178488618791982
38,adoption,adopts,0.289830488679413
38,adoption,adoptionalism,0.218894436108634
38,adoption,adopter,0.325063178540269
38,adoption,adoptes,0.167200155386435
38,adoption,adopted,0.425195080295432
38,adoption,adoptic,0.168896740711011
38,adoption,adoptly,0.196028049164141
38,adoption,adopt's,0.25458622948831
38,adoption,adoptabilities,0.248957956419362
38,adoption,adoptibility,0.275024396025822
39,disneyland,disneyland's,0.590647617822353
39,disneyland,disneylander,0.430785156903698
39,disneyland,disneylandic,0.321475186678101
39,disneyland,disneylandization,0.298608799733607
39,disneyland,disneylanding,0.321456762116697
39,disneyland,disneylanders,0.411563835155627
39,disneyland,disneylande,0.342708271781744
39,disneyland,disneylands,0.42658543850131
39,hotel,hotelable,0.214851416811176
39,hotel,hotelence,0.17134861248224
39,hotel,hotelling,0.00360973618987919
39,hotel,hotellive,0.175525523948739
39,hotel,hotellers,0.175525523948739
39,hotel,hotel's,0.407318420951693
39,hotel,hotelic,0.102693802199681
39,hotel,hoteled,0.166179202477196
39,hotel,hoteler,0.183531661120299
39,hotel,hoteles,0.364047075030099
39,hotel,hotelal,0.229225937631013
39,hotel,hotells,0.214007741499827
39,hotel,hotelling's,-0.127098045370832
39,hotel,hotelation,0.17134861248224
39,hotel,hotelelies,0.175525523948739
39,hotel,hotelement,0.102693802199681
39,hotel,hotelfully,0.17134861248224
39,hotel,hotelealing,0.17134861248224
39,hotel,hoteling's,0.102693802199681
39,hotel,hoteller's,0.175525523948739
39,hotel,hotellings,-0.00140242332843167
39,hotel,hoteleering,0.102693802199681
39,hotel,hotell,0.334086875801384
39,hotel,hotels,0.589088387388084
39,hotel,hotele,0.271605168293385
39,hotel,hotelers,0.144814530548709
39,hotel,hotelent,0.17134861248224
39,hotel,hoteleal,0.17134861248224
39,hotel,hotels's,0.21655672934064
39,hotel,hotell's,0.17134861248224
39,hotel,hotelism,0.17134861248224
39,hotel,hotelity,0.175525523948739
39,hotel,hoteling,0.118277600972361
39,hotel,hotelled,0.144378351663486
39,hotel,hoteller,0.300216964754974
41,orange,orangeality,0.218334742389436
41,orange,orangeism's,0.248684636181857
41,orange,orangements,0.177981939134421
41,orange,orangs,0.130569489001815
41,orange,orangered's,0.194538137926835
41,orange,orange's,0.322781405301205
41,orange,orangeer,0.170709614944427
41,orange,orangeds,0.218334742389436
41,orange,orangers,0.129936381851692
41,orange,orangely,0.189898281881079
41,orange,orangics,0.194538137926835
41,orange,oranging,0.149083932994969
41,orange,orangize,0.157608111798767
41,orange,orangism,0.255070044792592
41,orange,orang,0.0855269868230428
41,orange,orangic,0.158776900229205
41,orange,oranger,0.192627974933881
41,orange,oranges,0.318753147417672
41,orange,oranged,0.226444438202368
41,orange,orangal,0.147843227999933
41,orange,orang's,0.18487683485873
41,orange,orangator,0.151273805236116
41,orange,orangeant,0.170709614944427
41,orange,orangeate,0.147843227999933
41,orange,oranged's,0.170709614944427
41,orange,orangeism,0.264804751337997
41,orange,orangeful,0.227593369008989
41,orange,orangered,0.308053122552081
41,orange,orangeous,0.210772449016644
41,orange,oranger's,0.177654178364795
41,orange,oranges's,0.223657020030383
41,orange,orangelis,0.170709614944427
41,orange,orangisms,0.170709614944427
41,orange,orangized,0.119034987437149
41,orange,orangizer,0.170709614944427
41,orange,orangness,0.218334742389436
41,orange,orangization's,0.170709614944427
41,orange,orangization,0.126897118398737
41,orange,orangizations,0.0925289215963814
41,orange,orangeally,0.170709614944427
41,orange,orangeness,0.23036163908968
41,orange,orangement,0.131619268270404
41,orange,orangerful,0.108752881325911
41,orange,orangereds,0.170709614944427
41,orange,orangizers,0.170709614944427
41,orange,orangizing,0.194538137926835
41,county,countie's,0.118368537545437
41,county,countiing,0.0141670816892032
41,county,countying,0.111502600936028
41,county,countys's,0.172288161000326
41,county,counties's,0.159724024291386
41,county,countys,0.218038780241141
41,county,countis,0.104951235449627
41,county,countie,0.189954992382047
41,county,county's,0.399637417617936
41,county,countied,0.158636590955692
41,county,counties,0.509099346153327
41,county,counti,0.116310885639942
41,convention,conventionalities,0.163284756978192
41,convention,conventionality's,0.187945301414386
41,convention,conventionally,0.179560445958019
41,convention,conventational,0.165078914469893
41,convention,conventionalisms,0.0870623920845975
41,convention,conventionality,0.163380778631065
41,convention,conventionalism,0.238754289227549
41,convention,conventable,0.187945301414386
41,convention,conventance,0.187945301414386
41,convention,conventants,0.187945301414386
41,convention,conventally,0.187945301414386
41,convention,conventence,0.165078914469893
41,convention,conventeers,0.165078914469893
41,convention,conventible,0.187945301414386
41,convention,conventical,0.231293262598997
41,convention,conventions,0.452030802331084
41,convention,convent,0.0980958587985222
41,convention,conventing,0.14527120314266
41,convention,conventive,0.212474981843744
41,convention,conventely,0.136270673907109
41,convention,conventent,0.200795433323425
41,convention,conventant,0.196679406572546
41,convention,conventation,0.212054426377949
41,convention,conventions's,0.200358883380068
41,convention,conventionned,0.00871752777380302
41,convention,conventioning,0.2373995365176
41,convention,conventionals,0.109263411860854
41,convention,conventently,0.125988567795871
41,convention,conventionly,0.165078914469893
41,convention,convention's,0.41107670630189
41,convention,conventioned,0.12614523848406
41,convention,conventional,0.165881834746875
41,convention,conventities,0.148854954740364
41,convention,convently,0.0971803272330866
41,convention,conventes,0.165078914469893
41,convention,conventer,0.0792285200437847
41,convention,convented,0.0386461794035712
41,convention,conventic,0.165078914469893
41,convention,convent's,0.0206100660771905
41,convention,convental,0.148854954740364
41,convention,conventations,0.242031104774306
41,convention,convente,0.109764608066341
41,convention,convents,0.142651837371132
41,center,centeration,0.109340233220022
41,center,centering's,0.109340233220022
41,center,centeringly,0.109340233220022
41,center,centeralized,0.0666180199868584
41,center,centeralizes,0.109340233220022
41,center,centerrings,0.043109351979517
41,center,centeralization,0.043109351979517
41,center,centerally,0.0989375352788699
41,center,centerance,0.109340233220022
41,center,centerable,0.041605424520061
41,center,centered's,0.0855436287574211
41,center,centeredly,-0.000550684185511518
41,center,centereing,0.0659757389240102
41,center,centerence,0.112005585843952
41,center,centereous,0.0659757389240102
41,center,centerered,0.0686596691953813
41,center,centerings,0.109186351992065
41,center,centeritis,0.113976876856303
41,center,centerized,0.0797404667871377
41,center,centerizer,0.109340233220022
41,center,centerlied,-0.00149142418437868
41,center,centerness,0.0827689059115216
41,center,centerring,-0.00858774469035216
41,center,centere,0.0996390978278098
41,center,centers,0.310918608921179
41,center,centereal,0.0659757389240102
41,center,centerant,0.0659757389240102
41,center,centerals,0.112005585843952
41,center,centere's,0.122189392692577
41,center,centerize,0.0947100512870938
41,center,centerism,0.0726594061998186
41,center,centerics,0.109340233220022
41,center,centering,0.1154336440715
41,center,centerers,0.10720549056304
41,center,centerent,0.113976876856303
41,center,centerred,0.0824220299238407
41,center,centers's,0.0863546818967567
41,center,centerization,0.0686596691953813
41,center,centereating,0.132182425294296
41,center,centeralizing,0.109340233220022
41,center,centeric,0.013851575931737
41,center,centerly,0.0459566776123366
41,center,centerli,0.0520887307653236
41,center,centeral,0.100750047629061
41,center,centered,0.166807842042434
41,center,centeres,0.0962098017197848
41,center,centerer,0.0858535107047815
41,center,center's,0.263036049551601
42,the,theing's,0.00522848187425968
42,the,the's,0.00725373167379619
42,the,theing,0.00679181714563043
42,the,theings,0.00649957769975087
42,music,musice,0.149355571393067
42,music,musics,0.163909966395011
42,music,musicals's,0.113201452065414
42,music,musicallis,0.122185009277695
42,music,musicallys,0.115960928411949
42,music,musicality,0.193712521273672
42,music,musicalism,0.121003409272615
42,music,musicaling,0.113201452065414
42,music,musicalize,0.129793100311755
42,music,musicant's,0.0696860213861515
42,music,musicating,0.113201452065414
42,music,musication,0.123057844535982
42,music,musicators,0.115960928411949
42,music,musicalizer,0.089404847602813
42,music,musicalizes,0.118832316195428
42,music,musicalized,0.107770184192078
42,music,musicallies,0.0986653938550904
42,music,musicalness,0.112879525792842
42,music,musicicals,0.113201452065414
42,music,musications,0.113201452065414
42,music,musicful,0.115960928411949
42,music,musicics,0.113201452065414
42,music,musicing,0.120052333825515
42,music,musiciti,0.0249276791155716
42,music,musicity,0.118992514232366
42,music,musicism,0.102882120030258
42,music,musice's,0.113201452065414
42,music,musiceal,0.115960928411949
42,music,musicent,0.119635039314757
42,music,musicers,0.0986653938550904
42,music,musicate,0.0955418063146251
42,music,musicals,0.23711916532042
42,music,musicant,0.00686149333289427
42,music,musicational,0.136327324211508
42,music,music's,0.23307916303431
42,music,musical,0.371647749442147
42,music,musicer,0.0935530166139472
42,music,musices,0.15311852884454
42,music,musiced,0.132898923556574
42,music,musicic,0.119635039314757
42,music,musicly,0.122232843464295
42,music,musicli,0.0742887070177118
42,music,musicability,0.113201452065414
42,music,musicalization,0.14475704475896
42,music,musicalities,0.0945478426648255
42,music,musicalizing,0.124443304872305
42,music,musicable,0.10555995440933
42,music,musicants,0.0831774765125715
42,music,musicancy,0.113201452065414
42,music,musicance,0.113201452065414
42,music,musical's,0.141115645995177
42,music,musicalli,0.104350263151125
42,music,musically,0.249879361930088
42,music,musicator,0.141656682058443
42,music,musicated,0.119635039314757
42,music,musicical,0.133303046492834
42,music,musicings,0.089404847602813
42,music,musicisms,0.0852499350119193
42,music,musicli's,0.113201452065414
42,music,musicment,0.118001833195759
42,music,musicness,0.114866687290028
42,music,musicalizations,0.113201452065414
42,music,musiceating,0.0696860213861515
42,music,musicically,0.119635039314757
42,man,mans,0.168207968940313
42,man,manlies,0.141738709247156
42,man,manlied,0.101058145222516
42,man,manli's,0.0971077472915337
42,man,manly's,0.120106191845478
42,man,manness,0.0614524160104885
42,man,manning,0.152405776286974
42,man,manfulness,0.0988578634582241
42,man,man's,0.357535227210225
42,man,manly,0.208345714433477
42,man,manli,0.0566689104984284
42,man,manfully,0.192039715412185
42,man,manlis's,0.0971077472915337
42,man,mannings,0.0947594835379469
42,man,mannings's,0.0122846267285248
42,man,mannesses,0.145193829375208
42,man,mannessed,0.0971077472915337
42,man,manness's,0.122943516373815
42,man,manning's,0.1328566717393
42,man,manful,0.149385022257649
42,man,mans's,0.130508753008443
42,man,manned,0.16891940760441
42,man,manlys,0.0931579557030175
42,man,manlis,0.103201343929476
43,the,theing's,0.00522848187425968
43,the,the's,0.00725373167379619
43,the,theing,0.00679181714563043
43,the,theings,0.00649957769975087
43,secret,secretations,0.136406061302049
43,secret,secretful,0.136406061302049
43,secret,secretism,0.163058685859202
43,secret,secretion,0.0256062656873529
43,secret,secreting,0.0528563949896816
43,secret,secretize,0.197294744337509
43,secret,secretive,0.298696907367386
43,secret,secrets's,0.154527683452754
43,secret,secreteer,0.206432305299437
43,secret,secreters,0.0323098357739364
43,secret,secretely,0.182092381595025
43,secret,secretate,0.159272448246542
43,secret,secretant,0.132908087677424
43,secret,secretization,0.198811204721842
43,secret,secrets,0.361982397141363
43,secret,secrete,0.115600595924325
43,secret,secretivenesses,0.21146444095884
43,secret,secretation,0.136406061302049
43,secret,secretative,0.116723331744982
43,secret,secretement,0.140023780588235
43,secret,secreteness,0.206432305299437
43,secret,secretion's,0.178905638363651
43,secret,secretional,0.0323098357739364
43,secret,secretioned,0.0973157146280265
43,secret,secretities,0.159272448246542
43,secret,secretively,0.171200009443807
43,secret,secretivity,0.107597820739265
43,secret,secretizing,0.21146444095884
43,secret,secretnesses,0.159272448246542
43,secret,secretly,0.381634516739868
43,secret,secretal,0.159272448246542
43,secret,secreted,0.0937718173524842
43,secret,secretes,0.122539671123834
43,secret,secreter,0.134007907400171
43,secret,secret's,0.236778105665309
43,secret,secretally,0.136406061302049
43,secret,secretable,-0.0352911494567219
43,secret,secreteers,0.206432305299437
43,secret,secretedly,0.159272448246542
43,secret,secretions,0.0592999082718945
43,secret,secretings,0.159272448246542
43,secret,secretized,0.181706926342911
43,secret,secretlies,0.159272448246542
43,secret,secretness,0.192730792012802
43,secret,secretiveness,0.218337892849197
43,garden,gardenallis,0.180826533907221
43,garden,gardeneer's,0.191103462883504
43,garden,gardeners's,0.174663063630155
43,garden,gardenering,0.163688885636894
43,garden,gardenfully,0.185234485696166
43,garden,gardenant,0.0653201971522299
43,garden,gardenate,0.191103462883504
43,garden,gardene's,0.185234485696166
43,garden,gardeners,0.385143418857276
43,garden,gardeneer,0.122321236151239
43,garden,gardenful,0.189316927812293
43,garden,gardenize,0.188494600574178
43,garden,gardening,0.396359917377768
43,garden,gardenned,0.180826533907221
43,garden,gardens's,0.184181238523219
43,garden,gardening's,0.202906841706055
43,garden,gardenizing,0.180826533907221
43,garden,gardens,0.403617690762619
43,garden,gardene,0.145180938781025
43,garden,gardenization,0.180826533907221
43,garden,gardenable,0.204487310865434
43,garden,gardenal's,0.11180122839041
43,garden,gardenally,0.180826533907221
43,garden,gardenator,0.0955772686608811
43,garden,gardeneers,0.177881291191847
43,garden,gardener's,0.330351522667784
43,garden,gardeneing,0.142808977818843
43,garden,gardenerly,0.195176751887776
43,garden,gardenings,0.170511809723304
43,garden,gardenized,0.180826533907221
43,garden,gardenment,0.180826533907221
43,garden,gardenning,0.162638533641813
43,garden,gardenness,0.179794938883365
43,garden,gardenic,0.180826533907221
43,garden,gardenly,0.203923613241544
43,garden,gardenal,0.0375665776229934
43,garden,gardened,0.233535039842548
43,garden,gardener,0.353999131133596
43,garden,gardenes,0.111779284717752
43,garden,garden's,0.306755219340862
44,map,maps,0.223429226739066
44,map,mapness,0.0714886409265671
44,map,mapping,0.146852499753941
44,map,map's,0.157699159875708
44,map,mapping's,0.0712323386770714
44,map,mappings,0.0679564081822157
44,map,mapped,0.113007010524892
44,map,maps's,0.0795157404125027
44,of,ofs,0.00614175589290985
44,of,of's,0.00643403425707953
44,of,offingly,0.0059504493807601
44,of,offing,0.00987707151335128
44,of,offeds,0.00683138626750247
44,of,ofness,0.00664971872357282
44,of,offings,0.00257138870584395
44,of,offully,0.00609550162185656
44,of,offul,0.00609550162185656
44,of,offed,0.00887541135480808
44,of,ofs's,0.00700494571252927
44,the,theing's,0.00522848187425968
44,the,the's,0.00725373167379619
44,the,theing,0.00679181714563043
44,the,theings,0.00649957769975087
44,united,unit,0.128637980805098
44,united,unitality,0.0700419663206509
44,united,unitation,0.0478818998868659
44,united,unitative,0.0330976318385984
44,united,uniteable,0.135033334261901
44,united,unitement,0.0700419663206509
44,united,unitented,0.0700419663206509
44,united,uniterred,0.0700419663206509
44,united,unitering,0.0700419663206509
44,united,unitities,0.0700419663206509
44,united,unitively,0.0840287192443517
44,united,unitivity,0.116340383120763
44,united,unitizing,0.040549297104501
44,united,unitizers,0.0914306285042136
44,united,unite,0.158873271641221
44,united,units,0.187148841311051
44,united,unitication,0.0700419663206509
44,united,unitiveness,0.0597950965405739
44,united,unittingly,0.0700419663206509
44,united,unitalization,0.0728913130159698
44,united,unitizations,0.084151556213556
44,united,unitational,0.0700419663206509
44,united,unit's,0.135929322681409
44,united,unitic,-0.00734921907740191
44,united,unites,0.130311407453408
44,united,uniter,0.116296845099291
44,united,unital,-0.0929404614442489
44,united,unitli,0.0471755793761577
44,united,unitly,0.0728913130159698
44,united,unitization,0.0451741744544229
44,united,unitated,0.0897752725780095
44,united,unitates,0.0978091192710989
44,united,unitable,0.159640955449442
44,united,uniteers,0.0897752725780095
44,united,unitedly,0.101304434891044
44,united,uniteing,-0.0919733833292074
44,united,uniteism,0.0471755793761577
44,united,united's,0.207058297469111
44,united,unitence,0.116340383120763
44,united,uniter's,0.0700419663206509
44,united,unitions,0.0935822513454376
44,united,unitives,0.00808523270213515
44,united,unitings,0.0833736788395934
44,united,unitized,0.0248181172026483
44,united,unitizer,-0.0134884732322628
44,united,unitizes,0.000835225167109592
44,united,unitlies,0.0700419663206509
44,united,unitness,0.0700419663206509
44,united,unitting,0.0728913130159698
44,united,unitted,0.136352222568173
44,united,unitive,0.0992994314086958
44,united,unitity,0.106049288273081
44,united,unititi,0.0400476594185968
44,united,unitism,0.104736396238088
44,united,unition,0.0248714346677443
44,united,unitize,0.0127673586326368
44,united,units's,0.0502914748891468
44,united,uniteer,0.11357187704061
44,united,uniteds,0.13866554203022
44,united,unite's,0.0957348360574505
44,united,unitate,0.0618144121426095
44,united,unitant,0.11357187704061
44,united,unitals,-0.0111305119109124
44,united,unitics,0.0413526613903137
44,united,uniting,0.157903285504565
44,united,unitful,0.0700419663206509
44,united,unitely,0.0746681617265255
44,united,uniteli,-0.0207230078606488
44,united,uniteic,0.0700419663206509
44,united,uniters,0.0797557703779678
44,states,statefully,0.0318678894619839
44,states,statelying,0.116790507416065
44,states,stately's,0.0285167344662224
44,states,stateness,0.139635708497767
44,states,stating's,0.073134779318913
44,states,statingly,0.0340444326448905
44,states,state,0.308580034107366
44,states,statefulness,0.00971849466018792
44,states,statee,0.11506072716082
44,states,stated,0.253854269608691
44,states,statelys,0.0502683923744199
44,states,statelis,0.073134779318913
44,states,states's,0.186138741704294
44,states,stateely,0.116790507416065
44,states,statedly,0.0745623408531254
44,states,statee's,0.119637473040925
44,states,stated's,0.0630137269160282
44,states,stateing,0.0855610354336586
44,states,stateful,0.00156885210554084
44,states,statings,0.0625055261297342
44,states,state's,0.234149795674117
44,states,stateds,0.0932425386976531
44,states,statees,0.106063274794777
44,states,stateed,0.0778717844637444
44,states,stateli,0.0630137269160282
44,states,stately,0.0745626368121435
44,states,stating,0.230527006586746
45,solar,solarized's,0.202815460947948
45,solar,solarator,0.179949074003455
45,solar,solarance,0.179949074003455
45,solar,solares's,0.151140833440671
45,solar,solarizes,0.206788459568542
45,solar,solarizer,0.240746803368746
45,solar,solarized,0.191867877311972
45,solar,solarness,0.202815460947948
45,solar,solaricalism,0.202815460947948
45,solar,solar's,0.370435884949211
45,solar,solarli,0.251746672316868
45,solar,solaric,0.129722873870779
45,solar,solared,0.231501630676043
45,solar,solarer,0.289835790621653
45,solar,solares,0.240654406733764
45,solar,solarly,0.248128738191951
45,solar,solaral,0.251746672316868
45,solar,solare's,0.0930749838076927
45,solar,solarant,0.206364933715277
45,solar,solarent,0.227950067854268
45,solar,solarize,0.173624888371947
45,solar,solarity,0.172699150470331
45,solar,solarism,0.240895947702265
45,solar,solaring,0.206943614497719
45,solar,solarics,0.179949074003455
45,solar,solarred,0.151140833440671
45,solar,solars's,0.202815460947948
45,solar,solare,0.239321440962862
45,solar,solars,0.288560494465987
45,solar,solarization,0.223994902944961
45,solar,solarizers,0.202815460947948
45,solar,solarizing,0.230887532513071
45,solar,solarizations,0.119619149158835
45,solar,solarically,0.251746672316868
45,panels,panel's,0.279959319215513
45,panels,paneler,0.272756725709255
45,panels,paneles,0.296997619707328
45,panels,paneled,0.282953291650537
45,panels,panells,0.264799381653741
45,panels,panell,0.0515332437777321
45,panels,panele,0.195839443624219
45,panels,panel,0.434541558262126
45,panels,panelitis,0.215429323576654
45,panels,panelizer,0.256172104565741
45,panels,panelizes,0.215429323576654
45,panels,panelized,0.30053456188844
45,panels,panelings,0.294155978211936
45,panels,panelling,0.2987182767828
45,panels,panellize,0.238295710521147
45,panels,panelization,0.262970826878752
45,panels,panelables,0.238295710521147
45,panels,panelement,0.238295710521147
45,panels,paneling's,0.275924248660023
45,panels,panelizing,0.250539249332202
45,panels,panelizers,0.287259959138493
45,panels,panellings,0.246616272213764
45,panels,panellized,0.216100229632462
45,panels,panels's,0.298895141733219
45,panels,panelous,0.28867027845444
45,panels,paneller,0.117605717713509
45,panels,panelled,0.258512210681621
45,panels,panell's,0.176338976902631
45,panels,panelize,0.296659310596843
45,panels,paneling,0.317377238986123
45,panels,panelism,0.236739347480487
45,panels,panelers,0.0605150787740552
46,alexian,alexians,0.650120831566904
46,alexian,alexiane,0.451846077557088
46,alexian,alexian's,0.643574514802115
46,alexian,alexianer,0.633707860688558
46,brothers,brotheral,0.128139155918896
46,brothers,brotheres,0.240732644056206
46,brothers,brotherer,0.117857049807657
46,brothers,brothered,0.138493879149017
46,brothers,brotherli,0.227809273579994
46,brothers,brotherly,0.263576847670685
46,brothers,brother's,0.337244129477288
46,brothers,brotherization,0.179813783426173
46,brothers,brothereing,0.227809273579994
46,brothers,brotherment,0.233839535579778
46,brothers,brotherness,0.150018066112231
46,brothers,brothers's,0.258792614535672
46,brothers,brotherred,0.179813783426173
46,brothers,brotherers,0.179813783426173
46,brothers,brotherism,0.100470154990602
46,brothers,brothering,0.252939050432638
46,brothers,brotherlying,0.179813783426173
46,brothers,brotherments,0.233362508900705
46,brothers,brothere,0.18072913497553
46,brothers,brother,0.402602763114981
46,hospital,hospitable,0.0912670837566457
46,hospital,hospitably,0.0783265692389557
46,hospital,hospital's,0.429000917738648
46,hospital,hospitaled,0.221120877181613
46,hospital,hospitally,0.149611480710181
46,hospital,hospitator,0.102844637265689
46,hospital,hospitible,0.0671996424464728
46,hospital,hospitibly,0.165295182821821
46,hospital,hospitized,0.165295182821821
46,hospital,hospitableness,0.173964297148328
46,hospital,hospite,0.169750717453267
46,hospital,hospits,0.124426275164367
46,hospital,hospitalizations,0.320050235896605
46,hospital,hospitables,0.176212749183148
46,hospital,hospitals's,0.172019484089569
46,hospital,hospitaling,0.212700048114209
46,hospital,hospitalize,0.248828207969302
46,hospital,hospitaliti,0.159831585770757
46,hospital,hospitality,0.103831256709354
46,hospital,hospitalism,0.22967374199591
46,hospital,hospitation,0.0944460991269317
46,hospital,hospitalization's,0.172019484089569
46,hospital,hospit,0.22479513712164
46,hospital,hospitization,0.19543579731744
46,hospital,hospitability,-0.0150818927523417
46,hospital,hospitability's,0.165295182821821
46,hospital,hospitalitis,0.172019484089569
46,hospital,hospitalitys,0.00749125017612777
46,hospital,hospitalizer,0.0354398619664989
46,hospital,hospitalizes,0.17952654885353
46,hospital,hospitalized,0.391324229049074
46,hospital,hospitalness,0.212700048114209
46,hospital,hospitalities,0.114468785095576
46,hospital,hospitality's,0.0175095986020829
46,hospital,hospitalizing,0.243088127500882
46,hospital,hospitations,0.103338449203305
46,hospital,hospitly,0.200589436020526
46,hospital,hospited,0.103338449203305
46,hospital,hospiter,0.142428795877328
46,hospital,hospites,0.0126286111908902
46,hospital,hospitate,0.214040715155476
46,hospital,hospitant,0.113620555314544
46,hospital,hospitals,0.494864107695195
46,hospital,hospition,0.165295182821821
46,hospital,hospitalization,0.373473422439112
47,indexed,indexicalism,0.206929224074987
47,indexed,indexicality,0.168682457638428
47,indexed,indexication,0.195200610072635
47,indexed,index's,0.206152047547377
47,indexed,indexic,0.177241268827096
47,indexed,indexes,0.38866153884274
47,indexed,indexer,0.30357459859217
47,indexed,indexal,0.221706675913403
47,indexed,indexical's,0.27338130342068
47,indexed,indexically,0.251547441163529
47,indexed,index,0.217589407606074
47,indexed,indexation's,0.27338130342068
47,indexed,indexant,0.124550479606402
47,indexed,indexate,0.164324236891575
47,indexed,indexeli,0.27338130342068
47,indexed,indexent,0.124550479606402
47,indexed,indexers,0.335236279135821
47,indexed,indexeds,0.234290956746657
47,indexed,indexeer,0.27338130342068
47,indexed,indexism,0.27338130342068
47,indexed,indexing,0.549478731441633
47,indexed,indexable's,0.27338130342068
47,indexed,indexization,0.27338130342068
47,indexed,indexability,0.322927244796371
47,indexed,indexations,0.345616584094335
47,indexed,indexicalities,0.251658955440252
47,indexed,indexs,0.157764008764657
47,indexed,indexe,0.193429529365174
47,indexed,indexables,0.260860677816285
47,indexed,indexality,0.27338130342068
47,indexed,indexation,0.293372022472439
47,indexed,indexering,0.243838688147514
47,indexed,indexibles,0.27338130342068
47,indexed,indexicals,0.133299013513423
47,indexed,indexicing,0.27338130342068
47,indexed,indexing's,0.294760139455775
47,indexed,indexibility,0.254996769358327
47,indexed,indexator,0.118810398830516
47,indexed,indexable,0.353030548514879
47,indexed,indexed's,0.301386568599664
47,indexed,indexer's,0.30258281756066
47,indexed,indexence,0.27338130342068
47,indexed,indexings,0.309606441498343
47,indexed,indexitis,0.250514916476187
47,indexed,indexicly,0.27338130342068
47,indexed,indexical,0.159112848012192
47,indexed,indexible,0.171652326569853
47,annuity,annuitied,0.367733319978912
47,annuity,annuities,0.68975299017025
47,annuity,annuity's,0.5512322898215
47,annuity,annuitie,0.438011959454637
47,annuity,annuitis,0.399576878408347
47,annuity,annuitys,0.481928853631607
47,annuity,annuiti,0.416586898868827
48,wilson,wilsons,0.307786048686124
48,wilson,wilsone,0.266301249170019
48,wilson,wilsonizing,0.194220282213377
48,wilson,wilsons's,0.161440708814202
48,wilson,wilsonent,0.242801836863483
48,wilson,wilsonism,0.264490759051109
48,wilson,wilsonics,0.202121272838842
48,wilson,wilsoning,0.242801836863483
48,wilson,wilsonator,0.168286706971658
48,wilson,wilsonitis,0.242801836863483
48,wilson,wilsonisms,0.202121272838842
48,wilson,wilsonings,0.202121272838842
48,wilson,wilsonizer,0.0434104676520501
48,wilson,wilsonli,0.219005232400882
48,wilson,wilsonic,0.0985779171070591
48,wilson,wilsoned,0.178324668376242
48,wilson,wilsonly,0.194220282213377
48,wilson,wilsonal,0.248720541204244
48,wilson,wilson's,0.432108604172798
48,antenna,antennas,0.658538002092862
48,antenna,antennae,0.424897689442332
48,antenna,antennas's,0.283395019702183
48,antenna,antennaing,0.335604252970083
48,antenna,antennae's,0.260284092722266
48,antenna,antennaeful,0.231720392194906
48,antenna,antennaeing,0.283395019702183
48,antenna,antennaness,0.283395019702183
48,antenna,antennaes,0.355910126435965
48,antenna,antennaer,0.343785172746027
48,antenna,antennaed,0.22960228316759
48,antenna,antenna's,0.498961114091534
49,flame,flameful,0.252741044673193
49,flame,flameing,0.250712689284481
49,flame,flamelis,0.252741044673193
49,flame,flames's,0.148817911276022
49,flame,flamings,0.228090376205567
49,flame,flameness,0.303703256947316
49,flame,flaming's,0.117510663405587
49,flame,flamingly,0.175415464529169
49,flame,flame's,0.415093597269144
49,flame,flameli,0.303703256947316
49,flame,flameed,0.110301442984617
49,flame,flameds,0.311106536133413
49,flame,flamees,0.309655124627939
49,flame,flamely,0.2298746577287
49,flame,flaming,0.340257273875248
49,flame,flames,0.393217259350347
49,flame,flamed,0.334294409259043
49,flame,flamee,0.310137888565714
49,designs,design,0.330013150342424
49,designs,designant,0.0592494120875929
49,designs,designate,0.0585832746954406
49,designs,designe's,0.168989889227848
49,designs,designned,0.130402964264095
49,designs,designous,0.146123502283355
49,designs,designs's,0.276212300700383
49,designs,designent,0.0782249150465484
49,designs,designers,0.375544307215843
49,designs,designeds,0.0982911082734613
49,designs,designeer,0.109393669685858
49,designs,designful,0.174085567458495
49,designs,designism,0.138838536039508
49,designs,designity,0.183322141344185
49,designs,designize,0.146123502283355
49,designs,designing,0.322329818898697
49,designs,designabilities,0.168989889227848
49,designs,designements,0.168989889227848
49,designs,designerings,0.168989889227848
49,designs,designerness,0.168989889227848
49,designs,designerring,0.146123502283355
49,designs,designationally,0.168989889227848
49,designs,designables,0.20116757651121
49,designs,designality,0.216545057260739
49,designs,designanted,0.0679428089353099
49,designs,designate's,-0.00270732153092283
49,designs,designateds,0.168989889227848
49,designs,designating,0.130227735028898
49,designs,designation,0.100890770970548
49,designs,designately,0.168989889227848
49,designs,designative,0.0950207861466997
49,designs,designators,0.106031814952985
49,designs,designeated,0.129899542553826
49,designs,designeally,0.168989889227848
49,designs,designering,0.0983397587616154
49,designs,designers's,0.141939989330401
49,designs,designerred,0.129899542553826
49,designs,designfully,0.146123502283355
49,designs,designationed,0.129899542553826
49,designs,designational,0.0841667686648393
49,designs,designation's,0.0758667386838434
49,designs,designatively,0.129899542553826
49,designs,designingly,0.206032868793229
49,designs,designing's,0.168989889227848
49,designs,designity's,0.146123502283355
49,designs,designities,0.168989889227848
49,designs,designizing,0.168989889227848
49,designs,designments,0.107033155609332
49,designs,designability,0.13065852371854
49,designs,designe,0.149931223012708
49,designs,designisms's,0.168989889227848
49,designs,designic,0.168989889227848
49,designs,designli,0.168989889227848
49,designs,designly,0.168989889227848
49,designs,designal,0.12978357308455
49,designs,designed,0.23432863793476
49,designs,designer,0.345595522593558
49,designs,designes,0.231655532560909
49,designs,design's,0.268065773553245
49,designs,designator,0.0818700529721591
49,designs,designated,0.0732298075261752
49,designs,designates,0.0878384713153475
49,designs,designants,0.168989889227848
49,designs,designable,0.141664013677324
49,designs,designered,0.129899542553826
49,designs,designerly,0.169792809319249
49,designs,designer's,0.275090167876128
49,designs,designeing,0.152067888773498
49,designs,designeers,0.089703820247707
49,designs,designedly,0.161500026686689
49,designs,designiced,0.168989889227848
49,designs,designical,0.146123502283355
49,designs,designized,0.146123502283355
49,designs,designitis,0.192748452798138
49,designs,designisms,0.166211744010808
49,designs,designings,0.143765755499248
49,designs,designment,0.126453321783847
49,designs,designning,0.122171899243532
49,designs,designness,0.216545057260739
49,designs,designallied,0.0782249150465484
49,designs,designatedly,0.146123502283355
49,designs,designatives,0.0337595079602413
49,designs,designations,0.106935819108584
49,designs,designatings,0.168989889227848
49,designs,designator's,0.0782249150465484
50,dog,dogs,0.534545493622107
50,dog,dogged,0.162182703195984
50,dog,dogful,0.180258742057581
50,dog,dogs's,0.211950734516238
50,dog,doglis,0.115781573570339
50,dog,doggingly,0.156988405609997
50,dog,dog's,0.454988294834668
50,dog,dogli,0.101308410173944
50,dog,dogly,0.17586343994597
50,dog,dogfully,0.204055346520182
50,dog,doggedly,0.131422286094157
50,dog,doggings,0.204055346520182
50,dog,dogging,0.196753675103112
50,dog,dogness,0.261109601833057
50,heat,heats,0.361184482073903
50,heat,heate,0.184382007292039
50,heat,heat's,0.313441337709302
50,heat,heatly,0.090744911322502
50,heat,heates,0.128455242235424
50,heat,heated,0.356261271371684
50,heat,heated's,0.0829805146538979
50,heat,heateing,0.167717336842354
50,heat,heatedly,0.120437148202656
50,heat,heatings,0.190994427086969
50,heat,heatness,0.153557595604024
50,heat,heatly's,0.133220344392549
50,heat,heatting,0.200915347939581
50,heat,heately's,0.221494117342391
50,heat,heatfully,0.173745488835198
50,heat,heatingly,0.234082310365878
50,heat,heating's,0.188771104532259
50,heat,heattedly,0.221494117342391
50,heat,heatful,0.230886719309709
50,heat,heately,0.150879101890704
50,heat,heateds,0.226893410077168
50,heat,heatted,0.12207086132792
50,heat,heating,0.416496224028643
50,heat,heatlys,0.134655142161175
51,horse,horseds,0.239570083737927
51,horse,horsely,0.135323629893336
51,horse,horseli,0.176271879576748
51,horse,horsing,0.258139773575645
51,horse,horse's,0.423072011469428
51,horse,horsed,0.265718495305175
51,horse,horses,0.545127688923029
51,horse,horses's,0.252554477608242
51,horse,horseful,0.170649084361588
51,horse,horseing,0.222822654013185
51,horse,horsness,0.176271879576748
51,horse,horsely's,0.153405492632255
51,horse,horseness,0.200547129521839
51,horse,horsing's,0.176271879576748
51,horse,horsefully,0.224123283084254
51,hooves,hoov,0.241258495977886
51,hooves,hoove's,0.350834039270135
51,hooves,hooving,0.327967652325642
51,hooves,hoovs,0.41279077288865
51,hooves,hoove,0.351958992324456
51,hooves,hooves's,0.470263898378569
51,hooves,hoov's,0.361116145381373
51,hooves,hooved,0.513475386763805
52,avp,avpe,0.391139916112242
52,avp,avps,0.536706187187253
52,avp,avp's,0.558403049602794
52,avp,avpes,0.411652991725264
53,discovery,discoverie,0.2343837866294
53,discovery,discoveris,0.19848294771558
53,discovery,discoverys,0.230495795992416
53,discovery,discoveryed,0.188717477333146
53,discovery,discovery's,0.364763120562272
53,discovery,discoveri's,0.234990005573074
53,discovery,discoveried,0.166616803444254
53,discovery,discoveries,0.38998406630067
53,discovery,discoverier,0.229398041357787
53,discovery,discoveriers,0.158474058776253
53,discovery,discoveriing,0.142250099046724
53,discovery,discoverying,0.146891995269659
53,discovery,discoveri,0.167272572243066
53,channel,channelates,0.124983546138495
53,channel,channelants,0.124983546138495
53,channel,channeler's,0.165057557626953
53,channel,channelings,0.161002990593604
53,channel,channelizer,0.148350044429281
53,channel,channelizes,0.127821917870591
53,channel,channelized,0.23464416284034
53,channel,channelling,0.162665372945137
53,channel,channellive,0.181991946582616
53,channel,channellize,0.15386455175181
53,channel,channellers,0.215478287472
53,channel,channelization,0.225457851948326
53,channel,channelizations,0.203276915510456
53,channel,channele,0.185574470233814
53,channel,channell,0.165224430882347
53,channel,channels,0.416185001663635
53,channel,channells,0.172650090625214
53,channel,channelal,0.233823082428794
53,channel,channeled,0.173697980111793
53,channel,channeler,0.198273656041471
53,channel,channeles,0.158838803053398
53,channel,channel's,0.354431860031417
53,channel,channelingly,0.147849933082989
53,channel,channeling's,0.0795263432889858
53,channel,channelizing,0.115785728823948
53,channel,channelizers,0.0851243372029719
53,channel,channeller's,0.209119484526818
53,channel,channellized,0.108759586408966
53,channel,channellings,0.127365924523471
53,channel,channelments,0.108759586408966
53,channel,channelate,0.130067947289209
53,channel,channelers,0.18647399596711
53,channel,channelive,0.147849933082989
53,channel,channelism,0.202794927821568
53,channel,channelize,0.126078977075229
53,channel,channell's,0.0725034237025289
53,channel,channeling,0.169036592456371
53,channel,channelled,0.151151855949711
53,channel,channeller,0.184827589733773
53,channel,channels's,0.21836085113257
53,channel,channelling's,0.19454511577645
53,channel,channellingly,0.19454511577645
53,store,storeness,0.142833847237672
53,store,storing's,0.0207921551637509
53,store,storingly,0.0752936890138518
53,store,storeing,0.109361230891326
53,store,storee's,0.119037242775072
53,store,storedly,0.0981600759583449
53,store,storeful,0.147454383830284
53,store,stores's,0.143951538618267
53,store,storings,0.0483765027129955
53,store,storefully,0.142833847237672
53,store,stores,0.354173597998198
53,store,storee,0.0580964583950461
53,store,stored,0.208806431348794
53,store,store's,0.248531602647536
53,store,storely,0.0362033423398292
53,store,storeds,0.129580019319559
53,store,storeed,0.0783566787504311
53,store,storees,0.0399503296255815
53,store,storing,0.228089039442003
54,president,presidentlying,0.165442398969187
54,president,presided,0.280880852196138
54,president,presides,0.230455409509009
54,president,presider,0.187715939143415
54,president,presidal,0.165442398969187
54,president,presid,0.184032870335961
54,president,presidencies's,0.119884851564877
54,president,presidentness,0.169475336518484
54,president,presidant's,0.0579281179463614
54,president,presideents,0.141645794506586
54,president,presidented,0.151173395880709
54,president,presidentli,0.138764343118454
54,president,presidently,0.152179801961625
54,president,president's,0.348566696919583
54,president,presidences,0.0492347210986443
54,president,presidencys,0.0266717921702407
54,president,presidingly,0.119884851564877
54,president,presiding's,0.0579281179463614
54,president,presidate,0.165442398969187
54,president,presidant,0.175482545838565
54,president,presidded,0.165442398969187
54,president,presiders,0.0959290847435075
54,president,presiding,0.257667897849073
54,president,preside,0.25995835972255
54,president,presidator,0.0919181813471736
54,president,presidants,0.165839033319248
54,president,presidancy,0.100349840246309
54,president,presidance,0.10005910282458
54,president,presidents,0.399347821937256
54,president,presidency,0.437533115592028
54,president,presidenci,0.106703395563788
54,president,presidence,0.174939675818678
54,president,presideing,0.1702492026013
54,president,presider's,0.0566099589731531
54,president,presideent,0.1608924339083
54,president,presideate,0.165442398969187
54,president,presideant,0.172458091397865
54,president,presidings,0.077168626019345
54,president,presidencies,0.266863160274222
54,president,presidency's,0.210859632027937
54,president,presidents's,0.160072652063658
54,president,presidenting,0.170993688638982
54,president,presideously,0.119884851564877
54,of,ofs,0.00614175589290985
54,of,of's,0.00643403425707953
54,of,offingly,0.0059504493807601
54,of,offing,0.00987707151335128
54,of,offeds,0.00683138626750247
54,of,ofness,0.00664971872357282
54,of,offings,0.00257138870584395
54,of,offully,0.00609550162185656
54,of,offul,0.00609550162185656
54,of,offed,0.00887541135480808
54,of,ofs's,0.00700494571252927
54,the,theing's,0.00522848187425968
54,the,the's,0.00725373167379619
54,the,theing,0.00679181714563043
54,the,theings,0.00649957769975087
54,united,unit,0.128637980805098
54,united,unitality,0.0700419663206509
54,united,unitation,0.0478818998868659
54,united,unitative,0.0330976318385984
54,united,uniteable,0.135033334261901
54,united,unitement,0.0700419663206509
54,united,unitented,0.0700419663206509
54,united,uniterred,0.0700419663206509
54,united,unitering,0.0700419663206509
54,united,unitities,0.0700419663206509
54,united,unitively,0.0840287192443517
54,united,unitivity,0.116340383120763
54,united,unitizing,0.040549297104501
54,united,unitizers,0.0914306285042136
54,united,unite,0.158873271641221
54,united,units,0.187148841311051
54,united,unitication,0.0700419663206509
54,united,unitiveness,0.0597950965405739
54,united,unittingly,0.0700419663206509
54,united,unitalization,0.0728913130159698
54,united,unitizations,0.084151556213556
54,united,unitational,0.0700419663206509
54,united,unit's,0.135929322681409
54,united,unitic,-0.00734921907740191
54,united,unites,0.130311407453408
54,united,uniter,0.116296845099291
54,united,unital,-0.0929404614442489
54,united,unitli,0.0471755793761577
54,united,unitly,0.0728913130159698
54,united,unitization,0.0451741744544229
54,united,unitated,0.0897752725780095
54,united,unitates,0.0978091192710989
54,united,unitable,0.159640955449442
54,united,uniteers,0.0897752725780095
54,united,unitedly,0.101304434891044
54,united,uniteing,-0.0919733833292074
54,united,uniteism,0.0471755793761577
54,united,united's,0.207058297469111
54,united,unitence,0.116340383120763
54,united,uniter's,0.0700419663206509
54,united,unitions,0.0935822513454376
54,united,unitives,0.00808523270213515
54,united,unitings,0.0833736788395934
54,united,unitized,0.0248181172026483
54,united,unitizer,-0.0134884732322628
54,united,unitizes,0.000835225167109592
54,united,unitlies,0.0700419663206509
54,united,unitness,0.0700419663206509
54,united,unitting,0.0728913130159698
54,united,unitted,0.136352222568173
54,united,unitive,0.0992994314086958
54,united,unitity,0.106049288273081
54,united,unititi,0.0400476594185968
54,united,unitism,0.104736396238088
54,united,unition,0.0248714346677443
54,united,unitize,0.0127673586326368
54,united,units's,0.0502914748891468
54,united,uniteer,0.11357187704061
54,united,uniteds,0.13866554203022
54,united,unite's,0.0957348360574505
54,united,unitate,0.0618144121426095
54,united,unitant,0.11357187704061
54,united,unitals,-0.0111305119109124
54,united,unitics,0.0413526613903137
54,united,uniting,0.157903285504565
54,united,unitful,0.0700419663206509
54,united,unitely,0.0746681617265255
54,united,uniteli,-0.0207230078606488
54,united,uniteic,0.0700419663206509
54,united,uniters,0.0797557703779678
54,states,statefully,0.0318678894619839
54,states,statelying,0.116790507416065
54,states,stately's,0.0285167344662224
54,states,stateness,0.139635708497767
54,states,stating's,0.073134779318913
54,states,statingly,0.0340444326448905
54,states,state,0.308580034107366
54,states,statefulness,0.00971849466018792
54,states,statee,0.11506072716082
54,states,stated,0.253854269608691
54,states,statelys,0.0502683923744199
54,states,statelis,0.073134779318913
54,states,states's,0.186138741704294
54,states,stateely,0.116790507416065
54,states,statedly,0.0745623408531254
54,states,statee's,0.119637473040925
54,states,stated's,0.0630137269160282
54,states,stateing,0.0855610354336586
54,states,stateful,0.00156885210554084
54,states,statings,0.0625055261297342
54,states,state's,0.234149795674117
54,states,stateds,0.0932425386976531
54,states,statees,0.106063274794777
54,states,stateed,0.0778717844637444
54,states,stateli,0.0630137269160282
54,states,stately,0.0745626368121435
54,states,stating,0.230527006586746
55,iron,ironelis's,0.178999121643635
55,iron,ironables,0.178999121643635
55,iron,ironicals,0.178999121643635
55,iron,ironing's,0.218990645657776
55,iron,ironizing,0.143854609847505
55,iron,ironments,0.139908774969612
55,iron,ironizations,0.178999121643635
55,iron,irons,0.334047886838388
55,iron,irone,0.216856115581145
55,iron,ironically,0.166922727467042
55,iron,ironicness,0.156132734699141
55,iron,ironicality,0.178999121643635
55,iron,ironli,0.178999121643635
55,iron,ironly,0.178999121643635
55,iron,ironic,0.129617253994813
55,iron,ironed,0.210714886713083
55,iron,irones,0.0788892982029977
55,iron,ironer,0.197967762389067
55,iron,ironal,0.203164866434053
55,iron,iron's,0.308110429496419
55,iron,ironers,0.120155893498467
55,iron,ironeer,0.232494039596852
55,iron,ironate,0.232494039596852
55,iron,irons's,0.0671196184616218
55,iron,ironned,0.186974489669423
55,iron,ironize,0.198982129735878
55,iron,ironing,0.435647434342195
55,iron,ironity,0.100818428295589
55,iron,ironism,0.0642392147980913
55,iron,ironics,0.117538209924161
55,iron,ironator,0.215198505039993
55,iron,ironally,0.178999121643635
55,iron,ironable,0.180594638798309
55,iron,ironer's,0.232494039596852
55,iron,ironelis,0.156132734699141
55,iron,ironized,0.133776987688508
55,iron,ironizes,0.122039743150588
55,iron,ironizer,0.21055744255936
55,iron,ironings,0.147516631291137
55,iron,ironicly,0.106855472420106
55,iron,ironical,0.138766862265139
55,iron,ironic's,0.108348991177402
55,iron,ironment,0.0727257044687698
55,iron,ironning,0.257295101726364
55,iron,ironness,0.226961470896653
55,iron,ironization,0.10136174110947
55,iron,ironability,0.207996115975372
56,uss,usse,0.248274630118665
56,uss,ussefulness,0.257775190608469
56,uss,ussefully,0.296865537282492
56,uss,uss's,0.368265200957362
56,uss,ussed,0.105539374655419
56,uss,usses,0.143826920832072
56,uss,ussing's,0.273999150337999
56,uss,usseful,0.115335588919893
56,uss,ussely,0.273999150337999
56,uss,usseli,0.218684843934447
56,uss,ussing,0.127944435005976
56,uss,ussful,0.296865537282492
56,yorktown,yorktowners,0.489988851764727
56,yorktown,yorktowne's,0.382232728162096
56,yorktown,yorktowne,0.282621602757807
56,yorktown,yorktowns,0.509466194284043
56,yorktown,yorktown's,0.580523824308416
56,charleston,charlestons,0.353820825541809
56,charleston,charlestone,0.25413910340095
56,charleston,charlestoning,0.244871673392922
56,charleston,charlestoners,0.295513755204844
56,charleston,charleston's,0.528743852230031
56,charleston,charlestones,0.228647713663392
56,charleston,charlestoned,0.327094088308989
56,sc,sc's,0.357891652021827
57,ct,ct's,0.343312281282882
57,jobs,job,0.348388529775397
57,jobs,jobfully,0.14842033902313
57,jobs,job's,0.134570111963793
57,jobs,jobbing,0.0819231127500687
57,jobs,jobness,0.0185710369655803
57,jobs,jobful,0.120623931648677
57,jobs,jobbed,0.0997337301261448
57,jobs,jobs's,0.222513997870907
57,jobs,jobbing's,0.103528189843218
57,jobs,jobbings,-0.0317021914243891
58,penguins,penguine,0.257673982918317
58,penguins,penguin,0.462354177575301
58,penguins,penguiners,0.340377852938182
58,penguins,penguine's,0.313766876395156
58,penguins,penguinous,0.274676529721134
58,penguins,penguining,0.39230885680258
58,penguins,penguinism,0.367721221212258
58,penguins,penguinity,0.293687436301788
58,penguins,penguinize,0.343415049461201
58,penguins,penguins's,0.394322418066034
58,penguins,penguinality,0.367211653923802
58,penguins,penguinfully,0.367211653923802
58,penguins,penguinicity,0.326531089899161
58,penguins,penguinizer's,0.290900489450663
58,penguins,penguin's,0.414574162142555
58,penguins,penguinic,0.367211653923802
58,penguins,penguinly,0.367211653923802
58,penguins,penguinal,0.313766876395156
58,penguins,penguines,0.360960122480771
58,penguins,penguiner,0.36721167864116
58,penguins,penguined,0.272754309399125
58,penguins,penguinations,0.313766876395156
58,penguins,penguinator,0.222432487027237
58,penguins,penguinance,0.313766876395156
58,penguins,penguinized,0.358867522857679
58,penguins,penguinizer,0.313766876395156
58,penguins,penguinitis,0.402765263331182
58,penguins,penguinness,0.313766876395156
59,how,hows,0.116210435012108
59,how,howeing,0.036050161040779
59,how,howes's,0.0495610651726086
59,how,howings,0.0781972659497375
59,how,howness,0.0874842236816928
59,how,howeli's,0.036050161040779
59,how,howfully,0.036050161040779
59,how,how's,0.142670047844611
59,how,howed,0.0434322253308742
59,how,howes,0.0422382540770831
59,how,hows's,0.0678617017783571
59,how,howing,0.0661122037897921
59,how,howful,0.0781972659497375
59,how,howeli,0.0544006614871367
59,how,howely,0.0182515103583156
59,how,howe's,0.0549645329138205
59,to,to's,0.0127041432065932
59,to,toed,0.0101751226016636
59,to,toeds,0.00744499726237701
59,to,toing,0.00736470238853056
59,to,toed's,0.0068285242647029
59,to,toings,0.00703356717363841
59,build,builddings,0.174020981401941
59,build,buildeings,0.166941709726389
59,build,building's,0.143639191448648
59,build,builde's,0.121325553744808
59,build,buildeds,0.174020981401941
59,build,building,0.283726389255024
59,build,buildings's,0.0961483971946103
59,build,buildding,0.147707987438398
59,build,buildeing,0.153384745372779
59,build,buildings,0.167121621817537
59,build,builded,0.142606513282488
59,build,buildes,0.0430066523274574
59,build,build's,0.198054198701759
59,build,buildly,0.0415401946823034
59,build,builds,0.277831008554016
59,build,builde,0.140707207710899
59,a,a's,0.0143740204945293
59,a,aed,-0.0044474305853429
59,a,aeds,-1.80000046889906e-05
59,a,aing,0.00441912155081372
59,a,aed's,-0.00349666626317251
59,a,aedly,0.00768757010263517
59,a,aings,0.00796009518559892
59,a,aeds's,0.00737483541488101
59,fence,fenc,0.326575020623398
59,fence,fenced,0.397200918568685
59,fence,fences,0.498166413898226
59,fence,fenceful,0.363036128179573
59,fence,fenceing,0.320433934244499
59,fence,fences's,0.29304305818688
59,fence,fencings,0.283555708421149
59,fence,fencs,0.339205174110883
59,fence,fencing,0.459213271889326
59,fence,fence's,0.421563619664298
59,fence,fenceds,0.316839662649481
59,fence,fencingly,0.180540823159401
59,fence,fencing's,0.332466297354388
60,bellevue,bellevu,0.34440905831997
60,bellevue,bellevue's,0.49881951506849
60,bellevue,bellevuer,0.358551352390507
60,bellevue,bellevues,0.377094389703957
60,bellevue,bellevued,0.374241403513282
60,bellevue,bellevu's,0.359017052136989
60,bellevue,bellevuered,0.367768698386211
61,worm,worm's,0.482116429766681
61,worm,wormes,0.199980027482491
61,worm,wormly,0.170590873962435
61,worm,wormed,0.284131360113421
61,worm,wormelys,0.281701064356598
61,worm,wormings,0.203084100972088
61,worm,wormly's,0.281701064356598
61,worm,wormming,0.281701064356598
61,worm,wormness,0.281701064356598
61,worm,wormeli's,0.230026436849321
61,worm,worming's,0.215587437578329
61,worm,wormingly,0.281701064356598
61,worm,wormmings,0.258834677412105
61,worm,worms,0.521979050859483
61,worm,worme,0.220858259752736
61,worm,worming,0.329120766606619
61,worm,wormful,0.258834677412105
61,worm,wormeli,0.122701893585698
61,worm,wormely,0.220781198158822
61,worm,worms's,0.251526299212843
62,texas,texa,0.266459747377724
62,texas,texae,0.270739458264788
62,texas,texas's,0.329899279355352
62,texas,texa's,0.172166944201338
62,texas,texaes,0.245388668907666
62,border,bordere,0.15191666301763
62,border,borders,0.338896051667129
62,border,borderabilities,0.0672424730305241
62,border,borderability,0.126570675067058
62,border,borderful,0.149437062011551
62,border,borderers,0.175136864161448
62,border,borderize,0.196196810005007
62,border,borderive,0.110346715337529
62,border,borderism,0.200979438200991
62,border,bordering,0.281613259891052
62,border,borders's,0.104661088828783
62,border,borderred,0.0874803283930354
62,border,borderal,0.196196810005007
62,border,bordered,0.257324450279306
62,border,borderer,0.173641455984414
62,border,borderes,0.0878047214360047
62,border,borderli,0.0910390774931249
62,border,borderly,0.097762434504274
62,border,border's,0.194553385134363
62,border,borderizations,0.200979438200991
62,border,borderable,0.149437062011551
62,border,bordereing,0.126570675067058
62,border,borderered,0.0396965848712959
62,border,borderer's,0.142011682249896
62,border,borderings,0.0847245864524753
62,border,borderisms,0.196196810005007
62,border,borderness,0.172400205542406
62,patrol,patrole,0.268603980779508
62,patrol,patroll,0.305428774279454
62,patrol,patrols,0.534043486588636
62,patrol,patroleing,0.232318164084792
62,patrol,patrolling,0.471954571446662
62,patrol,patrollive,0.21797239357033
62,patrol,patrollers,0.403744494805105
62,patrol,patrollate,0.255184551029285
62,patrol,patrolment,0.193227817410769
62,patrol,patrollable,0.254743677465486
62,patrol,patroller's,0.324500891542546
62,patrol,patrollings,0.255184551029285
62,patrol,patrolling's,0.313711433416582
62,patrol,patrolal,0.232318164084792
62,patrol,patroled,0.300200670155963
62,patrol,patroler,0.267606609701522
62,patrol,patroles,0.18420447444625
62,patrol,patrolls,0.196390755671651
62,patrol,patrol's,0.467595425224589
62,patrol,patrols's,0.282449562057571
62,patrol,patroller,0.372618517293213
62,patrol,patrolled,0.450429704588239
62,patrol,patroling,0.303010875138102
62,patrol,patroll's,0.306246166520172
62,patrol,patrolers,0.33598683379399
62,patrol,patroleer,0.255184551029285
63,flushing,flushed,0.419465044590274
63,flushing,flushes,0.398455461734781
63,flushing,flushly,0.208591094522401
63,flushing,flush's,0.243451100377329
63,flushing,flushe,0.276936177276972
63,flushing,flushs,0.046760346767264
63,flushing,flush,0.401216544787797
63,flushing,flushing's,0.50770351367509
63,flushing,flushingly,0.409028152603798
63,flushing,flushings,0.382692446682684
63,flushing,flushness,0.246664155283321
64,moths,moth,0.647192119345317
64,moths,moth's,0.562462495957204
64,moths,mothes,0.211056436561093
64,moths,mothed,0.189156235249422
64,moths,mothli,0.37450628432185
64,moths,mothly,0.111244150518347
64,moths,mothe,0.0898008727252152
64,moths,mothfuls,0.37450628432185
64,moths,mothings,0.273459204029311
64,moths,moths's,0.37450628432185
64,moths,motheds,0.303856153855617
64,moths,mothe's,0.232066682633273
64,moths,mothing,0.443955483477232
64,moths,mothful,0.232066682633273
64,moths,mothingly,0.37450628432185
64,moths,mothing's,0.37450628432185
65,korean,koreans,0.498927104167211
65,korean,koreane,0.0876715292150596
65,korean,koreanisms,0.170366267025001
65,korean,koreanized,0.301395732360339
65,korean,koreanness,0.303789838531034
65,korean,korean's,0.343546207132194
65,korean,koreanic,0.266993531319277
65,korean,koreanly,0.0970926193759103
65,korean,koreaner,0.215085465565953
65,korean,koreans's,0.252026616243604
65,korean,koreaners,0.276241213653979
65,korean,koreanent,0.249989289464142
65,korean,koreanize,0.27707490414968
65,korean,koreanism,0.240053593469794
65,korean,koreaning,0.193232653969495
65,korean,koreanent's,0.241774031345592
65,korean,koreanational,0.258437339209177
65,korean,koreanization,0.281151837467464
65,language,languageible,0.13564759329353
65,language,languagences,0.13564759329353
65,language,languageness,0.146412454457647
65,language,languaging,0.149736180200966
65,language,languagism,0.0949670292688893
65,language,language's,0.246464160112772
65,language,languagers,0.123818094949475
65,language,languageer,0.13564759329353
65,language,languagely,0.108243238795461
65,language,languageli,0.13895423219549
65,language,languageative,0.13564759329353
65,language,languageing,0.141399817627602
65,language,languageent,0.13564759329353
65,language,languages's,0.152632351765147
65,language,languagings,0.13895423219549
65,language,languages,0.31585530615362
65,language,languager,0.0563008033563414
65,language,languaged,0.137774592710875
65,language,languagal,0.0130740418241213
65,language,languag,0.17652303114598
65,language,languags,0.179179862428193
66,income,incommently,0.169852462676238
66,income,incomeness,0.146986075731745
66,income,incoming's,0.0737124280826535
66,income,incomments,-0.0628991352619711
66,income,incomed,0.209157604537443
66,income,incomes,0.451752540237714
66,income,incomer,0.133287540106762
66,income,incomic,0.11228498817164
66,income,incom's,0.0688053823836996
66,income,incomate,0.193646116220921
66,income,income's,0.248767255189748
66,income,incomers,0.166184252058858
66,income,incomics,-0.020047698559112
66,income,incomity,0.226663520543023
66,income,incoming,0.109059024034008
66,income,incom,0.186287195415426
66,income,incoms,0.201916375022574
66,income,incomeing,0.109840725955838
66,income,incomer's,0.0737124280826535
66,income,incomible,0.107587309835001
66,income,incomings,0.140147458158787
66,income,incomment,0.0642913379218028
66,income,incomming,-0.0263691545736364
66,tax,taxingly,0.0822386795468775
66,tax,taxs,0.137032371403289
66,tax,taxe,0.0471275875523015
66,tax,taxes's,0.0879767972546388
66,tax,taxings,0.0579450081863877
66,tax,tax's,0.140221885322786
66,tax,taxes,0.230448893753616
66,tax,taxed,0.216021332358882
66,tax,taxe's,0.114498066927649
66,tax,taxeli,0.0454474070766622
66,tax,taxeds,0.0710928376925991
66,tax,taxing,0.182703286610372
66,return,returns,0.290002001673814
66,return,returne,0.12761757514828
66,return,returnables,0.0939990001596452
66,return,returnation,0.102714771000096
66,return,returnering,-0.163529092300493
66,return,returnable's,0.147573829842683
66,return,returnate,0.00657473640651201
66,return,returneds,0.155960905208677
66,return,returners,0.144533910781398
66,return,returning,0.293760327244654
66,return,returnity,-0.0356956634984833
66,return,returnned,0.109498969483913
66,return,returns's,0.107056710117568
66,return,returnes,0.141322747554501
66,return,returner,0.171146577530029
66,return,returned,0.331449390427912
66,return,returnal,0.116360486238793
66,return,returnly,0.147573829842683
66,return,return's,0.195333377777194
66,return,returnability,0.140388184124466
66,return,returnably,0.0798483840556032
66,return,returnable,0.222515089391633
66,return,returneing,0.120460197478121
66,return,returner's,0.159646097085139
66,return,returnence,0.102714771000096
66,return,returnible,0.102714771000096
66,return,returnings,0.0947391987712024
66,return,returnment,-0.027870629653617
66,return,returnning,0.117596961808085
66,return,returnerings,0.00166769070755812
66,online,onlines,0.126425820063028
66,online,onliner,0.125670506623724
66,online,onlined,0.119097197955887
66,online,onlins,0.127049114125753
66,online,onlining,0.092388239831643
66,online,online's,0.149348599436032
66,online,onliners,0.1071756784638
66,online,onlineli,-0.0523801841183913
66,online,onlineer,0.0904873186647338
66,online,onlineds,0.0892520246958311
66,online,onlineal,0.0892520246958311
66,online,onlineational,0.0856212019908635
66,online,onlineability,0.0791787946645939
66,online,onlin,0.147859957333925
66,online,onliner's,0.044940637966223
66,online,onlinered,0.12605695246632
66,online,onlines's,0.0856212019908635
66,online,onlineing,0.0468463749204987
66,online,onlineive,0.0877083632184347
66,online,onlineers,0.0431838928483716
66,online,onlineent,0.0877083632184347
66,online,onlineable,0.0877083632184347
66,online,onlineants,0.107965921779441
66,online,onlineness,0.0753924153868202
66,online,onlinering,0.105409650121418
66,online,onlinities,0.0856212019908635
67,vldl,vldl's,0.611581481249357
67,levels,levelational,0.190043834877127
67,levels,levelant,0.120658221870004
67,levels,levelate,0.163965480525272
67,levels,levele's,0.143524608814497
67,levels,leveleer,0.143524608814497
67,levels,leveleds,0.143524608814497
67,levels,levelers,0.089511794340386
67,levels,levelful,0.120658221870004
67,levels,leveling,0.179366446153319
67,levels,levelism,0.166247230414526
67,levels,levelize,0.111833262053989
67,levels,levell's,0.0815678751959813
67,levels,leveller,0.0817823112093634
67,levels,levelled,0.152536627204051
67,levels,levels's,0.149363270852487
67,levels,levelization,0.114859479864889
67,levels,levelability,0.120658221870004
67,levels,levelator's,0.189536087462213
67,levels,level's,0.248857080442524
67,levels,levelal,0.143524608814497
67,levels,leveled,0.198679893267348
67,levels,leveler,0.115208025190443
67,levels,leveles,0.165912650281223
67,levels,levells,0.162252153280973
67,levels,level,0.383270931209439
67,levels,levelation,0.0918499813072198
67,levels,levelating,0.143524608814497
67,levels,levelators,0.143524608814497
67,levels,leveleated,0.143524608814497
67,levels,leveling's,0.0918499813072198
67,levels,levelizing,0.0801884240286063
67,levels,levellable,0.166247230414526
67,levels,levellance,0.143524608814497
67,levels,levellated,0.194676473925301
67,levels,levellator,0.198102767180888
67,levels,leveller's,0.106287843298115
67,levels,levellings,0.0528097839554253
67,levels,levellized,0.120658221870004
67,levels,levellness,0.120658221870004
67,levels,levelable,0.0955864903524502
67,levels,levelated,0.166247230414526
67,levels,levelator,0.13277123640692
67,levels,leveleing,0.0996398975855894
67,levels,leveleers,0.143524608814497
67,levels,leveler's,0.156846089531758
67,levels,levelings,0.108873609930574
67,levels,levelized,0.147292673748965
67,levels,levelizes,0.143524608814497
67,levels,levelizer,0.162252153280973
67,levels,levellers,0.0605921176844411
67,levels,levellent,0.143524608814497
67,levels,levelling,0.16982106105113
67,levels,levellism,0.209867347195668
67,levels,levelness,0.101142157846697
67,levels,levelment,0.143524608814497
67,levels,levele,0.113391432086451
67,levels,levell,0.0881351363668386
68,pvc,pvc's,0.408117959573518
69,sewing,sew,0.599551132910121
69,sewing,sewe,0.0761264145712296
69,sewing,sews,0.443914682512875
69,sewing,seweing,0.309984857516669
69,sewing,sewings,0.315866364109836
69,sewing,sew's,0.328471687550575
69,sewing,sewed,0.440956983334709
69,sewing,sewes,0.121162108174045
69,sewing,sewelies,0.269992931988322
69,sewing,sewe's,0.218318304481045
69,sewing,sewful,0.297860356306313
69,sewing,seweds,0.247126545043829
69,sewing,sewingly,0.344821378587389
69,sewing,sewing's,0.329737063637921
69,instructions,instruct,0.218224740587158
69,instructions,instructers,0.0976149772986862
69,instructions,instructive,0.113986458038722
69,instructions,instruction,0.247743420889528
69,instructions,instructing,0.210582923459259
69,instructions,instructe,0.0765055691292845
69,instructions,instructs,0.221298535863697
69,instructions,instructly,0.163029189627788
69,instructions,instruct's,0.198173776449968
69,instructions,instructes,0.140162802683295
69,instructions,instructer,0.125712747082812
69,instructions,instructed,0.241630437564238
69,instructions,instructible's,0.210341873038967
69,instructions,instructions's,0.193144198666253
69,instructions,instructioning,0.186545268576367
69,instructions,instructioneds,0.140162802683295
69,instructions,instructionals,0.133318343918744
69,instructions,instructables,0.145118796169768
69,instructions,instructiveness,0.124189563421247
69,instructions,instructibles,0.130481155539239
69,instructions,instruction's,0.2103495169151
69,instructions,instructional,0.152838074119463
69,instructions,instructioned,0.156565092538931
69,instructions,instructively,0.0720763519237461
69,instructions,instructments,0.117697082260117
69,instructions,instructable's,0.173797089612589
69,instructions,instructionalism,0.0923790591615557
69,instructions,instructionality,0.140162802683295
69,instructions,instructivenesses,0.210341873038967
69,instructions,instructionally,0.0689389749619303
69,instructions,instructional's,0.140162802683295
69,instructions,instructionlies,0.163029189627788
69,instructions,instructable,0.18043920945874
69,instructions,instructedly,0.198173776449968
69,instructions,instructer's,0.0722642154464888
69,instructions,instructible,0.121814349705653
69,instructions,instructives,0.0698266487145586
69,instructions,instructment,0.125002594065476
69,instructions,instructability,0.143086096212559
69,instructions,instructables's,0.163029189627788
70,to,to's,0.0127041432065932
70,to,toed,0.0101751226016636
70,to,toeds,0.00744499726237701
70,to,toing,0.00736470238853056
70,to,toed's,0.0068285242647029
70,to,toings,0.00703356717363841
70,be,be's,0.0555342030149972
70,be,being's,0.0706423371507923
70,be,beingly,0.0465561202269659
70,be,being,0.266578644342683
70,be,beings's,0.0470414378739158
70,be,beings,0.120668344027988
70,or,ors,0.0404657270947748
70,or,or's,0.0386624059002994
70,or,orly,0.000305799960981472
70,or,orli,0.00438529937351661
70,or,orness,0.0174947854626807
70,or,orly's,0.0362090481362562
70,or,orli's,0.032797319577288
70,or,orlies,0.0400273143367144
70,or,orring,0.0260877330710472
70,or,orreds,0.0329897730687955
70,or,orful,0.023037862718595
70,or,orlys,0.000678742936440532
70,or,orlis,0.0093127558950598
70,or,orred,0.0152054890232578
70,or,ors's,0.0172086975554184
70,or,orfully,0.0359115797035043
70,or,orlying,0.0329897730687955
70,or,orrings,0.0329897730687955
70,not,nots,0.0789496223098734
70,not,notted,0.0427747875871903
70,not,notting's,0.0525216777508231
70,not,nottingly,0.0548055466233433
70,not,not's,0.0789097501207686
70,not,notli,0.0101772594791953
70,not,notly,0.0451349658207957
70,not,notfully,0.0354675855524909
70,not,notness,0.0367579276948581
70,not,notting,0.0137136214924858
70,not,nottings,0.0494537364914033
70,to,to's,0.0127041432065932
70,to,toed,0.0101751226016636
70,to,toeds,0.00744499726237701
70,to,toing,0.00736470238853056
70,to,toed's,0.0068285242647029
70,to,toings,0.00703356717363841
70,be,be's,0.0555342030149972
70,be,being's,0.0706423371507923
70,be,beingly,0.0465561202269659
70,be,being,0.266578644342683
70,be,beings's,0.0470414378739158
70,be,beings,0.120668344027988
70,that,thats,0.104783047499983
70,that,thatfully,0.0405815393276471
70,that,thattings,0.0405815393276471
70,that,thatlies,0.0377283955778098
70,that,thatness,0.047346843933099
70,that,thatting,0.0476440070210897
70,that,thatly,0.0405815393276471
70,that,that's,0.181780189696847
70,that,thatted,0.0412424578842675
70,that,thats's,0.0375038050398988
70,is,is's,0.0259253019535231
70,is,isnesses,0.0196664513722645
70,is,isness,0.0152018802611807
70,is,isfully,0.0164368527751208
70,the,theing's,0.00522848187425968
70,the,the's,0.00725373167379619
70,the,theing,0.00679181714563043
70,the,theings,0.00649957769975087
70,question,questionability,0.101910274505647
70,question,questionable's,0.140459475255159
70,question,questionables,0.132518959754274
70,question,questionality,0.118744905944254
70,question,questionators,0.118744905944254
70,question,questionating,0.118744905944254
70,question,questional,0.131483883589455
70,question,questionly,0.123575515693119
70,question,questionic,0.164547645280215
70,question,questioned,0.292647518713791
70,question,questioner,0.266966427780399
70,question,questiones,0.115110658569098
70,question,questioneable,0.16425607971776
70,question,question's,0.226553203239927
70,question,questioneer's,0.16425607971776
70,question,questionement,0.168260098734175
70,question,questioning's,0.16425607971776
70,question,questioningly,0.147946106396026
70,question,questionnings,0.117320291121605
70,question,questionated,0.0958785189997608
70,question,questionator,0.157569895463107
70,question,questionally,0.0500101197432664
70,question,questionable,0.252320166717391
70,question,questionably,0.151487596372402
70,question,questioner's,0.212118614610559
70,question,questioneers,0.164385424025972
70,question,questions,0.304392852256438
70,question,questione,0.0704007716909066
70,question,questionized,0.157569895463107
70,question,questionings,0.171069449139392
70,question,questionible,0.118744905944254
70,question,questionic's,0.168260098734175
70,question,questionning,0.148757230739971
70,question,questioners,0.232588789141542
70,question,questioneer,0.13938038620298
70,question,questioneds,0.0958785189997608
70,question,questionate,0.110479299217723
70,question,questions's,0.0245220198660955
70,question,questionned,0.156450228131408
70,question,questionize,0.118093642930206
70,question,questioning,0.29131356101764
70,question,questioneering,0.0697987351930827
70,question,questioneers's,0.16425607971776
70,question,questionableness,0.160181667650635
71,living,live,0.226755436119202
71,living,livings's,0.11458411761701
71,living,liveeing,0.0972027538536619
71,living,liveelis,0.0743363669091688
71,living,liveings,0.141837580729818
71,living,livelies,0.0712102356587288
71,living,lively's,0.054615639485098
71,living,liveness,0.0076376824286151
71,living,living's,0.209282626739159
71,living,livingly,0.102489771857969
71,living,livee,0.0533805112301325
71,living,lived,0.311910208489609
71,living,lives,0.306846409142944
71,living,livee's,0.118040976267217
71,living,lived's,0.0743363669091688
71,living,liveing,0.126127462471459
71,living,liveful,0.0972027538536619
71,living,livelys,0.10978934843132
71,living,lives's,0.0739937786346764
71,living,livings,0.15318495991706
71,living,livelying,0.0743363669091688
71,living,liveds,-0.13227877047726
71,living,liveed,0.0476640298109538
71,living,livees,0.0759574699666498
71,living,liveli,0.0718162273979015
71,living,lively,0.137664277434401
71,living,live's,0.103995283339124
71,in,ins,0.0189381751530535
71,in,in's,0.0139637308579651
71,in,inly,-0.00792602078492762
71,in,inli,0.00908532609766153
71,in,infully,0.00984546207758167
71,in,inlying,0.00282680317702775
71,in,infulness,0.00881013560997146
71,in,inful,0.00841162900598314
71,in,inlis,-0.00684991527340562
71,in,inned,0.0090942303529206
71,in,ins's,0.0109037235659964
71,in,inness's,0.0105672632475631
71,in,innessed,0.00881013560997146
71,in,innesses,0.00918373513512109
71,in,infuls,0.00902489752673057
71,in,inlied,0.00881013560997146
71,in,inlies,0.0095904232653069
71,in,inlyed,0.00881013560997146
71,in,inness,0.00918328661190103
71,india,indiaes,0.101465560198614
71,india,india's,0.438105140194121
71,india,indianess,0.211053359769255
71,india,indiae's,0.129059020067186
71,india,indiaing,0.134309213795987
71,india,indias's,0.199314450630338
71,india,indiae,0.194064661753606
71,india,indias,0.234679533323773
72,the,theing's,0.00522848187425968
72,the,the's,0.00725373167379619
72,the,theing,0.00679181714563043
72,the,theings,0.00649957769975087
72,sun,suns,0.240804144626665
72,sun,sunning's,0.118211030486766
72,sun,sunningly,0.149165928475235
72,sun,sunli's,0.104244633945163
72,sun,sunning,0.19370663224588
72,sun,sunneds,0.172962532937836
72,sun,sunness,0.084735283864258
72,sun,sun's,0.36630503315279
72,sun,sunli,0.0715056929571018
72,sun,sunly,0.115962284186236
72,sun,sunfully,0.172962532937836
72,sun,sunlying,0.172962532937836
72,sun,sunnings,0.0348665876982917
72,sun,suns's,0.134552264415426
72,sun,sunful,0.14048964806704
72,sun,sunlis,0.127111020889657
72,sun,sunned,0.141094213279472
73,neil,neil's,0.45992753057755
73,neil,neiles,0.151361898157802
73,neil,neiled,0.242536144702807
73,neil,neils,0.261348234754578
73,neil,neile,0.187943589237387
73,neil,neilings,0.283216708727448
73,neil,neiling,0.215651706468258
73,neil,neils's,0.193360692111564
73,neil,neile's,0.0982257625656914
73,young,younge,0.178895409862218
73,young,youngs,0.179878387937228
73,young,young's,0.23150449364284
73,young,younges,0.139816098841328
73,young,younged,0.120949335786055
73,young,youngly,0.123238411250004
73,young,youngli,0.148052267187419
73,young,youngs's,0.104301447491227
73,young,younge's,0.120169139199418
73,young,youngful,0.112092407357484
73,young,younging,0.10785203930705
73,young,youngnesses,0.155125633928504
73,young,youngings,0.0958002969840099
73,young,youngness,0.174551028145851
74,kiwi,kiwy,0.244489676585624
74,kiwi,kiwys,0.382856610140816
74,kiwi,kiwie,0.277897352320683
74,kiwi,kiwis,0.571773978323557
74,kiwi,kiwiful,0.382856610140816
74,kiwi,kiwis's,0.328800265849948
74,kiwi,kiwies,0.243977145286939
74,kiwi,kiwied,0.359060005678215
74,kiwi,kiwi's,0.513180003863359
74,kiwi,kiwy's,0.305933878905455
74,kiwi,kiwiness,0.413142703796826
75,tornadoes,tornadoing,0.283276706273819
75,tornadoes,tornadoers,0.409005344106735
75,tornadoes,tornadoeds,0.409005344106735
75,tornadoes,tornados's,0.353926836740052
75,tornadoes,tornado's,0.493753765589411
75,tornadoes,tornadoer,0.302252209232775
75,tornadoes,tornadoed,0.377949287995572
75,tornadoes,tornadoe,0.371361147147991
75,tornadoes,tornados,0.482703111913035
75,tornadoes,tornado,0.583630410880347
76,raised,raise,0.367004848150323
76,raised,raised's,0.233124054480191
76,raised,raisedly,0.179590102862671
76,raised,raiseing,0.106108722673295
76,raised,raiselis,0.0589001100550322
76,raised,raisings,0.200925272190503
76,raised,raises,0.32069952049644
76,raised,raising,0.347917949540493
76,raised,raiseli,0.227576493565008
76,raised,raiseds,0.215828519923332
76,raised,raise's,0.0895751074557529
76,raised,raisingly,0.0920815493747871
76,raised,raising's,0.231241660367267
76,gardens,gardenallis,0.198570228086379
76,gardens,gardeneer's,0.261385195259505
76,gardens,gardeners's,0.202119443592452
76,gardens,gardenering,0.182851572500834
76,gardens,gardenfully,0.175703841141886
76,gardens,gardenant,-0.0148408465292726
76,gardens,gardenate,0.261385195259505
76,gardens,gardene's,0.175703841141886
76,gardens,gardeners,0.438997594740497
76,gardens,gardeneer,0.109846990352936
76,gardens,gardenful,0.208205447083222
76,gardens,gardenize,0.236062261696166
76,gardens,gardening,0.392355730933805
76,gardens,gardenned,0.247328740988075
76,gardens,gardens's,0.298595914910088
76,gardens,gardening's,0.253326387824772
76,gardens,gardenizing,0.247328740988075
76,gardens,gardene,0.194486880561348
76,gardens,garden,0.403617690762619
76,gardens,gardenization,0.247328740988075
76,gardens,gardenable,0.179138641393092
76,gardens,gardenal's,0.175703841141886
76,gardens,gardenally,0.247328740988075
76,gardens,gardenator,0.159479881412357
76,gardens,gardeneers,0.197522884653186
76,gardens,gardener's,0.341764352617465
76,gardens,gardeneing,0.173005577407125
76,gardens,gardenerly,0.266956509487227
76,gardens,gardenings,0.234550132165283
76,gardens,gardenized,0.247328740988075
76,gardens,gardenment,0.247328740988075
76,gardens,gardenning,0.157976750695886
76,gardens,gardenness,0.233011162020506
76,gardens,gardenic,0.247328740988075
76,gardens,gardenly,0.233598534975914
76,gardens,gardenal,0.0305874837284144
76,gardens,gardened,0.291928975199005
76,gardens,gardener,0.386213919402877
76,gardens,gardenes,0.182864890371351
76,gardens,garden's,0.346173969266085
77,bobcat,bobcat's,0.543653920397597
77,bobcat,bobcatal,0.378372485408651
77,bobcat,bobcates,0.378372485408651
77,bobcat,bobcator,0.378372485408651
77,bobcat,bobcate,0.296444069441865
77,bobcat,bobcats,0.494447682534767
77,bobcat,bobcatting,0.378372485408651
77,bobcat,bobcats's,0.378372485408651
78,dieting,diet,0.481114459117677
78,dieting,diet's,0.409262507128063
78,dieting,dieted,0.499898611735756
78,dieting,dietes,0.188300165332336
78,dieting,dietly,0.26926591245997
78,dieting,dietli,0.308356259133992
78,dieting,dieting's,0.404926800707206
78,dieting,diets's,0.385377534163333
78,dieting,diete,0.312848973309487
78,dieting,diets,0.534191592290675
78,dieting,dieteing,0.385377534163333
78,dieting,dietings,0.424926367116468
78,dieting,dietting,0.387328728051676
79,voyager,voyagant,0.267272840629612
79,voyager,voyage's,0.143829800706998
79,voyager,voyagely,0.267272840629612
79,voyager,voyageer,0.306363187303634
79,voyager,voyagers,0.406286920326977
79,voyager,voyagent,0.264972741828723
79,voyager,voyaging,0.245406592888455
79,voyager,voyaged,0.207208205933948
79,voyager,voyages,0.33102340527803
79,voyager,voyag,0.269049803312034
79,voyager,voyagements,0.267272840629612
79,voyager,voyageable,0.420888430289529
79,voyager,voyageants,0.306363187303634
79,voyager,voyagement,0.221540066740625
79,voyager,voyageant,0.237092187745435
79,voyager,voyages's,0.267272840629612
79,voyager,voyager's,0.574074156861131
79,voyager,voyagings,0.153415412917217
79,voyager,voyags,0.337559369341605
79,voyager,voyage,0.305851937282039
80,keyboard,keyboarders,0.250006925672809
80,keyboard,keyboardful,0.199828274671766
80,keyboard,keyboarding,0.307721581607813
80,keyboard,keyboardism,0.272434570080725
80,keyboard,keyboards's,0.272434570080725
80,keyboard,keyboarde,0.265774342691425
80,keyboard,keyboards,0.497161008088269
80,keyboard,keyboardes,0.270335765001628
80,keyboard,keyboarder,0.248665215769068
80,keyboard,keyboarded,0.255539121639593
80,keyboard,keyboardly,0.222694661616259
80,keyboard,keyboard's,0.401813764548157
80,keyboard,keyboardability,0.272434570080725
80,keyboard,keyboardable,0.231754006056085
80,keyboard,keyboarder's,0.283987335046262
80,keyboard,keyboardings,0.222694661616259
80,keyboard,keyboardisms,0.222694661616259
80,keyboard,keyboarditis,0.222694661616259
80,keyboard,keyboardness,0.222694661616259
80,reviews,review's,0.123191604807059
80,reviews,reviewed,0.253873173317285
80,reviews,reviewal,0.0585230985438217
80,reviews,reviewes,0.142406031461967
80,reviews,reviewer,0.28628295854129
80,reviews,reviewables,0.142665612544922
80,reviews,reviewering,0.0587623724387831
80,reviews,reviewers's,0.0950481981593684
80,reviews,reviewe,0.16144544078878
80,reviews,reviewing's,0.0978527191128056
80,reviews,reviewability,0.0374392052175118
80,reviews,review,0.418745264578069
80,reviews,reviewful,0.1425139869423
80,reviews,revieweer,0.1425139869423
80,reviews,revieweds,0.1425139869423
80,reviews,reviewers,0.265925789445094
80,reviews,reviewals,0.107620930050177
80,reviews,reviews's,0.169182697997935
80,reviews,reviewing,0.165089894677576
80,reviews,reviewable,0.0497204765628509
80,reviews,reviewedly,0.0749863321683125
80,reviews,revieweing,0.104910716073502
80,reviews,reviewence,0.0978527191128056
80,reviews,reviewerly,0.153823758432745
80,reviews,reviewered,0.1425139869423
80,reviews,reviewer's,0.209704083626634
80,reviews,reviewiced,0.0978527191128056
80,reviews,reviewings,0.0628066236607144
80,reviews,reviewitis,0.1425139869423
81,afghanistan,afghanistanings,0.25619567123329
81,afghanistan,afghanistanlied,0.215515107208649
81,afghanistan,afghanistanism,0.241604009469199
81,afghanistan,afghanistanize,0.25619567123329
81,afghanistan,afghanistans's,0.25619567123329
81,afghanistan,afghanistanent,0.262440872880036
81,afghanistan,afghanistans,0.330844406497149
81,afghanistan,afghanistane,0.27385293293058
81,afghanistan,afghanistan's,0.492739071184241
81,afghanistan,afghanistanal,0.0473102074727131
81,afghanistan,afghanistanes,0.207090546954374
81,afghanistan,afghanistaner,0.25619567123329
81,afghanistan,afghanistanization,0.25619567123329
82,joints,jointingly,0.282845678664042
82,joints,jointedly,0.265086256253607
82,joints,jointings,0.333647283043184
82,joints,jointness,0.0101640102197441
82,joints,jointlies,0.282845678664042
82,joints,joint,0.37491156019637
82,joints,jointes,0.0954864303890844
82,joints,jointed,0.373916663914697
82,joints,jointly,0.0282698826206987
82,joints,joint's,0.396940444576745
82,joints,jointe,0.100506929254456
82,joints,joints's,0.358123343592709
82,joints,jointing,0.400139571229853
82,joints,jointely,0.259979291719548
83,memory,memorialized,0.177774620522833
83,memory,memorializes,0.129661633756954
83,memory,memorializer,0.137564467644629
83,memory,memorializers,0.202041636131871
83,memory,memorializing,0.171695324561546
83,memory,memoriable,0.0854034258469546
83,memory,memorially,0.0675893478476354
83,memory,memoriance,0.110206840192324
83,memory,memorial's,0.141235440741856
83,memory,memories's,0.118592263343814
83,memory,memoriant,0.155053411858867
83,memory,memorials,0.16341710887612
83,memory,memorie's,0.122089124828632
83,memory,memoriers,0.000482507268702789
83,memory,memorieal,0.0768727185108215
83,memory,memorieds,0.155053411858867
83,memory,memorious,0.198005200580411
83,memory,memorying,0.155053411858867
83,memory,memorie,0.174413727556473
83,memory,memoris,0.124461498430986
83,memory,memorys,0.142337652873877
83,memory,memorials's,0.0930966782403509
83,memory,memoriality,0.155053411858867
83,memory,memorialism,0.0439400120690329
83,memory,memorialize,0.187543958773604
83,memory,memoryed,0.155053411858867
83,memory,memory's,0.269456719477207
83,memory,memorial,0.17141493018826
83,memory,memoried,0.171503473199048
83,memory,memories,0.305799148813531
83,memory,memorier,0.115963065184844
83,memory,memori's,0.18580362805643
83,memory,memoriously,0.155053411858867
83,memory,memorialization,0.177941147831955
83,memory,memorializations,0.124752107721934
83,memory,memori,0.139619277218972
84,continental,continentalization,0.208570614534067
84,continental,continentable,0.269177307664657
84,continental,continentants,0.219564726717243
84,continental,continental's,0.414255421673019
84,continental,continentally,0.281402203510519
84,continental,continentals's,0.219564726717243
84,continental,continentalism,0.26914171443294
84,continental,continentality,0.281298896341147
84,continental,continentalize,0.17471996313998
84,continental,continentities,0.219564726717243
84,continental,continentization,0.269177307664657
84,continental,continentalizing,0.128445678213817
84,continental,continente,0.229109185016529
84,continental,continentalized,0.16847750666102
84,continental,continentalizes,0.19669833977275
84,continental,continentals,0.346007840198789
84,continental,continentism,0.245027965197298
84,continental,continentent,0.245380703202056
84,continental,continente's,0.0749132552887857
84,continental,continentes,0.16197863189572
84,continental,continenter,0.143577577877474
84,plates,plating,0.301295316499072
84,plates,plate's,0.351245268679281
84,plates,plateed,0.198720185035578
84,plates,plateds,0.325035622239215
84,plates,platees,0.205187214549344
84,plates,plateli,0.143426900807147
84,plates,plately,0.219922328090364
84,plates,plateful's,0.234191874988446
84,plates,plated,0.3154751956467
84,plates,platee,0.161277289437395
84,plates,plate,0.493194608059151
84,plates,platefuls,0.17315978180615
84,plates,plating's,0.133863521704444
84,plates,platelis,0.0744115355067854
84,plates,plates's,0.274036679485527
84,plates,platedly,0.234191874988446
84,plates,plateing,0.260670697779958
84,plates,plateful,0.206206685385735
84,plates,platings,0.150990368838338
85,milwaukee,milwaukee's,0.510327494632236
85,milwaukee,milwaukeed,0.329977875729299
85,milwaukee,milwaukees,0.291055600845688
85,journal,journall,0.18591452192021
85,journal,journals,0.435867420096432
85,journal,journale,0.218463849670366
85,journal,journalization,0.171653342589561
85,journal,journal's,0.345578073566495
85,journal,journalal,0.182956876363375
85,journal,journalls,0.128852731773248
85,journal,journales,0.146775329820051
85,journal,journaler,0.225436372869616
85,journal,journaled,0.169150340205313
85,journal,journally,0.166637702783397
85,journal,journalism's,0.146160410372258
85,journal,journalizers,0.106696447297979
85,journal,journalizing,0.161045946586918
85,journal,journalizations,0.0447397136794628
85,journal,journalers,0.203768465893233
85,journal,journals's,0.205148773920365
85,journal,journaller,0.189071648202763
85,journal,journalled,0.130721734704786
85,journal,journalism,0.200998762659505
85,journal,journaling,0.216199389708397
85,journal,journalics,0.129562834242472
85,journal,journalize,0.140350548273392
85,journal,journalisming,0.0778882067351945
85,journal,journalizeing,0.106696447297979
85,journal,journalication,0.175514087440727
85,journal,journalations,0.175514087440727
85,journal,journalable,0.175514087440727
85,journal,journalator,0.129562834242472
85,journal,journaler's,0.152217488446975
85,journal,journaleism,0.129562834242472
85,journal,journalized,0.139145659451327
85,journal,journalizer,0.1578904889347
85,journal,journalizes,0.127941514354193
85,journal,journalitis,0.129562834242472
85,journal,journalisms,0.126138047573574
85,journal,journalings,0.162636384858993
85,journal,journallive,0.158512707366315
85,journal,journallism,0.149585008284066
85,journal,journalling,0.151447874831112
85,journal,journallers,0.196440231105356
85,journal,journalness,0.0871805103790107
85,sentinel,sentinel's,0.526149080229726
85,sentinel,sentineled,0.300414442187113
85,sentinel,sentinelling,0.252472966818262
85,sentinel,sentinellive,0.299653398939078
85,sentinel,sentinels,0.459208572622423
85,sentinel,sentinell,0.272960765222346
85,sentinel,sentinele,0.276787011994585
85,sentinel,sentinels's,0.276787011994585
85,sentinel,sentinelled,0.238319250597807
85,sentinel,sentineling,0.311843468219821
85,sentinel,sentinelism,0.352524032244461
86,bart,barts,0.282373626997132
86,bart,barte,0.245223875707855
86,bart,barteing,0.294038688217892
86,bart,bartelis,0.294038688217892
86,bart,bartly's,0.294038688217892
86,bart,bartness,0.158488205219627
86,bart,bartely's,0.294038688217892
86,bart,barting's,0.271172301273398
86,bart,barts's,0.252223567399624
86,bart,barting,0.495773981633679
86,bart,bartlis,0.294038688217892
86,bart,barteli,0.242364060710614
86,bart,bartely,0.173056165307201
86,bart,barte's,0.232081954599376
86,bart,bartly,0.255885040198102
86,bart,bartli,0.198446786899588
86,bart,barted,0.278584441511652
86,bart,bartes,0.250836949488401
86,bart,bart's,0.564344413599528
86,sf,sf's,0.430753512830121
87,who,whoing,0.060449997425985
87,who,who's,0.191284106500048
87,who,whoed,0.0665580300318249
87,who,whoings,0.0769466283051572
87,invented,inventations,0.190626170097249
87,invented,inventational,0.108635756025331
87,invented,inventables,0.145027878363213
87,invented,inventation,0.148590246846336
87,invented,inventative,0.246373014414997
87,invented,inventement,0.246373014414997
87,invented,inventented,0.275437469647914
87,invented,inventering,0.0833692005039429
87,invented,inventibles,0.207282667740974
87,invented,invention's,0.263143012403354
87,invented,inventioned,0.302651401632928
87,invented,inventional,0.265713481757041
87,invented,inventivity,0.210925723771272
87,invented,inventive's,0.207282667740974
87,invented,inventively,0.204290649935039
87,invented,inventments,0.155608040233697
87,invented,inventeering's,0.246373014414997
87,invented,inventability,0.223551954004477
87,invented,invents,0.34673976335573
87,invented,invente,0.162214070667657
87,invented,invent's,0.140811889660562
87,invented,invental,0.184416280796481
87,invented,inventic,0.161549893851988
87,invented,inventer,0.313889830602969
87,invented,inventes,0.141175711553898
87,invented,invently,0.246373014414997
87,invented,inventate,0.21824992504887
87,invented,inventant,0.074983414126369
87,invented,inventful,0.284899355840138
87,invented,inventers,0.269820200362142
87,invented,inventent,0.0401222715026138
87,invented,inventeds,0.304317904429077
87,invented,inventity,0.223506627470504
87,invented,inventive,0.259964274775538
87,invented,inventing,0.394207293584453
87,invented,invention,0.46448324373088
87,invented,inventics,0.184416280796481
87,invented,inventted,0.30967387971708
87,invented,inventeering,0.19469838690772
87,invented,invent,0.391703187671505
87,invented,inventable,0.297397568354433
87,invented,inventator,0.15634454217565
87,invented,inventer's,0.155608040233697
87,invented,inventeers,0.246373014414997
87,invented,inventered,0.30967387971708
87,invented,inventives,0.0268920601344863
87,invented,inventions,0.421670987455899
87,invented,inventings,0.270350785250052
87,invented,inventible,0.255918641270188
87,invented,inventment,0.151674015459563
87,invented,inventting,0.246373014414997
87,invented,inventibleness,0.3206518478702
87,invented,inventionalism,0.246373014414997
87,invented,inventiveness,0.261343818575416
87,invented,inventivities,0.223506627470504
87,invented,inventivity's,0.246373014414997
87,invented,inventativeness,0.29707617162649
87,invented,inventions's,0.207282667740974
87,music,musice,0.149355571393067
87,music,musics,0.163909966395011
87,music,musicals's,0.113201452065414
87,music,musicallis,0.122185009277695
87,music,musicallys,0.115960928411949
87,music,musicality,0.193712521273672
87,music,musicalism,0.121003409272615
87,music,musicaling,0.113201452065414
87,music,musicalize,0.129793100311755
87,music,musicant's,0.0696860213861515
87,music,musicating,0.113201452065414
87,music,musication,0.123057844535982
87,music,musicators,0.115960928411949
87,music,musicalizer,0.089404847602813
87,music,musicalizes,0.118832316195428
87,music,musicalized,0.107770184192078
87,music,musicallies,0.0986653938550904
87,music,musicalness,0.112879525792842
87,music,musicicals,0.113201452065414
87,music,musications,0.113201452065414
87,music,musicful,0.115960928411949
87,music,musicics,0.113201452065414
87,music,musicing,0.120052333825515
87,music,musiciti,0.0249276791155716
87,music,musicity,0.118992514232366
87,music,musicism,0.102882120030258
87,music,musice's,0.113201452065414
87,music,musiceal,0.115960928411949
87,music,musicent,0.119635039314757
87,music,musicers,0.0986653938550904
87,music,musicate,0.0955418063146251
87,music,musicals,0.23711916532042
87,music,musicant,0.00686149333289427
87,music,musicational,0.136327324211508
87,music,music's,0.23307916303431
87,music,musical,0.371647749442147
87,music,musicer,0.0935530166139472
87,music,musices,0.15311852884454
87,music,musiced,0.132898923556574
87,music,musicic,0.119635039314757
87,music,musicly,0.122232843464295
87,music,musicli,0.0742887070177118
87,music,musicability,0.113201452065414
87,music,musicalization,0.14475704475896
87,music,musicalities,0.0945478426648255
87,music,musicalizing,0.124443304872305
87,music,musicable,0.10555995440933
87,music,musicants,0.0831774765125715
87,music,musicancy,0.113201452065414
87,music,musicance,0.113201452065414
87,music,musical's,0.141115645995177
87,music,musicalli,0.104350263151125
87,music,musically,0.249879361930088
87,music,musicator,0.141656682058443
87,music,musicated,0.119635039314757
87,music,musicical,0.133303046492834
87,music,musicings,0.089404847602813
87,music,musicisms,0.0852499350119193
87,music,musicli's,0.113201452065414
87,music,musicment,0.118001833195759
87,music,musicness,0.114866687290028
87,music,musicalizations,0.113201452065414
87,music,musiceating,0.0696860213861515
87,music,musicically,0.119635039314757
88,forearm,forearms,0.56481046558163
88,forearm,forearme,0.426228629158534
88,forearm,forearming,0.353158859596196
88,forearm,forearmes,0.426228629158534
88,forearm,forearmed,0.21167480034918
88,forearm,forearm's,0.40196887487023
88,pain,pains's,0.146725170444829
88,pain,painful,0.448137070313821
88,pain,paining,0.220408866824452
88,pain,paine's,0.109825654985748
88,pain,pain's,0.317289509956898
88,pain,pained,0.246730093782021
88,pain,painly,0.15128236165168
88,pain,paines,0.11253189010387
88,pain,pains,0.381797180200462
88,pain,paine,0.105751740878512
88,pain,painefully,0.169591557389323
88,pain,painedly,0.146725170444829
88,pain,paineful,0.145517552782415
88,pain,paines's,0.176490637597737
88,pain,paineing,0.222465115994424
88,pain,painfuls,0.146725170444829
88,pain,painings,0.109804062798484
88,pain,painning,0.176490637597737
88,pain,painness,0.169591557389323
88,pain,painfulness,0.257273266165178
88,pain,painfulnesses,0.217171201622378
88,pain,painfully,0.23945595741692
88,pain,painful's,0.193374597159777
88,pain,painingly,0.169591557389323
89,ocd,ocds,0.435015986880538
89,ocd,ocde,0.1660783347617
89,ocd,ocde's,0.309378085795353
89,ocd,ocding,0.271640308555585
89,ocd,ocd's,0.527454948344236
89,ocd,ocded,0.357161829317093
89,ocd,ocdes,0.211082548732241
89,ocd,ocdness,0.382556301772428
90,mgb,mgb's,0.655205415152483
91,er,ers,0.280429556079949
91,er,er's,0.366926284968664
91,er,erli,0.251734752162735
91,er,erly,0.154968280618732
91,er,erli's,0.0828271003497205
91,er,erlies,0.229537041256638
91,er,erlied,0.270217605281278
91,er,erly's,0.168889731232109
91,er,erness,0.149333720191491
91,er,erring,0.0730276705021437
91,er,erringly,0.189798407971762
91,er,erring's,0.220564358739386
91,er,erful,0.178888501804371
91,er,erlys,0.126877117533113
91,er,erlis,0.11128309226936
91,er,ers's,0.0866140654311237
91,er,erred,0.0543881697741817
91,er,erfully,0.216440824781242
91,er,erlying,0.229537041256638
91,er,errings,0.105303537475904
91,tv,tv's,0.285576438342715
91,show,showe,0.0875351661176265
91,show,shows,0.332431695339164
91,show,showes,0.102708925962624
91,show,showed,0.248027779014225
91,show,show's,0.28632586199998
91,show,showing,0.242058743837553
91,show,showe's,0.0515471905081949
91,show,showeds,0.103705199838425
91,show,shows's,0.113944877134788
91,show,showeing,0.0612421933450172
91,show,showfuls,0.118121327779195
91,show,showings,0.145317524247704
91,show,showness,0.126262367737397
91,show,showing's,0.0777566115626367
91,show,showingly,0.074413577452688
92,the,theing's,0.00522848187425968
92,the,the's,0.00725373167379619
92,the,theing,0.00679181714563043
92,the,theings,0.00649957769975087
92,wall,walles,0.126094222646273
92,wall,walled,0.233177263037981
92,wall,wall's,0.262520805645783
92,wall,walls's,0.116605132494195
92,wall,walle's,0.0630531164514415
92,wall,walleds,0.187371522370202
92,wall,wallful,0.035395633175454
92,wall,walling,0.191028713098779
92,wall,walled's,0.140956757929889
92,wall,wallfuls,0.140956757929889
92,wall,wallings,0.0941438887219625
92,wall,wallness,0.11005277085451
92,wall,walls,0.352212818083573
92,wall,walle,0.138715402364562
92,wall,walling's,0.095496271171721
93,raffles,raffle's,0.433971982914494
93,raffles,raffling,0.367006620651037
93,raffles,raffl,0.214433603529706
93,raffles,raffle,0.459597163640463
93,raffles,raffled,0.382182662043082
93,raffles,raffl's,0.354001500669082
93,raffles,raffles's,0.546405678580289
93,raffles,raffleing,0.36840248138187
93,raffles,rafflings,0.376867887613575
93,raffles,raffling's,0.376867887613575
94,titan,titanics's,0.410409357856639
94,titan,titanicful,0.295036141404807
94,titan,titanizing,0.216855448056762
94,titan,titan's,0.550632695712201
94,titan,titanal,0.236756252026342
94,titan,titanes,0.292711720037613
94,titan,titaned,0.314522956433463
94,titan,titanic,0.231998223207846
94,titan,titanically,0.198106998619477
94,titan,titans,0.378398272228568
94,titan,titane,0.240148703617022
94,titan,titanates,0.160102294381675
94,titan,titanated,0.216855448056762
94,titan,titanic's,0.225553435411303
94,titan,titanicly,0.295036141404807
94,titan,titanical,0.266357814020167
94,titan,titanizer,0.295036141404807
94,titan,titanized,0.27765289019643
94,titan,titanitis,0.295036141404807
94,titan,titanness,0.323922337606848
94,titan,titanate's,0.198896106811222
94,titan,titanating,0.295036141404807
94,titan,titanation,0.295036141404807
94,titan,titanate,0.106021695291947
94,titan,titanent,0.347718942069448
94,titan,titaneer,0.216855448056762
94,titan,titane's,0.233079407786291
94,titan,titanize,0.216855448056762
94,titan,titanism,0.259278770530208
94,titan,titaning,0.295036141404807
94,titan,titanics,0.185009397767868
94,titan,titans's,0.33027877605439
94,titan,titanous,0.147133766120036
96,rice,riceness,0.249990461572896
96,rice,ricing's,0.249990461572896
96,rice,rices,0.318001610581399
96,rice,ricee,0.24131178747297
96,rice,riced,0.290140847060308
96,rice,riceing,0.209897099825987
96,rice,rices's,0.249990461572896
96,rice,rice's,0.410506879566096
96,rice,ricees,0.162037554416767
96,rice,riceed,0.209309897548255
96,rice,riceds,0.249990461572896
96,rice,ricely,0.263583655917181
96,rice,ricing,0.243584909374989
97,south,southely's,0.0759555337692133
97,south,south's,0.194544892264038
97,south,southes,0.119726011748378
97,south,southed,0.125066730693429
97,south,southly,0.13030230015308
97,south,southing,0.116235681237657
97,south,southful,0.0999973561342931
97,south,southe,0.121685383517922
97,south,souths,0.16626603193935
97,south,southings,0.122644535243057
97,south,southness,0.118307067326872
97,africa,africaalli,0.182729075272771
97,africa,africaness,0.21202560843043
97,africa,africaes,0.0783951266921042
97,africa,africaer,0.174774676481738
97,africa,africa's,0.417236806697877
97,africa,africas's,0.1373628826432
97,africa,africaalli's,0.174774676481738
97,africa,africae,0.196341714228332
97,africa,africas,0.245343621063614
98,sat,sats,0.26150463494059
98,sat,sat's,0.273091695446181
98,sat,satli,0.164355166395506
98,sat,satly,0.172383114734032
98,sat,satted,0.171132943485762
98,sat,satly's,0.170396216861843
98,sat,satness,0.170396216861843
98,sat,satting,0.166055355086661
99,satellite,satellit,0.255104737390927
99,satellite,satellits,0.24719185142267
99,satellite,satellitization,0.241171363415023
99,satellite,satellital,0.237779949790024
99,satellite,satellites,0.500179537394527
99,satellite,satelliter,0.244020137969285
99,satellite,satellited,0.229264258505131
99,satellite,satellitic,0.149502883853513
99,satellite,satellit's,0.210460370014993
99,satellite,satellitics,0.164272439876988
99,satellite,satellitism,0.144411461783377
99,satellite,satelliting,0.181575055973422
99,satellite,satellite's,0.39380446204145
99,satellite,satelliters,0.114304016666216
99,satellite,satelliteds,0.241171363415023
99,satellite,satelliteers,0.241171363415023
99,satellite,satelliteing,0.187138826821481
99,satellite,satellites's,0.230379647401729
99,satellite,satellitical,0.187138826821481
101,ritz,ritzs,0.381246467327538
101,ritz,ritze,0.287843653027143
101,ritz,ritzing,0.0253936217921048
101,ritz,ritzed,0.331072353485956
101,ritz,ritzes,0.435498975513395
101,ritz,ritz's,0.504466641122239
101,carlton,carltone,0.303084350604436
101,carlton,carltons,0.365096588027789
101,carlton,carlton's,0.516445053327983
101,carlton,carltones,0.291973286764494
101,carlton,carltoned,0.320734884312241
101,carlton,carltonized,0.344531488774842
101,lake,lakee,0.205610903584664
101,lake,laked,0.167816728013374
101,lake,lakes,0.45276329767656
101,lake,lakefully,0.188388173768051
101,lake,lakefuls,0.141933668072149
101,lake,lakelies,0.188388173768051
101,lake,lakeness,0.188388173768051
101,lake,laking's,0.0637529747241041
101,lake,lakes's,0.196429969915314
101,lake,lakelis,0.12391100528081
101,lake,lakeing,0.151308231889623
101,lake,lakeful,0.153971246911341
101,lake,lakings,0.0412046562045767
101,lake,laking,0.0834368851169573
101,lake,lakely,0.165496348673319
101,lake,lakeli,0.141933668072149
101,lake,lakeds,0.196376896686673
101,lake,lakees,0.169320638305214
101,lake,lake's,0.365556147680293
101,las,las's,0.26087605756899
101,vegas,vega,0.173150323261433
101,vegas,vegas's,0.334750135268415
101,vegas,veganess,0.0728800307970289
101,vegas,vegae,0.230935648110428
101,vegas,vegaes,0.240244096327724
101,vegas,vegaed,0.182620507937284
101,vegas,vega's,0.120503534925724
102,fickle,ficklness,0.436544734065253
102,fickle,fickle's,0.480953514031769
102,fickle,ficklely,0.403256089342394
102,fickle,fickling,0.253881904887728
102,fickle,fickl,0.350485927679333
102,fickle,fickleness's,0.403256089342394
102,fickle,ficklenesses,0.403256089342394
102,fickle,fickleness,0.426840053300276
102,fickle,fickling's,0.282566096534755
102,fickle,ficklingly,0.403256089342394
102,fickle,fickles,0.429044823997575
102,fickle,fickled,0.316262221187305
102,creek,creeks's,0.21647707481768
102,creek,creekely,0.240273679280281
102,creek,creeking,0.266353724771207
102,creek,creekly,0.140116323679272
102,creek,creeked,0.20502497756992
102,creek,creekes,0.223211655483451
102,creek,creek's,0.410906150473813
102,creek,creeke,0.198680759911545
102,creek,creeks,0.422952406928655
102,farm,farmli,0.222143241387492
102,farm,farmly,0.185864131039046
102,farm,farm's,0.400325705440488
102,farm,farmed,0.33648308026046
102,farm,farmes,0.202695876613392
102,farm,farme,0.217673598731344
102,farm,farms,0.472280696973591
102,farm,farmes's,0.174369238396341
102,farm,farmeing,0.231563369881727
102,farm,farmings,0.220694154922338
102,farm,farmming,0.201657502317661
102,farm,farmness,0.222143241387492
102,farm,farming's,0.281510485050553
102,farm,farmeli,0.0297177669678839
102,farm,farmeds,0.198346636924891
102,farm,farme's,0.174369238396341
102,farm,farms's,0.197194929063102
102,farm,farming,0.421361334666895
102,farm,farmful,0.174369238396341
103,madam,madam's,0.425660646128855
103,madam,madamer,0.364911187386075
103,madam,madames,0.345408673008921
103,madam,madamed,0.332506552210171
103,madam,madames's,0.350995879002497
103,madam,madamitis,0.350995879002497
103,madam,madamings,0.350995879002497
103,madam,madaming,0.26621860016843
103,madam,madamism,0.204216024820972
103,madam,madame's,0.253096864254685
103,madam,madameal,0.350995879002497
103,madam,madamant,0.350995879002497
103,madam,madame,0.38862166581668
103,madam,madams,0.457941161486739
103,cj,cj's,0.504494012766302
103,walker,walkere,0.226975028185414
103,walker,walkers,0.300217146617733
103,walker,walker's,0.446688187538224
103,walker,walkered,0.269817263378027
103,walker,walkeres,0.261270553861548
103,walker,walkerer,0.222216696809093
103,walker,walkeral,0.222216696809093
103,walker,walkerly,0.183663388445778
103,walker,walkerism,0.248140556933019
103,walker,walkering,0.331396817630556
103,walker,walkerent,0.222216696809093
103,walker,walkerred,0.222216696809093
103,walker,walkers's,0.208003750606324
103,walker,walkere's,0.222216696809093
103,walker,walkerally,0.305497741276887
103,walker,walkerisms,0.269817263378027
103,walker,walkerings,0.31652992168285
103,walker,walkerly's,0.222216696809093
104,indiana,indiana's,0.430295692113178
104,indiana,indianaed,0.223742749309201
104,indiana,indianas,0.268304590811208
104,indiana,indianae,0.136815874324861
104,indiana,indianaent,0.175906220998883
104,child,childs's,0.136244513002143
104,child,childe's,0.0643087233089797
104,child,childful,0.166876407542266
104,child,childing,0.194682298166488
104,child,childings,0.0996597800144238
104,child,childness,0.182197986794717
104,child,childes,0.199074919339268
104,child,childed,0.197367702482176
104,child,childly,0.155558362393896
104,child,childli,0.127323828456413
104,child,child's,0.432772749119376
104,child,childs,0.240301579780843
104,child,childe,0.158308573070895
104,support,supportiveness,0.0897410327907161
104,support,supportable,0.126083725404905
104,support,supportably,0.106331216052123
104,support,supportator,0.0595321405247062
104,support,supportated,0.102634505603486
104,support,supportance,0.0755342825907518
104,support,supportants,0.0595321405247062
104,support,supporter's,0.0972423416580902
104,support,supportered,0.0744254014052616
104,support,supporteers,0.0788379011408851
104,support,supportedly,0.104199662811634
104,support,supportives,-0.0811084865688568
104,support,supportible,0.102634505603486
104,support,supportings,0.0550347764644565
104,support,supportions,0.036665753580213
104,support,supportment,0.0500678220222097
104,support,supportting,0.0400591069915808
104,support,supportables,0.00553901372118978
104,support,supportanted,0.036665753580213
104,support,supportateli,0.0595321405247062
104,support,supportation,0.0755342825907518
104,support,supportative,0.0625873251294188
104,support,supportering,0.0788379011408851
104,support,supporters's,0.00553901372118978
104,support,supporterness,0.0595321405247062
104,support,supportfully,0.102634505603486
104,support,supportingly,0.0697269765773349
104,support,supportively,0.0788895011638452
104,support,supporttings,0.0595321405247062
104,support,supportatively,0.102634505603486
104,support,supportability,0.142367522017923
104,support,supportableness's,0.0595321405247062
104,support,supportize,0.102634505603486
104,support,supportism,0.102634505603486
104,support,supportive,0.195566267552819
104,support,supportion,0.0488577251034495
104,support,supporting,0.257797186423933
104,support,supporters,0.213057999840808
104,support,supportent,0.0656099025555192
104,support,supporteer,0.102634505603486
104,support,supporteds,0.0488577251034495
104,support,supportful,0.105674219996334
104,support,supportted,0.0830073249068769
104,support,supports's,0.0595321405247062
104,support,supportant,0.0359931318243377
104,support,supportate,0.0122948680890761
104,support,supports,0.277882455555995
104,support,supporte,0.0535181109252493
104,support,supportations,0.0595321405247062
104,support,supportes,0.0522045092629405
104,support,supporter,0.174344424054473
104,support,supported,0.266505342664827
104,support,supportal,0.0880590997264709
104,support,supportly,0.0878408602484328
104,support,support's,0.141134141199175
105,sonoma,sonomae,0.493947381258111
105,sonoma,sonomas,0.430103443626199
105,sonoma,sonoma's,0.543843864368808
105,county,countie's,0.118368537545437
105,county,countiing,0.0141670816892032
105,county,countying,0.111502600936028
105,county,countys's,0.172288161000326
105,county,counties's,0.159724024291386
105,county,countys,0.218038780241141
105,county,countis,0.104951235449627
105,county,countie,0.189954992382047
105,county,county's,0.399637417617936
105,county,countied,0.158636590955692
105,county,counties,0.509099346153327
105,county,counti,0.116310885639942
105,medical,medicalizations,0.140965446838239
105,medical,medicational,0.175647142452349
105,medical,medication's,0.200144674761778
105,medical,medicications,0.140965446838239
105,medical,medic,0.214940935513336
105,medical,medicationally,0.154494907418976
105,medical,medicals's,0.154494907418976
105,medical,medicalize,0.170518567390013
105,medical,medicality,0.140965446838239
105,medical,medicalism,0.179265909268277
105,medical,medicant's,-0.0895053849011091
105,medical,medicators,0.107523380150781
105,medical,medicative,0.0800009344886546
105,medical,medicating,0.190270559772992
105,medical,medication,0.400780147866471
105,medical,medicalizers,0.154494907418976
105,medical,medicalizing,0.197256154083836
105,medical,medicences,0.109365301254574
105,medical,medicity's,0.109365301254574
105,medical,medicities,0.158260981395098
105,medical,medicments,0.154494907418976
105,medical,medicer,0.154494907418976
105,medical,medices,0.106682537635772
105,medical,mediced,0.0702749545805519
105,medical,medicic,0.127549987995068
105,medical,medic's,0.169363272396364
105,medical,medicalization's,0.154494907418976
105,medical,medicalization,0.220443326325682
105,medical,medicically,0.109365301254574
105,medical,mediceer,0.0186003270732747
105,medical,medicent,0.0772901973472418
105,medical,mediceal,0.151966804944567
105,medical,medicing,0.1553621927848
105,medical,mediciti,0.182822273260122
105,medical,medicity,0.175828436141513
105,medical,medicive,0.172650435760766
105,medical,medicize,0.163275328944706
105,medical,medics's,0.109365301254574
105,medical,medicant,0.0451540946052405
105,medical,medicals,0.192867768869643
105,medical,medicate,0.212692952952612
105,medical,medicalized,0.183294446761161
105,medical,medicalizes,0.191871353643532
105,medical,medicalness,0.140965446838239
105,medical,medicateing,0.109365301254574
105,medical,medications,0.412607344650341
105,medical,medicication,0.147394794310424
105,medical,medicator,0.096303616495991
105,medical,medicates,0.170919624455193
105,medical,medicated,0.204329969494648
105,medical,medicants,0.104220829928989
105,medical,medicance,0.161046364355057
105,medical,medicancy,0.154494907418976
105,medical,medically,0.325938040330218
105,medical,medicalli,0.154494907418976
105,medical,medicaled,0.1744137970243
105,medical,medical's,0.233436348043644
105,medical,medicably,0.109365301254574
105,medical,medicable,0.0708632712942149
105,medical,medicence,0.145781996367847
105,medical,medicical,0.171873330314991
105,medical,medicitys,0.154494907418976
105,medical,medicment,0.109365301254574
105,medical,medice,0.144173851786257
105,medical,medics,0.206759879424447
105,services,serviceableness,-0.0217163593137428
105,services,servicibility,0.0895875319154342
105,services,servicableness,-0.00467944994610983
105,services,servicer,0.105840364843513
105,services,serviced,0.120359937208294
105,services,servic's,0.0241287906166742
105,services,servical,-0.0193194916323814
105,services,service's,0.12045361056028
105,services,serviceal,0.0771767848098625
105,services,serviceer,-0.0882352037064396
105,services,serviceds,0.106940435137009
105,services,serviceli,0.0469951775611673
105,services,servicely,0.0469951775611673
105,services,servicers,0.106987245720418
105,services,servicals,-0.0378279430018415
105,services,servicous,0.0946790673375964
105,services,servicing,0.172139405609317
105,services,servicity,0.0469951775611673
105,services,servicefulness,-0.0311855157868778
105,services,serviceables,0.0895875319154342
105,services,servics,0.116167257919425
105,services,service,0.278418596719657
105,services,servicator,0.0895875319154342
105,services,servicably,0.0373293295981107
105,services,servicable,-0.0074397321628284
105,services,serviced's,0.0895875319154342
105,services,serviceing,0.0806206004961331
105,services,serviceity,0.0895875319154342
105,services,serviceive,0.0685808344807926
105,services,serviceers,0.0489069678907938
105,services,serviceful,0.0367459382693318
105,services,servicered,0.0895875319154342
105,services,servicer's,0.0883527149046071
105,services,services's,0.123858819879508
105,services,servicence,0.0469951775611673
105,services,servicible,0.0152289387366789
105,services,servicings,0.0818987865682005
105,services,servicitis,0.0469951775611673
105,services,servicized,0.0657909274528334
105,services,servicment,0.0469951775611673
105,services,servicization,0.0685808344807926
105,services,servic,0.127600150081972
105,services,servicability,0.0192670440367342
105,services,serviceational,0.0500991577312334
105,services,serviceability,0.0727769487385243
105,services,serviceableness's,0.0895875319154342
105,services,serviceable,0.0266298265578718
105,services,serviceably,-0.00134528121125969
105,services,serviceally,0.0989324261797578
105,services,serviceence,0.0895875319154342
105,services,serviceical,0.0895875319154342
105,services,serviceness,0.0917713791254704
105,services,servicement,0.013425994043086
105,services,servicering,0.0160633142934207
105,services,servicing's,0.0809044674425729
105,services,servicizing,0.0791878158318808
105,services,serviceabilities,0.0819281843246224
105,services,servicments,0.0917713791254704
106,universal,universalizations,0.239672690230614
106,universal,universalization,0.261210617911409
106,universal,universed,0.0860605489450805
106,universal,universes,0.217181174757249
106,universal,universer,0.0422311168101381
106,universal,universability,0.21993701955175
106,universal,universityeds,0.17682552312638
106,universal,universalism's,0.243982412262505
106,universal,universality's,0.170922668665718
106,universal,universalities,0.21664025419536
106,universal,universalizers,0.24018595976157
106,universal,universalizing,0.273435605531208
106,universal,universant,0.124648383739554
106,universal,universals,0.328187210933446
106,universal,universers,0.160222280678513
106,universal,universely,0.0712643983719452
106,universal,universeal,0.174850770452395
106,universal,universe's,0.202697954096879
106,universal,universism,0.188483871936265
106,universal,universiti,0.0485350819340239
106,universal,university,0.105657962003872
106,universal,universive,0.0940107428604782
106,universal,universing,0.106175392660147
106,universal,universion,0.116633894154019
106,universal,universalizes,0.24563508367907
106,universal,universalizer,0.17682552312638
106,universal,universalized,0.267948252147551
106,universal,universalisms,0.239586902034802
106,universal,universalness,0.218062998055013
106,universal,universallis,0.224699449165754
106,universal,universaling,0.153959136181887
106,universal,universalism,0.309135326374464
106,universal,universality,0.367404302249807
106,universal,universalize,0.249702494514025
106,universal,universation,0.224699449165754
106,universal,universative,0.17682552312638
106,universal,universeness,0.153959136181887
106,universal,universioned,0.17682552312638
106,universal,universities,0.114984109550627
106,universal,universitied,0.0986448297783351
106,universal,universiti's,0.17682552312638
106,universal,universityed,0.153959136181887
106,universal,university's,0.0730054017273173
106,universal,universably,0.106175392660147
106,universal,universable,0.224699449165754
106,universal,universator,0.230176877270599
106,universal,universal's,0.402137110437021
106,universal,universally,0.311771513796838
106,universal,universeity,0.051082981965938
106,universal,universitis,0.0861536758419208
106,universal,universitys,-0.0494209776333871
106,universal,universical,0.230176877270599
106,universal,universible,0.153959136181887
106,universal,universe,0.264623551618184
106,universal,universalnesses,0.130242104641077
106,universal,universities's,0.0670850459861249
106,animal,anim,0.125221490052834
106,animal,animable,0.143082324058167
106,animal,animancy,0.0769087606205112
106,animal,animants,0.0673736269000609
106,animal,animal's,0.388460731764285
106,animal,animaled,0.162801393025851
106,animal,animally,0.207197285997287
106,animal,animates,0.132563400674043
106,animal,animated,0.173752523035207
106,animal,animator,0.111642140066518
106,animal,animeing,0.11098312056704
106,animal,animeism,0.150073467241063
106,animal,animeful,0.150073467241063
106,animal,animence,0.150073467241063
106,animal,animeous,0.150073467241063
106,animal,animes's,0.0490263869485244
106,animal,animeals,0.244782643566893
106,animal,animeate,0.150073467241063
106,animal,animisms,0.162647223067786
106,animal,animizer,0.196859104558203
106,animal,animized,0.134896081896859
106,animal,animical,0.1804013278639
106,animal,animalitis,0.196738689914389
106,animal,animalisms,0.2372578883939
106,animal,animalitys,0.196738689914389
106,animal,animalized,0.206010953583753
106,animal,animalizes,0.221299677004682
106,animal,animalizer,0.156178540533563
106,animal,animally's,0.150073467241063
106,animal,animalness,0.22781285761717
106,animal,animancies,0.150073467241063
106,animal,animaling,0.196859104558203
106,animal,animalize,0.108880386630481
106,animal,animality,0.234466910013791
106,animal,animalism,0.243513736990019
106,animal,animals's,0.194310211402434
106,animal,animant's,0.150073467241063
106,animal,animanted,0.148781462247475
106,animal,animate's,0.0581230231666867
106,animal,animateds,0.172469556888608
106,animal,animately,0.122024255574101
106,animal,animation,0.111473700259968
106,animal,animating,0.104507923192075
106,animal,animative,0.141997428087376
106,animal,animators,0.122203339477189
106,animal,animated's,0.0718927738930175
106,animal,animatedly,0.121638329227843
106,animal,animateing,0.150073467241063
106,animal,animatings,0.196859104558203
106,animal,animations,0.103143987459242
106,animal,animator's,0.144536205903255
106,animal,animatored,0.127207080296569
106,animal,animeated,0.156178540533563
106,animal,animeator,0.11098312056704
106,animal,animeizes,0.150073467241063
106,animal,animeness,0.0748174124842815
106,animal,animering,-0.0159794919055657
106,animal,animism's,0.162801393025851
106,animal,animities,0.0718290209480797
106,animal,animatenesses,0.1804013278639
106,animal,animously,0.156178540533563
106,animal,animateness,0.16664038589485
106,animal,animating's,0.150073467241063
106,animal,animatingly,0.140599261956802
106,animal,animation's,0.0750955979703532
106,animal,animational,0.120395743250519
106,animal,animationed,0.172401145312983
106,animal,anims,0.0504975966051276
106,animal,anime,0.155409601897463
106,animal,animability,0.143082324058167
106,animal,animationing,0.150073467241063
106,animal,animations's,0.0917013720463212
106,animal,animalism's,0.143082324058167
106,animal,animality's,0.196859104558203
106,animal,animalities,0.175211052944223
106,animal,animalizers,0.196859104558203
106,animal,animalizing,0.187960967668826
106,animal,animalizations,0.178895162917702
106,animal,animeality,0.0231108547684569
106,animal,animeation,0.0968080391320032
106,animal,animeicity,0.196859104558203
106,animal,animationally,0.201657877301105
106,animal,animerings,0.150073467241063
106,animal,animationalism,0.127207080296569
106,animal,animli,0.207850414562097
106,animal,animic,0.14406556347554
106,animal,animed,0.193720868515939
106,animal,animes,0.0312952207960786
106,animal,animer,0.0768780626746112
106,animal,anim's,0.11098312056704
106,animal,animalization,0.243629807255036
106,animal,animics,0.127207080296569
106,animal,animeli,0.127207080296569
106,animal,animeic,0.156178540533563
106,animal,animeer,0.127207080296569
106,animal,animers,0.14269012135001
106,animal,animiti,0.196859104558203
106,animal,animity,0.1804013278639
106,animal,animism,0.210996311997314
106,animal,animize,0.184750569302644
106,animal,animous,0.134262476802424
106,animal,animeal,0.203017506125806
106,animal,anime's,0.100084060951678
106,animal,animals,0.49745905170322
106,animal,animate,0.14120513896183
106,animal,animant,0.0757186622077588
106,animal,animically,0.0718927738930175
106,cuts,cut,0.379384873260814
106,cuts,cutness,0.13228597584249
106,cuts,cutteds,0.214197882863154
106,cuts,cutting,0.323108444296834
106,cuts,cutting's,0.134289910322702
106,cuts,cuttingly,0.0552817206009307
106,cuts,cut's,0.282987702374627
106,cuts,cutly,0.134637800601069
106,cuts,cuttings,0.132890649080524
106,cuts,cutlis,0.129374762300145
106,cuts,cutted,0.147749856183281
106,cuts,cuts's,0.286937713636934
106,reviews,review's,0.123191604807059
106,reviews,reviewed,0.253873173317285
106,reviews,reviewal,0.0585230985438217
106,reviews,reviewes,0.142406031461967
106,reviews,reviewer,0.28628295854129
106,reviews,reviewables,0.142665612544922
106,reviews,reviewering,0.0587623724387831
106,reviews,reviewers's,0.0950481981593684
106,reviews,reviewe,0.16144544078878
106,reviews,reviewing's,0.0978527191128056
106,reviews,reviewability,0.0374392052175118
106,reviews,review,0.418745264578069
106,reviews,reviewful,0.1425139869423
106,reviews,revieweer,0.1425139869423
106,reviews,revieweds,0.1425139869423
106,reviews,reviewers,0.265925789445094
106,reviews,reviewals,0.107620930050177
106,reviews,reviews's,0.169182697997935
106,reviews,reviewing,0.165089894677576
106,reviews,reviewable,0.0497204765628509
106,reviews,reviewedly,0.0749863321683125
106,reviews,revieweing,0.104910716073502
106,reviews,reviewence,0.0978527191128056
106,reviews,reviewerly,0.153823758432745
106,reviews,reviewered,0.1425139869423
106,reviews,reviewer's,0.209704083626634
106,reviews,reviewiced,0.0978527191128056
106,reviews,reviewings,0.0628066236607144
106,reviews,reviewitis,0.1425139869423
107,cass,cassing's,0.320403007669444
107,cass,cassing,0.18557963197056
107,cass,casse's,0.274066681335069
107,cass,cassely,0.185172626401837
107,cass,casseli,0.248518016974086
107,cass,casselys,0.297536620724951
107,cass,casselis,0.268728380162167
107,cass,cassings,0.297536620724951
107,cass,cassness,0.297536620724951
107,cass,cassness's,0.320403007669444
107,cass,casse,0.17947805952751
107,cass,cass's,0.47249014186126
107,cass,casses,0.210589384107692
107,cass,cassed,0.230777259013104
107,county,countie's,0.118368537545437
107,county,countiing,0.0141670816892032
107,county,countying,0.111502600936028
107,county,countys's,0.172288161000326
107,county,counties's,0.159724024291386
107,county,countys,0.218038780241141
107,county,countis,0.104951235449627
107,county,countie,0.189954992382047
107,county,county's,0.399637417617936
107,county,countied,0.158636590955692
107,county,counties,0.509099346153327
107,county,counti,0.116310885639942
107,missouri,missouriants,0.185594118701724
107,missouri,missouri's,0.363122988340483
107,missouri,missourier,0.233824756154807
107,missouri,missouries,0.252380861542488
107,missouri,missourial,0.233824756154807
107,missouri,missouriallied,0.233824756154807
107,missouri,missoury,0.240699976100138
107,missouri,missouris,0.274473606605001
107,missouri,missourie,0.25356226819642
108,ralph,ralphe,0.246498167547439
108,ralph,ralphs,0.24241100328141
108,ralph,ralphings,0.244548346589496
108,ralph,ralphed,0.195887964233414
108,ralph,ralphes,0.255228167089757
108,ralph,ralph's,0.442707235578575
108,ralph,ralphe's,0.234988866942753
108,ralph,ralphing,0.190905811979425
108,ralph,ralphs's,0.234988866942753
108,owen,owening,0.221629455266204
108,owen,owenism,0.43153043054339
108,owen,owenize,0.236706258707043
108,owen,owens's,0.143623746953165
108,owen,oweners,0.132426220096362
108,owen,owenities,0.310812771306649
108,owen,owen's,0.478628734654529
108,owen,owened,0.0800396302418591
108,owen,owener,0.14482321948356
108,owen,owenes,0.257035990806613
108,owen,owenly,0.237288553684636
108,owen,owenator,0.220482298977513
108,owen,owener's,0.188771079232728
108,owen,owenings,0.323992988832379
108,owen,owenized,0.181391952303491
108,owen,owens,0.267390902692224
108,owen,owene,0.217720366506643
108,brewster,brewsters's,0.318388132880431
108,brewster,brewsters,0.448967154398769
108,brewster,brewstere,0.388170695125843
108,brewster,brewster's,0.542155156644923
108,brewster,brewstered,0.289579892317647
109,mayo,mayos's,0.3261755946953
109,mayo,mayos,0.352826919641941
109,mayo,mayoe,0.267145948033757
109,mayo,mayoness,0.274334930948032
109,mayo,mayoed,0.303415681621153
109,mayo,mayoes,0.315201567791925
109,mayo,mayo's,0.496746025564881
109,clinic,clinice,0.283105995735077
109,clinic,clinics,0.52248002926788
109,clinic,clinical's,0.160658549495306
109,clinic,clinicaled,0.257111613104561
109,clinic,clinically,0.293482676319213
109,clinic,clinicical,0.206036791856586
109,clinic,clinicized,0.270513960343827
109,clinic,cliniced,0.242664183092161
109,clinic,clinices,0.232373850730937
109,clinic,clinical,0.404457541255679
109,clinic,clinic's,0.467931516251639
109,clinic,clinicly,0.157322680967569
109,clinic,clinicalize,0.158892395561286
109,clinic,clinicality,0.181758782505779
109,clinic,clinicalism,0.150198998713569
109,clinic,clinication,0.169174501672524
109,clinic,clinicalities,0.220849129179801
109,clinic,clinicically,0.158892395561286
109,clinic,clinics's,0.246397201040238
109,clinic,clinicals,0.245722935680822
109,clinic,clinicing,0.272199106606927
109,clinic,clinicics,0.177828141472133
109,clinic,clinicism,0.124675663807305
109,clinic,clinicers,0.270513960343827
109,clinic,clinicely,0.220849129179801
109,clinic,clinicalized,0.220849129179801
109,clinic,clinicalness,0.220849129179801
109,clinic,clinicalization,0.197982742235308
109,jacksonville,jacksonvilles,0.367496243463842
109,jacksonville,jacksonville's,0.483869779368784
109,fl,fl's,0.269162387996411
110,map,maps,0.223429226739066
110,map,mapness,0.0714886409265671
110,map,mapping,0.146852499753941
110,map,map's,0.157699159875708
110,map,mapping's,0.0712323386770714
110,map,mappings,0.0679564081822157
110,map,mapped,0.113007010524892
110,map,maps's,0.0795157404125027
110,of,ofs,0.00614175589290985
110,of,of's,0.00643403425707953
110,of,offingly,0.0059504493807601
110,of,offing,0.00987707151335128
110,of,offeds,0.00683138626750247
110,of,ofness,0.00664971872357282
110,of,offings,0.00257138870584395
110,of,offully,0.00609550162185656
110,of,offul,0.00609550162185656
110,of,offed,0.00887541135480808
110,of,ofs's,0.00700494571252927
110,brazil,braziller,0.0469413104495329
110,brazil,brazillal,0.166838471521488
110,brazil,brazils's,0.173625554643992
110,brazil,brazile's,0.0959765349048332
110,brazil,brazilers,0.223393908881605
110,brazil,brazility,0.202234657253893
110,brazil,brazilive,0.177581600493027
110,brazil,braziling,0.219530191810751
110,brazil,brazill's,0.10914838615675
110,brazil,brazillive,0.214306118668632
110,brazil,brazilness,0.226485795584136
110,brazil,brazilation,0.214306118668632
110,brazil,brazile,0.0479139340568212
110,brazil,brazill,0.162217342341379
110,brazil,brazils,0.290440249983322
110,brazil,braziller's,0.0961883410552557
110,brazil,brazillives,0.214306118668632
110,brazil,brazilization,0.190509514206031
110,brazil,braziled,0.214306118668632
110,brazil,braziler,0.140781901046619
110,brazil,braziles,0.162623484977818
110,brazil,brazills,0.166838471521488
110,brazil,brazil's,0.4288716873869
111,lymphoma,lymphomas,0.664995832446158
111,lymphoma,lymphoma's,0.446923147563709
111,in,ins,0.0189381751530535
111,in,in's,0.0139637308579651
111,in,inly,-0.00792602078492762
111,in,inli,0.00908532609766153
111,in,infully,0.00984546207758167
111,in,inlying,0.00282680317702775
111,in,infulness,0.00881013560997146
111,in,inful,0.00841162900598314
111,in,inlis,-0.00684991527340562
111,in,inned,0.0090942303529206
111,in,ins's,0.0109037235659964
111,in,inness's,0.0105672632475631
111,in,innessed,0.00881013560997146
111,in,innesses,0.00918373513512109
111,in,infuls,0.00902489752673057
111,in,inlied,0.00881013560997146
111,in,inlies,0.0095904232653069
111,in,inlyed,0.00881013560997146
111,in,inness,0.00918328661190103
111,dogs,dog,0.534545493622107
111,dogs,dogged,0.146875814297606
111,dogs,dogful,0.163276018260332
111,dogs,dogs's,0.282267698168992
111,dogs,doglis,0.146121574312259
111,dogs,doggingly,0.186142405204825
111,dogs,dog's,0.474224375828491
111,dogs,dogli,0.062228937967794
111,dogs,dogly,0.174943880272378
111,dogs,dogfully,0.234395347262101
111,dogs,doggedly,0.129481605019385
111,dogs,doggings,0.186142405204825
111,dogs,dogging,0.160338506395882
111,dogs,dogness,0.287100929047622
112,kenmore,kenmorer,0.433661113053696
112,kenmore,kenmores,0.45589464147197
112,kenmore,kenmor,0.301777354839615
112,kenmore,kenmors,0.433661113053696
112,kenmore,kenmore's,0.666438623331525
112,gas,gas's,0.284326937670865
112,water,waters,0.314677716417182
112,water,watere,0.162389312126264
112,water,watering,0.242617893298706
112,water,waterize,0.1169342338195
112,water,waterous,0.122091088742465
112,water,waterate,0.0570489276778822
112,water,watere's,0.144161389855265
112,water,waterers,0.169574054158495
112,water,waterful,0.147195592858824
112,water,waters's,0.0401054563350722
112,water,waterred,0.142223936575844
112,water,water's,0.24514871239216
112,water,watered,0.212071663628624
112,water,wateres,0.109909456155655
112,water,waterer,0.181617323898123
112,water,waterli,0.146175292221778
112,water,waterly,0.113213290213158
112,water,waterably,0.1407308382821
112,water,waterable,0.126865855298406
112,water,waterer's,0.110624639894514
112,water,watereing,0.086954057782064
112,water,waterfuls,0.104292971147548
112,water,waterered,0.10005027425746
112,water,waterized,0.144161389855265
112,water,waterizer,0.1407308382821
112,water,waterings,0.205505367075318
112,water,watericed,0.1407308382821
112,water,waterness,0.121892905985596
112,water,waterly's,0.163779842370038
112,water,waterring,0.12729075308036
112,water,waterering,0.137420481357042
112,water,watering's,0.154356465906907
112,water,wateringly,0.0853703133991067
112,water,waterizing,0.14669862092288
112,water,waterrings,0.150430148299573
112,water,waterability,0.0961392743519047
112,water,waterallied,0.1407308382821
112,heater,heateration,0.298012106455021
112,heater,heateres,0.328656708720386
112,heater,heaterer,0.350815971056423
112,heater,heatered,0.298012106455021
112,heater,heater's,0.465782042498592
112,heater,heatering,0.303804404169655
112,heater,heaters's,0.310135407031782
112,heater,heatere,0.365323977576265
112,heater,heaters,0.576799799603908
113,hp,hp's,0.4804241136237
113,mini,miny,0.214522214843181
113,mini,minis,0.314498096909154
113,mini,minie,0.181928963634418
113,mini,minys,0.120147763047817
113,mini,minying's,0.16437842760508
113,mini,mininess,0.117288654253502
113,mini,miniely,0.0682383930114955
113,mini,minieli,0.16437842760508
113,mini,minie's,0.102421693986564
113,mini,miniing,0.128751029720674
113,mini,minying,0.0131173255991482
113,mini,minyed,0.16437842760508
113,mini,miny's,0.187949394315578
113,mini,minies,0.157332126455258
113,mini,minied,0.110612211738827
113,mini,mini's,0.286791503494497
114,adobe,adob,0.217782166352379
114,adobe,adobs,0.242564086924206
114,adobe,adobably,0.184385204495844
114,adobe,adobable,0.178789882137137
114,adobe,adobes's,0.228428567437899
114,adobe,adob's,0.184385204495844
114,adobe,adober,0.276542421964248
114,adobe,adobes,0.237436187822245
114,adobe,adobed,0.227260204797618
114,adobe,adobeli,0.232566662637174
114,adobe,adobe's,0.407095737328435
114,adobe,adobant,0.16151881755135
114,adobe,adobeisms,0.232566662637174
114,adobe,adobeized,0.238235867341094
114,indian,indians,0.438283442506561
114,indian,indiane,0.224555227281398
114,indian,indianational,0.158033125917004
114,indian,indianics,0.19495303815221
114,indian,indianity,0.205732442827516
114,indian,indianism,0.233454727839879
114,indian,indianize,0.190988042744095
114,indian,indianing,0.19495303815221
114,indian,indians's,0.167418925453057
114,indian,indiane's,0.12537552268717
114,indian,indianate,0.171156433689609
114,indian,indianers,0.139902991661751
114,indian,indianeer,0.158033125917004
114,indian,indianization,0.231813929188995
114,indian,indian's,0.28669097029946
114,indian,indianed,0.186049202447567
114,indian,indianal,0.0569516520429547
114,indian,indianly,0.12537552268717
114,indian,indianic,0.0285977544037792
114,indian,indianer,0.177706738211343
114,indian,indianes,0.168994353911212
114,indian,indianalli,0.148241909631663
114,indian,indianisms,0.219949952552002
114,indian,indianizes,0.206032819882853
114,indian,indianized,0.263032814384391
114,indian,indianic's,-0.000638860759765975
114,indian,indianness,0.261265106184823
114,indian,indianation,0.19495303815221
114,indian,indianizing,0.223059036727497
114,indian,indianationality,0.206032819882853
114,houses,hous,0.136455776798249
114,houses,houseful,0.117108660358016
114,houses,houseing,0.191084892263781
114,houses,houses's,0.217417680595203
114,houses,housings,0.0382022226693351
114,houses,housness,0.0842229952356368
114,houses,house's,0.253955468543983
114,houses,houseds,0.231827859710393
114,houses,housely,0.0956540514133607
114,houses,housing,0.283230113778768
114,houses,house,0.32195539603649
114,houses,housnesses,0.219360903784954
114,houses,housefully,0.207412661284026
114,houses,hous's,0.148829276390758
114,houses,housed,0.303376035550003
114,houses,housefuls,0.134534204112789
114,houses,houseings,0.101045532869018
114,houses,houselied,0.148829276390758
114,houses,housely's,0.132605316661228
114,houses,houseness,0.137999775735673
114,houses,housfully,0.171695663335251
114,houses,housing's,0.155422094352285
115,pacific,pacificate,0.119002048434005
115,pacific,pacificity,0.087331558678036
115,pacific,pacifism's,0.11468086020481
115,pacific,pacifivity,0.149288292296552
115,pacific,pacificates,0.17954956121197
115,pacific,pacificated,0.152882568574773
115,pacific,pacificator,0.135774674682491
115,pacific,pacifically,0.121971906847888
115,pacific,pacificness,0.195875134373506
115,pacific,pacife,0.172245383791491
115,pacific,pacificational,0.0320172522744841
115,pacific,pacification's,0.154743846274686
115,pacific,pacificating,0.186313913566059
115,pacific,pacification,0.138363003017224
115,pacific,pacificators,0.148345682998111
115,pacific,pacif,0.187878448102734
115,pacific,pacifer's,0.149288292296552
115,pacific,pacifeers,0.149288292296552
115,pacific,pacifical,0.183117992089454
115,pacific,pacificed,0.134771934177123
115,pacific,pacificly,0.13156481976685
115,pacific,pacific's,0.332344728497722
115,pacific,pacifisms,0.145096396348052
115,pacific,pacifications,0.175440520984254
115,pacific,pacifeic,0.196041988254091
115,pacific,pacifers,0.0751924940525898
115,pacific,pacifism,0.102491472651421
115,pacific,pacifing,0.0976136647892746
115,pacific,pacifity,0.087331558678036
115,pacific,pacifics,0.277951456014954
115,pacific,pacifed,0.149288292296552
115,pacific,pacifer,0.0414681744374193
115,northwest,northwester's,0.188504080172041
115,northwest,northwesterly,0.345823339343903
115,northwest,northwestness,0.242280860672077
115,northwest,northwestering,0.170853284217409
115,northwest,northwesters,0.255397725913921
115,northwest,northwests,0.238793687470264
115,northwest,northweste,0.114747155738389
115,northwest,northwester,0.183968352783503
115,northwest,northwested,0.201600296647437
115,northwest,northwest's,0.370456515157708
115,northwest,northwestly,0.190666791906024
115,northwest,northwesterlies,0.240352619858564
115,laboratory,laboratorial,0.24503147238653
115,laboratory,laboratoried,0.131174905670594
115,laboratory,laboratories,0.485784058368906
115,laboratory,laboratorier,0.150895814687058
115,laboratory,laboratory's,0.408413092669974
115,laboratory,laboratoryed,0.234573300862774
115,laboratory,laboratorie's,0.18255585768244
115,laboratory,laboratorying,0.252620919791259
115,laboratory,laboratorys,0.225036878643535
115,laboratory,laboratorie,0.183907943501254
115,laboratory,laboratoris,0.116269402457711
115,laboratory,laboratori,0.183786342544198
115,laboratory,laboratorially,0.264899377662691
115,laboratory,laboratories's,0.241362024401442
116,california,californias,0.239662458754947
116,california,californiae,0.175595578932544
116,california,californiaallied,0.164137459524471
116,california,californias's,0.133426466124441
116,california,californiaism,0.0366969986458255
116,california,californiaable,0.0442275615276379
116,california,californiaized,0.0920113050493774
116,california,californianess,0.164137459524471
116,california,californiaed,0.114877691993871
116,california,californiaal,0.0920113050493774
116,california,california's,0.381543500140161
116,franchise,franchisal,0.235172836009647
116,franchise,franchises,0.629543592230793
116,franchise,franchiser,0.364400823834496
116,franchise,franchised,0.455600831852649
116,franchise,franchisability,0.336793225017561
116,franchise,franchisable,0.349040192557579
116,franchise,franchiseers,0.288949616509684
116,franchise,franchiseing,0.287551142705476
116,franchise,franchiser's,0.352349273906233
116,franchise,franchisered,0.265153012047083
116,franchise,franchises's,0.238564129154972
116,franchise,franchisings,0.284699157669004
116,franchise,franchisant,0.248269052485043
116,franchise,franchising,0.566382336990709
116,franchise,franchisely,0.238564129154972
116,franchise,franchiseds,0.265153012047083
116,franchise,franchisent,0.288949616509684
116,franchise,franchisers,0.356335181044261
116,franchise,franchise's,0.486336571272986
116,franchise,franchisibility,0.295993250823121
116,franchise,franchiseability,0.30120271275011
116,franchise,franchisation,0.265282257423091
116,franchise,franchiseable,0.332610611099774
116,franchise,franchisement,0.268670494183395
116,franchise,franchising's,0.376968255666043
116,tax,taxingly,0.0822386795468775
116,tax,taxs,0.137032371403289
116,tax,taxe,0.0471275875523015
116,tax,taxes's,0.0879767972546388
116,tax,taxings,0.0579450081863877
116,tax,tax's,0.140221885322786
116,tax,taxes,0.230448893753616
116,tax,taxed,0.216021332358882
116,tax,taxe's,0.114498066927649
116,tax,taxeli,0.0454474070766622
116,tax,taxeds,0.0710928376925991
116,tax,taxing,0.182703286610372
116,board,boardeli,0.0718367498726755
116,board,boarding,0.149571215725089
116,board,boarde's,0.0961942200595781
116,board,boards's,0.120603526901025
116,board,boardeing,0.073327833115085
116,board,boardding,0.0961942200595781
116,board,boarded's,0.140788019212153
116,board,boardings,0.125439377568231
116,board,boardness,0.0932801570543722
116,board,board's,0.298590091376359
116,board,boardes,0.142421534649274
116,board,boarded,0.171458141546327
116,board,boardly,0.108973676429493
116,board,boardli,0.140788019212153
116,board,boardeli's,0.140788019212153
116,board,boarding's,0.0887423884227229
116,board,boarde,0.11421796465727
116,board,boards,0.289487456436659
117,dangers,danger,0.379688803217862
117,dangers,dangeral,0.209549417732361
117,dangers,dangerly,0.209549417732361
117,dangers,dangered,0.188582616432753
117,dangers,dangerer,0.1601769649471
117,dangers,dangeres,0.285014083354066
117,dangers,danger's,0.177225810544484
117,dangers,dangerality,0.1601769649471
117,dangers,dangerism's,0.238357658295145
117,dangers,dangerizing,0.261224045239638
117,dangers,dangerously,0.261846068786512
117,dangers,dangerous's,0.164297225736712
117,dangers,dangerization,0.248054182274184
117,dangers,dangere,0.236805386837325
117,dangers,dangerful,0.218074006236748
117,dangers,dangerism,0.222133698565615
117,dangers,dangering,0.159780409324342
117,dangers,dangerics,0.238357658295145
117,dangers,dangerous,0.367751545387768
117,dangers,dangerred,0.238357658295145
117,dangers,dangereously,0.222133698565615
117,dangers,dangerously's,0.0753538443840908
117,dangers,dangerouslies,0.261224045239638
117,dangers,dangerousness,0.211357048265028
117,dangers,dangerable,0.261224045239638
117,dangers,dangereous,0.193002039673522
117,dangers,dangerings,0.261224045239638
117,dangers,dangerlies,0.222133698565615
117,dangers,dangerness,0.1601769649471
117,dangers,dangerouslys,0.261224045239638
117,of,ofs,0.00614175589290985
117,of,of's,0.00643403425707953
117,of,offingly,0.0059504493807601
117,of,offing,0.00987707151335128
117,of,offeds,0.00683138626750247
117,of,ofness,0.00664971872357282
117,of,offings,0.00257138870584395
117,of,offully,0.00609550162185656
117,of,offul,0.00609550162185656
117,of,offed,0.00887541135480808
117,of,ofs's,0.00700494571252927
117,asbestos,asbesto,0.453296493273418
117,asbestos,asbestos's,0.375176312339142
117,asbestos,asbestoes,0.357914202658201
117,asbestos,asbestoe,0.367869965598068
118,poem,poemings,0.294785123256401
118,poem,poemness,0.301971007890341
118,poem,poemed,0.303726924923328
118,poem,poemes,0.2525846973499
118,poem,poem's,0.503436069583065
118,poem,poeme,0.263060558220245
118,poem,poems,0.616376071495978
118,poem,poems's,0.302762752074363
118,poem,poeming,0.315171429886395
118,poem,poemmed,0.294785123256401
118,in,ins,0.0189381751530535
118,in,in's,0.0139637308579651
118,in,inly,-0.00792602078492762
118,in,inli,0.00908532609766153
118,in,infully,0.00984546207758167
118,in,inlying,0.00282680317702775
118,in,infulness,0.00881013560997146
118,in,inful,0.00841162900598314
118,in,inlis,-0.00684991527340562
118,in,inned,0.0090942303529206
118,in,ins's,0.0109037235659964
118,in,inness's,0.0105672632475631
118,in,innessed,0.00881013560997146
118,in,innesses,0.00918373513512109
118,in,infuls,0.00902489752673057
118,in,inlied,0.00881013560997146
118,in,inlies,0.0095904232653069
118,in,inlyed,0.00881013560997146
118,in,inness,0.00918328661190103
118,your,yourelied,0.0404543927007764
118,your,your's,0.0671168829188772
118,your,yourli,0.0285183174648858
118,your,youred,0.0377494605694543
118,your,youres,0.0402953786067283
118,your,yourly,-0.000217330208406571
118,your,youre's,-0.000217330208406571
118,your,yourely,0.0277447482836207
118,your,yourful,0.0404543927007764
118,your,youring,0.0234840355168208
118,your,yourred,0.0414405367628395
118,your,yours's,0.0414405367628395
118,your,yourrings,0.0404543927007764
118,your,youre,0.0769652079751723
118,your,yours,0.126872527556777
118,your,yourings,0.0166577882381756
118,your,yourness,0.0111961101434625
118,your,yourlies,0.0404543927007764
118,your,yournessed,0.0414405367628395
118,pocket,pocketli,0.0995318380776047
118,pocket,pocketer,0.149862866301636
118,pocket,pocketes,0.125021742204956
118,pocket,pocketed,0.264951277514994
118,pocket,pocket's,0.305430212700096
118,pocket,pocketable,0.292711457717711
118,pocket,pocketeers,0.118459306244039
118,pocket,pocketfuls,0.172174803230398
118,pocket,pocketings,0.175393852910899
118,pocket,pocketized,0.104906898489889
118,pocket,pocketness,0.22051587437725
118,pocket,pocketting,0.156038705890009
118,pocket,pockete,0.246888985641358
118,pocket,pockets,0.384524724707451
118,pocket,pocketability,0.244862258939376
118,pocket,pocketize,0.244312478839851
118,pocket,pocketism,0.172805485726696
118,pocket,pocketing,0.240528372921679
118,pocket,pocketful,0.178375750188156
118,pocket,pocketeer,0.255577962759068
118,pocket,pocketers,0.0992379947823796
118,pocket,pocketted,0.191300251675898
118,pocket,pockets's,0.156581525997167
118,pocket,pocketables,0.232997726614845
118,pocket,pocketeer's,0.244312478839851
118,pocket,pocketing's,0.244312478839851
118,pocket,pocketable's,0.172805485726696
118,day,daye,0.0752159223080851
118,day,days,0.329354853261633
118,day,days's,0.079051023902051
118,day,dayful,0.0797431990726069
118,day,daying,0.0433948194358687
118,day,daye's,0.0532088542669252
118,day,dayely,0.0634754642982704
118,day,dayeli,0.0941864576983
118,day,daying's,0.0681485353561192
118,day,day's,0.194676091766387
118,day,dayed,0.0434739998176512
118,day,dayes,0.0871263065677984
118,day,dayeing,0.0492606257541923
118,day,dayes's,0.0263942388096991
118,day,dayings,0.0763009205532878
118,day,dayness,0.102143963055599
119,interview,interviews,0.449313143733793
119,interview,interviewe,0.205111540156629
119,interview,interviewal,0.155480323340103
119,interview,interviewer,0.400477926162169
119,interview,interviewes,0.187835563248291
119,interview,interviewed,0.423747613776921
119,interview,interview's,0.279202898635345
119,interview,interviewability,0.13261393639561
119,interview,interviewables,0.155480323340103
119,interview,interviewing's,0.155480323340103
119,interview,interviewingly,0.211072461392467
119,interview,interviewancy,0.202485914612953
119,interview,interviewable,0.219177389564724
119,interview,interviewered,0.211072461392467
119,interview,interviewer's,0.308270722936785
119,interview,intervieweers,0.155480323340103
119,interview,intervieweing,0.116389976666081
119,interview,interviewings,0.197420891347834
119,interview,interviewness,0.155480323340103
119,interview,interviewant,0.178415760740007
119,interview,interviewers,0.33722440199608
119,interview,interviewent,0.161461031517899
119,interview,intervieweds,0.202485914612953
119,interview,intervieweer,0.211072461392467
119,interview,interviewe's,0.211072461392467
119,interview,interviews's,0.155480323340103
119,interview,interviewize,0.178689310150352
119,interview,interviewing,0.358235084136336
119,thank,thankful's,-0.0175813119447613
119,thank,thankfully,0.211607452935824
119,thank,thankingly,0.157521942942991
119,thank,thanknesses,0.135140395855054
119,thank,thankefully,0.155027499453476
119,thank,thankfulness,0.199551176817669
119,thank,thanke's,0.135140395855054
119,thank,thanks's,0.117654957166069
119,thank,thanking,0.274992311161229
119,thank,thankful,0.291812379894329
119,thank,thanks,0.378256479842509
119,thank,thanke,0.14460803462868
119,thank,thankfulnesses,0.13633207294291
119,thank,thankes,0.127532351290309
119,thank,thanked,0.235162220141996
119,thank,thankly,0.196816450918241
119,thank,thank's,0.22397801693631
119,thank,thankeing,0.185738492853506
119,thank,thankfuls,0.0558640117202153
119,thank,thankings,0.166096887720738
119,thank,thanklies,0.157521942942991
119,thank,thankness,0.161768763166837
119,you,youing,0.0260800941609169
119,you,youings,-0.0132102103423696
119,you,you's,0.054557161268071
119,you,youed,0.0277417570694503
119,you,youingly,0.0338715459349036
120,tv,tv's,0.285576438342715
120,on,ons,0.0171177363857234
120,on,on's,0.0185781436838302
120,on,onli,0.0200381978781566
120,on,onlying,0.0182465391429383
120,on,onned's,0.0187944354846432
120,on,only's,0.0199985858460574
120,on,onlyed,0.0176861697997462
120,on,onlies,0.0140623257546075
120,on,onness,0.019184754100231
120,on,onning,0.00997979881937571
120,on,onful,-0.00653130545003759
120,on,onlys,0.0181466143194264
120,on,onlis,0.0135103575989446
120,on,onned,0.011156342558969
120,on,ons's,0.0107807359959487
120,computer,computationals,0.143447059970207
120,computer,computionally,0.102495621277025
120,computer,computerative,0.0961453273724998
120,computer,computation's,0.162854676026499
120,computer,computationed,0.140737137542987
120,computer,computational,0.278243167706427
120,computer,computatively,0.163070085232134
120,computer,computization,0.0961453273724998
120,computer,computings's,0.0961453273724998
120,computer,computability,0.232882192822496
120,computer,computeability,0.0961453273724998
120,computer,computalized,0.140737137542987
120,computer,computations,0.229120439838008
120,computer,compute,0.204856689351835
120,computer,computs,0.0869603570429509
120,computer,computability's,0.0961453273724998
120,computer,computabilities,0.133053617263385
120,computer,computed,0.163656194955704
120,computer,computes,0.170738444804177
120,computer,computables,0.133567800473059
120,computer,computality,0.144167842671262
120,computer,computating,0.102289454198684
120,computer,computation,0.28167142144838
120,computer,computative,0.143992014106599
120,computer,computators,0.104299537532686
120,computer,computeable,0.144167842671262
120,computer,computeized,0.150436881711815
120,computer,computement,0.140737137542987
120,computer,computering,0.0888705908967784
120,computer,computerred,0.153201809590458
120,computer,computers's,0.172480623365037
120,computer,computted,0.0961453273724998
120,computer,computers,0.374345787305991
120,computer,computent,0.113456849271232
120,computer,computely,0.0660545505928
120,computer,computeer,0.167733839199768
120,computer,computeds,0.139294381680676
120,computer,computize,0.135844702396758
120,computer,computive,0.140737137542987
120,computer,computity,0.100056573518347
120,computer,computics,0.168088950850644
120,computer,compution,0.10713158568539
120,computer,computing,0.349029655611307
120,computer,compute's,0.161340736783784
120,computer,computate,0.0326401444780106
120,computer,computant,0.0857331213046343
120,computer,computing's,0.1691008684678
120,computer,computingly,0.140737137542987
120,computer,computional,0.198368723145971
120,computer,computizing,0.0961453273724998
120,computer,computibility,0.144167842671262
120,computer,computationality,0.150436881711815
120,computer,computationalism,0.167670276372106
120,computer,computeation,0.0570549806984772
120,computer,computationally,0.213555994077574
120,computer,computational's,0.0961453273724998
120,computer,computication,0.0961453273724998
120,computer,computationalisms,0.0444706998652226
120,computer,computerness,0.135844702396758
120,computer,computerring,0.116940533080386
120,computer,comput,0.193410170972226
120,computer,computator,0.0501589123779236
120,computer,computated,0.0886518930868917
120,computer,computates,0.144167842671262
120,computer,computants,0.116940533080386
120,computer,computancy,0.140766300909268
120,computer,computable,0.194791709860114
120,computer,computably,0.17376392863997
120,computer,computedly,0.0781189344396461
120,computer,computed's,0.121899472370734
120,computer,computer's,0.303395622587247
120,computer,computency,0.0113222068094909
120,computer,computerly,0.117521539186151
120,computer,computerli,0.116940533080386
120,computer,computered,0.0940988946413188
120,computer,computeers,0.139259964143074
120,computer,computeize,0.0961453273724998
120,computer,computeing,0.0702190254366944
120,computer,computions,0.0932280350586918
120,computer,computings,0.138697387638751
120,computer,computible,0.113456849271232
120,computer,computized,0.0570549806984772
120,computer,computting,0.117761980106034
121,sit,sits,0.318434971901308
121,sit,sit's,0.247633390616029
121,sit,sitli,0.119949889298094
121,sit,sitly,0.189802020993691
121,sit,sitnessing's,0.189802020993691
121,sit,sittings,0.233885647227747
121,sit,sitted,0.202318849402269
121,sit,sittingly,0.189802020993691
121,sit,sitting's,0.173111090255165
121,sit,sitness,0.220656374971765
121,sit,sitting,0.399090838126302
121,sit,sitnesses,0.189802020993691
121,and,ande,-0.0051217873521299
121,and,ands,0.00951396672338127
121,and,and's,0.00918654534173483
121,and,andli,-0.00661742252138484
121,and,andly,0.0079592134719376
121,and,anded,0.00973701810451341
121,and,andeness,0.00691248818168224
121,and,andeli's,0.00674799443457034
121,and,andelied,0.00691248818168224
121,and,andfully,0.0074518791508814
121,and,anding's,0.00734564434470431
121,and,andingly,0.00734564434470431
121,and,andlying,0.00713150374616293
121,and,andeli,0.000493405021751795
121,and,andely,-0.000522369370824925
121,and,andeds,0.00703414752324862
121,and,ande's,0.000903593864183163
121,and,andded,0.00734564434470431
121,and,anding,0.00791951794593756
121,and,andful,0.00430663391571841
121,and,andding,0.0074518791508814
121,and,andfuls,0.00713150374616293
121,and,andelys,-0.00682966086190919
121,and,andelis,0.00728350871433493
121,and,andes's,0.00182380053559997
121,and,andeing,0.00691248818168224
121,and,andings,0.00838849884148954
121,and,andlies,0.00758078464646153
121,and,andness,0.00728350871433493
121,reach,reach's,0.249543049226305
121,reach,reaches,0.288656544245468
121,reach,reached,0.31177403661547
121,reach,reachly,0.0944713561596875
121,reach,reaching's,0.146145983666965
121,reach,reachingly,0.0931862394951544
121,reach,reache,0.120848069574521
121,reach,reachs,0.148663831503297
121,reach,reachful,0.192771848737113
121,reach,reacheds,0.1192476311151
121,reach,reachely,0.192771848737113
121,reach,reaching,0.328017613917596
121,reach,reaches's,0.146145983666965
121,reach,reacheing,0.19747098772484
121,reach,reachings,0.0977360059534592
121,reach,reachness,0.185475675784413
121,test,testefully,0.0306174086532757
121,test,teste,0.102279763533995
121,test,tests,0.448602983927801
121,test,testfully,0.121382382834575
121,test,testingly,0.102979967295637
121,test,testing's,0.179039403330324
121,test,testely,0.121382382834575
121,test,testeds,0.129399556699351
121,test,testing,0.412471214278895
121,test,teste's,0.14320424619298
121,test,tests's,0.165183499461125
121,test,testted,0.149276915303381
121,test,testeing,0.141039474441182
121,test,testeful,0.0725435061309044
121,test,tested's,0.126320286630941
121,test,testings,0.192948992212307
121,test,testting,0.156262450130099
121,test,test's,0.26711648266166
121,test,testly,0.121382382834575
121,test,tested,0.338438082269576
121,test,testes,0.16799007482288
122,culpeper,culpepe,0.501319121283246
122,culpeper,culpeper's,0.611802767033783
122,culpeper,culpepers,0.494413464125766
122,culpeper,culpep,0.470608127883217
122,national,nationationality,0.114522621067904
122,national,nation,0.293653064659409
122,national,nations's,0.119072006677897
122,national,nationals,0.219316725886269
122,national,nationeal,0.121031294421653
122,national,nationers,0.064932504607761
122,national,nationism,0.114961217930188
122,national,nationing,0.114522621067904
122,national,nationize,0.105727457183629
122,national,nationational,0.109722770421513
122,national,nationization,0.114522621067904
122,national,nationalism,0.242697746665431
122,national,nationaliti,0.0907260166053034
122,national,nationality,0.189796773304508
122,national,nationaling,0.122415634563102
122,national,nationalize,0.145504540482238
122,national,nationallys,0.114522621067904
122,national,nationals's,0.0945733122909788
122,national,nationities,0.114522621067904
122,national,nationizing,0.117314303137472
122,national,nationalism's,0.132146610884893
122,national,nationality's,0.0910461404752604
122,national,nationalities,0.166909370676518
122,national,nationalitied,0.0709555454343196
122,national,nationalizing,0.160901009473263
122,national,nationalize's,0.0480891584898264
122,national,nationalizers,0.120291296613967
122,national,nations,0.278266778382986
122,national,natione,0.0976260039074306
122,national,nationalization's,0.127980790837448
122,national,nationly,0.114522621067904
122,national,nationic,0.0709555454343196
122,national,nationed,0.110409441282547
122,national,nationes,0.0602613929110831
122,national,nationer,0.0397845790782108
122,national,nation's,0.266068459959087
122,national,nationalitys,0.0381169765245802
122,national,nationalisms,0.165554495892288
122,national,nationalized,0.186147282400951
122,national,nationalizes,0.135864500137094
122,national,nationalizer,0.0325453893756322
122,national,nationallied,0.0331614930186232
122,national,nationalness,0.103042112841744
122,national,nationations,0.114522621067904
122,national,nationalization,0.194839913935062
122,national,nationally,0.244006561215039
122,national,national's,0.184023583640793
122,national,nationeers,0.114522621067904
122,national,nationized,0.0738420570432637
122,national,nationisms,0.114522621067904
122,national,nationness,0.128489194728692
122,national,nationlied,0.114522621067904
122,national,nationalizations,0.158066263110189
122,cemetery,cemeteriness,0.303059244995504
122,cemetery,cemeteri,0.314275810228285
122,cemetery,cemeterie,0.262971711175295
122,cemetery,cemeteris,0.330269701764155
122,cemetery,cemeterys,0.329971973563737
122,cemetery,cemeterial,0.275854456927803
122,cemetery,cemeteries,0.581378344150161
122,cemetery,cemeteried,0.262378680970864
122,cemetery,cemetery's,0.467138593381204
122,cemetery,cemeteriers,0.314275810228285
122,cemetery,cemeterying,0.279262640532903
123,von,vons,0.104223360338814
123,von,vonness,0.147617237160826
123,von,von's,0.225346908919363
123,von,vonly,0.110469699430858
123,von,vonli,0.187751046716747
123,von,vons's,0.21227282475544
123,willebrand,willebrands's,0.56862268933465
123,willebrand,willebrands,0.498738362569455
123,willebrand,willebrand's,0.630602589826856
123,willebrand,willebrandal,0.494302338168077
123,disease,diseasal,0.169648346045812
123,disease,diseaser,0.204872585170136
123,disease,diseases,0.622690569456091
123,disease,diseased,0.372521736333851
123,disease,diseasements,0.182495251019265
123,disease,diseaseive,0.15913748866103
123,disease,diseasedly,0.226265132406372
123,disease,diseaseful,0.204217265165991
123,disease,diseased's,0.211320567440049
123,disease,diseases's,0.158804619814321
123,disease,diseasered,0.211320567440049
123,disease,diseasement,0.188864006134895
123,disease,diseasefulness,0.210839115522328
123,disease,diseasing,0.237922838716642
123,disease,diseasism,0.15913748866103
123,disease,diseasers,0.206291855481866
123,disease,diseaseds,0.206291855481866
123,disease,diseaseli,0.182495251019265
123,disease,disease's,0.324351411480965
124,bowflex,bowflexs,0.530721031714676
124,bowflex,bowflexes,0.504246393213745
124,bowflex,bowflex's,0.549309147104322
124,bowflex,bowflexives,0.509131000804784
124,power,powerizer's,0.0903540037469115
124,power,powerallies,0.134710219605861
124,power,powerallied,0.134710219605861
124,power,powerably,0.134710219605861
124,power,powerable,0.186201916397982
124,power,powerated,0.137994008442987
124,power,powereful,0.0895016123486983
124,power,powereing,0.11091361514326
124,power,powered's,0.099409054437567
124,power,poweredly,0.0903540037469115
124,power,powerered,0.0747169124496164
124,power,powerfuls,0.142621969464438
124,power,powerisms,0.0903540037469115
124,power,powerings,0.0940296555812204
124,power,powerizer,0.129214104473553
124,power,powerized,0.102574575457008
124,power,powerlies,0.11091361514326
124,power,powerment,0.133440904279893
124,power,powerness,0.133647838920868
124,power,powerring,0.125213607891724
124,power,powerics,0.137994008442987
124,power,powerize,0.120401586820596
124,power,powerism,0.0980170442242927
124,power,powerive,0.134710219605861
124,power,powering,0.227037357205544
124,power,powerers,0.120698473886129
124,power,powerely,0.0903540037469115
124,power,powerent,0.0903540037469115
124,power,powereal,0.137994008442987
124,power,powereds,0.101491757658116
124,power,powerful,0.311746428316653
124,power,powerate,0.0870542008304174
124,power,powere's,0.0940296555812204
124,power,powers's,0.118246723100191
124,power,powerred,0.137955119621312
124,power,powerous,0.134710219605861
124,power,powerizers's,0.134710219605861
124,power,powerability,0.134710219605861
124,power,powere,0.107596084538428
124,power,powers,0.335678583338045
124,power,poweric,0.125946963638818
124,power,powered,0.100538334271688
124,power,powerer,0.103047738202594
124,power,poweres,0.12354369733193
124,power,powerli,0.0963217870487503
124,power,powerly,0.118557892343376
124,power,power's,0.239133974541056
124,power,poweral,0.141947957433352
124,power,powerabilities,0.134710219605861
124,power,powerating,0.0903540037469115
124,power,powererful,0.0980170442242927
124,power,powerful's,0.127284425048907
124,power,powerfully,0.197369570552339
124,power,poweringly,0.0790262524918918
124,power,powerizers,0.0552114518719714
124,power,powerizing,0.0980170442242927
124,power,powerments,0.134710219605861
124,power,powerrings,0.0903540037469115
124,power,powerfulness,0.118057860393989
124,pro,proing,0.0758072267217794
124,pro,proeds,0.180676033728571
124,pro,pro's,0.260177833933009
124,pro,proed,0.0648904046648528
125,butter,butterate,0.237982862987641
125,butter,buttere's,0.237982862987641
125,butter,butterers,0.328777347574634
125,butter,butterful,0.223349571314095
125,butter,buttering,0.328688654199282
125,butter,butterity,0.288344704106817
125,butter,butterize,0.288344704106817
125,butter,butterlys,0.198892516313618
125,butter,butters's,0.197442806920022
125,butter,butterred,0.270192023811031
125,butter,butterable,0.237982862987641
125,butter,butterance,0.237982862987641
125,butter,buttericed,0.288344704106817
125,butter,butterings,0.215116476043147
125,butter,butterlied,0.237982862987641
125,butter,butterlies,0.125183584905397
125,butter,butterly's,0.136935782695102
125,butter,butterment,0.288344704106817
125,butter,butterness,0.247664140082177
125,butter,butterfully,0.313882541781103
125,butter,butterly,0.15237604484704
125,butter,butteric,0.237982862987641
125,butter,butterer,0.253363319131363
125,butter,butteres,0.234567923606781
125,butter,buttered,0.472633517550679
125,butter,butteral,0.237982862987641
125,butter,butter's,0.36210490000366
125,butter,buttere,0.239296709902395
125,butter,butters,0.383841957884792
125,and,ande,-0.0051217873521299
125,and,ands,0.00951396672338127
125,and,and's,0.00918654534173483
125,and,andli,-0.00661742252138484
125,and,andly,0.0079592134719376
125,and,anded,0.00973701810451341
125,and,andeness,0.00691248818168224
125,and,andeli's,0.00674799443457034
125,and,andelied,0.00691248818168224
125,and,andfully,0.0074518791508814
125,and,anding's,0.00734564434470431
125,and,andingly,0.00734564434470431
125,and,andlying,0.00713150374616293
125,and,andeli,0.000493405021751795
125,and,andely,-0.000522369370824925
125,and,andeds,0.00703414752324862
125,and,ande's,0.000903593864183163
125,and,andded,0.00734564434470431
125,and,anding,0.00791951794593756
125,and,andful,0.00430663391571841
125,and,andding,0.0074518791508814
125,and,andfuls,0.00713150374616293
125,and,andelys,-0.00682966086190919
125,and,andelis,0.00728350871433493
125,and,andes's,0.00182380053559997
125,and,andeing,0.00691248818168224
125,and,andings,0.00838849884148954
125,and,andlies,0.00758078464646153
125,and,andness,0.00728350871433493
125,margarine,margarins,0.390371115188661
125,margarine,margarinalize,0.375111372964411
125,margarine,margarinealized,0.375111372964411
125,margarine,margarinal,0.375111372964411
125,margarine,margarined,0.435679135712456
125,margarine,margarines,0.569455461366815
125,margarine,margarine's,0.506027663776573
125,margarine,margarinate,0.375111372964411
125,margarine,margarin,0.425910915632321
126,us,us's,0.069329351017938
126,us,usful,0.0157515403687566
126,us,usfully,-0.0217517610037824
126,us,usness,0.0387199131514149
126,us,usfulness,0.000100940895802539
126,capitol,capitoler,0.248239582400689
126,capitol,capitoles,0.25833810862599
126,capitol,capitolic,0.248239582400689
126,capitol,capitolal,0.29901867265063
126,capitol,capitol's,0.4548405375873
126,capitol,capitolations,0.248239582400689
126,capitol,capitolizing,0.218151122233575
126,capitol,capitolers,0.248239582400689
126,capitol,capitole's,0.196564954893412
126,capitol,capitolize,0.0701991252309716
126,capitol,capitolism,0.281731192071903
126,capitol,capitolizes,0.196564954893412
126,capitol,capitolized,0.172023506791319
126,capitol,capitollize,0.248239582400689
126,capitol,capitole,0.166024446260307
126,capitol,capitols,0.361214387657597
126,capitol,capitoll,0.236562696373562
126,capitol,capitolization,0.0901428141885886
126,map,maps,0.223429226739066
126,map,mapness,0.0714886409265671
126,map,mapping,0.146852499753941
126,map,map's,0.157699159875708
126,map,mapping's,0.0712323386770714
126,map,mappings,0.0679564081822157
126,map,mapped,0.113007010524892
126,map,maps's,0.0795157404125027
127,dutchess,dutchesse,0.369097949379033
127,dutchess,dutchess's,0.474306997462438
127,dutchess,dutchesses,0.450302974835195
127,county,countie's,0.118368537545437
127,county,countiing,0.0141670816892032
127,county,countying,0.111502600936028
127,county,countys's,0.172288161000326
127,county,counties's,0.159724024291386
127,county,countys,0.218038780241141
127,county,countis,0.104951235449627
127,county,countie,0.189954992382047
127,county,county's,0.399637417617936
127,county,countied,0.158636590955692
127,county,counties,0.509099346153327
127,county,counti,0.116310885639942
127,tourism,tourisme's,0.21063879614768
127,tourism,tourismous,0.173130401071093
127,tourism,tourismism,0.233405821068129
127,tourism,tourisming,0.173130401071093
127,tourism,tourismeal,0.173130401071093
127,tourism,tourismes,0.129263870838811
127,tourism,tourismic,0.173130401071093
127,tourism,tourismal,0.232889516319132
127,tourism,tourism's,0.324443118402141
127,tourism,tourisms,0.265222952651405
127,tourism,tourisme,0.294961025228318
128,atypical,atyp,0.274544152668045
128,atypical,atypicalities,0.434679787007802
128,atypical,atypicality,0.436537330838751
128,atypical,atype,0.00940273737783431
128,atypical,atypicalli,0.363482773990917
128,atypical,atypically,0.354543144597518
128,atypical,atypicals,0.538067255639051
128,atypical,atypicity,0.363482773990917
128,atypical,atyping,0.363482773990917
128,atypical,atypism,0.43570993686331
128,atypical,atypics,0.278659653427908
128,atypical,atypisms,0.378269458250109
128,atypical,atypal,0.363482773990917
128,atypical,atyped,0.363482773990917
128,atypical,atypes,0.285302080642872
128,atypical,atypic,0.404132384813957
128,atypical,atyp's,0.363482773990917
128,squamous,squamously,0.451550230001821
128,squamous,squamousness,0.451550230001821
128,squamous,squamouse,0.529124671886465
128,cells,cell,0.522556138421897
128,cells,celle,0.000961092311505982
128,cells,celle's,0.198009173782158
128,cells,celling,0.130109419006092
128,cells,cells's,0.271185856383542
128,cells,celleing,0.183810115454968
128,cells,cellings,0.0893532200547908
128,cells,cellness,0.249430938838195
128,cells,cell's,0.474189519628227
128,cells,celles,-0.0222391229764025
128,cells,celled,0.39758524786258
129,iowa,iowas,0.311007363337376
129,iowa,iowae,0.142845000421974
129,iowa,iowas's,0.243086989895191
129,iowa,iowaely,0.237302344946651
129,iowa,iowaed,0.237302344946651
129,iowa,iowa's,0.449687665926454
129,iowa,iowaness,0.21350574048405
129,food,food's,0.222805147754209
129,food,fooded,0.101430267220965
129,food,foodes,0.0955784973852842
129,food,foodly,0.0935872187616495
129,food,foods,0.417408144867297
129,food,foode,0.134968504896712
129,food,foodings,0.13241341452359
129,food,foodness,0.160792779759332
129,food,fooding,0.150993902750866
129,food,foods's,0.142211035068131
129,food,foodful,0.149280122507687
129,food,foode's,0.132040724758664
129,food,foodfulness,0.132040724758664
129,food,fooding's,0.0877888603787362
129,stamp,stampingly,0.342837474915787
129,stamp,stamping's,0.223449539173569
129,stamp,stamped's,0.253805165897146
129,stamp,stampings,0.196662657480115
129,stamp,stampness,0.30481066722285
129,stamp,stampping,0.251033886722814
129,stamp,stampe,0.130195689784322
129,stamp,stamps,0.581860018735499
129,stamp,stampeds,0.253805165897146
129,stamp,stampe's,0.121198301812398
129,stamp,stamping,0.418516276713164
129,stamp,stamps's,0.274677327865693
129,stamp,stampped,0.262868244774007
129,stamp,stamped,0.397390407309897
129,stamp,stampes,0.200824219255892
129,stamp,stamp's,0.426838070021141
129,program,programically,0.119349668214734
129,program,programate,0.047995114036022
129,program,programe's,0.0747051316865847
129,program,programeer,0.0747051316865847
129,program,programers,0.0849239225898551
129,program,programics,0.12131154546802
129,program,programity,0.12515518554528
129,program,programism,0.118424742603771
129,program,programing,0.114826021925878
129,program,programize,0.0747051316865847
129,program,programmed,0.152982770375684
129,program,programous,0.0230305041793075
129,program,programs's,0.128183514185272
129,program,programations,-0.016059842494715
129,program,programe,0.104354168385808
129,program,programs,0.445972671090035
129,program,program's,0.275458494623428
129,program,programed,0.0962616193042144
129,program,programer,0.0938052858440913
129,program,programes,0.0993775932095138
129,program,programic,0.044900524981757
129,program,programli,0.00439891114352955
129,program,programly,0.07774417857913
129,program,programal,0.0986409058260759
129,program,programibility,0.0747051316865847
129,program,programming's,0.106540206895863
129,program,programmingly,0.073835190888792
129,program,programeating,0.104285440737694
129,program,programables,-0.00410203081260958
129,program,programating,0.118424742603771
129,program,programation,0.0325697818971409
129,program,programators,0.0391700539478158
129,program,programeable,0.07774417857913
129,program,programering,0.0530105687497213
129,program,programancy,0.0747051316865847
129,program,programants,0.12131154546802
129,program,programable,0.0814383174658338
129,program,programably,0.0986409058260759
129,program,programated,0.104285440737694
129,program,programator,0.0413952149918875
129,program,programeing,0.07774417857913
129,program,programeers,0.118424742603771
129,program,programeous,0.0747051316865847
129,program,programer's,0.0991205898836529
129,program,programence,0.12131154546802
129,program,programible,0.0796393240737827
129,program,programical,0.0230305041793075
129,program,programives,0.0906005520679902
129,program,programings,0.111372010620184
129,program,programized,0.118424742603771
129,program,programming,0.210248449304413
129,program,programment,0.0570135809445028
129,program,programfully,0.0946281381411697
129,program,programness,0.0946281381411697
129,program,programing's,0.118424742603771
129,program,programmedly,0.0747051316865847
129,program,programmings,0.0705953900767347
129,program,programational,0.118424742603771
129,program,programization,0.0747051316865847
129,program,programability,0.0970506683820966
130,fact,fact's,0.190009476158224
130,fact,factly,0.204600905455864
130,fact,factes,0.13022965080283
130,fact,facted,0.0718751860175611
130,fact,facts,0.263448346106043
130,fact,facte,0.13310881089751
130,fact,factfulness,0.162395265410051
130,fact,factedly,0.162395265410051
130,fact,factings,0.0903770515916167
130,fact,factness,0.176599857452397
130,fact,facts's,0.0815554721897321
130,fact,facting,0.0973325762112978
130,fact,factful,0.167418551280456
130,fact,facte's,0.158530809512489
130,on,ons,0.0171177363857234
130,on,on's,0.0185781436838302
130,on,onli,0.0200381978781566
130,on,onlying,0.0182465391429383
130,on,onned's,0.0187944354846432
130,on,only's,0.0199985858460574
130,on,onlyed,0.0176861697997462
130,on,onlies,0.0140623257546075
130,on,onness,0.019184754100231
130,on,onning,0.00997979881937571
130,on,onful,-0.00653130545003759
130,on,onlys,0.0181466143194264
130,on,onlis,0.0135103575989446
130,on,onned,0.011156342558969
130,on,ons's,0.0107807359959487
130,uranus,uranus's,0.627176318974065
130,uranus,uranuses,0.47774316756546
130,uranus,uranuse,0.376217167099856
131,equal,equalization,0.209758464907188
131,equal,equalance,0.137667704465639
131,equal,equalancy,0.176758051139662
131,equal,equalents,0.114801317521146
131,equal,equalized,0.236532345240737
131,equal,equalizes,0.21235997447308
131,equal,equalizer,0.102123978109832
131,equal,equalitys,0.117962516975746
131,equal,equalings,0.176758051139662
131,equal,equallant,0.153891664195169
131,equal,equallize,0.153891664195169
131,equal,equalling,0.208776139616032
131,equal,equallity,0.147760387331966
131,equal,equallent,0.125083423632385
131,equal,equalness,0.193181962221157
131,equal,equalent,0.225091447728742
131,equal,equaliti,0.22462923238056
131,equal,equality,0.40089490527798
131,equal,equalism,0.212869934385642
131,equal,equaling,0.214385542746641
131,equal,equalize,0.239341992759823
131,equal,equalive,0.176758051139662
131,equal,equaller,0.170852451880524
131,equal,equalled,0.197372871670877
131,equal,equalant,0.243899257624354
131,equal,equallys,0.176758051139662
131,equal,equals's,0.153891664195169
131,equal,equall,0.161491544413914
131,equal,equals,0.343088744617042
131,equal,equale,0.12651390098939
131,equal,equallization,0.179165141220252
131,equal,equalizations,0.211869104326802
131,equal,equalation,0.176758051139662
131,equal,equal's,0.248728100879391
131,equal,equaled,0.211625316384171
131,equal,equales,0.178097561118226
131,equal,equaler,0.230104948832822
131,equal,equally,0.324664103357326
131,equal,equalli,0.22462923238056
131,equal,equalls,0.125292438605211
131,equal,equalement,0.176758051139662
131,equal,equalities,0.249007988477892
131,equal,equality's,0.205630021990991
131,equal,equalizers,0.0479050361239631
131,equal,equalizing,0.231203652538989
131,equal,equallable,0.176758051139662
131,equal,equallized,0.153891664195169
131,equal,equallizes,0.153891664195169
131,equal,equallizer,0.114801317521146
131,equal,equallying,0.160152063893319
131,equal,equalization's,0.0877927500932521
131,equal,equalizeing,0.176758051139662
131,equal,equalizer's,0.0886657621592249
131,opportunity,opportuniti,0.118017830386476
131,opportunity,opportunism,0.16322009768919
131,opportunity,opportuning,0.0844356097247136
131,opportunity,opportunize,0.159907940940306
131,opportunity,opportunely,0.133954721737973
131,opportunity,opportunent,0.0546289266281742
131,opportunity,opportunate,0.0811349924689421
131,opportunity,opportunant,0.132809619976219
131,opportunity,opportuneities,0.109943233031726
131,opportunity,opportun,0.179793436321613
131,opportunity,opportuns,0.0546289266281742
131,opportunity,opportune,0.170244033924136
131,opportunity,opportuned,0.145499738570577
131,opportunity,opportunes,0.0711279372474259
131,opportunity,opportunities's,0.105368736627377
131,opportunity,opportunitieds,0.114415785762149
131,opportunity,opportunitying,0.132809619976219
131,opportunity,opportuneity,0.132809619976219
131,opportunity,opportunisms,0.159176111007419
131,opportunity,opportunitys,0.104962743243643
131,opportunity,opportunitis,0.114700934006448
131,opportunity,opportunings,0.132809619976219
131,opportunity,opportunized,0.132809619976219
131,opportunity,opportunement,0.0811349924689421
131,opportunity,opportuneness,0.124952536735762
131,opportunity,opportunism's,0.178892954249391
131,opportunity,opportunity's,0.234923323489264
131,opportunity,opportunities,0.31655234101285
131,opportunity,opportunitied,0.125116173749354
131,opportunity,opportunizing,0.178892954249391
131,employer,employmentfully,0.221985552239528
131,employer,employ,0.235103630213643
131,employer,employement's,0.221985552239528
131,employer,employibility,0.221985552239528
131,employer,employables,0.191201005531867
131,employer,employeer's,0.207219445247353
131,employer,employement,0.218893253375617
131,employer,employers's,0.237604110213179
131,employer,employmented,0.221985552239528
131,employer,employment's,0.235718320774636
131,employer,employments,0.187840699113894
131,employer,employ's,0.139546236080197
131,employer,employed,0.292861135592895
131,employer,employes,0.199643887449076
131,employer,employeement,0.19189326273915
131,employer,employements,0.108354191113735
131,employer,employable,0.256094428627411
131,employer,employably,0.221985552239528
131,employer,employance,0.221985552239528
131,employer,employants,0.221985552239528
131,employer,employed's,0.171645548308394
131,employer,employeing,0.160028818621012
131,employer,employeent,0.177239269209917
131,employer,employeers,0.211791880932434
131,employer,employeive,0.125845517645944
131,employer,employer's,0.467241768225031
131,employer,employents,0.221985552239528
131,employer,employence,0.221985552239528
131,employer,employeous,0.182895205565506
131,employer,employered,0.247608683602349
131,employer,employment,0.358012027505583
131,employer,employing,0.228727691265067
131,employer,employers,0.574749257754855
131,employer,employent,0.22192126345336
131,employer,employeds,0.239964087759191
131,employer,employeer,0.246034176322953
131,employer,employe's,0.159308453886404
131,employer,employant,0.155888255030666
131,employer,employability,0.26227388861088
131,employer,employs,0.193168533270037
131,employer,employe,0.230213465799519
131,employer,employabilities,0.164170375561937
131,employer,employability's,0.221985552239528
132,mothers,mother,0.393681075905511
132,mothers,motherability,0.240598326937371
132,mothers,mothered,0.241194074017217
132,mothers,motheres,0.25433632668512
132,mothers,motherer,0.116733987269447
132,mothers,motheral,0.00784672899916238
132,mothers,motherly,0.299200618561281
132,mothers,mother's,0.403358091997636
132,mothers,mothere,0.157004836197967
132,mothers,motherering,0.291066566605209
132,mothers,mothering's,0.337920949985935
132,mothers,motherizing,0.240598326937371
132,mothers,motherous,0.178641593318856
132,mothers,mothers's,0.295320791566003
132,mothers,motherlys,0.291066566605209
132,mothers,mothering,0.42802247706274
132,mothers,motherism,0.332104432673759
132,mothers,motherers,0.16833294879515
132,mothers,mothere's,0.240598326937371
132,mothers,motherant,0.291066566605209
132,mothers,motherred's,0.217731939992878
132,mothers,motherrings,0.326987963699993
132,mothers,motherable,0.240598326937371
132,mothers,motheral's,0.240598326937371
132,mothers,motherings,0.240598326937371
132,mothers,motherisms,0.305706486413466
132,mothers,motherness,0.190440675522322
132,day,daye,0.0752159223080851
132,day,days,0.329354853261633
132,day,days's,0.079051023902051
132,day,dayful,0.0797431990726069
132,day,daying,0.0433948194358687
132,day,daye's,0.0532088542669252
132,day,dayely,0.0634754642982704
132,day,dayeli,0.0941864576983
132,day,daying's,0.0681485353561192
132,day,day's,0.194676091766387
132,day,dayed,0.0434739998176512
132,day,dayes,0.0871263065677984
132,day,dayeing,0.0492606257541923
132,day,dayes's,0.0263942388096991
132,day,dayings,0.0763009205532878
132,day,dayness,0.102143963055599
132,songs,song,0.585727809905931
132,songs,songfulness,0.205441971553624
132,songs,songfully,0.209863479734113
132,songs,songe,0.128936348635011
132,songs,songe's,0.191044491770153
132,songs,songful,0.187161604461229
132,songs,songing,0.169221118165789
132,songs,songlis,0.120794194539685
132,songs,songs's,0.235668771017187
132,songs,song's,0.421435677364615
132,songs,songes,0.153819948773866
132,songs,songed,0.135382259940178
132,songs,songli,0.0434250525416195
132,songs,songly,0.0979278075951922
132,songs,songedly,0.159884541213708
132,songs,songes's,0.159884541213708
132,songs,songging,0.159884541213708
132,songs,songli's,0.108209913706431
132,songs,songness,0.182498572041132
132,songs,songfulnesses,0.207069298553743
133,all,alle,-0.0573263157574092
133,all,alls,0.0247863387363303
133,all,allfulness,0.020704866794398
133,all,allnesses,-0.0582851869744795
133,all,all's,0.0327264700846032
133,all,alles,-0.0164727942070759
133,all,alled,0.023177699080342
133,all,allelys,0.020704866794398
133,all,alleing,-0.0292697630720835
133,all,alles's,0.0212095828482547
133,all,alledly,0.0105730641576097
133,all,allings,-0.0170856628357028
133,all,allness,0.025313801158866
133,all,alleings,0.020704866794398
133,all,allely's,0.0212095828482547
133,all,allfully,0.0215828701243262
133,all,alling,0.0145926410025019
133,all,allful,0.0221318669058219
133,all,alleli,0.0113462133407941
133,all,allely,0.0011378580242294
133,all,alleds,0.020704866794398
133,all,alle's,-0.00372334732266912
133,all,alls's,0.020704866794398
133,all,alling's,-0.0227524439940995
133,men,mens,0.234036667260218
133,men,men's,0.288017144416508
133,men,menly,0.131582370641624
133,men,menli,0.0901495524557473
133,men,menlied,0.166600473866138
133,men,menning,0.0207531163770503
133,men,menness,-0.00150340718504527
133,men,menning's,0.0981312699681384
133,men,mennings,0.139950648044502
133,men,mens's,0.106431379213358
133,men,menned,0.133076326226744
133,are,ares,-0.0116070615391814
133,are,aree,-0.0453479622938543
133,are,ared,0.0182308186712618
133,are,areed's,0.0329480390672248
133,are,areeing,0.0283412720293207
133,are,areelis,-0.00743025787616483
133,are,areli's,0.0267097239377664
133,are,arelied,0.0329480390672248
133,are,areness,0.0429887557511292
133,are,arely's,-0.0405761785547888
133,are,arefulness,0.0329480390672248
133,are,aring's,-0.059104885383442
133,are,are's,0.0398199826421866
133,are,areds,0.0317433414264763
133,are,areed,0.00189696651602223
133,are,areli,0.0326052728681098
133,are,arely,0.0190305999819188
133,are,arees,0.0184108941270954
133,are,aring,0.00856127775309025
133,are,aredly,0.0337512030974722
133,are,areely,0.0343452220726935
133,are,areeli,-0.030296644820658
133,are,areeds,0.02069365202806
133,are,ared's,0.0343452220726935
133,are,aree's,0.0202922210568199
133,are,ares's,0.0326858675456836
133,are,areing,0.0347853857911899
133,are,areful,0.0383405881524884
133,are,arelys,-0.00840816641735239
133,are,arelis,0.00585401245237351
133,are,arings,-0.0550634356329597
133,are,areeings,0.0329480390672248
133,are,arefully,0.0333426042508944
133,are,arelis's,0.0329480390672248
133,are,arelys's,0.0329480390672248
133,are,arenessing,0.0329480390672248
133,created,creatingly,0.108052682692357
133,created,creating's,0.118839111587308
133,created,createfully,0.108052682692357
133,created,created's,0.140961932578454
133,created,createdly,0.13481670596948
133,created,createful,0.0851862957478641
133,created,creates's,0.0851862957478641
133,created,createing,0.0486907522547783
133,created,creatings,0.103063441165287
133,created,creatness,0.0460959490738415
133,created,creatting,0.102565925718987
133,created,creat,0.0924783695568904
133,created,creating,0.305361947438721
133,created,createds,0.12205077894042
133,created,creately,0.0717677627440173
133,created,create's,0.0847407690529941
133,created,creatted,0.12565700151246
133,created,creatly,0.0851862957478641
133,created,creates,0.267865691014252
133,created,creat's,0.084478451015655
133,created,creats,0.11871551076851
133,created,create,0.212746159009375
133,equal,equalization,0.209758464907188
133,equal,equalance,0.137667704465639
133,equal,equalancy,0.176758051139662
133,equal,equalents,0.114801317521146
133,equal,equalized,0.236532345240737
133,equal,equalizes,0.21235997447308
133,equal,equalizer,0.102123978109832
133,equal,equalitys,0.117962516975746
133,equal,equalings,0.176758051139662
133,equal,equallant,0.153891664195169
133,equal,equallize,0.153891664195169
133,equal,equalling,0.208776139616032
133,equal,equallity,0.147760387331966
133,equal,equallent,0.125083423632385
133,equal,equalness,0.193181962221157
133,equal,equalent,0.225091447728742
133,equal,equaliti,0.22462923238056
133,equal,equality,0.40089490527798
133,equal,equalism,0.212869934385642
133,equal,equaling,0.214385542746641
133,equal,equalize,0.239341992759823
133,equal,equalive,0.176758051139662
133,equal,equaller,0.170852451880524
133,equal,equalled,0.197372871670877
133,equal,equalant,0.243899257624354
133,equal,equallys,0.176758051139662
133,equal,equals's,0.153891664195169
133,equal,equall,0.161491544413914
133,equal,equals,0.343088744617042
133,equal,equale,0.12651390098939
133,equal,equallization,0.179165141220252
133,equal,equalizations,0.211869104326802
133,equal,equalation,0.176758051139662
133,equal,equal's,0.248728100879391
133,equal,equaled,0.211625316384171
133,equal,equales,0.178097561118226
133,equal,equaler,0.230104948832822
133,equal,equally,0.324664103357326
133,equal,equalli,0.22462923238056
133,equal,equalls,0.125292438605211
133,equal,equalement,0.176758051139662
133,equal,equalities,0.249007988477892
133,equal,equality's,0.205630021990991
133,equal,equalizers,0.0479050361239631
133,equal,equalizing,0.231203652538989
133,equal,equallable,0.176758051139662
133,equal,equallized,0.153891664195169
133,equal,equallizes,0.153891664195169
133,equal,equallizer,0.114801317521146
133,equal,equallying,0.160152063893319
133,equal,equalization's,0.0877927500932521
133,equal,equalizeing,0.176758051139662
133,equal,equalizer's,0.0886657621592249
134,electronic,electrons,0.212603094021016
134,electronic,electrone,0.107921244349742
134,electronic,electronality,0.185653134580822
134,electronic,electronative,0.139305542514917
134,electronic,electronating,0.139305542514917
134,electronic,electronation,0.204924141282002
134,electronic,electronicing,0.173011843929556
134,electronic,electronicity,0.121175966093581
134,electronic,electronicals,0.180595369916822
134,electronic,electronics's,0.170893426681787
134,electronic,electronizing,0.139238935290307
134,electronic,electronally,0.144972570556182
134,electronic,electroneics,0.185653134580822
134,electronic,electroneers,0.139305542514917
134,electronic,electronized,0.147300179051106
134,electronic,electronizes,0.185653134580822
134,electronic,electronicly,0.141128487080612
134,electronic,electroniced,0.198448534153483
134,electronic,electronical,0.211334478606356
134,electronic,electronic's,0.19032691051064
134,electronic,electronness,0.139305542514917
134,electronic,electronization,0.178729582180289
134,electronic,electronications,0.139305542514917
134,electronic,electroneering,0.196204374142215
134,electronic,electronics,0.283826958157534
134,electronic,electronism,0.0686554120486838
134,electronic,electronity,0.139305542514917
134,electronic,electroning,0.176191684306284
134,electronic,electroneic,0.185653134580822
134,electronic,electronize,0.196204374142215
134,electronic,electron's,0.158120656680037
134,electronic,electrones,0.0622425300245534
134,electronic,electronal,0.0773488088964008
134,electronic,electronication,0.185653134580822
134,electronic,electron,0.238366647987926
134,electronic,electronically,0.353761070735636
134,electronic,electronicness,0.0856020691546226
134,skeet,skeeting,0.461219182264286
134,skeet,skeete's,0.327041958243787
134,skeet,skeets's,0.348441075694155
134,skeet,skeets,0.426658890250368
134,skeet,skeete,0.317788617129825
134,skeet,skeetly,0.410397809312671
134,skeet,skeeted,0.458879677138
134,skeet,skeetes,0.263617955131146
134,skeet,skeet's,0.482320717811443
134,shoot,shooteing,0.17161003283547
134,shoot,shootings,0.29291097466114
134,shoot,shootting,0.252773948434664
134,shoot,shoote,0.36206352378105
134,shoot,shoots,0.427595485735364
134,shoot,shoot's,0.26498504061572
134,shoot,shootes,0.179315447644125
134,shoot,shootly,0.187833992564999
134,shoot,shooted,0.216926887640237
134,shoot,shoots's,0.187833992564999
134,shoot,shooting,0.477235101426203
134,shoot,shooting's,0.259494638943284
134,shoot,shoottings,0.187833992564999
135,source,sourcefulness,0.140127836031702
135,source,sourc,0.151032589854013
135,source,sources,0.270482408301972
135,source,sourced,0.161669393991927
135,source,sourcing,0.14171347665424
135,source,sourceds,0.136783208631145
135,source,source's,0.22671900609511
135,source,sourcs,0.117826767977967
135,source,sources's,0.117104325019011
135,source,sourceing,0.0779871022355473
135,source,sourceful,0.092035914257784
135,source,sourcedly,0.140127836031702
135,source,sourcings,0.106228063345826
135,source,sourceness,0.153622503388782
135,source,sourcing's,0.0879097729216006
135,of,ofs,0.00614175589290985
135,of,of's,0.00643403425707953
135,of,offingly,0.0059504493807601
135,of,offing,0.00987707151335128
135,of,offeds,0.00683138626750247
135,of,ofness,0.00664971872357282
135,of,offings,0.00257138870584395
135,of,offully,0.00609550162185656
135,of,offul,0.00609550162185656
135,of,offed,0.00887541135480808
135,of,ofs's,0.00700494571252927
135,the,theing's,0.00522848187425968
135,the,the's,0.00725373167379619
135,the,theing,0.00679181714563043
135,the,theings,0.00649957769975087
135,nile,nile's,0.519234002159241
135,nile,nilees,0.349270597342117
135,nile,nileds,0.349270597342117
135,nile,nileed,0.325473992879516
135,nile,niling,0.244852514427671
135,nile,niles's,0.0858341088971834
135,nile,niles,0.141457606481185
135,nile,nilee,0.279671365236568
135,nile,niled,0.214132688792799
136,american,americaners,0.116521411877696
136,american,americanate,0.080142516180088
136,american,americaneer,0.0899519934652176
136,american,americanned,0.113748597927818
136,american,americans's,0.0697940474516173
136,american,americanism,0.215054756313569
136,american,americanity,0.119566786212095
136,american,americanize,0.151570557672573
136,american,americane,0.0454658144855732
136,american,americans,0.356435742107914
136,american,americanational,0.0775276083558866
136,american,americanization,0.18006284045929
136,american,americanally,0.0702117791271134
136,american,americaneers,0.127115808070978
136,american,americanisms's,0.116521411877696
136,american,americanizer,0.117726405943883
136,american,americanizes,0.105384841529799
136,american,americanized,0.176203718657354
136,american,americanitis,0.130036627510499
136,american,americanisms,0.167040883500484
136,american,americanible,0.113748597927818
136,american,americanness,0.140744602924878
136,american,american's,0.194510980268776
136,american,americanal,0.0858104184776661
136,american,americaned,0.117005591484799
136,american,americaner,0.128953317801572
136,american,americanes,0.00406617416386395
136,american,americanic,0.081191311080091
136,american,americanly,0.118390586024434
136,american,americanli,0.049271429440577
136,american,americanallies,0.116521411877696
136,american,americanallis,0.00880028225184286
136,american,americanative,0.113748597927818
136,american,americanicity,0.116521411877696
136,american,americanism's,0.150838076258772
136,american,americanities,0.113748597927818
136,american,americanizing,0.155959595743395
136,american,americanizers,0.109529812799171
136,american,americannesses,0.113748597927818
136,american,americanization's,0.113748597927818
136,american,americanizations,0.0780174245913316
136,military,militariant,0.111598210115645
136,military,militarys's,0.180615256734531
136,military,militarial,0.196590600141972
136,military,militaries,0.357557380002879
136,military,militari's,0.0827899695528607
136,military,militaryed,0.145868714280365
136,military,military's,0.365850123479269
136,military,militarys,0.209701450911655
136,military,militaris,0.205446673563236
136,military,militarie,0.173258702925791
136,military,militarialism,0.180615256734531
136,military,militariation,0.180615256734531
136,military,militari,0.229530786315643
136,military,militarially,0.170010433370643
136,military,militaries's,0.180615256734531
136,military,militariness,0.204448454449043
136,university,universalizations,0.100586156839428
136,university,universalization,0.112439334752217
136,university,universed,0.0881401518705874
136,university,universes,0.0822742683053816
136,university,universer,-0.0127404504112272
136,university,universal,0.105657962003872
136,university,universability,0.111333396246398
136,university,universityeds,0.124080822294843
136,university,universalism's,0.103416481173006
136,university,universality's,0.0703040417948071
136,university,universalities,0.0926053537605623
136,university,universalizers,0.0596036538076021
136,university,universalizing,0.142534321286461
136,university,universant,0.0822285225782108
136,university,universals,0.16629615429538
136,university,universers,0.0596036538076021
136,university,universely,0.0142254114463226
136,university,universeal,0.0672974072616668
136,university,universe's,0.115273352810002
136,university,universism,0.0659569805071044
136,university,universiti,0.163912821756516
136,university,universive,-0.0483296826750388
136,university,universing,0.0505566046728299
136,university,universion,0.018934216637766
136,university,universalizes,0.103553370642067
136,university,universalizer,0.124080822294843
136,university,universalized,0.126461880036503
136,university,universalisms,0.136185067616265
136,university,universalness,0.0587688351416112
136,university,universallis,0.124080822294843
136,university,universaling,0.100284217832243
136,university,universalism,0.113684411080911
136,university,universality,0.148261452596041
136,university,universalize,0.11211478817739
136,university,universation,0.0801401132617177
136,university,universative,0.0801401132617177
136,university,universeness,0.100284217832243
136,university,universioned,0.0801401132617177
136,university,universities,0.357533497574209
136,university,universitied,0.0427196942455624
136,university,universiti's,0.124080822294843
136,university,universityed,0.127105501642449
136,university,university's,0.340154069748246
136,university,universably,0.00948998279548493
136,university,universable,0.124080822294843
136,university,universator,0.0572737263172245
136,university,universal's,0.000480876472767527
136,university,universally,0.156562540095429
136,university,universeity,0.147394369334489
136,university,universitis,0.131404860749361
136,university,universitys,0.240470485441305
136,university,universical,0.0572737263172245
136,university,universible,0.0572737263172245
136,university,universe,0.0981313247695545
136,university,universalnesses,-0.010624860919582
136,university,universities's,0.134507868672036
137,rock,rockings,0.124195939051341
137,rock,rocklies,0.165679114560779
137,rock,rocklied,0.111902334060743
137,rock,rockness,0.208367000800772
137,rock,rockely,0.0474251655735015
137,rock,rockeds,0.0684376863546535
137,rock,rockful,0.058155580243415
137,rock,rocke's,0.0474302309620858
137,rock,rocks's,0.0873851427588762
137,rock,rocking,0.229335223737703
137,rock,rocking's,0.126190973941345
137,rock,rockingly,0.13889017986014
137,rock,rocks,0.318753300019173
137,rock,rocke,0.115262708674603
137,rock,rockes,0.111679661133224
137,rock,rocked,0.208119328240342
137,rock,rockly,0.144028706833735
137,rock,rockli,0.163201573656775
137,rock,rock's,0.299190591791441
137,and,ande,-0.0051217873521299
137,and,ands,0.00951396672338127
137,and,and's,0.00918654534173483
137,and,andli,-0.00661742252138484
137,and,andly,0.0079592134719376
137,and,anded,0.00973701810451341
137,and,andeness,0.00691248818168224
137,and,andeli's,0.00674799443457034
137,and,andelied,0.00691248818168224
137,and,andfully,0.0074518791508814
137,and,anding's,0.00734564434470431
137,and,andingly,0.00734564434470431
137,and,andlying,0.00713150374616293
137,and,andeli,0.000493405021751795
137,and,andely,-0.000522369370824925
137,and,andeds,0.00703414752324862
137,and,ande's,0.000903593864183163
137,and,andded,0.00734564434470431
137,and,anding,0.00791951794593756
137,and,andful,0.00430663391571841
137,and,andding,0.0074518791508814
137,and,andfuls,0.00713150374616293
137,and,andelys,-0.00682966086190919
137,and,andelis,0.00728350871433493
137,and,andes's,0.00182380053559997
137,and,andeing,0.00691248818168224
137,and,andings,0.00838849884148954
137,and,andlies,0.00758078464646153
137,and,andness,0.00728350871433493
137,gem,gems,0.441181358902383
137,gem,gemmed,0.307537896734479
137,gem,gems's,0.186184281196543
137,gem,gemful,0.267263082254142
137,gem,gem's,0.451461893107941
137,gem,gemly,0.265039278707809
137,gem,gemli,0.215588454746865
137,gem,gemming's,0.267263082254142
137,gem,gemmings,0.244396695309649
137,gem,gemness,0.267263082254142
137,gem,gemming,0.299442316485015
137,shows,show,0.332431695339164
137,shows,showe,0.0863937840407443
137,shows,showes,0.147036687042085
137,shows,showed,0.26122518093879
137,shows,show's,0.313618361825229
137,shows,showing,0.254465059293788
137,shows,showe's,0.161260007982105
137,shows,showeds,0.116742003331878
137,shows,shows's,0.160331756152376
137,shows,showeing,0.057371501930319
137,shows,showfuls,0.112178517950215
137,shows,showings,0.169500866325428
137,shows,showness,0.155060852815311
137,shows,showing's,0.0731033730233165
137,shows,showingly,0.112178517950215
138,jax,jaxs,0.386616485954653
138,jax,jaxe,0.173149828368993
138,jax,jax's,0.60392783637275
138,jax,jaxed,0.210028305303135
138,jax,jaxes,0.306896033209853
138,jax,jaxing,0.338455817002063
138,jax,jaxe's,0.354679776731593
138,chemical,chemicalizing,0.124385990270579
138,chemical,chemicalized,0.222941912799809
138,chemical,chemicalizes,0.212065916202046
138,chemical,chemicallies,0.153194230833363
138,chemical,chemicalization,0.208010824272368
138,chemical,chemicals,0.496823164329476
138,chemical,chemiceal,0.223903427036226
138,chemical,chemicism,0.229361450758904
138,chemical,chemic's,0.213040192724124
138,chemical,chemices,0.223903427036226
138,chemical,chemicly,0.219746627301988
138,chemical,chemice,0.198650457358874
138,chemical,chemics,0.23231941349303
138,chemical,chemicalizations,0.153194230833363
138,chemical,chemicals's,0.240535353261274
138,chemical,chemicalize,0.085295643596556
138,chemical,chemicalism,0.153194230833363
138,chemical,chemic,0.261855224869739
138,chemical,chemicator,0.212065916202046
138,chemical,chemical's,0.344338933482081
138,chemical,chemicance,0.0750135374853175
138,chemical,chemicaled,0.176060617777856
138,chemical,chemically,0.437373825868986
138,chemical,chemicical,0.223903427036226
138,company,companiably,0.043487024896627
138,company,companiable,0.0745028499293828
138,company,companients,0.043487024896627
138,company,companies's,0.109631881791653
138,company,companiment,0.0690527060597762
138,company,companiability,0.109733270084417
138,company,compani,0.0972542942650949
138,company,companiments,0.109733270084417
138,company,companied,0.0822134905748212
138,company,companies,0.388236078121252
138,company,companier,0.0452561015971753
138,company,company's,0.324296615046375
138,company,companie,0.0817301307572348
138,company,companis,0.121230721813147
138,company,companys,0.181152428497163
138,company,companient,0.043487024896627
138,company,companiers,0.115132316758175
138,company,companieds,0.062233421548545
138,company,companie's,0.10037684254957
138,company,companious,0.0816972102448763
138,company,companys's,0.0641893966999774
138,company,companying,0.0863359105865575
139,rocky,rockie's,0.232285309452341
139,rocky,rockieds,0.275594050633753
139,rocky,rockiing,0.0659502974974982
139,rocky,rocky's,0.38806407230423
139,rocky,rockyed,0.275594050633753
139,rocky,rocki's,0.112871794535191
139,rocky,rockies,0.409370175088407
139,rocky,rockied,0.275594050633753
139,rocky,rockies's,0.137592664524498
139,rocky,rockiness,0.248791850497875
139,rocky,rocki,0.115133350469378
139,rocky,rockys,0.281646132765885
139,rocky,rockie,0.216955238895817
139,rocky,rockis,0.176028883472874
139,mountain,mountainization,0.212709348079573
139,mountain,mountainousnesses,0.193932691382887
139,mountain,mountaineer's,0.21012486862117
139,mountain,mountaineered,0.198702754569733
139,mountain,mountainering,0.217387500137044
139,mountain,mountaineers,0.300995520987369
139,mountain,mountainer's,0.124395061626788
139,mountain,mountaineous,0.199922506177828
139,mountain,mountainical,0.193932691382887
139,mountain,mountainized,0.147261448571282
139,mountain,mountainness,0.202156533173658
139,mountain,mountainlying,0.193932691382887
139,mountain,mountainously,0.12905028529304
139,mountain,mountaineering's,0.229390659799659
139,mountain,mountainousness,0.169273040817037
139,mountain,mountainity,0.147261448571282
139,mountain,mountainize,0.193932691382887
139,mountain,mountaining,0.165667461941238
139,mountain,mountainism,0.193932691382887
139,mountain,mountainful,0.147261448571282
139,mountain,mountainers,0.161832925971246
139,mountain,mountaineer,0.275232228628896
139,mountain,mountains's,0.21581131577273
139,mountain,mountainous,0.343359818128983
139,mountain,mountaine,0.188198601281178
139,mountain,mountains,0.470929823779673
139,mountain,mountaineers's,0.198660127868258
139,mountain,mountaineering,0.390623192357072
139,mountain,mountainerring,0.185940742413471
139,mountain,mountainly,0.0955868210640044
139,mountain,mountained,0.153847236680188
139,mountain,mountainer,0.16864164382004
139,mountain,mountaines,0.119941289170688
139,mountain,mountain's,0.336521803337269
139,mountain,mountaineerings,0.15414383632978
139,mountain,mountaineerring,0.193932691382887
139,news,newses,0.0437660657861563
139,news,newsed,0.0478307018470497
139,news,newsfully,0.0702089285794062
139,news,newsings,0.0621710161063967
139,news,newsness,0.053186281405291
139,news,newse,0.080489573047043
139,news,newsful,0.0757806409134633
139,news,newsely,0.0731861838158458
139,news,newsing,0.0888683410042357
140,east,eastes's,0.0988759397943393
140,east,eastings,0.142489172935081
140,east,eastness,0.132378749934317
140,east,eastes,0.0869496791119044
140,east,easted,0.0589221741035793
140,east,eastly,0.11969910916595
140,east,east's,0.236673039057054
140,east,easts,0.118008011371638
140,east,easte,0.120038968144211
140,east,easting's,0.0760095528498462
140,east,easte's,0.0898020523182436
140,east,eastful,0.0597855931203168
140,east,easteds,0.119782228355679
140,east,eastely,0.129783274505509
140,east,easting,0.144682868068006
140,east,eastted,0.14357883281828
140,east,easts's,0.14357883281828
140,ridge,ridg,0.285575295012164
140,ridge,ridgely's,0.334732944835031
140,ridge,ridgingly,0.258039664894485
140,ridge,ridgelys,0.223610233131321
140,ridge,ridges's,0.228102592590728
140,ridge,ridgedly,0.167511355661836
140,ridge,ridgings,0.219185983169113
140,ridge,ridgness,0.219185983169113
140,ridge,ridgs,0.255261520653413
140,ridge,ridgeli,0.268783156615369
140,ridge,ridgely,0.281322184928708
140,ridge,ridgeds,0.268783156615369
140,ridge,ridgged,0.19631959622462
140,ridge,ridging,0.258202674977302
140,ridge,ridge's,0.402852562063015
140,ridge,ridges,0.41259261164341
140,ridge,ridged,0.190646019162647
140,ridge,ridg's,0.180095636495091
140,ridge,ridgly,0.113624858414678
140,high,highnesses's,0.0550791888156159
140,high,highe,0.0747211827634134
140,high,highs,0.177468207618181
140,high,highful,0.0322128018711227
140,high,highing,0.0901963438451454
140,high,highe's,0.0159888421415933
140,high,highely,0.0749235139706445
140,high,highs's,0.0612703820279485
140,high,highlys,0.0573198412826548
140,high,higheness,0.0322128018711227
140,high,highlying,0.102156176172597
140,high,high's,0.155047850603481
140,high,highly,0.235676327483348
140,high,highli,0.0297350119710163
140,high,highes,0.0902441377560699
140,high,highed,0.0580510875347929
140,high,highnesses,0.0792698366182486
140,high,highness's,0.0748189596502133
140,high,highes's,0.0980004053072953
140,high,highlies,0.0742038008446945
140,high,highness,0.0871347835665673
140,high,highlyed,0.0550791888156159
140,school,schools,0.417690837918062
140,school,schoole,0.112458175312578
140,school,school's,0.322652422998381
140,school,schooles,0.0977263407961927
140,school,schooled,0.194304466472876
140,school,schoolful,0.0954384522488829
140,school,schooling,0.250465587388142
140,school,schools's,0.201441755798554
140,school,schooleing,0.122981471028388
140,school,schoolings,0.0653091239298681
140,school,schoolness,0.132208850763847
140,school,schooling's,0.135713246032787
141,va,va's,0.356013343937968
141,va,vaed,0.132093730557441
141,va,vaing,0.15953809542692
141,dmv,dmv's,0.617237358266739
141,registration,registreer,0.126506601721555
141,registration,registrers,0.0876509421687805
141,registration,registrant,0.370023195772252
141,registration,registrals,0.077368836057542
141,registration,registrate,-0.0841355832031512
141,registration,registre's,0.100235223002035
141,registration,registring,0.144029960436267
141,registration,registrred,0.139325569676058
141,registration,registr,0.0904651530841073
141,registration,registrations,0.378283563742996
141,registration,registrator's,0.175356655720076
141,registration,registrable,0.240307925858299
141,registration,registrally,0.112149758836161
141,registration,registrants,0.337820713144243
141,registration,registrated,0.148293713448743
141,registration,registrates,0.0895601154908136
141,registration,registrator,0.130084516028718
141,registration,registreing,0.0856229110319748
141,registration,registrence,0.0220545296539901
141,registration,registrered,0.140251602592229
141,registration,registrring,0.139325569676058
141,registration,registral,0.0904355965810651
141,registration,registrer,0.0200242694522554
141,registration,registres,0.158426028457071
141,registration,registred,0.0843610891249118
141,registration,registrly,0.139325569676058
141,registration,registreation,0.161112933037918
141,registration,registrs,0.102043457877358
141,registration,registre,0.0315141546071729
141,registration,registrations's,0.190200092836146
141,registration,registrerings,0.112149758836161
141,registration,registrational,0.130569087362273
141,registration,registration's,0.233592655855175
141,registration,registrability,0.245204898123026
141,registration,registrables,0.068675439209825
141,registration,registrant's,0.295289267119849
141,registration,registrative,0.0824789632102935
141,registration,registrating,0.185230734869026
141,registration,registrators,0.172011763506985
141,registration,registrate's,0.185673976458175
141,registration,registrement,0.161877371995574
141,registration,registrering,0.0640858851711313
142,illinois,illinoi,0.275663609349596
142,illinois,illinois's,0.214688110500853
142,illinois,illinoie,0.246391703015538
142,illinois,illinoi's,0.167099089262643
142,illinois,illinoies,0.249938534206008
142,state,statefully,0.0969805535695626
142,state,statelying,0.10432587142855
142,state,stately's,0.059138447920288
142,state,stateness,0.133240101452431
142,state,stating's,0.0611573902733164
142,state,statingly,0.0220670435992938
142,state,statefulness,0.0738267355864389
142,state,states,0.308580034107366
142,state,statee,0.129378233162119
142,state,stated,0.212885164917872
142,state,statelys,0.0382910033288232
142,state,statelis,0.10432587142855
142,state,states's,0.124887673720319
142,state,stateely,0.10432587142855
142,state,statedly,0.0886453785833445
142,state,statee's,0.106868990525401
142,state,stated's,0.0505490909285141
142,state,stateing,0.0720014532911738
142,state,stateful,0.0881286294203339
142,state,statings,0.0183582711983398
142,state,state's,0.296661124716246
142,state,stateds,0.097988669890047
142,state,statees,0.0912432207319825
142,state,stateed,0.0568899011443035
142,state,stateli,0.0761579971253712
142,state,stately,0.109640042751136
142,state,stating,0.196034568772685
142,tax,taxingly,0.0822386795468775
142,tax,taxs,0.137032371403289
142,tax,taxe,0.0471275875523015
142,tax,taxes's,0.0879767972546388
142,tax,taxings,0.0579450081863877
142,tax,tax's,0.140221885322786
142,tax,taxes,0.230448893753616
142,tax,taxed,0.216021332358882
142,tax,taxe's,0.114498066927649
142,tax,taxeli,0.0454474070766622
142,tax,taxeds,0.0710928376925991
142,tax,taxing,0.182703286610372
143,arkadelphia,arkadelphia's,0.492306365382707
143,health,healthfulnesses,0.073124158632749
143,health,healthful,0.20251896208487
143,health,healthing,0.104072220397373
143,health,healths's,0.113859169467908
143,health,healthness,-0.0328144462778665
143,health,healthfulness,0.131972391398103
143,health,healthelying,0.11380472265739
143,health,healthly,0.129992799194401
143,health,healthli,0.0992833701853649
143,health,healthes,0.0911205446360833
143,health,healthed,0.143756044929575
143,health,health's,0.248593939093514
143,health,healthfully,0.175923444606043
143,health,healthe,0.169347482569961
143,health,healths,0.118749801778132
143,club,clubbings,0.161807573788369
143,club,clubful,0.158976018914428
143,club,clubbed,0.125830924993188
143,club,clubs's,0.167533164587196
143,club,clubs,0.392378511536514
143,club,clubbing,0.203429137082897
143,club,clubness,0.127555458940502
143,club,clubbing's,0.17723100913462
143,club,club's,0.371654943427625
144,trombone,trombones,0.591655755099935
144,trombone,tromboner,0.341290363358872
144,trombone,tromboned,0.295143599192781
144,trombone,trombonly,0.4316262275352
144,trombone,trombon,0.403710335093777
144,trombone,trombons,0.333081215973018
144,trombone,trombone's,0.500900229558511
144,trombone,trombonate,0.416149839972967
144,trombone,tromboning,0.348474723071841
144,trombone,tromboneal,0.314119102151737
144,trombone,tromboners,0.418348756120216
144,trombone,trombonator,0.275516692386338
144,trombone,trombonisms,0.467695798517142
144,trombone,trombonating,0.365793729659014
144,for,fors,-0.0112868546718285
144,for,forlis,0.00522453804411473
144,for,forlys,-0.0286674316160093
144,for,forful,0.0111113372181859
144,for,fors's,0.00580116705498957
144,for,forred,0.0126618860424974
144,for,for's,0.0162064212341703
144,for,forly,0.00898661490000014
144,for,forli,-0.0119122955990511
144,for,forli's,0.00637842639192699
144,for,forlies,0.0108469251213541
144,for,forness,0.00508288529437384
144,for,forring,0.0118971296421392
144,for,forlying,0.0111113372181859
144,for,forrings,0.0111113372181859
144,sale,saleed's,0.0780405465079392
144,sale,saling's,0.0890521903839409
144,sale,salee,0.145732902109222
144,sale,saled,0.158296187421623
144,sale,sales,0.281367705214409
144,sale,sale's,0.218427455872872
144,sale,saleli,0.138779803543354
144,sale,saleds,0.179546082449799
144,sale,saleed,0.0745224705083145
144,sale,salees,0.125918970532387
144,sale,saling,0.115520289082273
144,sale,salelis,0.121895843981314
144,sale,sales's,0.101475269448209
144,sale,salee's,0.115649313982577
144,sale,saleing,0.172622325616126
144,sale,salings,0.129773115350085
145,vines,vine,0.495671525314072
145,vines,vineness,0.00686125729782114
145,vines,vining's,0.117445256001733
145,vines,vined,0.358468928250341
145,vines,vinee,0.189635257723948
145,vines,vineing,0.307327578999736
145,vines,vines's,0.438911397471813
145,vines,vinings,0.115243030743344
145,vines,vine's,0.465814101193944
145,vines,vinely,0.264917087567843
145,vines,vineli,0.180093967004834
145,vines,vinees,0.24205070062335
145,vines,vineed,0.275199193679081
145,vines,vining,0.309211635081853
145,for,fors,-0.0112868546718285
145,for,forlis,0.00522453804411473
145,for,forlys,-0.0286674316160093
145,for,forful,0.0111113372181859
145,for,fors's,0.00580116705498957
145,for,forred,0.0126618860424974
145,for,for's,0.0162064212341703
145,for,forly,0.00898661490000014
145,for,forli,-0.0119122955990511
145,for,forli's,0.00637842639192699
145,for,forlies,0.0108469251213541
145,for,forness,0.00508288529437384
145,for,forring,0.0118971296421392
145,for,forlying,0.0111113372181859
145,for,forrings,0.0111113372181859
145,shade,shadeful,0.29819164201648
145,shade,shadeing,0.250619656938492
145,shade,shaded's,0.25865485296351
145,shade,shadeeds,0.180474159615465
145,shade,shades's,0.251362036773181
145,shade,shadings,0.253434231506774
145,shade,shadeed's,0.235788466019017
145,shade,shadeli's,0.25865485296351
145,shade,shading's,0.128799532108188
145,shade,shades,0.41815760840762
145,shade,shaded,0.356347693437735
145,shade,shadee,0.232305437689944
145,shade,shade's,0.404853527629863
145,shade,shading,0.341437933155265
145,shade,shadeds,0.24176286965481
145,shade,shadeed,0.0610124308714023
145,shade,shadees,0.228496514245136
145,shade,shadeli,0.235788466019017
145,shade,shadely,0.0550155149189212
146,sherwood,sherwood's,0.471333178878269
146,sherwood,sherwoodness,0.369975314731326
146,sherwood,sherwoode,0.377426764238699
146,sherwood,sherwoods,0.375299509884205
146,regional,regions,0.316729581645004
146,regional,regione,0.050605793905753
146,regional,regionalize,0.183418110472718
146,regional,regionalism,0.279282475849898
146,regional,regionality,0.228896968033938
146,regional,regionators,0.136765991883125
146,regional,regionation,0.113899604938632
146,regional,regionating,0.0850913643758477
146,regional,regionizing,0.136765991883125
146,regional,regionlying,0.136765991883125
146,regional,regionant,0.204516796139595
146,regional,regionals,0.275970471595302
146,regional,regionate,0.189074951014991
146,regional,regione's,0.113899604938632
146,regional,regioners,0.19838980012278
146,regional,regioneal,0.22720320839824
146,regional,regioning,-0.0246491127644076
146,regional,regionism,0.121422549492841
146,regional,regionize,0.0661158614168922
146,regional,regionlis,0.18301027359696
146,regional,regions's,0.16221411210436
146,regional,regionalizations,0.165299081938641
146,regional,regionalized,0.212718507217352
146,regional,regionalizes,0.157122298791761
146,regional,regionalisms,0.209769345958695
146,regional,regionallied,0.18301027359696
146,regional,regioned,0.084379890044398
146,regional,regiones,0.177399651304896
146,regional,regioner,0.079922208458393
146,regional,regionly,0.051942871320116
146,regional,regionli,0.190770943164401
146,regional,regionic,0.18301027359696
146,regional,region's,0.293599997682085
146,regional,region,0.320914462311269
146,regional,regionable,0.145799236330219
146,regional,regional's,0.238607589547079
146,regional,regionally,0.275805074233738
146,regional,regionaled,0.187471457724456
146,regional,regionated,0.023134630757332
146,regional,regionator,-0.00932419715830537
146,regional,regioneers,0.187471457724456
146,regional,regionized,0.15921366913436
146,regional,regionness,0.187471457724456
146,regional,regionning,0.136765991883125
146,regional,regionization,0.14232970957232
146,regional,regionalization,0.254835961502436
146,regional,regionalism's,0.19768189024584
146,regional,regionalities,0.0995806812469748
146,regional,regionalizers,0.136765991883125
146,regional,regionalizing,0.207176156992511
146,library,librarial,0.13375914723272
146,library,libraries,0.427020472674672
146,library,librarier,0.155103974439568
146,library,libraried,0.12809935310743
146,library,library's,0.373345710515524
146,library,librarys,0.195128086369606
146,library,librarie,0.144422858370307
146,library,libraris,0.148473740543194
146,library,librari,0.158429511535222
146,library,libraries's,0.171640921745519
146,library,librariness,0.14672693631363
146,library,libraris's,0.109034220854375
146,library,librarious,0.172265397022505
146,library,librarieds,0.0806261408593455
146,library,librarie's,0.135881489658577
146,library,librariers,0.14155496169531
146,library,librarying,0.145672325453144
146,library,librarys's,0.154150358481359
147,tangible,tangiblizing,0.249621975482641
147,tangible,tangible's,0.25431965381928
147,tangible,tangiblity,0.306334944003983
147,tangible,tangibl,0.285953168709149
147,tangible,tangiblenesses,0.306334944003983
147,tangible,tangibilities,0.344096228277295
147,tangible,tangibility,0.377145629006732
147,tangible,tangiblated,0.228154250655938
147,tangible,tangibler,0.28346855705949
147,tangible,tangibles,0.372744066019404
147,tangible,tangibly,0.344061783255947
147,tangible,tangiblement,0.26724459732996
147,tangible,tangibleness,0.291511668411614
147,personal,personable's,0.0705327665691758
147,personal,personalizer,0.0306202801840134
147,personal,personalizes,0.0438537748433005
147,personal,personalized,0.0332222491263028
147,personal,personalitis,0.0697413118824244
147,personal,personalitys,-0.0208310921915423
147,personal,personalisms,0.0668811519300675
147,personal,personally's,0.0878283011260343
147,personal,personallies,0.0857382857835158
147,personal,personalness,0.0972716774450377
147,personal,personation's,0.0432963997949792
147,personal,personations,0.0673674796900113
147,personal,personator's,0.061941681320915
147,personal,personization,0.0119035797703308
147,personal,personability,0.0633573052066689
147,personal,personablenesses,0.089374073502789
147,personal,personalative,0.0204300128504861
147,personal,personeer,0.0857382857835158
147,personal,personers,0.0197875550255067
147,personal,personent,0.0381659968720648
147,personal,personely,0.0486334587648105
147,personal,personeli,-0.0235307425173625
147,personal,personful,0.0878283011260343
147,personal,personics,0.0707742837555151
147,personal,personant,-0.244592909402083
147,personal,personals,0.004575586927433
147,personal,personate,0.0214073215597228
147,personal,persone's,0.0368884935134642
147,personal,personeal,0.0735998351960447
147,personal,personned,0.0363099668911387
147,personal,personous,0.0432963997949792
147,personal,persons's,0.0639121312460107
147,personal,personing,0.0184664398944517
147,personal,personize,0.079291091109461
147,personal,personive,0.00420605312095669
147,personal,personism,0.0780195038655012
147,personal,personity,0.0639104001481307
147,personal,personalism's,0.0819768733219823
147,personal,personalitied,0.0451751883278027
147,personal,personalities,0.128549412452496
147,personal,personality's,0.0648432163698959
147,personal,personalityed,0.0432963997949792
147,personal,personalizeds,0.0151549777994535
147,personal,personalizers,0.0500669760559402
147,personal,personalizing,0.0834096191333856
147,personal,personalized's,0.0878283011260343
147,personal,personalizedly,0.0204300128504861
147,personal,personalizings,0.061941681320915
147,personal,person,0.151004102599847
147,personal,personableness,0.0247802639251928
147,personal,personables,0.039762643628221
147,personal,personals's,0.089374073502789
147,personal,personality,0.13536483243042
147,personal,personaliti,-0.0109974381364498
147,personal,personalism,0.103630825567588
147,personal,personalize,0.0653566478447177
147,personal,personaling,0.0857382857835158
147,personal,personallys,0.0571173077260047
147,personal,personators,0.056282574171151
147,personal,personating,0.0558475181146995
147,personal,personation,0.0803715451677232
147,personal,personative,0.092667450307091
147,personal,personately,0.0942173526274929
147,personal,personeating,0.00420605312095669
147,personal,personfully,0.0432963997949792
147,personal,personalizations,0.0521859726698516
147,personal,personizing,0.0857382857835158
147,personal,personalization,0.0407795715220526
147,personal,persons,0.131628899086938
147,personal,persone,-0.095452599343935
147,personal,personably,0.0878447814846307
147,personal,personable,0.0562524624504327
147,personal,personance,0.0432963997949792
147,personal,personaled,0.0212611172962745
147,personal,personally,0.165680026645355
147,personal,personalli,0.064568358565505
147,personal,personal's,0.0839366944820988
147,personal,personates,0.0513684061741411
147,personal,personated,0.0597189592192604
147,personal,personator,0.0624699653437067
147,personal,personeity,0.0889059893078892
147,personal,personible,0.0450577217588753
147,personal,personic's,0.0857382857835158
147,personal,personitis,0.0878283011260343
147,personal,personizes,0.0432963997949792
147,personal,personized,0.0355316930404602
147,personal,personness,0.0611566368190182
147,personal,personning,0.0571173077260047
147,personal,person's,0.127763819961892
147,personal,personer,-0.0439834395625519
147,personal,persones,0.0322489200972354
147,personal,personed,0.0478285066990553
147,personal,personic,0.0194310711991052
147,personal,personly,0.011211587765743
147,personal,personli,0.0097150090475725
147,personal,personication,0.0857382857835158
147,personal,personalities's,-0.0273537306712535
147,personal,personalization's,0.0531715632082892
147,property,propertie's,0.1261671062978
147,property,propertieds,0.0954838175569955
147,property,propertiers,0.129913524311728
147,property,propertying,0.163845321597681
147,property,properti,0.130696777454191
147,property,propertys,0.191581638942774
147,property,propertis,0.19991094122177
147,property,propertie,0.174034938863525
147,property,propertyed,0.167839327692037
147,property,property's,0.28606509590357
147,property,propertial,0.163845321597681
147,property,propertied,0.197516821901528
147,property,properties,0.375814405953676
147,property,propertier,0.0563934708829729
147,property,properties's,0.184758819991029
147,tax,taxingly,0.0822386795468775
147,tax,taxs,0.137032371403289
147,tax,taxe,0.0471275875523015
147,tax,taxes's,0.0879767972546388
147,tax,taxings,0.0579450081863877
147,tax,tax's,0.140221885322786
147,tax,taxes,0.230448893753616
147,tax,taxed,0.216021332358882
147,tax,taxe's,0.114498066927649
147,tax,taxeli,0.0454474070766622
147,tax,taxeds,0.0710928376925991
147,tax,taxing,0.182703286610372
148,martha,marthae,0.195182133944471
148,martha,marthas,0.275402399659049
148,martha,marthaness,0.26134390661622
148,martha,marthas's,0.288859483703811
148,martha,marthaes,0.320277607715444
148,martha,marthaed,0.26134390661622
148,martha,martha's,0.421697371459349
148,stewart,stewartisms,0.221664677163704
148,stewart,stewartizer,0.247566080817103
148,stewart,stewartitis,0.221664677163704
148,stewart,stewartness,0.221664677163704
148,stewart,stewarte,0.206885516792463
148,stewart,stewarts,0.326236351764183
148,stewart,stewartization,0.271362685279704
148,stewart,stewartent,0.198798290219211
148,stewart,stewartism,0.247566080817103
148,stewart,stewarting,0.151014546697471
148,stewart,stewartize,0.151014546697471
148,stewart,stewarts's,0.17993018623916
148,stewart,stewartal,0.247266615078088
148,stewart,stewarter,0.221664677163704
148,stewart,stewarted,0.182574330489682
148,stewart,stewart's,0.457209585262915
148,and,ande,-0.0051217873521299
148,and,ands,0.00951396672338127
148,and,and's,0.00918654534173483
148,and,andli,-0.00661742252138484
148,and,andly,0.0079592134719376
148,and,anded,0.00973701810451341
148,and,andeness,0.00691248818168224
148,and,andeli's,0.00674799443457034
148,and,andelied,0.00691248818168224
148,and,andfully,0.0074518791508814
148,and,anding's,0.00734564434470431
148,and,andingly,0.00734564434470431
148,and,andlying,0.00713150374616293
148,and,andeli,0.000493405021751795
148,and,andely,-0.000522369370824925
148,and,andeds,0.00703414752324862
148,and,ande's,0.000903593864183163
148,and,andded,0.00734564434470431
148,and,anding,0.00791951794593756
148,and,andful,0.00430663391571841
148,and,andding,0.0074518791508814
148,and,andfuls,0.00713150374616293
148,and,andelys,-0.00682966086190919
148,and,andelis,0.00728350871433493
148,and,andes's,0.00182380053559997
148,and,andeing,0.00691248818168224
148,and,andings,0.00838849884148954
148,and,andlies,0.00758078464646153
148,and,andness,0.00728350871433493
148,imclone,imclones,0.632580254965763
148,imclone,imclone's,0.743588659905707
149,uplift,uplifte,0.350566833894604
149,uplift,uplifts,0.461807669672695
149,uplift,upliftment's,0.373433220839097
149,uplift,upliftement,0.311476487220582
149,uplift,upliftingly,0.242786398351848
149,uplift,upliftments,0.305486048366129
149,uplift,uplifted,0.500971497448483
149,uplift,upliftes,0.325714862578669
149,uplift,uplifter,0.232233160585112
149,uplift,uplift's,0.456806335957966
149,uplift,upliftance,0.350566833894604
149,uplift,upliftable,0.429305258913011
149,uplift,uplifteing,0.373433220839097
149,uplift,uplifter's,0.469244844961501
149,uplift,upliftings,0.324241642836602
149,uplift,upliftment,0.377895908795141
149,uplift,upliftting,0.350566833894604
149,uplift,uplifting,0.371477509211745
149,uplift,uplifters,0.427722431406033
149,uplift,upliftent,0.373433220839097
149,uplift,uplifteer,0.373433220839097
149,at,ats,0.0123854786087863
149,at,at's,0.038874381787411
149,at,atli,0.0242812512540309
149,at,atly,0.0228698718563441
149,at,attingly,-0.0104229791948056
149,at,atful,0.0333394758398237
149,at,atlis,0.00327512275705638
149,at,atlys,0.0249509659961805
149,at,ats's,0.0177485152760906
149,at,atted,0.02576157694947
149,at,atfully,0.0298335721573731
149,at,atlis's,-0.0255933981899155
149,at,atlying,-0.0104229791948056
149,at,attedly,0.0132652812462352
149,at,attings,0.00603696769477231
149,at,atlies,0.0305608158030938
149,at,atli's,0.0344242940060192
149,at,atness,0.0142034003312938
149,at,atteds,-0.0104229791948056
149,at,atting,0.0304654295475853
149,yellowstone,yellowstone's,0.603826227453807
149,yellowstone,yellowstoning,0.387116682634334
149,yellowstone,yellowstoner's,0.387116682634334
149,yellowstone,yellowston's,0.403532617100314
149,yellowstone,yellowstoned,0.329667587659425
149,yellowstone,yellowstoner,0.424597506519945
149,yellowstone,yellowstones,0.422319539214191
149,yellowstone,yellowston,0.395177299854955
149,national,nationationality,0.114522621067904
149,national,nation,0.293653064659409
149,national,nations's,0.119072006677897
149,national,nationals,0.219316725886269
149,national,nationeal,0.121031294421653
149,national,nationers,0.064932504607761
149,national,nationism,0.114961217930188
149,national,nationing,0.114522621067904
149,national,nationize,0.105727457183629
149,national,nationational,0.109722770421513
149,national,nationization,0.114522621067904
149,national,nationalism,0.242697746665431
149,national,nationaliti,0.0907260166053034
149,national,nationality,0.189796773304508
149,national,nationaling,0.122415634563102
149,national,nationalize,0.145504540482238
149,national,nationallys,0.114522621067904
149,national,nationals's,0.0945733122909788
149,national,nationities,0.114522621067904
149,national,nationizing,0.117314303137472
149,national,nationalism's,0.132146610884893
149,national,nationality's,0.0910461404752604
149,national,nationalities,0.166909370676518
149,national,nationalitied,0.0709555454343196
149,national,nationalizing,0.160901009473263
149,national,nationalize's,0.0480891584898264
149,national,nationalizers,0.120291296613967
149,national,nations,0.278266778382986
149,national,natione,0.0976260039074306
149,national,nationalization's,0.127980790837448
149,national,nationly,0.114522621067904
149,national,nationic,0.0709555454343196
149,national,nationed,0.110409441282547
149,national,nationes,0.0602613929110831
149,national,nationer,0.0397845790782108
149,national,nation's,0.266068459959087
149,national,nationalitys,0.0381169765245802
149,national,nationalisms,0.165554495892288
149,national,nationalized,0.186147282400951
149,national,nationalizes,0.135864500137094
149,national,nationalizer,0.0325453893756322
149,national,nationallied,0.0331614930186232
149,national,nationalness,0.103042112841744
149,national,nationations,0.114522621067904
149,national,nationalization,0.194839913935062
149,national,nationally,0.244006561215039
149,national,national's,0.184023583640793
149,national,nationeers,0.114522621067904
149,national,nationized,0.0738420570432637
149,national,nationisms,0.114522621067904
149,national,nationness,0.128489194728692
149,national,nationlied,0.114522621067904
149,national,nationalizations,0.158066263110189
149,park,parks's,0.110231912271921
149,park,parke's,0.168643285136916
149,park,parking,0.284831937983859
149,park,parkeds,0.155687630011542
149,park,parkeli,-0.129485790880722
149,park,parkful,0.110511399907511
149,park,park's,0.348138117295753
149,park,parkly,0.0871239267789243
149,park,parked,0.195971085325295
149,park,parkes,0.135894734764767
149,park,parking's,0.164254345690853
149,park,parklying,0.159482778612787
149,park,parks,0.416133148716008
149,park,parke,0.155777065405619
149,park,parked's,0.131891025548941
149,park,parkeing,0.131891025548941
149,park,parkelis,0.105270085969457
149,park,parkes's,0.0790848474867546
149,park,parkings,0.0962208685962886
149,park,parklies,0.159482778612787
149,park,parklied,0.155687630011542
149,park,parkness,0.110234747837638
149,park,parkness's,0.110511399907511
150,tn,tn's,0.352024941767658
150,highway,highwayant,0.190356551958664
150,highway,highways's,0.190356551958664
150,highway,highwayful,0.238780927882769
150,highway,highwayers,0.151266205284642
150,highway,highwaying,0.105533431395655
150,highway,highway's,0.435504427895028
150,highway,highwayes,0.193661808171936
150,highway,highwayed,0.238780927882769
150,highway,highways,0.582260723711684
150,highway,highwaye,0.157419799833488
150,highway,highwayness,0.238780927882769
150,patrol,patrole,0.268603980779508
150,patrol,patroll,0.305428774279454
150,patrol,patrols,0.534043486588636
150,patrol,patroleing,0.232318164084792
150,patrol,patrolling,0.471954571446662
150,patrol,patrollive,0.21797239357033
150,patrol,patrollers,0.403744494805105
150,patrol,patrollate,0.255184551029285
150,patrol,patrolment,0.193227817410769
150,patrol,patrollable,0.254743677465486
150,patrol,patroller's,0.324500891542546
150,patrol,patrollings,0.255184551029285
150,patrol,patrolling's,0.313711433416582
150,patrol,patrolal,0.232318164084792
150,patrol,patroled,0.300200670155963
150,patrol,patroler,0.267606609701522
150,patrol,patroles,0.18420447444625
150,patrol,patrolls,0.196390755671651
150,patrol,patrol's,0.467595425224589
150,patrol,patrols's,0.282449562057571
150,patrol,patroller,0.372618517293213
150,patrol,patrolled,0.450429704588239
150,patrol,patroling,0.303010875138102
150,patrol,patroll's,0.306246166520172
150,patrol,patrolers,0.33598683379399
150,patrol,patroleer,0.255184551029285
151,403b,403b's,0.61732426996013
152,angular,angularisms,0.331714870813903
152,angular,angularizes,0.345209218853974
152,angular,angularized,0.292624524139881
152,angular,angularness,0.368017279794078
152,angular,angular's,0.30884848386941
152,angular,angulares,0.358399991391234
152,angular,angulared,0.331714870813903
152,angular,angularer,0.331714870813903
152,angular,angularly,0.460116735697161
152,angular,angularities,0.35271386843634
152,angular,angularize,0.39529649726959
152,angular,angularity,0.403058508171394
152,angular,angularism,0.331714870813903
152,angular,angulariti,0.39529649726959
152,angular,angulare,0.353308142209984
152,angular,angulars,0.371850273931505
152,angular,angularization,0.371363525209732
153,pocono,poconoes,0.407206796696859
153,pocono,pocono's,0.538083043239074
153,pocono,poconos,0.630697937617985
153,pocono,poconoe,0.41440061718342
154,figs,fig,0.620336900429643
154,figs,figs's,0.428910171327792
154,figs,figged,0.373865952772985
154,figs,fig's,0.375511155037104
154,figs,figli,0.0654049560440011
154,figs,figly,0.391459676936296
154,figs,figgings,0.334057620954232
154,figs,figging,0.216861724966655
154,figs,figfuls,0.317833661224703
154,figs,figli's,0.356924007898725
154,figs,figness,0.233010540661694
155,last,lasts,0.0979008667441171
155,last,laste,0.000531525683330057
155,last,lastingly,0.0429652083451762
155,last,lastings's,0.0689321838186004
155,last,lasteing,0.0689321838186004
155,last,lastings,0.0615362474603626
155,last,lastness,0.0729311742426523
155,last,lastting,0.0451355793559996
155,last,lasting,0.0831774494841064
155,last,lastful,-0.0738998261104269
155,last,lastely,0.0528419609226012
155,last,laste's,0.0271472541821113
155,last,lastes,0.0382440368378849
155,last,lasted,0.16876279960187
155,last,lastli,-0.0119430924919112
155,last,lastly,0.100496103963997
155,last,last's,0.0524813936156659
155,supper,suppers,0.464482135296207
155,supper,suppere,0.352533755347282
155,supper,suppereals,0.308748462196112
155,supper,supperment,0.285882075251619
155,supper,supperring,0.285882075251619
155,supper,supperer,0.26965811552209
155,supper,supperes,0.285882075251619
155,supper,suppered,0.328260953009511
155,supper,supper's,0.288651531277809
155,supper,suppering,0.292699890358131
155,supper,supperers,0.308748462196112
155,supper,supperate,0.308748462196112
155,supper,supperative,0.329140961042356
155,supper,supperating,0.212608427602528
155,supper,supperation,0.267531743279954
155,painting,paintfully,0.171025207118373
155,painting,paint's,0.27584390861076
155,painting,painted,0.430771839783163
155,painting,paintes,0.185517019035722
155,painting,paintly,0.193891594062866
155,painting,painting's,0.396106179252491
155,painting,painttings,0.219781950768144
155,painting,painte,0.180928921347141
155,painting,paints,0.388325100511004
155,painting,paint,0.450549507254454
155,painting,paints's,0.188682996993585
155,painting,paintful,0.118593059130543
155,painting,painteds,0.154154110433737
155,painting,paintted,0.219781950768144
155,painting,paintings's,0.248370143560244
155,painting,painted's,0.193891594062866
155,painting,painteing,0.241122728738561
155,painting,paintings,0.541243448260382
155,painting,paintlies,0.193891594062866
155,painting,paintness,0.171025207118373
155,painting,paintting,0.252830104582621
156,university,universalizations,0.100586156839428
156,university,universalization,0.112439334752217
156,university,universed,0.0881401518705874
156,university,universes,0.0822742683053816
156,university,universer,-0.0127404504112272
156,university,universal,0.105657962003872
156,university,universability,0.111333396246398
156,university,universityeds,0.124080822294843
156,university,universalism's,0.103416481173006
156,university,universality's,0.0703040417948071
156,university,universalities,0.0926053537605623
156,university,universalizers,0.0596036538076021
156,university,universalizing,0.142534321286461
156,university,universant,0.0822285225782108
156,university,universals,0.16629615429538
156,university,universers,0.0596036538076021
156,university,universely,0.0142254114463226
156,university,universeal,0.0672974072616668
156,university,universe's,0.115273352810002
156,university,universism,0.0659569805071044
156,university,universiti,0.163912821756516
156,university,universive,-0.0483296826750388
156,university,universing,0.0505566046728299
156,university,universion,0.018934216637766
156,university,universalizes,0.103553370642067
156,university,universalizer,0.124080822294843
156,university,universalized,0.126461880036503
156,university,universalisms,0.136185067616265
156,university,universalness,0.0587688351416112
156,university,universallis,0.124080822294843
156,university,universaling,0.100284217832243
156,university,universalism,0.113684411080911
156,university,universality,0.148261452596041
156,university,universalize,0.11211478817739
156,university,universation,0.0801401132617177
156,university,universative,0.0801401132617177
156,university,universeness,0.100284217832243
156,university,universioned,0.0801401132617177
156,university,universities,0.357533497574209
156,university,universitied,0.0427196942455624
156,university,universiti's,0.124080822294843
156,university,universityed,0.127105501642449
156,university,university's,0.340154069748246
156,university,universably,0.00948998279548493
156,university,universable,0.124080822294843
156,university,universator,0.0572737263172245
156,university,universal's,0.000480876472767527
156,university,universally,0.156562540095429
156,university,universeity,0.147394369334489
156,university,universitis,0.131404860749361
156,university,universitys,0.240470485441305
156,university,universical,0.0572737263172245
156,university,universible,0.0572737263172245
156,university,universe,0.0981313247695545
156,university,universalnesses,-0.010624860919582
156,university,universities's,0.134507868672036
156,of,ofs,0.00614175589290985
156,of,of's,0.00643403425707953
156,of,offingly,0.0059504493807601
156,of,offing,0.00987707151335128
156,of,offeds,0.00683138626750247
156,of,ofness,0.00664971872357282
156,of,offings,0.00257138870584395
156,of,offully,0.00609550162185656
156,of,offul,0.00609550162185656
156,of,offed,0.00887541135480808
156,of,ofs's,0.00700494571252927
156,phoenix,phoenixe,0.22222764915417
156,phoenix,phoenixs,0.198978997969416
156,phoenix,phoenixic,0.238906794168462
156,phoenix,phoenixes,0.272386024268793
156,phoenix,phoenixer,0.246822970175047
156,phoenix,phoenixed,0.168174857253667
156,phoenix,phoenixal,0.190477498087615
156,phoenix,phoenix's,0.405636747415243
156,phoenix,phoenixing,0.124702012521808
156,phoenix,phoenixism,0.151387151413592
156,phoenix,phoenixity,0.138802870580338
156,phoenix,phoenixers,0.262037865183974
156,phoenix,phoenixness,0.238906794168462
157,the,theing's,0.00522848187425968
157,the,the's,0.00725373167379619
157,the,theing,0.00679181714563043
157,the,theings,0.00649957769975087
157,beatles,beatled,0.35132703955473
157,beatles,beatleful,0.325953367043645
157,beatles,beatles's,0.415133438417479
157,beatles,beatl,0.324333948935485
157,beatles,beatls,0.335667157983041
157,beatles,beatle,0.540944321852182
157,beatles,beatlely,0.274121390252322
157,beatles,beatleds,0.333899030195658
157,beatles,beatle's,0.399122603065472
157,beatles,beatling,0.342949389343553
157,rock,rockings,0.124195939051341
157,rock,rocklies,0.165679114560779
157,rock,rocklied,0.111902334060743
157,rock,rockness,0.208367000800772
157,rock,rockely,0.0474251655735015
157,rock,rockeds,0.0684376863546535
157,rock,rockful,0.058155580243415
157,rock,rocke's,0.0474302309620858
157,rock,rocks's,0.0873851427588762
157,rock,rocking,0.229335223737703
157,rock,rocking's,0.126190973941345
157,rock,rockingly,0.13889017986014
157,rock,rocks,0.318753300019173
157,rock,rocke,0.115262708674603
157,rock,rockes,0.111679661133224
157,rock,rocked,0.208119328240342
157,rock,rockly,0.144028706833735
157,rock,rockli,0.163201573656775
157,rock,rock's,0.299190591791441
157,band,bandding,0.124296832316522
157,band,bandeing,0.147163219261015
157,band,bandelis,0.124296832316522
157,band,bandings,0.102621684929864
157,band,bandlied,0.193830466048875
157,band,bandness,0.197740443110199
157,band,bande,0.117714094737695
157,band,bands,0.495234822774196
157,band,banding's,0.153149902024235
157,band,banding,0.196485017827053
157,band,bandeli,0.120306248426862
157,band,bandeds,0.139587654668196
157,band,bandful,0.202049972907933
157,band,bande's,0.124296832316522
157,band,bandded,0.147163219261015
157,band,bands's,0.209005315450591
157,band,banded,0.162572883532777
157,band,bandes,0.0384302122364143
157,band,bandly,0.120306248426862
157,band,bandli,0.0693474567258681
157,band,band's,0.496590531406804
158,septic,septice,0.364668952671536
158,septic,septics,0.483505894318542
158,septic,septicity,0.257256449211087
158,septic,septicism,0.399470644162626
158,septic,septical,0.301896555467624
158,septic,septic's,0.244175764111606
158,septic,septices,0.344764851522191
158,septic,septicer,0.399470644162626
158,septic,septically,0.249088861202975
158,system,systeming,0.110427576780407
158,system,systemism,0.119132483463708
158,system,systemics,0.135368057890007
158,system,systemive,0.113395701765308
158,system,systemity,0.0345285239700426
158,system,systemize,0.0980794082648426
158,system,systemous,0.0672797278035278
158,system,systems's,0.102930542637329
158,system,systemate,0.116427714558531
158,system,systemals,0.07298580895196
158,system,systeme's,0.0945971995018095
158,system,systemeic,0.11069726910264
158,system,systemers,0.113395701765308
158,system,systemately,0.11069726910264
158,system,systemative,0.0700167050779996
158,system,systemation,0.0842601559924994
158,system,systemering,0.0717234803710711
158,system,systemeering,0.11069726910264
158,system,systemfully,0.113395701765308
158,system,systemicity,0.0886757546485023
158,system,systemizers,0.0919856294160057
158,system,systemizing,0.123135367621982
158,system,system's,0.255524246535117
158,system,systemli,0.07298580895196
158,system,systemly,0.11069726910264
158,system,systemic,0.200330180378866
158,system,systemed,0.0583414223909389
158,system,systemer,0.0932834757172838
158,system,systemes,0.0983202621265106
158,system,systemal,0.0441252753218864
158,system,systemable,0.113395701765308
158,system,systemator,0.108656054714878
158,system,systemates,0.0985685287765003
158,system,systemes's,0.113395701765308
158,system,systemeing,0.11069726910264
158,system,systemic's,0.108656054714878
158,system,systemicly,0.0657800288527245
158,system,systemical,0.0985685287765003
158,system,systemitis,0.106245289207052
158,system,systemizes,0.08810294425729
158,system,systemizer,0.0554982613088262
158,system,systemized,0.116555088758754
158,system,systemlies,0.113395701765308
158,system,systemming,0.113395701765308
158,system,systemment,0.11069726910264
158,system,systemness,0.128135716140624
158,system,systems,0.373084243389131
158,system,systeme,0.126758477283868
158,system,systemically,0.147006531056521
158,system,systemation's,0.0700167050779996
158,system,systemering's,0.0672797278035278
158,system,systemization,0.127592723412619
158,system,systemability,0.0717234803710711
158,system,systemizations,0.100156148988497
158,system,systemator's,0.113395701765308
158,design,designant,0.00151479997927643
158,design,designate,0.0374817316464658
158,design,designe's,0.11571958162593
158,design,designned,0.0929420778010132
158,design,designous,0.0919229771633297
158,design,designs's,0.0928035428405691
158,design,designent,0.0212622371012536
158,design,designers,0.321457832263878
158,design,designeds,0.114683189293913
158,design,designeer,0.111478440735738
158,design,designful,0.136329467812153
158,design,designism,0.152108819924419
158,design,designity,0.0343584535766494
158,design,designize,0.0492393294446843
158,design,designing,0.295741449542666
158,design,designabilities,0.11571958162593
158,design,designements,0.11571958162593
158,design,designerings,0.0721057163891774
158,design,designerness,0.0721057163891774
158,design,designerring,0.0919229771633297
158,design,designationally,0.0721057163891774
158,design,designables,0.128500174035993
158,design,designality,0.11571958162593
158,design,designanted,-0.0289413639033608
158,design,designate's,-0.0232266788806067
158,design,designateds,0.0721057163891774
158,design,designating,0.0455460111108693
158,design,designation,0.0704402080806683
158,design,designately,0.11571958162593
158,design,designative,0.0373744156873606
158,design,designators,0.0614302849891019
158,design,designeated,0.0330153697151549
158,design,designeally,0.11571958162593
158,design,designering,0.0863903356073421
158,design,designers's,0.11477836020532
158,design,designerred,0.120626745676508
158,design,designfully,0.0492393294446843
158,design,designationed,0.07503901760129
158,design,designational,0.0274458086760883
158,design,designation's,0.0148755923774144
158,design,designatively,0.07503901760129
158,design,designingly,0.118443645318774
158,design,designing's,0.11571958162593
158,design,designity's,0.0492393294446843
158,design,designities,0.11571958162593
158,design,designizing,0.11571958162593
158,design,designments,0.0101489827706617
158,design,designability,0.110495315480242
158,design,designe,0.118524268326101
158,design,designs,0.330013150342424
158,design,designisms's,0.11571958162593
158,design,designic,0.11571958162593
158,design,designli,0.0721057163891774
158,design,designly,0.0721057163891774
158,design,designal,0.100111731429981
158,design,designed,0.230917464985044
158,design,designer,0.284784746353444
158,design,designes,0.124350187285414
158,design,design's,0.211116485443208
158,design,designator,0.0584824948100743
158,design,designated,0.0467499199670401
158,design,designates,0.0454615600000955
158,design,designants,0.0721057163891774
158,design,designable,0.130734156146948
158,design,designered,0.10124490707132
158,design,designerly,0.145725059101466
158,design,designer's,0.20204318620401
158,design,designeing,0.110987757935409
158,design,designeers,0.143393033833142
158,design,designedly,0.0877775220473253
158,design,designiced,0.11571958162593
158,design,designical,0.118540441628178
158,design,designized,0.0492393294446843
158,design,designitis,0.118540441628178
158,design,designisms,0.155015676645668
158,design,designings,0.1088864894591
158,design,designment,0.0898868149885428
158,design,designning,0.114962636690914
158,design,designness,0.11571958162593
158,design,designallied,-0.0186592577921223
158,design,designatedly,0.0919229771633297
158,design,designatives,0.0421850962188871
158,design,designations,0.0678056989150222
158,design,designatings,0.0721057163891774
158,design,designator's,0.0212622371012536
159,porterville,porterville's,0.510682182214324
160,grilling,grill's,0.374064668755966
160,grilling,grilled,0.533198709864412
160,grilling,grilles,0.139987616161684
160,grilling,grilleds,0.344278824574718
160,grilling,grille's,0.198372629654879
160,grilling,grills's,0.344278824574718
160,grilling,grill,0.507209621440209
160,grilling,grills,0.486898061071996
160,grilling,grille,0.165204525507139
160,grilling,grillings,0.319009666646377
160,grilling,grilling's,0.422167467706087
161,furniture,furniture's,0.336518249294846
161,furniture,furniturers,0.22747503236102
161,furniture,furnituring,0.206530490638751
161,furniture,furnitureables,0.233261244292865
161,furniture,furniturealli,0.21822121974305
161,furniture,furnitur,0.295391540379088
161,furniture,furniturings,0.247975180794856
161,furniture,furniturs,0.262378124557704
161,furniture,furnitured,0.190410024565333
161,furniture,furnitures,0.323279395522924
161,furniture,furniturer,0.272050758966679
161,furniture,furnitural,0.230623403913476
161,for,fors,-0.0112868546718285
161,for,forlis,0.00522453804411473
161,for,forlys,-0.0286674316160093
161,for,forful,0.0111113372181859
161,for,fors's,0.00580116705498957
161,for,forred,0.0126618860424974
161,for,for's,0.0162064212341703
161,for,forly,0.00898661490000014
161,for,forli,-0.0119122955990511
161,for,forli's,0.00637842639192699
161,for,forlies,0.0108469251213541
161,for,forness,0.00508288529437384
161,for,forring,0.0118971296421392
161,for,forlying,0.0111113372181859
161,for,forrings,0.0111113372181859
161,small,small's,0.138606455729554
161,small,smalles,0.114509614360401
161,small,smalled,0.110706780991828
161,small,smallnesses,0.119599975859101
161,small,smalleness,0.127205091861851
161,small,smalling's,0.0911931797112802
161,small,smalls,0.0817671217655257
161,small,smalle,0.0986074014113845
161,small,smalle's,0.0523946551123513
161,small,smalling,0.0504337229363457
161,small,smalls's,0.0453239159285006
161,small,smalled's,0.11900326772144
161,small,smallings,0.045479050099426
161,small,smallness,0.163493423201908
161,spaces,space,0.305298692508467
161,spaces,spaceed's,0.207992644037125
161,spaces,spaceings,0.292877764026833
161,spaces,spacely's,-0.0142946329324792
161,spaces,spaceness,0.137342513570892
161,spaces,spacing's,0.153524519323336
161,spaces,space's,0.258931050390706
161,spaces,spaceds,0.207992644037125
161,spaces,spacees,0.244155586471667
161,spaces,spaceed,0.106945563744587
161,spaces,spacely,0.0146549433117472
161,spaces,spacing,0.215329164216985
161,spaces,spaces's,0.32346195484935
161,spaces,spacelys,0.117227669855825
161,spaces,spaceing,0.122999095244882
161,spaces,spaceful,0.127008601163884
161,spaces,spacedly,0.158421405762276
161,spaces,spacings,0.156559799313501
161,spaces,spacee,0.190501821697356
161,spaces,spaced,0.188884844352976
161,spaces,spacefulness,0.207992644037125
161,spaces,spacefully,0.207992644037125
162,dnr,dnr's,0.627547170915965
163,arkansas,arkansa,0.316246088879086
163,arkansas,arkansae,0.255653201146934
163,arkansas,arkansaes,0.273340044507143
163,arkansas,arkansa's,0.259779254057165
163,arkansas,arkansas's,0.410478698183237
164,hobby,hobbis's,0.237179176462149
164,hobby,hobbie's,0.269416909934095
164,hobby,hobbying,0.321251490191434
164,hobby,hobby's,0.337859512820703
164,hobby,hobbi's,0.214312789517656
164,hobby,hobbied,0.232488935706976
164,hobby,hobbies,0.293504886862778
164,hobby,hobbies's,0.213984105538156
164,hobby,hobbiness,0.263711718697569
164,hobby,hobbi,0.348709479326459
164,hobby,hobbys,0.244551726856285
164,hobby,hobbie,0.153864072508346
164,hobby,hobbis,0.130848567932548
164,stores,storeness,0.152484950073735
164,stores,storing's,0.0352139100516677
164,stores,storingly,0.129618563129242
164,stores,storeing,0.133641352489491
164,stores,storee's,0.129618563129242
164,stores,storedly,0.152484950073735
164,stores,storeful,0.194468610810489
164,stores,stores's,0.262141172747638
164,stores,storings,0.104911343347968
164,stores,store,0.354173597998198
164,stores,storefully,0.199368687872645
164,stores,storee,0.0370308636475898
164,stores,stored,0.182618051303734
164,stores,store's,0.263701237966878
164,stores,storely,0.0905282164552196
164,stores,storeds,0.169625067932765
164,stores,storeed,0.134891519385403
164,stores,storees,0.10060672282841
164,stores,storing,0.188425267479117
165,blue,blueings,0.148309388519731
165,blue,blueing's,0.0933878493531029
165,blue,blues,0.25665013894079
165,blue,blue's,0.230293650931
165,blue,blues's,0.0931338174764145
165,blue,blueing,0.165384728660679
165,throated,throate,0.361849433189054
165,throated,throats,0.31334617804898
165,throated,throating,0.371985088018467
165,throated,throateds,0.509279323844841
165,throated,throatful,0.269202891419326
165,throated,throat's,0.225695737492259
165,throated,throatly,0.393116358656357
165,throated,throates,0.314935665308312
165,throated,throatfuls,0.354026011982335
165,throated,throated's,0.460753486347835
165,throated,throatedly,0.281807555731761
165,throated,throatings,0.331159625037842
165,throated,throatting,0.449789117878451
165,throated,throat,0.308856153564569
165,hummingbird,hummingbirded,0.351859283802583
165,hummingbird,hummingbird's,0.522365739695973
165,hummingbird,hummingbirds,0.639241400914194
165,hummingbird,hummingbirding,0.383057077487018
165,hummingbird,hummingbirders,0.410455006651546
165,hummingbird,hummingbirds's,0.406853681949619
165,hummingbird,hummingbirdness,0.351859283802583
166,computer,computationals,0.143447059970207
166,computer,computionally,0.102495621277025
166,computer,computerative,0.0961453273724998
166,computer,computation's,0.162854676026499
166,computer,computationed,0.140737137542987
166,computer,computational,0.278243167706427
166,computer,computatively,0.163070085232134
166,computer,computization,0.0961453273724998
166,computer,computings's,0.0961453273724998
166,computer,computability,0.232882192822496
166,computer,computeability,0.0961453273724998
166,computer,computalized,0.140737137542987
166,computer,computations,0.229120439838008
166,computer,compute,0.204856689351835
166,computer,computs,0.0869603570429509
166,computer,computability's,0.0961453273724998
166,computer,computabilities,0.133053617263385
166,computer,computed,0.163656194955704
166,computer,computes,0.170738444804177
166,computer,computables,0.133567800473059
166,computer,computality,0.144167842671262
166,computer,computating,0.102289454198684
166,computer,computation,0.28167142144838
166,computer,computative,0.143992014106599
166,computer,computators,0.104299537532686
166,computer,computeable,0.144167842671262
166,computer,computeized,0.150436881711815
166,computer,computement,0.140737137542987
166,computer,computering,0.0888705908967784
166,computer,computerred,0.153201809590458
166,computer,computers's,0.172480623365037
166,computer,computted,0.0961453273724998
166,computer,computers,0.374345787305991
166,computer,computent,0.113456849271232
166,computer,computely,0.0660545505928
166,computer,computeer,0.167733839199768
166,computer,computeds,0.139294381680676
166,computer,computize,0.135844702396758
166,computer,computive,0.140737137542987
166,computer,computity,0.100056573518347
166,computer,computics,0.168088950850644
166,computer,compution,0.10713158568539
166,computer,computing,0.349029655611307
166,computer,compute's,0.161340736783784
166,computer,computate,0.0326401444780106
166,computer,computant,0.0857331213046343
166,computer,computing's,0.1691008684678
166,computer,computingly,0.140737137542987
166,computer,computional,0.198368723145971
166,computer,computizing,0.0961453273724998
166,computer,computibility,0.144167842671262
166,computer,computationality,0.150436881711815
166,computer,computationalism,0.167670276372106
166,computer,computeation,0.0570549806984772
166,computer,computationally,0.213555994077574
166,computer,computational's,0.0961453273724998
166,computer,computication,0.0961453273724998
166,computer,computationalisms,0.0444706998652226
166,computer,computerness,0.135844702396758
166,computer,computerring,0.116940533080386
166,computer,comput,0.193410170972226
166,computer,computator,0.0501589123779236
166,computer,computated,0.0886518930868917
166,computer,computates,0.144167842671262
166,computer,computants,0.116940533080386
166,computer,computancy,0.140766300909268
166,computer,computable,0.194791709860114
166,computer,computably,0.17376392863997
166,computer,computedly,0.0781189344396461
166,computer,computed's,0.121899472370734
166,computer,computer's,0.303395622587247
166,computer,computency,0.0113222068094909
166,computer,computerly,0.117521539186151
166,computer,computerli,0.116940533080386
166,computer,computered,0.0940988946413188
166,computer,computeers,0.139259964143074
166,computer,computeize,0.0961453273724998
166,computer,computeing,0.0702190254366944
166,computer,computions,0.0932280350586918
166,computer,computings,0.138697387638751
166,computer,computible,0.113456849271232
166,computer,computized,0.0570549806984772
166,computer,computting,0.117761980106034
166,programming,programically,0.221039040428675
166,programming,programate,0.0345899470146013
166,programming,programe's,0.16719681109935
166,programming,programeer,0.16719681109935
166,programming,programers,0.190793584135855
166,programming,programics,0.144330424154857
166,programming,programity,0.115522183592073
166,programming,programism,0.16719681109935
166,programming,programing,0.312515866533975
166,programming,programize,0.16719681109935
166,programming,programmed,0.302990617071046
166,programming,programous,0.115522183592073
166,programming,programs's,0.0901688417477581
166,programming,programations,0.14752898453224
166,programming,programe,0.0313222706676796
166,programming,programs,0.230117484339014
166,programming,program's,0.207708356213318
166,programming,programed,0.141951574876502
166,programming,programer,0.217287508471325
166,programming,programes,0.0832627910639118
166,programming,programic,0.14115481808062
166,programming,programli,0.0183659872850719
166,programming,programly,0.173998471677993
166,programming,programal,0.150201867215392
166,programming,programibility,0.16719681109935
166,programming,programming's,0.279374170839827
166,programming,programmingly,0.0823736905363409
166,programming,programeating,0.096546680633117
166,programming,programables,0.109828776429181
166,programming,programating,0.16719681109935
166,programming,programation,0.165511234754446
166,programming,programators,0.229604090999968
166,programming,programeable,0.173998471677993
166,programming,programering,0.198427018123502
166,programming,programancy,0.16719681109935
166,programming,programants,0.144330424154857
166,programming,programable,0.165383604682447
166,programming,programably,0.150201867215392
166,programming,programated,0.206010161834402
166,programming,programator,0.122082739148227
166,programming,programeing,0.173998471677993
166,programming,programeers,0.214679035702633
166,programming,programeous,0.16719681109935
166,programming,programer's,0.210028926842459
166,programming,programence,0.219912199326507
166,programming,programible,0.198976924767461
166,programming,programical,0.115522183592073
166,programming,programives,0.115522183592073
166,programming,programings,0.216945690792014
166,programming,programized,0.16719681109935
166,programming,programment,0.0964250867153553
166,programming,programfully,0.144330424154857
166,programming,programness,0.144330424154857
166,programming,programing's,0.214679035702633
166,programming,programmedly,0.16719681109935
166,programming,programmings,0.237177196458918
166,programming,program,0.210248449304413
166,programming,programational,0.16719681109935
166,programming,programization,0.16719681109935
166,programming,programability,0.21383840251085
167,barbados,barbadoe,0.271178286297468
167,barbados,barbadoes,0.269390106223402
167,barbados,barbadoed,0.288266464932919
167,barbados,barbado's,0.232209245112954
167,barbados,barbado,0.331662739770693
167,barbados,barbadoing,0.276539622550059
167,barbados,barbados's,0.366204669238781
167,barbados,barbadoe's,0.226639246161451
168,lipoma,lipomas,0.64874659910386
168,lipoma,lipoma's,0.544322527218088
169,battles,battleful,0.163146111775227
169,battles,battleing,0.199358437998089
169,battles,battles's,0.294583621018781
169,battles,battlings,0.209077786235958
169,battles,battl,0.137306106143683
169,battles,battleness,0.239728400664507
169,battles,battling's,0.239728400664507
169,battles,battling,0.360229680855087
169,battles,battleds,0.290161251240905
169,battles,battle's,0.352392011916168
169,battles,battled,0.361340033346285
169,battles,battls,0.26927923207655
169,battles,battle,0.50420413201621
169,in,ins,0.0189381751530535
169,in,in's,0.0139637308579651
169,in,inly,-0.00792602078492762
169,in,inli,0.00908532609766153
169,in,infully,0.00984546207758167
169,in,inlying,0.00282680317702775
169,in,infulness,0.00881013560997146
169,in,inful,0.00841162900598314
169,in,inlis,-0.00684991527340562
169,in,inned,0.0090942303529206
169,in,ins's,0.0109037235659964
169,in,inness's,0.0105672632475631
169,in,innessed,0.00881013560997146
169,in,innesses,0.00918373513512109
169,in,infuls,0.00902489752673057
169,in,inlied,0.00881013560997146
169,in,inlies,0.0095904232653069
169,in,inlyed,0.00881013560997146
169,in,inness,0.00918328661190103
169,the,theing's,0.00522848187425968
169,the,the's,0.00725373167379619
169,the,theing,0.00679181714563043
169,the,theings,0.00649957769975087
169,civil,civillization,0.0848185042637183
169,civil,civilization,0.254725647296518
169,civil,civilization's,0.13550865025005
169,civil,civilizations,0.211959454170846
169,civil,civillizations,0.125773523450402
169,civil,civilizedly,0.0613993335554926
169,civil,civilizeing,0.0347436991029521
169,civil,civilizer's,0.129297920792299
169,civil,civilizations's,0.158354437599944
169,civil,civilizationing,0.152164307736792
169,civil,civilations,0.141931347921486
169,civil,civileization,0.199035001624585
169,civil,civilication,0.137837907297248
169,civil,civilation,0.135168274996133
169,civil,civilement,0.165906844397519
169,civil,civilities,0.164577426598382
169,civil,civility's,0.151417990376544
169,civil,civilizing,0.234618672273618
169,civil,civilizers,0.172210738709544
169,civil,civilizeds,0.129297920792299
169,civil,civillized,0.173175822128835
169,civil,civilants,0.152164307736792
169,civil,civilally,0.11307396106277
169,civil,civiles's,0.199035001624585
169,civil,civiliced,0.186591280972006
169,civil,civilings,0.152164307736792
169,civil,civilitys,0.175238397161984
169,civil,civilized,0.25874673667322
169,civil,civilizer,0.13186442340347
169,civil,civilizes,0.0981957578233897
169,civil,civillity,0.158354437599944
169,civil,civilness,0.137837907297248
169,civil,civile's,0.145258221124548
169,civil,civilate,0.11307396106277
169,civil,civilant,0.152164307736792
169,civil,civiller,0.173238800127344
169,civil,civility,0.229585358448426
169,civil,civilism,0.194634483972285
169,civil,civiling,0.158354437599944
169,civil,civilize,0.203030068002903
169,civil,civil's,0.270614859969944
169,civil,civiles,0.247538687112102
169,civil,civiler,0.223939046675982
169,civil,civiled,0.100489680229515
169,civil,civils,0.244662202935543
169,civil,civill,0.185023898657342
169,civil,civile,0.216937071672128
169,civil,civilation's,0.11307396106277
169,war,wars,0.430404291615426
169,war,warful,0.137669096441228
169,war,warlis,-0.00414048397903586
169,war,wars's,0.100933373418666
169,war,warred,0.224212507429573
169,war,warlies,0.0228349430984513
169,war,warness,0.158322800928839
169,war,warring,0.289433944862067
169,war,war's,0.32401317577598
169,war,warly,0.0540253983047795
169,war,warli,-0.00875406947370181
169,war,warfully,0.109814583055034
169,war,warrings,0.133589453866942
169,war,warringly,0.131165861793884
169,war,warring's,0.0841326396765894
169,war,warfulness,0.154962466256485
170,scooters,scooter,0.603179463620131
170,scooters,scootere,0.340618461870599
170,scooters,scootering's,0.381631052924231
170,scooters,scooterred,0.312704525929447
170,scooters,scooterate,0.301628917954715
170,scooters,scooterism,0.375030539860409
170,scooters,scootering,0.448285780538276
170,scooters,scooterers,0.391080378786359
170,scooters,scooterent,0.381631052924231
170,scooters,scooterized,0.312704525929447
170,scooters,scooterisms,0.312704525929447
170,scooters,scooterring,0.312704525929447
170,scooters,scootered,0.324979872980515
170,scooters,scooterer,0.244829679211033
170,scooters,scooteres,0.260948353930074
170,scooters,scooterly,0.366106086441956
170,scooters,scooter's,0.338990433551508
171,ron,rons,0.170325307024108
171,ron,ronness,0.266629018756125
171,ron,ronneds,0.25578239988779
171,ron,ronning,0.186632264118112
171,ron,ronnings,0.115050770436949
171,ron,ron's,0.443805142632867
171,ron,ronly,0.0145166599137366
171,ron,ronli,0.18945302382086
171,ron,ronlys,0.183827043584547
171,ron,rons's,0.231985795425189
171,ron,ronned,0.266629018756125
171,ron,ronning's,0.0421444391584733
171,howard,howarde,0.221462026694447
171,howard,howards,0.311561868565853
171,howard,howard's,0.436943557759501
171,howard,howardes,0.199346651829273
171,howard,howardal,0.199346651829273
171,howard,howardli,0.199346651829273
171,howard,howardly,0.224340145624151
171,howard,howarditis,0.199346651829273
171,howard,howardisms,0.176072209858
171,howard,howardized,0.199346651829273
171,howard,howardness,0.199346651829273
171,howard,howarde's,0.265238582884728
171,howard,howardism,0.272161469885083
171,howard,howards's,0.209023521366341
172,becoming,becom's,0.0885058577652755
172,becoming,becomed,0.140411687036866
172,becoming,becomer,0.172200440874838
172,becoming,becomes,0.30901721103581
172,becoming,become's,0.0932607429455116
172,becoming,becomers,0.183469355197295
172,becoming,becomely,0.180629295486931
172,becoming,becommed,0.165630543600665
172,becoming,becomics,0.159155988231508
172,becoming,becom,0.106909723632224
172,becoming,becomeing,0.168224990873726
172,becoming,becomings,0.228768140186379
172,becoming,becomming,0.152411517774022
172,becoming,becommented,0.206311107625306
172,becoming,becommingly,0.206311107625306
172,becoming,becomeallies,0.136289601287015
172,becoming,becoms,0.150578852607643
172,becoming,become,0.320358171538502
172,becoming,becomeable,0.159155988231508
172,becoming,becomingly,0.168543978078422
172,becoming,becoming's,0.222337552683668
172,becoming,becomments,0.16040048127439
172,a,a's,0.0143740204945293
172,a,aed,-0.0044474305853429
172,a,aeds,-1.80000046889906e-05
172,a,aing,0.00441912155081372
172,a,aed's,-0.00349666626317251
172,a,aedly,0.00768757010263517
172,a,aings,0.00796009518559892
172,a,aeds's,0.00737483541488101
172,paralegal,paraleg,0.424052610785799
172,paralegal,paralegic,0.290642784749833
172,paralegal,paralegals's,0.40762402967503
172,paralegal,paralegaling,0.430790559008308
172,paralegal,paralegality,0.261834544187049
172,paralegal,paralegalism,0.388355927802926
172,paralegal,paralegals,0.55630187565138
172,paralegal,paralegal's,0.542781498228912
173,hip,hips,0.319889539480345
173,hip,hip's,0.296781021843873
173,hip,hipness,0.271695425727925
173,hip,hipping,0.141503100704229
173,hip,hipped,0.190400113318667
173,hip,hips's,0.251911413476295
173,hip,hipfully,0.192221152771517
173,hip,hippings,0.14054652526424
173,hip,hipnesses,0.254402319397299
173,fractures,fractural,0.278256016071295
173,fractures,fractured,0.462088943104726
173,fractures,fracturer,0.305484991184914
173,fractures,fracturization,0.257125298220278
173,fractures,fracturability,0.23819497501276
173,fractures,fracturing,0.433725618543723
173,fractures,fracturism,0.308799925727556
173,fractures,fracturers,0.325023885457085
173,fractures,fracturent,0.347890272401578
173,fractures,fracture's,0.367875156226272
173,fractures,fracturate,0.308799925727556
173,fractures,fractur,0.290536500733559
173,fractures,fracturations,0.347890272401578
173,fractures,fracturation,0.330944997571451
173,fractures,fracturable,0.330647067830844
173,fractures,fracturator,0.325023885457085
173,fractures,fracturated,0.257125298220278
173,fractures,fractureing,0.176193061642807
173,fractures,fracturedly,0.347890272401578
173,fractures,fracturings,0.32136208087692
173,fractures,fracturing's,0.36204264490156
173,fractures,fracture,0.617551644204173
173,fractures,fracturs,0.380357137161034
174,rock,rockings,0.124195939051341
174,rock,rocklies,0.165679114560779
174,rock,rocklied,0.111902334060743
174,rock,rockness,0.208367000800772
174,rock,rockely,0.0474251655735015
174,rock,rockeds,0.0684376863546535
174,rock,rockful,0.058155580243415
174,rock,rocke's,0.0474302309620858
174,rock,rocks's,0.0873851427588762
174,rock,rocking,0.229335223737703
174,rock,rocking's,0.126190973941345
174,rock,rockingly,0.13889017986014
174,rock,rocks,0.318753300019173
174,rock,rocke,0.115262708674603
174,rock,rockes,0.111679661133224
174,rock,rocked,0.208119328240342
174,rock,rockly,0.144028706833735
174,rock,rockli,0.163201573656775
174,rock,rock's,0.299190591791441
174,art,arte,0.193227876579235
174,art,arts,0.310136084137622
174,art,artedly,0.086055838256078
174,art,artfuls,0.121165661529879
174,art,artelis,0.0636825315745385
174,art,artelys,0.0486276343267989
174,art,arteful,0.129542699655817
174,art,artes's,-0.0202987725545723
174,art,artings,0.152120513401386
174,art,artlies,0.161443573328966
174,art,artness,0.132783176797724
174,art,art's,0.256677720730813
174,art,artli,0.102700960414056
174,art,artly,0.0851274529329218
174,art,arted,0.15055092987175
174,art,artes,0.14233810262335
174,art,arteli's,0.086055838256078
174,art,artful's,0.0673630455824699
174,art,artfully,0.143463182535485
174,art,arting's,0.130237202318589
174,art,arttings,0.130237202318589
174,art,artfulnesses,0.130237202318589
174,art,artfulness,0.136929946176399
174,art,artefully,0.086055838256078
174,art,artlis,0.130237202318589
174,art,artlys,0.113776590234438
174,art,arts's,0.135928680822345
174,art,arteds,0.130237202318589
174,art,arteli,0.0807437003632329
174,art,artely,0.106440597855988
174,art,arte's,0.118991206554713
174,art,arting,0.149881867707414
174,art,artful,0.182009652485458
175,signs,sign,0.162293386124771
175,signs,signing's,0.10682394880444
175,signs,signnings,0.130276568904992
175,signs,signed's,0.146500528634521
175,signs,signeing,0.130276568904992
175,signs,signedly,0.216937421256523
175,signs,signings,0.142188162337116
175,signs,signness,0.212485223520857
175,signs,signning,0.092895840556193
175,signs,signe,0.0613293387642523
175,signs,signes,0.192761571168085
175,signs,signed,0.197227672990209
175,signs,sign's,0.275248580728551
175,signs,signly,0.130276568904992
175,signs,signeds,0.169366915579014
175,signs,signeli,0.169366915579014
175,signs,signe's,0.105452906344906
175,signs,signs's,0.256049173574163
175,signs,signned,0.0710991247200005
175,signs,signing,0.198287559477882
175,of,ofs,0.00614175589290985
175,of,of's,0.00643403425707953
175,of,offingly,0.0059504493807601
175,of,offing,0.00987707151335128
175,of,offeds,0.00683138626750247
175,of,ofness,0.00664971872357282
175,of,offings,0.00257138870584395
175,of,offully,0.00609550162185656
175,of,offul,0.00609550162185656
175,of,offed,0.00887541135480808
175,of,ofs's,0.00700494571252927
175,a,a's,0.0143740204945293
175,a,aed,-0.0044474305853429
175,a,aeds,-1.80000046889906e-05
175,a,aing,0.00441912155081372
175,a,aed's,-0.00349666626317251
175,a,aedly,0.00768757010263517
175,a,aings,0.00796009518559892
175,a,aeds's,0.00737483541488101
175,heartattack,heartattacked,0.567686391038942
175,heartattack,heartattacker,0.516011763531665
175,heartattack,heartattacks,0.537546827341164
176,weather,weatherabilities,0.145723306749771
176,weather,weatherization,0.0853984909262287
176,weather,weatherability,0.10688338001301
176,weather,weathers,0.120766548383454
176,weather,weathere,0.175842509606616
176,weather,weatherization's,0.13155519887086
176,weather,weatherable,0.098308589302297
176,weather,weatheral's,0.103546273595735
176,weather,weathered's,0.0873223138662052
176,weather,weatherered,0.126412660540228
176,weather,weatherings,0.107851371705067
176,weather,weatherizer,0.148439158432899
176,weather,weatherizes,0.126623293847263
176,weather,weatherized,0.152229562568462
176,weather,weatherly's,0.0345543788364955
176,weather,weatherment,0.176434300149801
176,weather,weatherness,0.145723306749771
176,weather,weatherring,0.159138765592942
176,weather,weatheribility,0.126412660540228
176,weather,weathereds,0.126412660540228
176,weather,weatherely,0.103546273595735
176,weather,weatherers,0.145723306749771
176,weather,weatherate,0.167144925178845
176,weather,weatherlys,0.0539818139082224
176,weather,weathering,0.157030079040925
176,weather,weatherize,0.142718730056531
176,weather,weatherful,0.103546273595735
176,weather,weathers's,0.145566889088267
176,weather,weatherred,0.117108041593053
176,weather,weatherous,0.1722357628955
176,weather,weatherate's,0.148439158432899
176,weather,weathering's,0.0873223138662052
176,weather,weatherizers,0.00702797088462374
176,weather,weatherizing,0.0904612992915841
176,weather,weatherred's,0.1722357628955
176,weather,weathereating,0.1722357628955
176,weather,weatherly,0.064930421725459
176,weather,weatherli,0.1722357628955
176,weather,weatheres,0.1722357628955
176,weather,weatherer,0.117651386244654
176,weather,weathered,0.133434542976743
176,weather,weatheral,0.0857871173941424
176,weather,weather's,0.222198259422016
176,weather,weatherizations,0.15473381739835
176,strip,stripping,0.361360325753895
176,strip,strippeds,0.2341289237971
176,strip,stripped's,0.169662436595904
176,strip,strippings,0.16240666922391
176,strip,strips,0.4471320680216
176,strip,strips's,0.257654394503544
176,strip,stripped,0.244902150517284
176,strip,strippingly,0.185886396325433
176,strip,stripping's,0.233501904689424
176,strip,strip's,0.430895878970861
177,best,bestely,0.00636833141728001
177,best,beste's,0.103032393379064
177,best,bests's,0.0879885267805118
177,best,besting,0.0871992695698062
177,best,beste,0.0611063668481637
177,best,bests,0.116548235815369
177,best,bested,0.113176016311742
177,best,bestes,0.0775280761340056
177,best,bestli,-0.0164980555272131
177,best,bestly,0.0598441586789238
177,best,best's,0.101890532963628
177,best,besteing,0.0879885267805118
177,best,bestings,0.0454586780913026
177,best,bestlies,0.0454586780913026
177,best,bestness,0.0841731288984409
177,best,bestting,0.0947615856359303
177,long,longeing,0.092156687076482
177,long,longging,0.0684004861927903
177,long,longings,0.145302966412168
177,long,longli's,0.111740084818473
177,long,longness,0.0811904260065751
177,long,longe's,0.0640952731555086
177,long,longlys,0.0657266874748424
177,long,longlis,0.0608002772059035
177,long,longful,0.109278776321924
177,long,longged,0.109081050217431
177,long,longely,0.0794279231744077
177,long,longing,0.176711561451188
177,long,longs's,0.0810290914184438
177,long,longnesses,0.0657266874748424
177,long,longe,0.0603395992970298
177,long,longs,0.149934402600545
177,long,longfully,0.109081050217431
177,long,longingly,0.143708464942369
177,long,longing's,0.0798304185720242
177,long,longli,-0.00958241875738326
177,long,longed,0.181407167553451
177,long,longes,0.0383317375589673
177,long,longly,0.0967621791217671
177,long,long's,0.159983888786736
177,term,terms,0.120981213450304
177,term,terme,0.00768110980363243
177,term,termings,0.116679152082731
177,term,termlies,0.162106289824014
177,term,termness,0.144174797439385
177,term,termming,0.116679152082731
177,term,terming,0.163402690021999
177,term,termlys,0.166057904085423
177,term,termeli,0.169233984896954
177,term,terme's,-0.025760449605846
177,term,terms's,0.107090148134327
177,term,term's,0.256496089866409
177,term,termly,0.183518093473481
177,term,termli,0.121425725799373
177,term,termes,-0.0531933302024819
177,term,termed,0.299980668257351
177,care,careeds,0.109966123454288
177,care,careful,0.191566920498342
177,care,careing,0.140371744775382
177,care,cared's,0.0928708755251314
177,care,caree's,0.123381582297459
177,care,carelis,-0.0081762047674068
177,care,carelys,0.0746282086227021
177,care,cares's,0.0191666259235728
177,care,carings,0.0949138360474431
177,care,carefully,0.185613690194251
177,care,careful's,0.0411962480178543
177,care,carelis's,0.0411962480178543
177,care,carefulnesses,0.0700044885806383
177,care,cares,0.222201136023905
177,care,cared,0.245064618898917
177,care,caree,0.120992777909244
177,care,carefullied,-0.019615363730537
177,care,carefulness,0.119171960333693
177,care,careefully,0.113532874684996
177,care,carefullys,0.0928708755251314
177,care,carefuling,0.0537805288511089
177,care,care's,0.225950292643956
177,care,carely,0.020764993451466
177,care,careli,-0.00170618229143986
177,care,carees,0.0970359377287246
177,care,careed,0.113658951900927
177,care,careds,0.0692908114752554
177,care,caring,0.304299268443614
177,care,carefuls,0.00885112730328022
177,care,careeful,0.0411962480178543
177,care,careings,0.123381582297459
177,care,carelies,0.0928708755251314
177,care,careness,0.109453942868689
177,care,caringly,0.116194011778239
177,care,caring's,0.147273020293541
177,insurance,insurate,0.186820373018392
177,insurance,insurant,0.195715493089029
177,insurance,insure's,0.170303205375472
177,insurance,insurred,0.175549790973365
177,insurance,insureds,0.315947473358165
177,insurance,insurent,0.127852617067297
177,insurance,insurers,0.387381069618609
177,insurance,insuriti,0.182374682496118
177,insurance,insurity,0.214114414804345
177,insurance,insuring,0.272730312306041
177,insurance,insurances's,0.0225238851329644
177,insurance,insuranceing,0.136155246258757
177,insurance,insurable,0.285190678149407
177,insurance,insuranci,0.209954236056783
177,insurance,insurancy,0.200598332498467
177,insurance,insurants,0.211683171256331
177,insurance,insurator,0.0844806187514801
177,insurance,insureant,0.182374682496118
177,insurance,insured's,0.297813754603974
177,insurance,insureers,0.186820373018392
177,insurance,insureing,0.0823236170699181
177,insurance,insurence,0.285363095671386
177,insurance,insurency,0.0919196324408421
177,insurance,insurents,0.228494768296856
177,insurance,insurered,0.188388920022134
177,insurance,insurer's,0.292986568034126
177,insurance,insurings,0.182374682496118
177,insurance,insurment,0.108850464874104
177,insurance,insurring,0.113288859314264
177,insurance,insured,0.370522466778738
177,insurance,insurer,0.393923303809484
177,insurance,insures,0.201776549049729
177,insurance,insural,0.0970648995847347
177,insurance,insureability,0.182374682496118
177,insurance,insur,0.272843963110112
177,insurance,insurables,0.141694118471477
177,insurance,insurances,0.297836194449811
177,insurance,insurant's,0.186820373018392
177,insurance,insuration,0.0844806187514801
177,insurance,insurative,0.182374682496118
177,insurance,insureable,0.169524838461534
177,insurance,insureants,0.205378034261719
177,insurance,insureance,0.276333841403373
177,insurance,insureents,0.136155246258757
177,insurance,insureence,0.20573146038076
177,insurance,insurences,0.172622869416334
177,insurance,insurement,0.113288859314264
177,insurance,insurers's,0.186820373018392
177,insurance,insurities,0.182374682496118
177,insurance,insurity's,0.191755699066995
177,insurance,insurments,0.113288859314264
177,insurance,insurance's,0.271440629652872
177,insurance,insurancies,0.158578078033517
177,insurance,insurs,0.196847760043999
177,insurance,insure,0.245247014800945
177,insurance,insurability,0.282973933699224
177,insurance,insurabilities,0.136155246258757
177,insurance,insureables,0.182374682496118
177,insurance,insureances,0.158578078033517
178,pork,pork's,0.39291388716009
178,pork,porkes,0.274073787517382
178,pork,porked,0.293843760224728
178,pork,porkly,0.29386530426961
178,pork,porks,0.260330917142685
178,pork,porke,0.18910183667339
178,pork,porking,0.232936781892279
178,pork,porkeds,0.314754351542023
178,pork,porke's,0.263360148149065
178,pork,porkness,0.374232870580841
178,tenderloin,tenderloin's,0.513328706071067
178,tenderloin,tenderloiner,0.351322098411316
178,tenderloin,tenderloined,0.465929481689111
178,tenderloin,tenderloins,0.590116492402367
178,tenderloin,tenderloine,0.457870982237498
179,black,blackely,0.100550646873284
179,black,blackful,0.0861861612427537
179,black,blacking,0.138851712461908
179,black,blacklis,-0.0101597295999091
179,black,blacklys,0.0954013951545259
179,black,blacks's,0.0730174108325281
179,black,blacke's,0.0861588659550644
179,black,blackness's,0.15800823806994
179,black,blacknesses,0.117562887831941
179,black,blacks,0.309469692639786
179,black,blacke,0.194901271392477
179,black,blackly,0.122587529552216
179,black,blackli,0.0600303317540182
179,black,blackes,0.127450068037701
179,black,blacked,0.160263925194991
179,black,black's,0.233956024322245
179,black,blackeness,0.149609327563355
179,black,blackfully,0.144834168142372
179,black,blacking's,0.0313842603049716
179,black,blackeing,0.0437267676472487
179,black,blackings,0.0880773994824585
179,black,blacklies,0.0924349669299224
179,black,blackness,0.218672440300352
179,history,historis,0.0815749864929336
179,history,historie,0.05537338107843
179,history,historys,-0.0431408322745702
179,history,historial's,0.0415039675098073
179,history,historially,0.0653051139252899
179,history,historiated,0.089114994945095
179,history,historiator,0.0709885143641993
179,history,historiance,0.0858115467499278
179,history,histories's,0.0831761889040444
179,history,historiical,0.0778499937275505
179,history,historiness,0.0811968780359883
179,history,historiity,0.0811968780359883
179,history,historieal,0.0574002735733875
179,history,historiers,0.0389325172506906
179,history,historials,0.0697616462166227
179,history,historiate,0.0658806543471859
179,history,historie's,0.0902238726183299
179,history,historying,0.0916655185686481
179,history,historiic,0.0389325172506906
179,history,historier,0.0355426084768333
179,history,histories,0.185150535052633
179,history,historied,0.0831566613867836
179,history,historial,-0.00870554387563802
179,history,history's,0.128939662097317
179,history,historyed,0.0902238726183299
179,history,histori,0.0622617680302844
179,history,historiically,0.0389325172506906
179,history,historialisms,0.0811968780359883
179,history,historialized,0.0811968780359883
179,history,historiality,0.0896665414324052
179,history,historiallis,0.0806285437362558
179,history,historiation,0.0405163140113478
180,newyork,newyorke,0.385117445014731
180,newyork,newyorks,0.663497910304298
180,newyork,newyorkality,0.362251058070238
180,newyork,newyorkering,0.385117445014731
180,newyork,newyorkers,0.221418701032478
180,newyork,newyorkable,0.385117445014731
180,newyork,newyorker's,0.323160711396215
180,newyork,newyorkisms,0.362251058070238
180,newyork,newyorkness,0.362251058070238
180,newyork,newyorked,0.346027098340709
180,newyork,newyorkes,0.385117445014731
180,newyork,newyorker,0.265073796852374
180,newyork,newyork's,0.405262577560936
180,hotels,hotelable,0.226842959480005
180,hotels,hotelence,0.180912124924102
180,hotels,hotelling,-0.00467710105827316
180,hotels,hotellive,0.185322163138461
180,hotels,hotellers,0.157115520461501
180,hotels,hotel's,0.377788915529332
180,hotels,hotelic,0.111883473624769
180,hotels,hoteled,0.155355083905465
180,hotels,hoteler,0.153497661190209
180,hotels,hoteles,0.338210484426085
180,hotels,hotelal,0.237457607508262
180,hotels,hotells,0.194456624811662
180,hotels,hotelling's,-0.142437891352116
180,hotels,hotel,0.589088387388084
180,hotels,hotelation,0.134749860569262
180,hotels,hotelelies,0.111883473624769
180,hotels,hotelement,0.111883473624769
180,hotels,hotelfully,0.180912124924102
180,hotels,hotelealing,0.180912124924102
180,hotels,hoteling's,0.111883473624769
180,hotels,hoteller's,0.185322163138461
180,hotels,hotellings,0.00778724809665626
180,hotels,hoteleering,0.111883473624769
180,hotels,hotell,0.336244035732487
180,hotels,hotele,0.247017462833714
180,hotels,hotelers,0.0830752330619849
180,hotels,hotelent,0.180912124924102
180,hotels,hoteleal,0.180912124924102
180,hotels,hotels's,0.227834713992007
180,hotels,hotell's,0.134749860569262
180,hotels,hotelism,0.180912124924102
180,hotels,hotelity,0.111883473624769
180,hotels,hoteling,0.0709152675231262
180,hotels,hotelled,0.107387907302088
180,hotels,hoteller,0.274869432419162
181,old,olds,0.205645026694319
181,old,olde,0.165541002465561
181,old,olde's,0.0595834648555229
181,old,oldeli,0.0978401399232985
181,old,oldeds,0.124601845211713
181,old,olding,0.0866132297509452
181,old,olds's,0.117444912633147
181,old,old's,0.183754580507507
181,old,olded,0.108919640166487
181,old,oldes,0.0701018648982674
181,old,oldli,0.121636744385899
181,old,oldly,0.0355173901055311
181,old,oldnesses,0.126794829568139
181,old,olding's,0.0971457983122015
181,old,oldings,0.0404905006831045
181,old,oldlies,0.111972451441374
181,old,oldness,0.119283872201815
181,coins,coin,0.57154359273702
181,coins,coined's,0.217764436409994
181,coins,coinings,0.126120051836569
181,coins,coinning,0.256854783084017
181,coins,coinness,0.256854783084017
181,coins,coine,0.223909173797066
181,coins,coins's,0.337803537311205
181,coins,coinned,0.256854783084017
181,coins,coining,0.275218749423685
181,coins,coinly,0.256854783084017
181,coins,coines,0.237109415569438
181,coins,coined,0.155780204806835
181,coins,coin's,0.478534666486587
182,quit,quitedly,0.187621757938209
182,quit,quiteful,0.216429998500993
182,quit,quiteing,0.239296385445486
182,quit,quitelys,0.239296385445486
182,quit,quitings,0.239296385445486
182,quit,quitness,0.133965061978908
182,quit,quitting,0.498697255533502
182,quit,quite,0.235360004319638
182,quit,quits,0.366237172109089
182,quit,quite's,0.17733965182697
182,quit,quitely,0.11088282744238
182,quit,quiting,0.348140570009139
182,quit,quitted,0.299963623987339
182,quit,quitting's,0.277191357710943
182,quit,quit's,0.323173014311454
182,quit,quites,0.133271203493185
182,quit,quited,0.202212002445923
182,quit,quitly,0.252756753801961
182,quit,quitli,0.187621757938209
182,quit,quitely's,0.0545226874235892
182,quit,quiteness,0.080228456737825
182,quit,quittings,0.27702481660552
182,smoking,smoking's,0.356733121831647
182,smoking,smokingly,0.136769851172782
182,smoking,smokeing,0.266366301280892
182,smoking,smokee's,0.206476731284671
182,smoking,smokings,0.258913821473899
182,smoking,smoke's,0.214550809324041
182,smoking,smokely,0.183610344340177
182,smoking,smokeds,0.135826600818438
182,smoking,smokees,0.133515193122014
182,smoking,smokeed,0.17400636500879
182,smoking,smoke,0.434254317342029
182,smoking,smokes,0.367811364296819
182,smoking,smoked,0.368275844921012
182,smoking,smokee,0.133046612861361
183,kansas,kansa,0.258784961971537
183,kansas,kansa's,0.0356663621014567
183,kansas,kansaes,0.250840077368155
183,kansas,kansas's,0.341962597318451
183,kansas,kansaing,0.177828531394441
183,kansas,kansae,0.241531498107121
183,city,citi,0.101018588172369
183,city,citys,0.162941837317659
183,city,citie,0.0893142578320839
183,city,citis,0.0850962818494731
183,city,cities's,0.0962422355559124
183,city,citiness,0.107433096648266
183,city,citieds,0.0428717417641394
183,city,citie's,0.0924148681070956
183,city,citiing,0.0523409616743338
183,city,citying,0.0032057645088748
183,city,citys's,0.105604863615697
183,city,cities,0.348428030595741
183,city,citied,0.0877322225536764
183,city,citi's,0.0877694907015214
183,city,city's,0.30690065030876
183,city,cityed,0.111606713341387
183,mo,mo's,0.307485342118425
183,mo,moed,0.0392811651832868
183,mo,moed's,0.0634926315712883
183,mo,moings,0.348110717955032
183,mo,moeds,0.187080099416056
183,mo,moing,0.222861932588468
183,mo,moingly,0.184182624378927
184,civil,civillization,0.0848185042637183
184,civil,civilization,0.254725647296518
184,civil,civilization's,0.13550865025005
184,civil,civilizations,0.211959454170846
184,civil,civillizations,0.125773523450402
184,civil,civilizedly,0.0613993335554926
184,civil,civilizeing,0.0347436991029521
184,civil,civilizer's,0.129297920792299
184,civil,civilizations's,0.158354437599944
184,civil,civilizationing,0.152164307736792
184,civil,civilations,0.141931347921486
184,civil,civileization,0.199035001624585
184,civil,civilication,0.137837907297248
184,civil,civilation,0.135168274996133
184,civil,civilement,0.165906844397519
184,civil,civilities,0.164577426598382
184,civil,civility's,0.151417990376544
184,civil,civilizing,0.234618672273618
184,civil,civilizers,0.172210738709544
184,civil,civilizeds,0.129297920792299
184,civil,civillized,0.173175822128835
184,civil,civilants,0.152164307736792
184,civil,civilally,0.11307396106277
184,civil,civiles's,0.199035001624585
184,civil,civiliced,0.186591280972006
184,civil,civilings,0.152164307736792
184,civil,civilitys,0.175238397161984
184,civil,civilized,0.25874673667322
184,civil,civilizer,0.13186442340347
184,civil,civilizes,0.0981957578233897
184,civil,civillity,0.158354437599944
184,civil,civilness,0.137837907297248
184,civil,civile's,0.145258221124548
184,civil,civilate,0.11307396106277
184,civil,civilant,0.152164307736792
184,civil,civiller,0.173238800127344
184,civil,civility,0.229585358448426
184,civil,civilism,0.194634483972285
184,civil,civiling,0.158354437599944
184,civil,civilize,0.203030068002903
184,civil,civil's,0.270614859969944
184,civil,civiles,0.247538687112102
184,civil,civiler,0.223939046675982
184,civil,civiled,0.100489680229515
184,civil,civils,0.244662202935543
184,civil,civill,0.185023898657342
184,civil,civile,0.216937071672128
184,civil,civilation's,0.11307396106277
184,right,rightfuls,0.112624113983153
184,right,rightings,0.0722006412751174
184,right,rightness,0.16564495879454
184,right,rightly's,0.109944042489745
184,right,rightting,0.109944042489745
184,right,rightnesses,0.0643666058186539
184,right,rightefully,0.0665559450800553
184,right,righted,0.141023870378616
184,right,rightes,0.0146310932351373
184,right,right's,0.112137246450214
184,right,rightli,0.0665559450800553
184,right,rightly,0.206370825932587
184,right,rightfulness,0.108196608890322
184,right,righte,0.0224479920219295
184,right,rights,0.0686597224907192
184,right,rights's,0.0364807918407947
184,right,rightely,0.100954721005816
184,right,rightful,0.138296579536424
184,right,rightlys,0.0861474380271446
184,right,righting,0.126804910353443
184,right,righteness,0.0861474380271446
184,right,rightfully,0.176594379115599
184,right,rightfulli,0.109944042489745
184,right,rightfulnesses,0.0436895581355621
184,movement,movements,0.486894114087785
184,movement,movemente,0.207439947138623
184,movement,movementality,0.17912572197752
184,movement,movementation,0.209671919918747
184,movement,movementations,0.134724599010543
184,movement,movementement,0.157590985955036
184,movement,movementfully,0.204682440173526
184,movement,movementitis,0.204682440173526
184,movement,movementives,0.204682440173526
184,movement,movementical,0.157590985955036
184,movement,movementness,0.204682440173526
184,movement,movementment,0.157590985955036
184,movement,movements's,0.199754075213583
184,movement,movementism,0.19229384702541
184,movement,movementize,0.204682440173526
184,movement,movemental,0.204207283989616
184,movement,movementer,0.204682440173526
184,movement,movementes,0.157257430424176
184,movement,movemented,0.153454169195898
184,movement,movement's,0.400690706600194
185,credit,creditionals,0.036585760109656
185,credit,creditations,0.0723397340906601
185,credit,creditabilities,0.145066777200295
185,credit,creditibility,0.0727948269608409
185,credit,creditication,0.168863381662896
185,credit,credits's,0.131307490041756
185,credit,creditous,0.123172106859123
185,credit,crediteer,0.145066777200295
185,credit,crediters,0.217841735285358
185,credit,creditals,0.119966923265605
185,credit,creditate,0.194357820239014
185,credit,credition,-0.0317217942865168
185,credit,crediting,0.213610965539848
185,credit,creditism,0.176024143085571
185,credit,creditful,0.123172106859123
185,credit,creditted,0.11668460014946
185,credit,credital,0.162453995756685
185,credit,creditic,0.104386213175654
185,credit,crediter,0.199977409292678
185,credit,credites,0.11919034084507
185,credit,credited,0.18072898045162
185,credit,creditly,0.168863381662896
185,credit,credit's,0.242498329634754
185,credit,creditionaled,0.123172106859123
185,credit,creditableness,0.142475929217468
185,credit,credite,0.0997650351744694
185,credit,credits,0.203093837047439
185,credit,creditative,0.0840817601851002
185,credit,creditation,0.0976063772106986
185,credit,creditated,0.123172106859123
185,credit,creditably,0.0979394293947367
185,credit,creditable,0.135536817830832
185,credit,creditedly,0.123172106859123
185,credit,creditions,0.168863381662896
185,credit,creditings,0.168863381662896
185,credit,creditible,0.0840817601851002
185,credit,creditting,0.162114355200841
185,credit,creditional,0.172979711435993
185,credit,creditionaling,0.061215373240607
185,credit,creditability,0.128249659071154
185,report,reportability,0.123002324496035
185,report,reports,0.360628072415445
185,report,reporte,0.0717618643634101
185,report,reportables,0.113229229577984
185,report,reportately,0.0870794705762805
185,report,reportative,0.0671190890559962
185,report,reportation,0.0906219125542907
185,report,reportedlys,0.0870794705762805
185,report,reportealing,0.131302476578931
185,report,reporters's,-0.00368550360501919
185,report,reporterred,0.0870794705762805
185,report,reportering,0.0755354399803725
185,report,reporting's,0.132555420042506
185,report,reportional,0.0870794705762805
185,report,reportingly,0.11309052083997
185,report,reportive's,0.127456276813265
185,report,reportively,0.107215845586716
185,report,reporttedly,0.0870794705762805
185,report,reportated,0.10750587211633
185,report,reportator,0.0642130836317874
185,report,reportably,0.107161536570349
185,report,reportable,0.176870830269992
185,report,reporter's,0.16830071275986
185,report,reportes's,0.0870794705762805
185,report,reporterly,0.0223565424884826
185,report,reportered,0.128675438970404
185,report,reportence,0.0499413485296502
185,report,reporteing,0.0870794705762805
185,report,reported's,0.0870794705762805
185,report,reportedly,0.206920718357478
185,report,reportizer,0.146059713025353
185,report,reportitis,0.047989123902258
185,report,reportives,0.0870794705762805
185,report,reportings,0.0882974492496042
185,report,reportting,0.11309052083997
185,report,reported,0.320365939469916
185,report,reportes,0.0886070847358802
185,report,reporter,0.207420895029211
185,report,reportal,0.106479497627697
185,report,reportly,0.0798255922940336
185,report,report's,0.254767351995364
185,report,reportings's,0.0870794705762805
185,report,reportioning,0.0870794705762805
185,report,reportted,0.109612749816578
185,report,reports's,0.134849135486982
185,report,reportion,0.0354048430690033
185,report,reporting,0.298992785548971
185,report,reportize,0.131302476578931
185,report,reportive,0.0945289604757207
185,report,reportics,0.0642130836317874
185,report,reportate,0.0926137018704088
185,report,reportant,0.0433569836585718
185,report,reportals,0.112064728478087
185,report,reportely,0.121117538659556
185,report,reporteli,0.0546177866366014
185,report,reporteer,0.10750587211633
185,report,reporteds,0.00889877722823543
185,report,reporters,0.223004315293387
185,report,reportent,0.0584877183590118
185,report,reporteal,0.131302476578931
185,report,reportations,0.0870794705762805
186,unc,unce,0.169863299644695
186,unc,uncs,0.410846262914072
186,unc,unc's,0.604953372143773
186,unc,uncly,0.274836947044872
186,unc,unced,0.0991195706502577
186,unc,unces,0.192546528398319
186,unc,unceli,0.336793680663387
186,unc,unceds,0.336793680663387
186,unc,unclis,0.391175201577349
186,unc,unclys,0.336793680663387
186,unc,uncing,0.246028706482088
186,unc,unceing,0.336793680663387
186,unc,unced's,0.165096469904616
187,vanuatu,vanuatu's,0.451128681640327
187,vanuatu,vanuatue,0.25996548925551
188,internet,internet's,0.17717461636311
188,internet,internetal,0.109056777211202
188,internet,internetes,0.0763443280159225
188,internet,interneter,0.0721373981709576
188,internet,interneted,0.110051280942602
188,internet,internetic,0.114308252211645
188,internet,internetly,0.062063334630791
188,internet,internetionally,0.0782285005496792
188,internet,internetational,0.121234344483855
188,internet,internetable,0.11743381533714
188,internet,internetably,0.121807673603574
188,internet,internetally,0.0951124601117189
188,internet,internetants,0.145951416377634
188,internet,internetedly,0.0950579564082732
188,internet,internetence,0.11890906457432
188,internet,internetical,0.109056777211202
188,internet,internetisms,0.0523041343989101
188,internet,internetitis,0.11890906457432
188,internet,internetizer,0.11890906457432
188,internet,internetized,0.0826744672266861
188,internet,internetness,0.110299910677137
188,internet,internetting,0.134202594341301
188,internet,internetization,0.132152815276344
188,internet,internetalization,0.0751705213434032
188,internet,internetability,0.0782285005496792
188,internet,internetals,0.11890906457432
188,internet,interneteer,0.0751705213434032
188,internet,interneters,0.105852066896073
188,internet,internetion,0.0360801746693807
188,internet,interneting,0.118192838294708
188,internet,internetism,0.123951480721771
188,internet,internetive,0.0801354522093364
188,internet,internetize,0.129440488754648
188,internet,internetics,0.0569198151865451
188,internet,internetous,0.11890906457432
188,internet,internets's,0.0628399176524779
188,internet,internetted,0.116403909788222
188,internet,internetically,0.11890906457432
188,internet,internetionals,0.0751705213434032
188,internet,internetalized,0.11890906457432
188,internet,internetivity's,0.104512139046715
188,internet,internets,0.138274190582444
188,internet,internete,0.0876298499095797
188,internet,internetables,0.0951124601117189
188,internet,internetating,0.11890906457432
188,internet,internetfully,0.11890906457432
188,internet,interneticals,0.121807673603574
188,internet,internetional,0.0739406108726201
188,internet,internetivity,0.0984225515986332
188,internet,internetizing,0.121807673603574
188,internet,interneteating,0.0751705213434032
188,internet,internettings,0.0751705213434032
188,phone,phoneing,0.0556206279986326
188,phone,phones's,0.112625373796024
188,phone,phonelis,0.130871529107471
188,phone,phoned,0.161941178714351
188,phone,phonee,0.158175411224901
188,phone,phones,0.284213387850028
188,phone,phone's,0.240599929037421
188,phone,phoning,0.154938347340007
188,phone,phoneed,0.0699384486929675
188,phone,phonees,0.130793161989276
188,phone,phoneds,0.136760305707183
188,phone,phonely,0.10707492464487
188,service,serviceableness,-0.000170024393893465
188,service,servicibility,0.0877889083502163
188,service,servicableness,-0.00640776469262738
188,service,servicer,0.108024553803477
188,service,services,0.278418596719657
188,service,serviced,0.139632911447942
188,service,servic's,0.0899289110768648
188,service,servical,-0.0352581028136281
188,service,service's,0.162753886344104
188,service,serviceal,0.0833710971766055
188,service,serviceer,0.0222148240815998
188,service,serviceds,0.102769967965005
188,service,serviceli,0.0877889083502163
188,service,servicely,0.0877889083502163
188,service,servicers,0.0971497563784228
188,service,servicals,-0.0395562577483591
188,service,servicous,0.0927782224543262
188,service,servicing,0.164017286785804
188,service,servicity,0.0877889083502163
188,service,servicefulness,0.0309611551257692
188,service,serviceables,0.0452668628146498
188,service,servics,0.0991941199314976
188,service,servicator,0.0877889083502163
188,service,servicably,0.0721613912842428
188,service,servicable,0.0571741030359252
188,service,serviced's,0.0877889083502163
188,service,serviceing,0.0948128803606546
188,service,serviceity,0.0877889083502163
188,service,serviceive,0.0814696984541863
188,service,serviceers,0.0915116540518743
188,service,serviceful,0.0632800986350285
188,service,servicered,0.0877889083502163
188,service,servicer's,0.0888250878696801
188,service,services's,0.0680464394801435
188,service,servicence,0.0877889083502163
188,service,servicible,0.0824562511842913
188,service,servicings,0.0753882423525821
188,service,servicitis,0.0452668628146498
188,service,servicized,0.0224004758701566
188,service,servicment,0.0877889083502163
188,service,servicization,0.0667059391145903
188,service,servic,0.128038549548503
188,service,servicability,0.0704409200621716
188,service,serviceational,0.093839407647871
188,service,serviceability,0.096478495884443
188,service,serviceableness's,0.0877889083502163
188,service,serviceable,0.0876716355505936
188,service,serviceably,0.0123524255172147
188,service,serviceally,0.0969461878128044
188,service,serviceence,0.0877889083502163
188,service,serviceical,0.0877889083502163
188,service,serviceness,0.0899289110768648
188,service,servicement,0.0464764264989255
188,service,servicering,0.0841688268453234
188,service,servicing's,0.0736024201452004
188,service,servicizing,0.0654321979166747
188,service,serviceabilities,0.064546175174435
188,service,servicments,0.0899289110768648
189,gs,gs's,0.394898017382417
189,pay,paye,0.15175391067437
189,pay,pays,0.282167763840657
189,pay,payeing,0.14261590297228
189,pay,payed's,0.123497781350823
189,pay,payes's,0.10063139440633
189,pay,payings,0.141927870514841
189,pay,payness,0.0718231538435463
189,pay,payingly,0.145405700314006
189,pay,paying,0.405128502153769
189,pay,paye's,-0.00346483112178235
189,pay,payeli,0.123497781350823
189,pay,payful,0.142361030199605
189,pay,pay's,0.183195590207462
189,pay,payes,0.0592775151645015
189,pay,payed,0.213614471625771
189,pay,payfulness,0.123497781350823
189,rate,ratings's,0.0541859291799931
189,rate,rates,0.366352231003934
189,rate,rated,0.264698370003439
189,rate,ratee,0.168045894350925
189,rate,rate's,0.198109060927331
189,rate,rateed,0.0559757921949067
189,rate,rateds,0.160687715806166
189,rate,ratees,0.153487551023708
189,rate,rately,0.130577444262059
189,rate,rating,0.323996767904967
189,rate,rateings,0.145171487492982
189,rate,rateness,0.154170809342943
189,rate,rating's,0.136062202499536
189,rate,rates's,0.148190445712842
189,rate,ratelis,0.0200026282049245
189,rate,rateing,0.102387425070148
189,rate,rateful,0.0160926292496102
189,rate,ratedly,0.0932762758540157
189,rate,rated's,0.0773293453109119
189,rate,ratee's,0.125992872963725
189,rate,ratings,0.278605811645344
189,rate,ratefully,0.00640218565825357
190,brooks,brooking's,0.135989608021529
190,brooks,brookings's,0.140337014434883
190,brooks,brook,0.250297578114566
190,brooks,brooke's,0.112580758653079
190,brooks,brookely,0.225616166070725
190,brooks,brooking,0.238514935891438
190,brooks,brooks's,0.420370339733057
190,brooks,brookes's,0.165262885385794
190,brooks,brookings,0.211912642169026
190,brooks,brookli,0.158539897995961
190,brooks,brookes,0.250631084063521
190,brooks,brooked,0.12237213877359
190,brooks,brookly,0.0894275014062474
190,brooks,brook's,0.279294022416059
190,brooks,brooke,0.288576329509043
190,brothers,brotheral,0.128139155918896
190,brothers,brotheres,0.240732644056206
190,brothers,brotherer,0.117857049807657
190,brothers,brothered,0.138493879149017
190,brothers,brotherli,0.227809273579994
190,brothers,brotherly,0.263576847670685
190,brothers,brother's,0.337244129477288
190,brothers,brotherization,0.179813783426173
190,brothers,brothereing,0.227809273579994
190,brothers,brotherment,0.233839535579778
190,brothers,brotherness,0.150018066112231
190,brothers,brothers's,0.258792614535672
190,brothers,brotherred,0.179813783426173
190,brothers,brotherers,0.179813783426173
190,brothers,brotherism,0.100470154990602
190,brothers,brothering,0.252939050432638
190,brothers,brotherlying,0.179813783426173
190,brothers,brotherments,0.233362508900705
190,brothers,brothere,0.18072913497553
190,brothers,brother,0.402602763114981
190,clearance,clearanci,0.267829604158075
190,clearance,clearancs,0.289084301233041
190,clearance,clearanced,0.331148176869669
190,clearance,clearances,0.350727531500171
190,clearance,clearancer,0.267829604158075
190,clearance,clearanceated,0.274358402544416
190,clearance,clearances's,0.267829604158075
190,clearance,clearance's,0.303140139244974
190,clearance,clearancies,0.218269705407947
190,clearance,clearancing,0.291534614998465
190,clearance,clearanceability,0.218269705407947
190,clearance,clearanc,0.269992075041633
191,churchill,churchill's,0.572739536370448
191,churchill,churchilled,0.291809037928723
191,churchill,churchillism,0.34558581842876
191,churchill,churchills's,0.346589039567738
191,churchill,churchil,0.371480041819687
191,churchill,churchills,0.416641068797915
191,churchill,churchil's,0.337357498673745
191,churchill,churchillization,0.292986402306731
191,churchill,churchile,0.360240609612371
191,churchill,churchils,0.231029668688215
191,downs,down,0.180106746443771
191,downs,downes,0.150760407002672
191,downs,downed,0.234000154177383
191,downs,downly,0.27744492779135
191,downs,downli,0.183043755620707
191,downs,down's,0.287991197280537
191,downs,downes's,0.152557292637818
191,downs,downings,0.140490408353584
191,downs,downlies,0.279183790214292
191,downs,downning,0.27744492779135
191,downs,downness,0.130352966400014
191,downs,downe,0.248622650548442
191,downs,downing's,0.0793794837937692
191,downs,downingly,0.279183790214292
191,downs,downs's,0.379202591315677
191,downs,downful,0.290541144266746
191,downs,downe's,0.132593035112356
191,downs,downing,0.186311028382224
191,downs,downlying,0.185383411754864
192,condos,condo,0.637766152123938
192,condos,condoes,0.389886925781254
192,condos,condoed,0.284954536070244
192,condos,condo's,0.419442522305016
192,condos,condoing,0.200131415507235
192,condos,condos's,0.319935309824436
192,condos,condoe,0.279419299210994
192,in,ins,0.0189381751530535
192,in,in's,0.0139637308579651
192,in,inly,-0.00792602078492762
192,in,inli,0.00908532609766153
192,in,infully,0.00984546207758167
192,in,inlying,0.00282680317702775
192,in,infulness,0.00881013560997146
192,in,inful,0.00841162900598314
192,in,inlis,-0.00684991527340562
192,in,inned,0.0090942303529206
192,in,ins's,0.0109037235659964
192,in,inness's,0.0105672632475631
192,in,innessed,0.00881013560997146
192,in,innesses,0.00918373513512109
192,in,infuls,0.00902489752673057
192,in,inlied,0.00881013560997146
192,in,inlies,0.0095904232653069
192,in,inlyed,0.00881013560997146
192,in,inness,0.00918328661190103
192,florida,floridaness,0.197748387652735
192,florida,floridaing,0.187114116015698
192,florida,floridaity,0.191675338224666
192,florida,floridaent,0.201963310401306
192,florida,floridaers,0.187114116015698
192,florida,floridas's,0.195048811687481
192,florida,floridaement,0.140709413679019
192,florida,floridas,0.274108650079015
192,florida,floridae,0.176763806175479
192,florida,florida's,0.435549323643402
192,florida,floridaed,0.195048811687481
192,florida,floridaes,0.197748387652735
192,florida,floridaer,0.187114116015698
193,dog,dogs,0.534545493622107
193,dog,dogged,0.162182703195984
193,dog,dogful,0.180258742057581
193,dog,dogs's,0.211950734516238
193,dog,doglis,0.115781573570339
193,dog,doggingly,0.156988405609997
193,dog,dog's,0.454988294834668
193,dog,dogli,0.101308410173944
193,dog,dogly,0.17586343994597
193,dog,dogfully,0.204055346520182
193,dog,doggedly,0.131422286094157
193,dog,doggings,0.204055346520182
193,dog,dogging,0.196753675103112
193,dog,dogness,0.261109601833057
193,clean,cleanly,0.237864037540558
193,clean,cleanli,0.173774968855975
193,clean,cleanes,0.162264955351467
193,clean,cleaned,0.3613287040675
193,clean,clean's,0.258521761174776
193,clean,cleaneing,0.195240077446787
193,clean,cleaned's,0.20167886425319
193,clean,cleanings,0.245401386590613
193,clean,cleanness,0.208112320346935
193,clean,cleanning,0.164130768780415
193,clean,cleannesses,0.0927480872401713
193,clean,cleanfully,0.20167886425319
193,clean,cleaning's,0.177021367836597
193,clean,cleaningly,0.154704820858687
193,clean,cleane,0.175327396894277
193,clean,cleans,0.310736533969289
193,clean,cleanned,0.157854903152831
193,clean,cleanely,0.0639398466773874
193,clean,cleaneds,0.20167886425319
193,clean,cleaning,0.362999094112679
193,up,ups,0.128737293710609
193,up,up's,0.0902920447333805
193,up,upfully,0.0616425040497782
193,up,uppings,0.0388862955288808
193,up,upful,0.0581209990631581
193,up,ups's,0.0682529749796609
193,up,upped,0.106045493311229
193,up,upfulness,0.0625190167054993
193,up,upfulness's,0.0601756217628213
193,up,upness,0.0737494863065571
193,up,upping,0.0986658840367004
193,bags,bag,0.477542621401847
193,bags,baggings,0.250653458152951
193,bags,bag's,0.306294875840856
193,bags,bagly,0.0446844311044639
193,bags,bagli,-0.0549960175044961
193,bags,bagging,0.264451862210268
193,bags,bagfuls,0.201243753547383
193,bags,baglies,0.189000023621102
193,bags,bagli's,0.189000023621102
193,bags,bagness,0.173948474339387
193,bags,bagly's,0.189000023621102
193,bags,bagful,0.135549991845651
193,bags,bagged,0.262633209054146
193,bags,baglis,0.154998855272475
193,bags,baglys,0.189000023621102
193,bags,bags's,0.262491473941565
193,bags,baggingly,0.189000023621102
193,bags,bagging's,0.0787758715204487
194,designer,design,0.284784746353444
194,designer,designant,0.110487840931936
194,designer,designate,0.00725489272360211
194,designer,designe's,0.176818963392875
194,designer,designned,0.179270003816256
194,designer,designous,0.153952576448382
194,designer,designs's,0.167011985561788
194,designer,designent,0.0860539892115755
194,designer,designers,0.459583852120624
194,designer,designeds,0.194244571349091
194,designer,designeer,0.221034328674092
194,designer,designful,0.218814606813784
194,designer,designism,0.272857925467302
194,designer,designity,0.143331494529309
194,designer,designize,0.153952576448382
194,designer,designing,0.317851807947957
194,designer,designabilities,0.176818963392875
194,designer,designements,0.176818963392875
194,designer,designerings,0.176818963392875
194,designer,designerness,0.22469262257859
194,designer,designerring,0.230169884273858
194,designer,designationally,0.176818963392875
194,designer,designables,0.164220686395141
194,designer,designality,0.176818963392875
194,designer,designanted,0.075771883100337
194,designer,designate's,0.00512175263410423
194,designer,designateds,0.176818963392875
194,designer,designating,0.0126906879863789
194,designer,designation,0.0732273485480869
194,designer,designately,0.176818963392875
194,designer,designative,0.110667853414931
194,designer,designators,0.0327313810890615
194,designer,designeated,0.137728616718853
194,designer,designeally,0.176818963392875
194,designer,designering,0.151168404956577
194,designer,designers's,0.202958931047778
194,designer,designerred,0.137728616718853
194,designer,designfully,0.153952576448382
194,designer,designationed,0.137728616718853
194,designer,designational,0.0919958428298663
194,designer,designation's,0.0170386239112143
194,designer,designatively,0.137728616718853
194,designer,designingly,0.226603945018293
194,designer,designing's,0.176818963392875
194,designer,designity's,0.153952576448382
194,designer,designities,0.176818963392875
194,designer,designizing,0.176818963392875
194,designer,designments,0.11486222977436
194,designer,designability,0.0670626744414047
194,designer,designe,0.215160477719404
194,designer,designs,0.345595522593558
194,designer,designisms's,0.22469262257859
194,designer,designic,0.176818963392875
194,designer,designli,0.176818963392875
194,designer,designly,0.176818963392875
194,designer,designal,0.15512026531278
194,designer,designed,0.185125196609837
194,designer,designes,0.22704820261652
194,designer,design's,0.269280624317259
194,designer,designator,0.0617772230854069
194,designer,designated,0.0368146638132849
194,designer,designates,0.0188407092775199
194,designer,designants,0.176818963392875
194,designer,designable,0.170408319481807
194,designer,designered,0.212874349716999
194,designer,designerly,0.171944652686639
194,designer,designer's,0.345799351446619
194,designer,designeing,0.188497662879621
194,designer,designeers,0.168402309939877
194,designer,designedly,0.146335979644563
194,designer,designiced,0.176818963392875
194,designer,designical,0.200896018115989
194,designer,designized,0.153952576448382
194,designer,designitis,0.153952576448382
194,designer,designisms,0.0375404866670118
194,designer,designings,0.172487098905937
194,designer,designment,0.122325413913676
194,designer,designning,0.138832180771819
194,designer,designness,0.22469262257859
194,designer,designallied,0.0860539892115755
194,designer,designatedly,0.153952576448382
194,designer,designatives,0.0415885821252683
194,designer,designations,0.0404463313483112
194,designer,designatings,0.176818963392875
194,designer,designator's,0.0860539892115755
194,dog,dogs,0.534545493622107
194,dog,dogged,0.162182703195984
194,dog,dogful,0.180258742057581
194,dog,dogs's,0.211950734516238
194,dog,doglis,0.115781573570339
194,dog,doggingly,0.156988405609997
194,dog,dog's,0.454988294834668
194,dog,dogli,0.101308410173944
194,dog,dogly,0.17586343994597
194,dog,dogfully,0.204055346520182
194,dog,doggedly,0.131422286094157
194,dog,doggings,0.204055346520182
194,dog,dogging,0.196753675103112
194,dog,dogness,0.261109601833057
194,breeds,breede's,0.284788220128684
194,breeds,breededs,0.366035113498022
194,breeds,breeding,0.535326447646183
194,breeds,breeds's,0.337054129575733
194,breeds,breedding,0.283277349075697
194,breeds,breedeing,0.272576961088492
194,breeds,breedings,0.43794383956604
194,breeds,breedness,0.337054129575733
194,breeds,breed,0.645494774475736
194,breeds,breeding's,0.239600046811
194,breeds,breedes,0.317200109572454
194,breeds,breeded,0.291904767021031
194,breeds,breed's,0.539646686298389
194,breeds,breede,0.171303648481826
195,pressure,pressureatings,0.162322533145446
195,pressure,pressurred,0.168925905347712
195,pressure,pressuring,0.293254352682746
195,pressure,pressurize,0.291462022950836
195,pressure,pressurent,0.162322533145446
195,pressure,pressurers,0.210320569356259
195,pressure,pressurant,0.232949189292558
195,pressure,pressure's,0.194243363330669
195,pressure,pressurs,0.214843345252978
195,pressure,pressuration,0.168925905347712
195,pressure,pressureence,0.209606469372352
195,pressure,pressureized,0.213984731973075
195,pressure,pressurering,0.162322533145446
195,pressure,pressurefully,0.209606469372352
195,pressure,pressuringly,0.162322533145446
195,pressure,pressurizers,0.233923790244313
195,pressure,pressurizing,0.293591865181926
195,pressure,pressurements,0.227234895703852
195,pressure,pressurable,0.168925905347712
195,pressure,pressurants,0.187026233649733
195,pressure,pressureize,0.214715980635331
195,pressure,pressuredly,0.209606469372352
195,pressure,pressureful,0.184004987235301
195,pressure,pressureing,0.139456146200953
195,pressure,pressurered,0.185809864909751
195,pressure,pressurized,0.34419849150811
195,pressure,pressurizes,0.266455735321919
195,pressure,pressurizer,0.229857228023967
195,pressure,pressurring,0.162322533145446
195,pressure,pressurer,0.220304039564994
195,pressure,pressures,0.387586038150683
195,pressure,pressured,0.30572681684693
195,pressure,pressural,0.214715980635331
195,pressure,pressur,0.229807296121189
195,pressure,pressurization,0.283830331609096
195,pressure,pressurizations,0.258332816684501
195,washers,washer,0.548275970804208
195,washers,washere's,0.337611026752884
195,washers,washerful,0.337611026752884
195,washers,washering,0.338249017266734
195,washers,washerred,0.337611026752884
195,washers,washere,0.259269889131535
195,washers,washered,0.357532452210042
195,washers,washeres,0.374413496380598
195,washers,washer's,0.390145889324461
196,sore,soreli's,0.292648684644617
196,sore,soreness,0.501270376151293
196,sore,sorefully,0.269782297700124
196,sore,sored,0.302277572456306
196,sore,soree,0.264285733722495
196,sore,sores,0.547179790699599
196,sore,soreing,0.24097405713734
196,sore,sorelis,0.269782297700124
196,sore,sorelys,0.292648684644617
196,sore,sores's,0.269782297700124
196,sore,soreely,0.292648684644617
196,sore,soredly,0.292648684644617
196,sore,soreful,0.269782297700124
196,sore,sorings,0.173991425072463
196,sore,sorenesses,0.32293903875502
196,sore,soreds,0.32293903875502
196,sore,sorees,0.335703043559097
196,sore,soreli,0.204502732770829
196,sore,sorely,0.234283278155738
196,sore,sore's,0.352411410762735
196,sore,soring,0.261985119557261
196,throat,throate,0.20841056723846
196,throat,throats,0.407705958531114
196,throat,throating,0.368675768702106
196,throat,throateds,0.289231728543929
196,throat,throatful,0.202247297979801
196,throat,throat's,0.387275243548027
196,throat,throatly,0.251673449632318
196,throat,throated,0.308856153564569
196,throat,throates,0.173492756284273
196,throat,throatfuls,0.212583102958295
196,throat,throated's,0.309968427605654
196,throat,throatedly,0.0902583449847856
196,throat,throatings,0.189716716013802
196,throat,throatting,0.302592231538028
197,idaho,idahoism,0.142076065739221
197,idaho,idahoers,0.251931476587741
197,idaho,idaho's,0.458228070814999
197,idaho,idahoes,0.17057034853846
197,idaho,idahoe,0.303961855488406
197,idaho,idahos,0.29654501818435
197,state,statefully,0.0969805535695626
197,state,statelying,0.10432587142855
197,state,stately's,0.059138447920288
197,state,stateness,0.133240101452431
197,state,stating's,0.0611573902733164
197,state,statingly,0.0220670435992938
197,state,statefulness,0.0738267355864389
197,state,states,0.308580034107366
197,state,statee,0.129378233162119
197,state,stated,0.212885164917872
197,state,statelys,0.0382910033288232
197,state,statelis,0.10432587142855
197,state,states's,0.124887673720319
197,state,stateely,0.10432587142855
197,state,statedly,0.0886453785833445
197,state,statee's,0.106868990525401
197,state,stated's,0.0505490909285141
197,state,stateing,0.0720014532911738
197,state,stateful,0.0881286294203339
197,state,statings,0.0183582711983398
197,state,state's,0.296661124716246
197,state,stateds,0.097988669890047
197,state,statees,0.0912432207319825
197,state,stateed,0.0568899011443035
197,state,stateli,0.0761579971253712
197,state,stately,0.109640042751136
197,state,stating,0.196034568772685
197,flower,flowers,0.501804783364075
197,flower,flowere,0.264501268317797
197,flower,flowerered,0.236039917406105
197,flower,flowerer's,0.247306928416246
197,flower,flowereing,0.248864921809658
197,flower,flowerings,0.195272882701656
197,flower,flowerized,0.175682881231052
197,flower,flowerlies,0.198549268175545
197,flower,flowerness,0.271119569218191
197,flower,flowerring,0.223510323953646
197,flower,flowerers,0.245152485520052
197,flower,flowereds,0.198549268175545
197,flower,flowerful,0.214349408102769
197,flower,flowerism,0.261362143012023
197,flower,flowerize,0.127899137709312
197,flower,flowering,0.446472313950213
197,flower,flowerals,0.198549268175545
197,flower,flowerred,0.298971646826123
197,flower,flowers's,0.149837169976871
197,flower,flowerfulness,0.165945800366966
197,flower,floweral,0.223024031843831
197,flower,floweric,0.257794139409679
197,flower,floweres,0.254432434596316
197,flower,flowerer,0.261243130607873
197,flower,flowered,0.345417725576505
197,flower,flowerly,0.223984101137759
197,flower,flower's,0.353568496604786
197,flower,flowerering,0.198549268175545
197,flower,flowererful,0.198549268175545
197,flower,flowering's,0.223510323953646
197,flower,flowerrings,0.247306928416246
198,indiana,indiana's,0.430295692113178
198,indiana,indianaed,0.223742749309201
198,indiana,indianas,0.268304590811208
198,indiana,indianae,0.136815874324861
198,indiana,indianaent,0.175906220998883
198,state,statefully,0.0969805535695626
198,state,statelying,0.10432587142855
198,state,stately's,0.059138447920288
198,state,stateness,0.133240101452431
198,state,stating's,0.0611573902733164
198,state,statingly,0.0220670435992938
198,state,statefulness,0.0738267355864389
198,state,states,0.308580034107366
198,state,statee,0.129378233162119
198,state,stated,0.212885164917872
198,state,statelys,0.0382910033288232
198,state,statelis,0.10432587142855
198,state,states's,0.124887673720319
198,state,stateely,0.10432587142855
198,state,statedly,0.0886453785833445
198,state,statee's,0.106868990525401
198,state,stated's,0.0505490909285141
198,state,stateing,0.0720014532911738
198,state,stateful,0.0881286294203339
198,state,statings,0.0183582711983398
198,state,state's,0.296661124716246
198,state,stateds,0.097988669890047
198,state,statees,0.0912432207319825
198,state,stateed,0.0568899011443035
198,state,stateli,0.0761579971253712
198,state,stately,0.109640042751136
198,state,stating,0.196034568772685
198,fairgrounds,fairgroundes,0.410590745366328
198,fairgrounds,fairground's,0.453332996084469
198,fairgrounds,fairground,0.505069046291008
198,fairgrounds,fairgrounds's,0.355450264114791
198,fairgrounds,fairgrounde,0.386794140903727
199,fybromyalgia,fybromyalgias,0.621901540203733
200,ontario,ontario's,0.482521729057282
200,ontario,ontarioe,0.251799050888121
200,ontario,ontarios,0.285263791388364
200,ontario,ontarioals,0.197108057492828
200,california,californias,0.239662458754947
200,california,californiae,0.175595578932544
200,california,californiaallied,0.164137459524471
200,california,californias's,0.133426466124441
200,california,californiaism,0.0366969986458255
200,california,californiaable,0.0442275615276379
200,california,californiaized,0.0920113050493774
200,california,californianess,0.164137459524471
200,california,californiaed,0.114877691993871
200,california,californiaal,0.0920113050493774
200,california,california's,0.381543500140161
200,airport,airportability,0.205913410658775
200,airport,airportation,0.162240074774134
200,airport,airports,0.519325278000988
200,airport,airporte,0.203667310361485
200,airport,airportate,0.209520656547986
200,airport,airportant,0.162240074774134
200,airport,airporters,0.23726764438253
200,airport,airportent,0.184383690260943
200,airport,airportlys,0.162240074774134
200,airport,airportism,0.185724052085386
200,airport,airporting,0.209520656547986
200,airport,airports's,0.232426000968738
200,airport,airport's,0.412379853745094
200,airport,airportly,0.100283341155619
200,airport,airportal,0.133785131680309
200,airport,airported,0.162240074774134
200,airport,airporter,0.294538956197619
200,airport,airportes,0.193599801192974
200,airport,airportable,0.0382693897241707
200,airport,airporter's,0.214628075978619
200,airport,airportions,0.162240074774134
200,airport,airportlies,0.209520656547986
200,airport,airportness,0.209520656547986
