QID,Term,Morph,npmi
1,ascii,asciis,0.4638503093957961
1,ascii,asciily,0.3868813222269951
1,code,coditions,0.0465003834216604
1,code,codic,0.079791932990341
1,code,codes,0.3122366346525521
1,code,coder,0.15138325448702
1,code,coded,0.1946378196714872
1,code,codeable,0.1542156735874068
1,code,codeness,0.0932710811236317
1,code,codement,0.1237360443585481
1,code,codicism,0.0932710811236317
1,code,codicity,0.0932710811236317
1,code,codition,0.0439722145618045
1,code,coders,0.2341972970566986
1,code,codeds,0.1681909671174548
1,code,codees,0.1781066269339285
1,code,codeed,0.1537768532791877
1,code,codeic,0.0932710811236317
1,code,codeal,0.0781834476291866
1,code,coding,0.2443397652555624
1,code,codion,0.0152637500253625
1,code,codics,0.0970566460869269
1,code,codicities,0.0932710811236317
1,code,codeeds,0.1409906997017305
1,code,codeals,0.0630156940089993
1,code,codence,0.0227776142151147
1,code,codency,0.0704553993867183
1,code,codeion,0.1139016466679868
1,code,codeing,0.1119557431083131
1,code,codeity,0.0932710811236317
1,code,codeive,0.0932710811236317
1,code,codings,0.1384453319024856
1,code,codeables,0.0932710811236317
1,code,codeality,0.1010284703599413
1,code,codements,0.0932710811236317
2,cad,cads,0.2650269445482565
2,cad,cadance,0.0594973487377274
2,cad,cadable,0.2258476398042617
2,cad,cadders,0.1991556463188921
2,cad,cadding,0.38083094502575
2,cad,cadeers,0.2350140491777382
2,cad,cadness,0.1042277893719792
2,cad,cador,0.0168834732540422
2,cad,cadly,0.2486633215411751
2,cad,cadic,0.153160231685477
2,cad,caded,0.1854011802599313
2,cad,cader,0.0768084088606215
2,cad,cades,0.1171819242886845
2,cad,cadal,0.0529329671563779
2,cad,cadables,0.2258476398042617
2,cad,cadances,0.1706559904429059
2,cad,cadanced,0.2096596559920405
2,cad,cadeer,0.3313159728785469
2,cad,caders,0.1642875500895131
2,cad,cadded,0.2096596559920405
2,cad,cadder,0.3312256022300031
2,cad,cading,0.2401224618600669
2,cad,cadism,0.2096596559920405
2,cad,cadion,0.0815169266531526
2,cad,cadive,0.2486633215411751
2,cad,cadize,0.2993424394846304
2,cad,cadics,0.2258476398042617
2,cad,cadlys,0.2486633215411751
2,cad,cadors,0.0554315055860887
2,cad,cadability,0.2259878757039073
2,cad,cadabilities,0.2486633215411751
2,cad,cadliness,0.2993424394846304
3,fifa,fifas,0.4017452482042102
4,nike,nikely,0.2583709135062932
4,nike,niking,0.0576909008002392
4,nike,nikes,0.4478905897599765
4,nike,niked,0.2411684385230141
4,nike,nikeness,0.2635107328929919
5,vmware,vmwares,0.4260119333752542
5,vmware,vmwared,0.3092340922659081
5,virtual,virtualization,0.4063819719010362
5,virtual,virtualitys,0.1825571266794563
5,virtual,virtualizes,0.250247155291958
5,virtual,virtualizer,0.2193202827864245
5,virtual,virtualized,0.3930382016979181
5,virtual,virtuallize,0.2113158171938978
5,virtual,virtualness,0.2188686016400743
5,virtual,virtuallization,0.1889138610269326
5,virtual,virtualizations,0.2275910760111542
5,virtual,virtuales,0.2418442535485747
5,virtual,virtualer,0.1592487457546185
5,virtual,virtualed,0.2226297281342839
5,virtual,virtualal,0.2338938741955405
5,virtual,virtualled,0.1592487457546185
5,virtual,virtualler,0.2062988215423725
5,virtual,virtualics,0.2062988215423725
5,virtual,virtualism,0.1363913092357859
5,virtual,virtualive,0.214191951610903
5,virtual,virtuality,0.2643734279133775
5,virtual,virtualing,0.1592487457546185
5,virtual,virtualize,0.3437393003547484
5,virtual,virtualality,0.2113158171938978
5,virtual,virtualicity,0.1592487457546185
5,virtual,virtualities,0.2322578707632507
5,virtual,virtualizing,0.3582879023582624
5,virtual,virtualizers,0.2374614491528899
5,virtual,virtuals,0.2619910354857022
5,machine,machinabilities,0.1853297164960534
5,machine,machinization,0.2141558338186043
5,machine,machinizations,0.1619131944053042
5,machine,machinics,0.1278980204710175
5,machine,machining,0.3599019779628273
5,machine,machinize,0.1684847159149936
5,machine,machinees,0.3156371586320703
5,machine,machineer,0.2521508256226117
5,machine,machineed,0.1969011784754218
5,machine,machineds,0.2865536268240843
5,machine,machiners,0.2920718190413567
5,machine,machineor,0.2030837031664355
5,machine,machinely,0.1853297164960534
5,machine,machinables,0.0322127752662481
5,machine,machinality,0.2141558338186043
5,machine,machinative,0.2090714113589696
5,machine,machineable,0.187796607589866
5,machine,machineisms,0.1619131944053042
5,machine,machinement,0.1619131944053042
5,machine,machinable,0.2234339410343334
5,machine,machinally,0.0772781653823427
5,machine,machineing,0.1967040018283004
5,machine,machineeer,0.1619131944053042
5,machine,machineers,0.2090714113589696
5,machine,machinical,0.1915629025413115
5,machine,machinings,0.1959124549132062
5,machine,machinizes,0.2090714113589696
5,machine,machinized,0.1553274523105243
5,machine,machinically,0.1918436414532599
5,machine,machined,0.2585787483607804
5,machine,machinal,0.126140623339812
5,machine,machinic,0.2294546825592343
5,machine,machines,0.4598859140834344
5,machine,machiner,0.275925134374572
5,machine,machinitions,0.1619131944053042
5,machine,machinability,0.215827360666607
5,machine,machineabilities,0.2090714113589696
5,machine,machinibility,0.2090714113589696
5,machine,machineability,0.1648103425948169
6,calendar,calendarally,0.0825676205191715
6,calendar,calendarized,0.0712680238383414
6,calendar,calendarizer,0.1053833022560849
6,calendar,calendarical,0.0447583658863508
6,calendar,calendarness,0.1502471576936092
6,calendar,calendarallied,0.1502471576936092
6,calendar,calendarizers,0.0825676205191715
6,calendar,calendarizing,0.1223966768345436
6,calendar,calendaricities,0.1053833022560849
6,calendar,calendars,0.2922417739935468
6,calendar,calendarial,0.0907898894517048
6,calendar,calendarics,0.1053833022560849
6,calendar,calendaring,0.1859900820455938
6,calendar,calendarism,0.1509300728554729
6,calendar,calendarity,0.1053833022560849
6,calendar,calendarize,0.069971030826894
6,calendar,calendarred,0.126505462830693
6,calendar,calendaror,0.1502471576936092
6,calendar,calendarly,0.1096604622496331
6,calendar,calendaric,-0.0304981283302874
6,calendar,calendared,0.1274424879230643
6,calendar,calendarer,0.1053833022560849
6,calendar,calendarically,0.1053833022560849
6,calendar,calendarization,0.0615078950067365
7,samsung,samsungs,0.420461267848041
7,official,officiality,0.1328623561820541
7,official,officialism,0.1140495746933442
7,official,officialing,0.0607916111061442
7,official,officialize,0.1014195035797914
7,official,officialled,0.1341461748868672
7,official,officialal,0.1403363016668896
7,official,officialed,0.1341461748868672
7,official,officiales,0.1237086412360853
7,official,officialer,0.0509066512486148
7,official,officialor,0.1459972682076609
7,official,officialization,0.1160617982107918
7,official,officialally,0.0899103167977495
7,official,officialized,0.1128588513944423
7,official,officializes,0.0556916537783571
7,official,officialling,0.1341461748868672
7,official,officialness,0.0325505759022176
7,official,officials,0.1682770267542996
7,official,officialities,0.1056669800894973
7,official,officializing,0.142572204263909
7,official,officiallized,0.1262023121524724
7,site,siteation,0.0519686885194398
7,site,sites,0.2044091403164105
7,site,siter,0.0098712614887687
7,site,sitic,0.0232646817297121
7,site,sited,0.0465321081550449
7,site,sitation,0.0713340468239491
7,site,siteable,0.0269931689112692
7,site,siteings,0.0433252304835544
7,site,sitement,-0.0130633291701918
7,site,siteness,0.0392623971892532
7,site,sition,0.0055262780743743
7,site,siting,0.0550010984925655
7,site,sitees,0.0625569007506769
7,site,siteds,0.0602958414143275
7,site,siteic,0.0097523525667215
7,site,sitely,0.0355636916238852
7,site,siters,0.0105336188978829
7,site,siteal,0.0598569756026798
7,site,sitations,0.0425863918672414
7,site,sitance,-0.0613573528231035
7,site,siteing,0.0324951069524409
7,site,sitions,0.0094327726940246
7,site,sitings,0.0218911962464276
8,world,worlders,0.1256279326059175
8,world,worlding,0.1194125831874438
8,world,worldism,0.1107753934181061
8,world,worldity,0.0950298992375878
8,world,worldive,0.0523197192814223
8,world,worldance,0.0431497053928261
8,world,worldings,0.108204942361005
8,world,worldisms,0.099050011904477
8,world,worldized,0.099050011904477
8,world,worldness,0.0897227285315131
8,world,worlds,0.2148542840274239
8,world,worldization,0.108204942361005
8,world,worlderness,0.0950298992375878
8,world,worldes,0.0716673125731631
8,world,worlder,0.1161656563564579
8,world,worlded,0.0823975423275335
8,world,worldal,0.0891366217154344
8,world,worldor,0.0892049717353579
8,world,worldation,0.0973409380873271
8,world,worldizing,0.0973409380873271
8,table,tableor,0.1911290753879531
8,table,tablers,0.1904467334366825
8,table,tablees,0.208603693361332
8,table,tableed,0.1833717778146935
8,table,tableds,0.2047526505179589
8,table,tablize,0.1863320448485623
8,table,tabling,0.2128841401718587
8,table,tablity,0.1372159407725243
8,table,tablies,0.1734681809874884
8,table,tably,0.126343429763207
8,table,tableable,0.1427850823707174
8,table,tableized,0.1427850823707174
8,table,tableizer,0.1395471335643694
8,table,tablement,0.1705765537228903
8,table,tableness,0.1947810778233455
8,table,tability,0.1182282000750693
8,table,tableize,0.1922070072241668
8,table,tableity,0.1372159407725243
8,table,tableism,0.1427850823707174
8,table,tableing,0.1587709942118494
8,table,tablings,0.0929030157924851
8,table,tablized,0.1833717778146935
8,table,tablizer,0.1049736349190461
8,table,tablys,0.211214651843847
8,table,tablor,0.1028217544595125
8,table,tables,0.4455254328120083
8,table,tabler,0.1186414976637056
8,table,tabled,0.1919429928934304
8,table,tablic,0.0176285392518549
8,table,tableization,0.1372159407725243
8,tennis,tennisability,0.2571465896753104
8,tennis,tennisser,0.2651789512806324
8,tennis,tennising,0.2165598942313343
8,tennis,tennissers,0.2717253885222014
8,tennis,tennissing,0.2571465896753104
8,tennis,tennisallied,0.1852975828084659
8,tennis,tennises,0.2334048948123941
8,tennis,tennisal,0.2571465896753104
8,championships,championshipper,0.2772087894246154
8,championships,championshipped,0.2772087894246154
8,championships,championshipor,0.2772087894246154
8,championships,championship,0.5769166151343126
8,championships,championshipping,0.2772087894246154
9,letter,letterability,0.1608442087398035
9,letter,letterally,0.1543063461118004
9,letter,letterisms,0.1608442087398035
9,letter,letterness,0.1608442087398035
9,letter,letterring,0.219749174068035
9,letter,letterrer,0.1092841674468121
9,letter,letterred,0.0513470762821518
9,letter,letterror,0.1145422673297402
9,letter,letterals,0.1920104123635862
9,letter,letterers,0.1427768966805893
9,letter,letterism,0.1800648018943089
9,letter,letterize,0.1249606956237702
9,letter,letteration,0.1842173442349131
9,letter,letterizing,0.2079590390978293
9,letter,letterly,0.0993396650898137
9,letter,letteror,0.1906682037963914
9,letter,letteral,0.1721839986582184
9,letter,letterer,0.0824232555502165
9,letter,letteres,0.1042636524206873
9,format,formattables,0.2103762832071163
9,format,formaters,0.1216946412237179
9,format,formateer,0.1625794676121328
9,format,formattor,0.2097647263935264
9,format,formatter,0.2367162039410887
9,format,formatted,0.3238444710786091
9,format,formatize,0.1860230315306102
9,format,formating,0.2459794104245368
9,format,formatics,0.236572602777719
9,format,formators,0.0589886994791586
9,format,formatable,0.1756186027799527
9,format,formatings,0.1844844731840424
9,format,formatting,0.3380205006063139
9,format,formatters,0.2746126542539628
9,format,formatation,0.2024571662224524
9,format,formatically,0.1454363360866341
9,format,formatization,0.1625794676121328
9,format,formatizing,0.1625794676121328
9,format,formats,0.4497267833964923
9,format,formattable,0.2627866572655012
9,format,formattings,0.2131951355433985
9,format,formator,0.0963016051016548
9,format,formated,0.246754690333193
9,format,formates,0.202321656305609
9,format,formater,0.2101234535031635
9,format,formatic,0.0976419708503876
9,format,formatly,0.1155253379635214
10,jurassic,jurassical,0.3119195303241136
10,jurassic,jurassics,0.4092987920696229
10,jurassic,jurassically,0.3509231958732482
10,jurassic,jurassicness,0.3509231958732482
10,world,worlders,0.1256279326059175
10,world,worlding,0.1194125831874438
10,world,worldism,0.1107753934181061
10,world,worldity,0.0950298992375878
10,world,worldive,0.0523197192814223
10,world,worldance,0.0431497053928261
10,world,worldings,0.108204942361005
10,world,worldisms,0.099050011904477
10,world,worldized,0.099050011904477
10,world,worldness,0.0897227285315131
10,world,worlds,0.2148542840274239
10,world,worldization,0.108204942361005
10,world,worlderness,0.0950298992375878
10,world,worldes,0.0716673125731631
10,world,worlder,0.1161656563564579
10,world,worlded,0.0823975423275335
10,world,worldal,0.0891366217154344
10,world,worldor,0.0892049717353579
10,world,worldation,0.0973409380873271
10,world,worldizing,0.0973409380873271
11,credit,crediteer,0.1836824599419648
11,credit,crediters,0.2059578551043019
11,credit,creditals,0.0906930720783359
11,credit,creditial,0.1587914403078603
11,credit,credition,-0.0112724566991987
11,credit,crediting,0.3151380592141191
11,credit,creditism,0.1836824599419648
11,credit,creditive,0.171866462966288
11,credit,creditted,0.1491825257990479
11,credit,credittor,0.1948557561644286
11,credit,credital,0.2336231346441089
11,credit,crediter,0.1283857886836172
11,credit,credites,0.0522260598184501
11,credit,credited,0.2344830702830453
11,credit,creditly,0.171866462966288
11,credit,creditative,0.1261593753765035
11,credit,creditation,0.0990831879657347
11,credit,creditations,0.0809109840020466
11,credit,creditibility,0.0561328421869406
11,credit,creditibilities,0.1261593753765035
11,credit,credits,0.226139822863574
11,credit,crediteers,0.171866462966288
11,credit,creditions,0.1033436936395901
11,credit,creditible,0.1543909881173867
11,credit,creditials,0.0733393530453023
11,credit,creditting,0.1520856206730002
11,credit,credittors,0.205176150735338
11,card,cardeds,0.126927494980036
11,card,cardeer,0.1939197340367714
11,card,carders,0.1249890209286955
11,card,cardial,0.1189348331639285
11,card,cardism,0.1726657580062337
11,card,cardive,0.1616360992183615
11,card,carding,0.1462777086912223
11,card,cardion,-0.0392839330264371
11,card,cardize,0.0753674536870447
11,card,cardabilities,0.1879198493969363
11,card,cardic,0.139238855312745
11,card,cardor,0.1423373531028119
11,card,cardly,0.0920692457069548
11,card,cardal,0.0336235283981898
11,card,carder,0.1134354250565973
11,card,cardes,0.1888230155832453
11,card,carded,0.2238206384626148
11,card,cardation,0.126927494980036
11,card,cardially,0.174889975112182
11,card,cardicism,0.126927494980036
11,card,cardicals,0.0309933464987482
11,card,cardations,0.1489240631433175
11,card,cardally,0.1726657580062337
11,card,cardable,0.159246268747336
11,card,cardeers,0.1663514146679849
11,card,cardings,0.0784263695762288
11,card,cardical,0.1190130650202048
11,card,cardials,0.1998176201948589
11,card,cardizer,0.126927494980036
11,card,cardness,0.1458160826050099
11,card,cardment,0.126927494980036
11,application,applicationation,0.1715380699456493
11,application,applicationor,0.1736847573318176
11,application,applicationes,0.1501941661082222
11,application,applicationer,0.1258437908874105
11,application,applicationed,0.1450713106124611
11,application,applicational,0.1668281731733406
11,application,applicatively,0.1517766463532666
11,application,applicativity,0.1258437908874105
11,application,applicationing,0.1653283777791735
11,application,applicationally,0.165176021273679
11,application,applicationable,0.1030281091504971
11,application,applicationlied,0.1258437908874105
11,application,applicatives,0.1588239056523591
11,application,applications,0.4593119987399698
11,application,applicative,0.1576125788863869
12,child,childers,0.141528934319295
12,child,childism,0.1006772892731684
12,child,childing,0.1332483076309295
12,child,childal,0.1761919753390778
12,child,childes,0.1455393698821641
12,child,childer,0.1053628495747724
12,child,childed,0.1791123600772881
12,child,childor,0.1804768004655667
12,child,childly,0.0437111102430454
12,child,childs,0.2172445122346999
12,child,childization,0.1761919753390778
12,child,childerness,0.1356052798951018
12,child,childable,0.107500495174463
12,child,childized,0.1761919753390778
12,child,childings,-0.0869286083929356
12,child,childlies,0.1761919753390778
12,child,childness,0.1383351103776624
12,child,childliness,0.107500495174463
12,stick,stickabilities,0.2017256433188241
12,stick,stickable,0.2308836857989549
12,stick,stickeers,0.0932188924113234
12,stick,stickings,0.154135893585264
12,stick,stickkers,0.0932188924113234
12,stick,stickking,0.1260328048997617
12,stick,sticklies,0.2471909590562317
12,stick,stickness,0.0500592771301795
12,stick,stickor,0.2020840828941337
12,stick,stickly,0.3205525421831283
12,stick,stickes,0.1785569424335234
12,stick,sticked,0.2025380719418987
12,stick,stickables,0.1595422744641633
12,stick,stickability,0.1919936572893783
12,stick,stickors,0.2471909590562317
12,stick,stickeer,0.1757302582763845
12,stick,stickeds,0.0932188924113234
12,stick,stickals,0.2471909590562317
12,stick,sticklys,0.2471909590562317
12,stick,stickker,0.104732580857094
12,stick,stickity,0.2234492641933155
12,stick,sticking,0.3393113839848016
12,stick,stickism,0.2234492641933155
12,figures,figuresability,0.1516859627231934
12,figures,figuresed,0.1516859627231934
12,figures,figuresize,0.2032547012355291
13,periodic,periodication,0.2746804342630999
13,periodic,periodicially,0.3032308262678658
13,periodic,periodicities,0.3689660579358241
13,periodic,periodics,0.355187527522435
13,periodic,periodicials,0.2356767687139653
13,periodic,periodicized,0.2974961160000133
13,periodic,periodiccal,0.3264155008369316
13,periodic,periodicial,0.2746804342630999
13,periodic,periodicity,0.4228393464877858
13,periodic,periodicize,0.2974961160000133
13,periodic,periodicically,0.2974961160000133
13,periodic,periodicor,0.2974961160000133
13,periodic,periodicly,0.1860756136830006
13,periodic,periodications,0.2746804342630999
13,table,tableor,0.1911290753879531
13,table,tablers,0.1904467334366825
13,table,tablees,0.208603693361332
13,table,tableed,0.1833717778146935
13,table,tableds,0.2047526505179589
13,table,tablize,0.1863320448485623
13,table,tabling,0.2128841401718587
13,table,tablity,0.1372159407725243
13,table,tablies,0.1734681809874884
13,table,tably,0.126343429763207
13,table,tableable,0.1427850823707174
13,table,tableized,0.1427850823707174
13,table,tableizer,0.1395471335643694
13,table,tablement,0.1705765537228903
13,table,tableness,0.1947810778233455
13,table,tability,0.1182282000750693
13,table,tableize,0.1922070072241668
13,table,tableity,0.1372159407725243
13,table,tableism,0.1427850823707174
13,table,tableing,0.1587709942118494
13,table,tablings,0.0929030157924851
13,table,tablized,0.1833717778146935
13,table,tablizer,0.1049736349190461
13,table,tablys,0.211214651843847
13,table,tablor,0.1028217544595125
13,table,tables,0.4455254328120083
13,table,tabler,0.1186414976637056
13,table,tabled,0.1919429928934304
13,table,tablic,0.0176285392518549
13,table,tableization,0.1372159407725243
14,equation,equationing,0.2638227173774348
14,equation,equationism,0.2991640278184083
14,equation,equational,0.3244629537954248
14,equation,equationed,0.2763483460814948
14,equation,equationes,0.2982401095612144
14,equation,equations,0.5749374025525206
14,equation,equationally,0.2556476322078903
14,edior,ediors,0.6833216445921859
15,agricultural,agricultured,0.1499079544142852
15,agricultural,agricultures,0.3556634147815943
15,agricultural,agriculturer,0.2830865191570803
15,agricultural,agriculturals,0.2439002826347086
15,agricultural,agricultureal,0.298308066339788
15,agricultural,agriculturely,0.2424484192233137
15,agricultural,agricultureor,0.2928752948191799
15,agricultural,agriculturers,0.2034447536741791
15,agricultural,agriculturing,0.2491783420651307
15,agricultural,agriculturization,0.3052649920825417
15,agricultural,agriculture,0.5545307956783676
15,agricultural,agriculturally,0.3950127238563222
15,machinery,machineryal,0.3023474850201071
15,machinery,machineries,0.4116576637659768
15,machinery,machinerier,0.3023474850201071
15,machinery,machinerys,0.3287162290860732
16,migrate,migrator,0.3772683806862249
16,migrate,migrated,0.4760331764706615
16,migrate,migrater,0.2860154318863558
16,migrate,migrates,0.4435925336863858
16,migrate,migratations,0.3903093297874895
16,migrate,migrators,0.3622483424652497
16,migrate,migraters,0.2655887027700997
16,migrate,migrateor,0.3360821696786167
16,migrate,migrateed,0.3132664879417033
16,migrate,migrative,0.3409729085128876
16,migrate,migrating,0.5353467728894549
16,migrate,migratation,0.3851760894856951
16,migrate,migrateable,0.3665676349245734
16,migrate,migratition,0.3360821696786167
16,migrate,migratable,0.3099134603523086
16,migrate,migrateing,0.2970785041294821
16,migrate,migratings,0.3903093297874895
16,migrate,migrability,0.3903093297874895
16,migrate,migratability,0.3825466346777851
16,abroad,abroaders,0.2844367903395437
16,abroad,abroadly,0.2323258334837302
16,abroad,abroader,0.2598139834514985
16,abroad,abroadness,0.0480655385110194
16,abroad,abroads,0.2412592718105881
17,gif,gifs,0.4475489336612769
17,gif,gifness,0.2449708024218901
17,gif,gifly,0.0656427560943587
17,gif,gifity,0.1908232017628947
17,collection,collectioned,0.090388268010821
17,collection,collectiones,0.1234831003588717
17,collection,collectioner,0.1029805951001615
17,collection,collectional,0.1495124407578992
17,collection,collectionor,0.13804210429171
17,collection,collectionly,0.1617837991546262
17,collection,collectionic,0.0806104082666741
17,collection,collections,0.359888301443679
17,collection,collectioners,0.1502373820291444
17,collection,collectionism,0.0935060988543594
17,collection,collectioning,0.0674240603124861
17,collection,collectionion,0.1686278461913689
17,collection,collectionics,0.1164699724119961
17,collection,collectionnor,0.0936542906750828
17,collection,collectionner,0.0996537942090767
17,collection,collectionnal,0.1617837991546262
17,collection,collectionable,0.0777699602789779
17,collection,collectioneers,0.1617837991546262
17,collection,collectionical,0.0649099311190048
17,collection,collectionners,0.1657182308240737
17,collection,collectionnors,0.1164699724119961
17,collection,collectionning,0.1164699724119961
17,collection,collectionables,0.0649099311190048
18,astrological,astrologier,0.3867611981994996
18,astrological,astrologies,0.4605929793223694
18,astrological,astrologics,0.2697502015520957
18,astrological,astrologically,0.6224843599353332
18,astrological,astrologic,0.3851085478785746
18,astrological,astrologys,0.4538197014796558
18,astrological,astrologicals,0.3867611981994996
18,astrological,astrologicality,0.3639455164625862
18,astrological,astrology,0.6264372897362805
18,sign,signities,0.069797828831697
18,sign,signments,0.0403797840244671
18,sign,signnally,0.069797828831697
18,sign,signnings,0.1159707291619078
18,sign,signs,0.1543674107683079
18,sign,signes,0.0224791641241607
18,sign,signed,0.257339855706599
18,sign,signabilities,0.1132173874971159
18,sign,signable,0.0862003535128163
18,sign,signials,0.069797828831697
18,sign,signings,0.1129821228999517
18,sign,signizer,0.0307941632825623
18,sign,signment,0.0458842722015546
18,sign,signness,0.1113544676828005
18,sign,signning,0.0673633358922697
18,sign,signability,0.1346365369857483
18,sign,signeer,-0.000723871727583199
18,sign,signeds,0.1277763903079955
18,sign,signeor,0.0469821470947836
18,sign,signnal,0.1132173874971159
18,sign,signner,0.069797828831697
18,sign,signned,0.1157586793687794
18,sign,signion,0.068514786546245
18,sign,signing,0.2287828279739584
18,sign,signity,0.0319884823903964
18,sign,signial,-0.0363123752286146
18,sign,signations,0.0469821470947836
18,sign,signables,0.037338443690593
18,sign,signation,0.0061385872437654
19,house,houseed,0.1365089063939721
19,house,houseds,0.1442482113936599
19,house,housees,0.1388940878393349
19,house,houseal,0.128135358796962
19,house,houseor,0.1535916643326457
19,house,housers,0.0982380745318386
19,house,housely,0.1337374687900966
19,house,housity,0.1365089063939721
19,house,housion,0.1365089063939721
19,house,housable,0.1365089063939721
19,house,houseing,0.1373963974254182
19,house,housives,0.0693652113784554
19,house,houseables,0.0921808931153688
19,house,housed,0.1783705393530003
19,house,houses,0.3231456567321233
19,house,houser,0.1290430815846411
19,house,housal,0.1127672115310559
19,house,houseable,0.1388773680382002
19,house,houseives,0.0921808931153688
19,house,houseisms,0.1227295883823324
19,house,houseings,0.0890092683656745
19,house,houselies,0.1365089063939721
19,house,houseness,0.133690004052069
19,of,ofly,0.0141188352622848
19,of,oflies,-0.0100989621179341
19,of,ofness,0.0128048502295481
19,of,ofities,0.0115266674921468
19,of,ofism,0.0115266674921468
19,of,ofity,0.0115266674921468
19,flying,flyinging,0.1800486417963724
19,flying,flyingly,0.1638606579841512
19,flying,flyinger,0.2028643235332858
19,flying,flyingal,0.2028643235332858
19,flying,flyingisms,0.2516846114929557
19,flying,flyingness,0.2578053473845886
19,flying,flyingability,0.1800486417963724
19,flying,flyings,0.2014510844529713
19,daggers,daggerability,0.427615782095138
19,daggers,daggerings,0.371933533597633
19,daggers,daggering,0.1551067441335418
19,daggers,dagger,0.4632218856877557
19,daggers,daggerer,0.371933533597633
19,daggers,daggered,0.2492533760992513
19,daggers,daggeral,0.371933533597633
20,donald,donaldness,0.3056881032742032
20,donald,donalds,0.2123953740810781
20,donald,donaldism,0.3009448465731916
20,donald,donalding,0.2984305496030435
20,duck,duckable,0.2508311239630799
20,duck,duckible,0.3015982258432158
20,duck,duckisms,0.2280154422261665
20,duck,duckings,0.2437522587555449
20,duck,duckking,0.2896108795456822
20,duck,duckness,0.272785884256586
20,duck,ducked,0.2493982917601113
20,duck,duckes,0.1978151073257383
20,duck,ducker,0.2034633480061314
20,duck,duckor,0.1097075582705144
20,duck,duckly,0.247307218285994
20,duck,duckliness,0.2508311239630799
20,duck,duckism,0.3007381979497184
20,duck,duckity,0.1992710826700885
20,duck,duckion,0.1803376570545629
20,duck,ducking,0.2811967529140028
20,duck,duckers,0.1930902771267315
21,convict,convictability,0.451758226057589
21,convict,convictor,0.1919465569834283
21,convict,convicter,0.481924553647403
21,convict,convictes,0.4953870014689779
21,convict,convicted,0.4965195559438727
21,convict,convictiveness,0.3951343337502337
21,convict,convictively,0.451758226057589
21,convict,convictable,0.4044193051886857
21,convict,convictived,0.3951343337502337
21,convict,convictible,0.3951343337502337
21,convict,convicts,0.5790133947531275
21,convict,convictted,0.4825021111829776
21,convict,convictors,0.3636881408877805
21,convict,convictive,0.3309589723781507
21,convict,convictism,0.4858904653100637
21,convict,convicting,0.5029938049221444
21,convict,convictics,0.3951343337502337
21,convict,convicteds,0.4627445663513757
21,conditioning,conditionability,0.2669470947694805
21,conditioning,conditioned,0.382657160447408
21,conditioning,conditioner,0.4050779000820768
21,conditioning,conditiones,0.0448556258543482
21,conditioning,conditionly,0.2107313867817307
21,conditioning,conditionor,0.1618525813724917
21,conditioning,conditionative,0.2335470685186442
21,conditioning,conditionerity,0.2396881235921643
21,conditioning,conditionities,0.2335470685186442
21,conditioning,conditionnally,0.1555397374203749
21,conditioning,condition,0.2342699080866646
21,conditioning,conditionable,0.2327341221669367
21,conditioning,conditioneers,0.2836126677044199
21,conditioning,conditionisms,0.2335470685186442
21,conditioning,conditionings,0.2847251910482342
21,conditioning,conditionized,0.2335470685186442
21,conditioning,conditionment,0.2107313867817307
21,conditioning,conditionners,0.1798004860306341
21,conditioning,conditionnals,0.1945434029695096
21,conditioning,conditionning,0.2829646605895076
21,conditioning,conditioneritys,0.2335470685186442
21,conditioning,conditionnal,-0.0385924240602381
21,conditioning,conditionned,0.2434446729482272
21,conditioning,conditionner,0.2034723987972719
21,conditioning,conditionion,0.2430259722604438
21,conditioning,conditionism,0.2836126677044199
21,conditioning,conditionize,0.2335470685186442
21,conditioning,conditionial,0.2107313867817307
21,conditioning,conditioneer,0.1212658859285157
21,conditioning,conditioneds,0.2335470685186442
21,conditioning,conditioners,0.3972873905350821
22,sichuan,sichuans,0.4785041457961285
22,university,universitiers,0.157030716787705
22,university,universityity,0.157030716787705
22,university,universitier,0.1083195148228942
22,university,universities,0.3791454219442177
22,university,universitied,0.0996498484395975
22,university,universityor,0.1397760614445225
22,university,universityes,0.0855038330859808
22,university,universityal,0.1619939532657888
22,university,universitys,0.2149132170925576
23,battle,battlementing,0.1763569217400571
23,battle,battleing,0.226714913946574
23,battle,battleers,0.224101361856134
23,battle,battlizer,0.1616468441271704
23,battle,battlized,0.2038644577831499
23,battle,battlings,0.2027247897516166
23,battle,battlions,0.219962932879839
23,battle,battled,0.2965770698670347
23,battle,battles,0.4219105494635169
23,battle,battler,0.2418638783299986
23,battle,battly,0.1704486688701051
23,battle,battlation,0.2295512987463561
23,battle,battleable,0.224101361856134
23,battle,battleizer,0.1763569217400571
23,battle,battleized,0.224101361856134
23,battle,battlement,0.1271847553522662
23,battle,battleness,0.1763569217400571
23,battle,battlizers,0.1763569217400571
23,battle,battlion,0.1970625506052275
23,battle,battling,0.3118734601658234
23,battle,battlies,0.2003596669932178
23,battle,battlers,0.2726364312344306
23,battle,battleed,0.1763569217400571
23,battle,battleal,0.224101361856134
23,battle,battlize,0.1989128929415393
23,city,citically,0.1118572911839147
23,city,citicisms,0.0560549806086056
23,city,citys,0.1632272939695116
23,city,citic,0.1112736792488034
23,city,citicism,0.0685890596192551
23,city,citiness,0.123512614358562
23,city,cityness,0.1470130198330033
23,city,citiers,0.1203833709154978
23,city,citical,0.0483295001459862
23,city,cityers,0.0766843126294977
23,city,cityeds,0.0766843126294977
23,city,citying,0.1312811497015229
23,city,cityity,0.1233109826385486
23,city,cityism,0.1233109826385486
23,city,citior,0.0797966754715218
23,city,citily,-0.0013230184687714
23,city,cities,0.3672922421587277
23,city,citier,0.0538686308925843
23,city,citied,0.0822531069712638
23,city,citics,0.0327853502441489
23,city,cityor,0.0790656851334143
23,city,cityly,0.1203833709154978
23,city,cityal,0.1286674454013806
23,city,cityed,0.1247061443651788
23,city,cityes,0.1454692568419987
24,domino,dominors,0.410576974076037
24,domino,dominoor,0.3266163072124367
24,domino,dominoed,0.3385878664367502
24,domino,dominoer,0.3266163072124367
24,domino,dominoness,0.3266163072124367
24,domino,dominor,0.0762272941758134
24,domino,dominos,0.3896064195888285
24,domino,dominoers,0.3804592792442801
24,domino,dominoeds,0.3897116954010003
24,domino,dominoing,0.2486089761141673
25,shaolin,shaolins,0.3790609509545952
25,monastery,monasteric,0.3204800987050742
25,monastery,monasterys,0.4317372737107296
25,monastery,monasterical,0.3978157171739648
25,monastery,monasteryor,0.3204800987050742
25,monastery,monasteryes,0.3572290217299888
25,monastery,monasterior,0.3978157171739648
25,monastery,monasteries,0.6397989278190781
25,monastery,monasteried,0.3978157171739648
26,eugene,eugenes,0.2560398796135559
26,eugene,eugened,0.3207565053930493
26,eugene,eugening,0.3380111607362318
27,introduction,introductioning,0.2076458446418641
27,introduction,introductionner,0.0825358989173814
27,introduction,introductive,0.1609011394727506
27,introduction,introductional,0.121847544876452
27,introduction,introductioned,0.183904149778948
27,introduction,introductiones,0.1859307844839113
27,introduction,introductively,0.1605432300156506
27,introduction,introductions,0.204009855140242
27,introduction,introductives,0.1605432300156506
27,of,ofly,0.0141188352622848
27,of,oflies,-0.0100989621179341
27,of,ofness,0.0128048502295481
27,of,ofities,0.0115266674921468
27,of,ofism,0.0115266674921468
27,of,ofity,0.0115266674921468
27,work,workative,0.0890698154618192
27,work,workation,0.1064465585612117
27,work,workivity,0.0890698154618192
27,work,workkings,0.0465921006198886
27,work,workally,0.0890698154618192
27,work,workeers,0.0570039550974851
27,work,workisms,0.0190237786423979
27,work,workizer,0.0484831200178431
27,work,workkers,0.0505341335038908
27,work,workking,0.054688010208498
27,work,worklies,0.0890698154618192
27,work,workment,0.0827183466021041
27,work,workness,0.0717046203746382
27,work,workations,0.0961207080727932
27,work,worked,0.271104962236844
27,work,workes,0.0864899986657118
27,work,workic,0.065328120598903
27,work,workly,0.0832597648608213
27,work,workor,0.0349032511501478
27,work,workibility,0.0890698154618192
27,work,workliness,0.0912359106121122
27,work,workors,0.0890698154618192
27,work,workeer,0.068091739283451
27,work,workeds,0.1064930106377494
27,work,workker,0.0133072447993097
27,work,workked,0.0512318465520052
27,work,workity,0.0989466945011759
27,work,workism,0.0605975048072954
27,work,workion,0.065328120598903
27,work,workics,0.0465921006198886
27,report,reportability,0.1332920950101403
27,report,reports,0.3218801277570835
27,report,reportor,0.1365788097821653
27,report,reported,0.2811241293510111
27,report,reportes,0.0302861738787454
27,report,reportal,0.1034360245409781
27,report,reportly,0.0779253565041431
27,report,reportter,0.1275145242900496
27,report,reportted,0.1347438972404315
27,report,reportism,0.0835373248828488
27,report,reportion,0.0835373248828488
27,report,reporting,0.284452857777563
27,report,reportive,0.1117172507976958
27,report,reportics,0.1133609036938741
27,report,reportial,0.1037728294271334
27,report,reportors,0.0738618313040207
27,report,reportals,0.0631861339831574
27,report,reporteer,0.0835373248828488
27,report,reporteds,0.115070657527671
27,report,reportization,0.0835373248828488
27,report,reportables,0.1190299645603698
27,report,reportative,0.0426672884919609
27,report,reportation,0.0426672884919609
27,report,reporttally,0.1275145242900496
27,report,reporttable,0.1228193196569625
27,report,reportably,0.0782974074854169
27,report,reportable,0.1712131277239791
27,report,reportence,0.0835373248828488
27,report,reporteers,0.0835373248828488
27,report,reportible,0.1275145242900496
27,report,reportized,0.1275145242900496
27,report,reportizer,0.2032148994209606
27,report,reportings,0.1207829158994728
27,report,reportions,0.0607216431459355
27,report,reportness,0.0319772835898575
27,report,reportting,0.1408537461112627
27,report,reporttables,0.1081628000511783
27,report,reportatives,0.1275145242900496
28,typing,type,0.1681823606554174
28,typing,typization,0.2443223903210462
28,typing,typeability,0.3046684820481329
28,typing,typal,0.1871000267685338
28,typing,types,0.1596391796026138
28,typing,typer,0.3933056095093872
28,typing,typed,0.3911523666668168
28,typing,typor,0.2779803236300669
28,typing,typion,0.2443223903210462
28,typing,typity,0.2970917582091029
28,typing,typors,0.2671380720579596
28,typing,typeal,0.1966446051494425
28,typing,typeic,0.2443223903210462
28,typing,typeds,0.1966446051494425
28,typing,typeed,0.2674858914642873
28,typing,typees,0.0548433243430381
28,typing,typeer,0.2281344065088249
28,typing,typers,0.3702568655196209
28,typing,typeor,0.161811024455985
28,typing,typance,0.318567019074043
28,typing,typable,0.317055656780322
28,typing,typeers,0.2671380720579596
28,typing,typeing,0.2809844386441129
28,typing,typings,0.3001103808972459
28,typing,typized,0.2452124552933199
28,typing,typeically,0.2053187247719115
28,typing,typability,0.3409488818200671
28,typing,typeableness,0.318567019074043
28,typing,typables,0.318567019074043
28,typing,typation,0.2443223903210462
28,typing,typative,0.2671380720579596
28,typing,typeable,0.2770335975225278
28,typing,typeical,0.2671380720579596
28,typing,typeness,0.1966446051494425
28,practice,practicically,0.1347936773009392
28,practice,practiceed,0.1808512026733021
28,practice,practiceer,0.1808512026733021
28,practice,practicees,0.148216734162752
28,practice,practiceal,0.1637558152094728
28,practice,practicers,0.1867776943708768
28,practice,practiceor,0.1571095078103859
28,practice,practicely,0.1347936773009392
28,practice,practicion,0.1808512026733021
28,practice,practicing,0.3631360051501843
28,practice,practicize,0.0501586482779778
28,practice,practicity,0.057890888501472
28,practice,practiceable,0.1613174996297008
28,practice,practicement,0.1852493358793065
28,practice,practiceness,0.1679946805361239
28,practice,practicizing,0.1546109300744896
28,practice,practicicalities,0.1808512026733021
28,practice,practiceability,0.1347936773009392
28,practice,practiceing,0.1279176879308466
28,practice,practicible,0.1808512026733021
28,practice,practicized,0.140264507229326
28,practice,practicings,0.107496638892579
28,practice,practicical,0.1852493358793065
28,practice,practiceality,0.0957900117518046
28,practice,practicer,0.1847120225622427
28,practice,practices,0.363274829277882
29,traffic,traffics,0.2534850914704589
29,traffic,traffical,0.1057411830429352
29,traffic,trafficer,0.1375163919604642
29,traffic,trafficed,0.1403657343718403
29,traffic,trafficly,0.2113116580900151
29,traffic,trafficor,0.2202509148940781
29,traffic,trafficableness,0.1640660633021044
29,traffic,trafficability,0.1638697199126966
29,traffic,trafficism,0.1640660633021044
29,traffic,trafficing,0.0988950552944303
29,traffic,trafficers,0.2392123598375369
29,traffic,trafficced,0.1640660633021044
29,traffic,trafficors,0.2113116580900151
29,traffic,traffically,0.1707249626460391
29,traffic,trafficable,0.1499023671134234
29,traffic,trafficcers,0.1640660633021044
29,traffic,trafficeers,0.2113116580900151
29,traffic,trafficizer,-0.0566249249774196
29,violation,violating,0.4985685239579
29,violation,violative,0.4015722509685351
29,violation,violators,0.3876948465882001
29,violation,violatees,0.2588426292843809
29,violation,violateed,0.2588426292843809
29,violation,violately,0.2588426292843809
29,violation,violaters,0.2278144464237491
29,violation,violateor,0.3099348916910401
29,violation,violatation,0.2588426292843809
29,violation,violatative,0.2588426292843809
29,violation,violateions,0.3099348916910401
29,violation,violatition,0.2588426292843809
29,violation,violatable,0.2861931968281239
29,violation,violateing,0.2198389637352462
29,violation,violations,0.5533605542413178
29,violation,violator,0.4090459595769925
29,violation,violated,0.5197586612668474
29,violation,violater,0.2656058084223283
29,violation,violates,0.5070310366541576
29,violation,violate,0.518927250671295
30,robot,robotizations,0.2778636460102625
30,robot,robotization,0.2714928597559396
30,robot,robots,0.5377498998668497
30,robot,robotor,0.2669283256501818
30,robot,robotic,0.3827107639777104
30,robot,robotly,0.2276113090494164
30,robot,roboted,0.232575186500033
30,robot,robotes,0.1988669494933385
30,robot,roboter,0.2361223771888612
30,robot,robotation,0.3197263246913764
30,robot,robotially,0.2504269907863299
30,robot,roboticism,0.2716149479633458
30,robot,roboticity,0.3011776902363021
30,robot,robotizing,0.2412982412590767
30,robot,robotancy,0.3399071375028384
30,robot,roboteers,0.3583736128473376
30,robot,roboticly,0.2591315651239039
30,robot,robotical,0.271518193578239
30,robot,robotisms,0.2774359953733859
30,robot,robotizer,0.1257649109183451
30,robot,robotizes,0.2475249972502733
30,robot,robotized,0.2975046272123762
30,robot,robotment,0.2504269907863299
30,robot,robotness,0.236289919845365
30,robot,robotting,0.2965100068221398
30,robot,robotically,0.2697266832986397
30,robot,roboticness,0.2576826440243918
30,robot,robotted,0.1886076435002818
30,robot,robotter,0.2939196447293483
30,robot,robotize,0.2696863308571129
30,robot,robotive,0.2504269907863299
30,robot,robotism,0.1853361948764525
30,robot,roboting,0.2704861941390613
30,robot,robotics,0.4570243908120259
30,robot,roboters,0.2488140699633229
30,robot,roboteer,0.3721611883601224
31,cherry,cherriness,0.1416172108782248
31,cherry,cherryness,0.2881378582509152
31,cherry,cherrys,0.2912770695263901
31,cherry,cherric,0.2266573273912553
31,cherry,cherriers,0.2527015998892896
31,cherry,cherriors,0.2266573273912553
31,cherry,cherryism,0.1258343145560726
31,cherry,cherryion,0.2266573273912553
31,cherry,cherrying,0.3209714917134408
31,cherry,cherrily,0.2030887309714828
31,cherry,cherries,0.4379916761121561
31,cherry,cherrier,0.1394387585565719
31,cherry,cherried,0.2117520378024296
31,cherry,cherrics,0.2266573273912553
31,cherry,cherryed,0.3008655735594772
31,cherry,cherryal,0.0724291769853034
31,cherry,cherryes,0.1307304790969593
31,cherry,cherryly,0.2038416456543419
32,chibi,chibily,0.2733355228292864
32,chibi,chibis,0.5929318358769841
32,maruko,marukos,0.5675741730516918
32,chan,chans,0.3777904887640553
32,chan,chanliness,0.2862794198312139
32,chan,chanity,0.1656163406288652
32,chan,chanism,0.1872398702762945
32,chan,chanly,0.0856344071085089
32,chan,chanisms,0.2734289198177753
33,uefa,uefas,0.4216238930974667
33,champions,championable,0.0861339072844321
33,champions,championeers,0.2069944662078802
33,champions,championning,0.1755046648484978
33,champions,champion,0.4498804999549924
33,champions,championizing,0.2231824500201014
33,champions,championeer,0.2965690784544
33,champions,championeds,0.2459981317570148
33,champions,championals,0.2069944662078802
33,champions,championism,0.2069944662078802
33,champions,championing,0.1803174487018901
33,champions,championion,0.3073117769116461
33,champions,championers,0.2459981317570148
33,champions,championned,0.1841787844709668
33,champions,championed,0.2109428803906624
33,champions,championes,0.2517844426274111
33,champions,championer,0.2559823830104239
33,champions,champional,0.2965690784544
33,league,leagueness,0.2418709130135324
33,league,leagual,0.1879149454944207
33,league,leagued,0.1987435141172397
33,league,leaguer,0.3967681022513597
33,league,leagues,0.5457472913859934
33,league,leagually,0.1879149454944207
33,league,leagueing,0.2123867927376341
33,league,leaguing,0.2367201278354206
33,league,leaguers,0.3994601026029222
33,league,leaguees,0.2673603446024301
33,league,leagueed,0.2361284876005502
33,league,leaguely,0.1879149454944207
33,league,leagueal,0.2418709130135324
33,league,leagueds,0.2677136319049824
33,final,finallization,0.0731840478522265
33,final,finalor,0.1639832767115096
33,final,finalal,0.1697820236870891
33,final,finalality,0.1121877134013611
33,final,finallized,0.1067639974771099
33,final,finallizer,0.1573277374017143
33,final,finalments,0.1573277374017143
33,final,finals,0.2706176643635791
33,final,finalally,0.1335860425387981
33,final,finalisms,0.1573277374017143
33,final,finallize,0.0839731736209912
33,final,finalling,0.1175446514849444
33,final,finalment,0.0870130964296499
33,final,finalness,0.092999347094822
33,final,finalism,0.1366470999185484
33,final,finaller,0.0952610048031942
33,final,finalled,0.1147014004661305
34,euro,euros,0.3917458885318169
34,euro,euroism,0.2756529110065789
34,euro,euroness,0.2151462975603523
34,euro,euroly,0.2644650702593095
34,step,stepal,0.1387845085235263
34,step,stepic,0.1095209765843654
34,step,steped,0.1481431096141782
34,step,stepes,0.0888983846005707
34,step,steper,0.1153588133161214
34,step,stepor,0.1928303554565576
34,step,steply,-0.1014730529218787
34,step,stepism,0.1722484787902688
34,step,steping,0.1510352948474055
34,step,steppal,0.1387845085235263
34,step,stepped,0.2580026064607799
34,step,stepper,0.1693710194505275
34,step,stepers,0.1722484787902688
34,step,stepeer,0.1116494447665656
34,step,stepables,0.0224139381381542
34,step,steppable,0.1515993801660284
34,step,steppings,0.1455866742962841
34,step,steppables,0.0872244672305349
34,step,stepable,0.1433382444963018
34,step,stepance,0.1159688267866129
34,step,stepives,0.1387845085235263
34,step,stepness,0.1588647283286345
34,step,stepping,0.2688484158907518
34,step,steppers,0.1607317075947752
34,step,steppeds,0.1159688267866129
34,step,steppability,0.1722484787902688
35,magnesium,magnesial,0.3262259940634604
35,magnesium,magnesiumize,0.3034103123265471
35,magnesium,magnesiums,0.4209103579525686
35,hydroxide,hydroxiding,0.4322522480900309
35,hydroxide,hydroxides,0.5830346145327221
36,neptune,neptuners,0.3493961914601333
36,neptune,neptunees,0.3899828869041094
36,neptune,neptunity,0.2090873808020947
36,neptune,neptunion,0.1671974213238856
36,neptune,neptunor,0.3357684592642808
36,neptune,neptuned,0.364176929589088
36,neptune,neptunic,0.2827547035726873
36,neptune,neptunes,0.7556104115370453
36,neptune,neptuner,0.3493961914601333
36,neptune,neptunal,0.2121297646921847
36,neptune,neptunions,0.2304414116623062
37,hkd,hkds,0.3767347712487884
37,rmb,rmbs,0.2850086801518053
37,exchange,exchangability,0.1722021225912429
37,exchange,exchangeabilities,0.197380407160092
37,exchange,exchangeability,0.2076855659538904
37,exchange,exchangeables,0.1448641951061185
37,exchange,exchangements,0.0372987936450937
37,exchange,exchangeable,0.2166936399694636
37,exchange,exchangeably,0.1656830537309292
37,exchange,exchangement,0.1928312308491775
37,exchange,exchangeness,0.2021805152606372
37,exchange,exchanging,0.2962921766662718
37,exchange,exchangeed,0.0726708511258639
37,exchange,exchangees,0.2170562216285946
37,exchange,exchangeor,0.1506781822241331
37,exchange,exchangers,0.1644462027984691
37,exchange,exchangeds,0.1506781822241331
37,exchange,exchangeal,0.197380407160092
37,exchange,exchangors,0.2280062739486515
37,exchange,exchangable,0.0990999213797128
37,exchange,exchangeing,0.2152597136819744
37,exchange,exchangeers,0.1506781822241331
37,exchange,exchanges,0.3357542943718854
37,exchange,exchanger,0.160456941079954
37,exchange,exchanged,0.280741391360773
37,exchange,exchangor,0.2243458595163784
37,rate,rably,0.1263408175577518
37,rate,rable,0.0264111992691574
37,rate,ratic,0.0903565853923027
37,rate,rater,0.1500643242225232
37,rate,rates,0.4175842836481689
37,rate,rated,0.2150522764231549
37,rate,rible,0.0321661023354464
37,rate,rables,0.0928060602237691
37,rate,rateal,0.2096451785787015
37,rate,rateed,0.181885322141742
37,rate,rateds,0.2017846536302986
37,rate,ratees,0.2321086743403658
37,rate,rately,0.1234934114166754
37,rate,raters,0.1838757921780848
37,rate,ratics,0.1791183269215487
37,rate,ribles,0.1489560451033775
37,rate,rabilities,0.1618636715783662
37,rate,ratitions,0.1290416833151549
37,rate,ratation,0.0086193152596458
37,rate,rateings,0.0871266605905806
37,rate,rateness,0.1351903602956935
37,rate,ratance,0.1290416833151549
37,rate,ratency,0.1062260015782415
37,rate,rateing,0.1180648852497979
37,rate,rateion,0.1290416833151549
37,rate,rateeer,0.1290416833151549
37,rate,rability,0.0936923633714691
38,movie,movial,0.0621161331542584
38,movie,movier,0.2078077896665527
38,movie,movied,0.1740720007485166
38,movie,moviation,0.1568362897964719
38,movie,movieable,0.0980843796712076
38,movie,movieings,0.0362650323851596
38,movie,moviement,0.0465243383782162
38,movie,movieness,0.1852065364400886
38,movie,moviing,0.1207457703152031
38,movie,moviely,0.1370880452203423
38,movie,movieor,0.1142723634834288
38,movie,moviers,0.141498247975283
38,movie,movieal,0.1370880452203423
38,movie,movieds,0.1909903589355387
38,movie,movieed,0.1936273184766205
38,movie,movieer,0.1370880452203423
38,movie,moviees,0.0573467396441394
38,movie,moviations,0.1832386914046864
38,movie,moviable,0.1370880452203423
38,movie,movieing,0.1552545328422399
38,movie,movieize,0.1142723634834288
38,ranking,rankinging,0.3498147492304889
38,ranking,rankings,0.4963209701848691
38,ranking,rankingal,0.315673997066533
38,ranking,rankinges,0.3302624531126839
38,ranking,rankingly,0.2900496683094891
38,ranking,rankingor,0.3130104104250432
39,router,routeics,0.2979950150457916
39,router,routeing,0.3256197834906911
39,router,routings,0.1526932737868155
39,router,routions,0.2979950150457916
39,router,routeability,0.3269346485463381
39,router,route,0.2113189028810371
39,router,routes,0.195871577250863
39,router,routed,0.3559990108609559
39,router,routation,0.2751793333088783
39,router,routeable,0.3298843097130144
39,router,routeings,0.2074313082036656
39,router,routers,0.6437771467704209
39,router,routeds,0.2979950150457916
39,router,routees,0.2361756677597436
39,router,routeed,0.2979950150457916
39,router,routely,0.2133599860228302
39,router,routing,0.5068258009394725
39,router,roution,0.1884978825881399
39,login,loginity,0.0469695620496927
39,login,logins,0.1147791564451032
40,merge,mergeable,0.3899788611346274
40,merge,mergeance,0.2878895636330652
40,merge,mergences,0.2589873542297636
40,merge,mergencys,0.2878895636330652
40,merge,mergable,0.3538556994490935
40,merge,mergance,0.2488858980839305
40,merge,mergeing,0.3386653031109756
40,merge,mergence,0.3228594618190273
40,merge,mergency,0.1099781071116637
40,merge,mergeers,0.2878895636330652
40,merge,mergings,0.2859934521308461
40,merge,mergical,0.1973258567909392
40,merge,mergible,0.2650738818961518
40,merge,mergeability,0.2878895636330652
40,merge,mergability,0.3545507900530187
40,merge,mergals,0.2650738818961518
40,merge,merging,0.4975928983379638
40,merge,mergion,0.2488858980839305
40,merge,mergeed,0.365434320664488
40,merge,mergeds,0.3401607451177157
40,merge,mergees,0.2758323548108234
40,merge,mergeer,0.2650738818961518
40,merge,mergely,0.3484331383690008
40,merge,mergencies,0.1078989642668964
40,merge,mergor,0.2878895636330652
40,merge,mergic,0.1019020400989221
40,merge,merged,0.4553152477640147
40,merge,merges,0.4353786366059148
40,merge,mergal,0.1393277996361158
40,videos,videoeer,0.0949497669671617
40,videos,videoers,0.1255253435075701
40,videos,videoing,0.1204460201258156
40,videos,videolys,-0.0145473654904898
40,videos,videoors,-0.0036195763029559
40,videos,video,0.3387224218698315
40,videos,videor,0.0211013611557716
40,videos,videoeers,0.0721340852302483
40,videos,videoence,0.0949497669671617
40,videos,videoings,0.0433897256741704
40,videos,videoizer,0.0949497669671617
40,videos,videoized,0.1121415930459358
40,videos,videoness,0.1427799988507526
40,videos,videoer,0.0842277757554086
40,videos,videoes,0.1098444649141255
40,videos,videoed,0.0943535430296473
40,videos,videoor,0.0138330954635749
40,videos,videoal,0.1258653849112585
41,autumn,autumnation,0.1728870292257983
41,autumn,autumnicity,0.1963374908158311
41,autumn,autumners,0.2299472910300481
41,autumn,autumning,0.198693396255276
41,autumn,autumnity,0.2561250922803119
41,autumn,autumnize,0.159453824121531
41,autumn,autumnial,0.2299472910300481
41,autumn,autumnnal,0.2299472910300481
41,autumn,autumnisms,0.2299472910300481
41,autumn,autumnlies,0.2299472910300481
41,autumn,autumnness,0.2299472910300481
41,autumn,autumnly,0.1462661148815336
41,autumn,autumned,0.1681279437440001
41,autumn,autumner,0.2071316092931347
41,autumn,autumnes,0.2299472910300481
41,autumn,autumnic,0.2299472910300481
41,autumn,autumns,0.2913368430032549
41,autumn,autumnability,0.1393835841879221
42,alpaca,alpacas,0.6947116955727597
43,petal,petals,0.4834238525549377
43,petal,petalization,0.3599904152845773
43,petal,petally,0.246611026705538
43,petal,petalic,0.2429794186371735
43,petal,petaler,0.3421374644711529
43,petal,petales,0.1914538737663038
43,petal,petalers,0.3418333682957361
43,petal,petalism,0.3914462372135429
43,petal,petaling,0.1827193648910915
43,petal,petalion,0.3599904152845773
43,petal,petalive,0.0629879678329664
43,petal,petalling,0.1873498651602543
43,petal,petallers,0.3599904152845773
43,petal,petalness,0.3599904152845773
44,english,englishic,0.13803330647144
44,english,englishly,0.1250401779555113
44,english,englished,0.1642563452842608
44,english,englishes,0.19032061047514
44,english,englisher,0.1158104105892017
44,english,englishor,0.13803330647144
44,english,englishization,0.0581006003967515
44,english,englishs,0.1321024703568114
44,english,englishize,0.0755128523996788
44,english,englishism,0.1408039471713058
44,english,englishing,0.1506927441910927
44,english,englishers,0.0727103690948337
44,english,englishable,0.1107517424224576
44,english,englishency,0.13803330647144
44,english,englishized,0.1475232389670493
44,english,englishizes,0.0820622735694602
44,english,englishings,0.1413901482272745
44,english,englishisms,0.0187000108929913
44,english,englishment,0.1533397070107481
44,english,englishness,0.1712404350852959
44,english,englishation,0.13803330647144
44,english,englishments,0.0936458360020521
44,english,englishability,0.1345780858746571
44,quotes,quoteability,0.2229894672350793
44,quotes,quotization,0.1752883950849279
44,quotes,quoteations,0.2471051106332707
44,quotes,quote,0.3893400300328664
44,quotes,quotatives,0.0744653822497452
44,quotes,quotative,0.119472504965704
44,quotes,quotor,0.1752883950849279
44,quotes,quoter,0.2541092859582388
44,quotes,quoted,0.2268574940239984
44,quotes,quotal,0.1992477723721631
44,quotes,quotize,0.1752883950849279
44,quotes,quotity,0.1752883950849279
44,quotes,quoting,0.2732784237441273
44,quotes,quotion,0.1441154171930299
44,quotes,quotics,0.2229894672350793
44,quotes,quotals,0.1524727133480145
44,quotes,quoters,0.2947130271119027
44,quotes,quotely,0.091166822422834
44,quotes,quoteor,0.0699613474829534
44,quotes,quoteed,0.1237283537919365
44,quotes,quoteds,0.2803965318973044
44,quotes,quotees,0.3012676340429777
44,quotes,quoteal,0.1237283537919365
44,quotes,quoteable,0.2016410953664421
44,quotes,quoteness,0.1237283537919365
44,quotes,quoticals,0.1992477723721631
44,quotes,quotition,0.2390424532411407
44,quotes,quoteing,0.1530424375969931
44,quotes,quotings,0.0863565613510624
44,quotes,quotions,0.2229894672350793
44,quotes,quotives,0.2324227381214704
44,quotes,quotible,0.1752883950849279
44,quotes,quotized,0.1752883950849279
44,quotes,quoteables,0.0975552549861385
44,quotes,quoteation,0.2438904120779068
44,quotes,quotitions,0.2516644292002172
45,commendatory,commendatorily,0.5554697707808574
45,commendatory,commendatories,0.5782854525177707
45,term,termations,0.1310627241448154
45,term,terming,0.1650882196889254
45,term,termial,0.0427605786521325
45,term,termion,0.079502682851824
45,term,termism,0.2339038902331612
45,term,termity,0.079502682851824
45,term,termmed,0.0920590585956807
45,term,termals,0.0215655916871637
45,term,termeer,0.0776398159150712
45,term,termers,0.1703456533319083
45,term,termors,0.1407494755588374
45,term,termor,0.2069609010147379
45,term,termic,-0.0066276089747276
45,term,termly,0.1759079640214015
45,term,termes,0.0214665778452266
45,term,termer,0.1792553006712698
45,term,termed,0.2657609812712073
45,term,termal,0.0519388378267588
45,term,termically,0.1310627241448154
45,term,termation,0.1153797427976871
45,term,termerity,0.127880736957545
45,term,termially,0.1640178844411171
45,term,termities,0.108247042407902
45,term,termally,0.079502682851824
45,term,termeers,0.1310627241448154
45,term,termical,0.0605692572362983
45,term,termials,0.2230159351764686
45,term,termlies,0.1769688224577149
45,term,termness,0.1506341339794828
45,term,termming,0.1532271275947987
46,musical,musicalical,0.1959578315115251
46,musical,musicalizer,0.2504437672861483
46,musical,musicalizes,0.261307284788853
46,musical,musicalized,0.2879544078298711
46,musical,musicalment,0.0749031810007684
46,musical,musicalness,0.196133218274716
46,musical,musicality,0.3519250688371702
46,musical,musicalive,0.2412222231460148
46,musical,musicalism,0.2207561129200053
46,musical,musicalion,0.2207561129200053
46,musical,musicalize,0.2381813038471489
46,musical,musicals,0.4168141504065332
46,musical,musicalality,0.2444978077829215
46,musical,musicalization,0.232103877766422
46,musical,musicalities,0.2113696422645241
46,musical,musicalizing,0.2702602402867635
46,musical,musicalal,0.2207561129200053
46,musical,musicales,0.260951550567899
46,musical,musicalizations,0.2548409602221065
46,note,noteed,0.097807711476906
46,note,notees,0.0982564416648731
46,note,noteic,0.0851336046691693
46,note,notely,0.0445003679905298
46,note,noters,0.1082320514565599
46,note,notics,0.0705761030948775
46,note,noting,0.2201559110304868
46,note,noter,0.0779312456826283
46,note,notes,0.1435068919521732
46,note,notic,0.1138260282974776
46,note,noteability,0.0629335436377809
46,note,noteables,0.0791093258932124
46,note,noteation,0.0851336046691693
46,note,notements,0.1079492864060827
46,note,notitions,0.0851336046691693
46,note,notative,0.1291755917979009
46,note,noteable,0.0561542008057121
46,note,noteably,0.1116802713177032
46,note,notement,0.0242605060470325
46,note,noteness,0.0885888963539248
46,note,noterity,0.0071262735709001
46,note,notition,0.1252321786174001
46,note,noteing,0.1519110159115939
46,note,noteive,0.1079492864060827
46,note,notings,0.0829242472936677
47,rubik,rubiks,0.5449440674164495
47,cube,cubeing,0.3325984681916624
47,cube,cubeism,0.2025403155220627
47,cube,cubings,0.2502181006936664
47,cube,cubeicals,0.3336673628328769
47,cube,cubed,0.3724187389671344
47,cube,cuber,0.2531708885697363
47,cube,cubes,0.4643991639828434
47,cube,cubation,0.31534381284848
47,cube,cubeical,0.2730337824305798
47,cube,cubelies,0.2502181006936664
47,cube,cubeness,0.2603736265410905
47,cube,cubing,0.3552667592206493
47,cube,cubion,0.3247020168479827
47,cube,cubers,0.2944407866312633
47,cube,cubely,0.2710493238619538
47,cube,cubeds,0.2340301168814452
47,cube,cubeed,0.2841153214040066
47,cube,cubees,0.2629497648659333
47,solution,solutions,0.4176405998821413
47,solution,solutioners,0.2225202387860814
47,solution,solutioneer,0.1602519475418846
47,solution,solutionize,0.1499431977129706
47,solution,solutionism,0.0317051149995117
47,solution,solutionive,0.1566512391218629
47,solution,solutioning,0.2155284447846293
47,solution,solutionner,0.2136922041717212
47,solution,solutionation,0.1566512391218629
47,solution,solutionizing,0.2457835492639108
47,solution,solutioned,0.199646977802785
47,solution,solutiones,0.2116132499400559
47,solution,solutioner,0.2035958906989995
47,solution,solutional,0.1605686997143888
47,solution,solutionor,0.1985900052169027
47,solution,solutionnizing,0.2035958906989995
47,solution,solutive,0.1874626868128666
47,solution,solutionable,0.1630091952550235
47,solution,solutionally,0.0861577722133458
47,solution,solutioneers,0.1971747325440685
47,solution,solutionizer,0.2035958906989995
47,solution,solutionized,0.172250921038038
47,solution,solutionners,0.2035958906989995
47,solution,solutionability,0.1566512391218629
47,steps,stepses,0.1671751822957234
47,steps,stepsal,0.0966817153872064
47,steps,stepsizes,0.1709429682813223
47,steps,stepsized,0.1671751822957234
47,steps,stepsize,0.1936210708552182
48,melbourne,melbournes,0.3946476313134329
48,melbourne,melbourned,0.3083295964478799
48,university,universitiers,0.157030716787705
48,university,universityity,0.157030716787705
48,university,universitier,0.1083195148228942
48,university,universities,0.3791454219442177
48,university,universitied,0.0996498484395975
48,university,universityor,0.1397760614445225
48,university,universityes,0.0855038330859808
48,university,universityal,0.1619939532657888
48,university,universitys,0.2149132170925576
48,world,worlders,0.1256279326059175
48,world,worlding,0.1194125831874438
48,world,worldism,0.1107753934181061
48,world,worldity,0.0950298992375878
48,world,worldive,0.0523197192814223
48,world,worldance,0.0431497053928261
48,world,worldings,0.108204942361005
48,world,worldisms,0.099050011904477
48,world,worldized,0.099050011904477
48,world,worldness,0.0897227285315131
48,world,worlds,0.2148542840274239
48,world,worldization,0.108204942361005
48,world,worlderness,0.0950298992375878
48,world,worldes,0.0716673125731631
48,world,worlder,0.1161656563564579
48,world,worlded,0.0823975423275335
48,world,worldal,0.0891366217154344
48,world,worldor,0.0892049717353579
48,world,worldation,0.0973409380873271
48,world,worldizing,0.0973409380873271
48,ranking,rankinging,0.3498147492304889
48,ranking,rankings,0.4963209701848691
48,ranking,rankingal,0.315673997066533
48,ranking,rankinges,0.3302624531126839
48,ranking,rankingly,0.2900496683094891
48,ranking,rankingor,0.3130104104250432
49,yahoo,yahooization,0.1672448715354226
49,yahoo,yahooed,0.0762911829802659
49,yahoo,yahooer,0.2168746521499309
49,yahoo,yahooes,0.189200424262639
49,yahoo,yahooor,0.1672448715354226
49,yahoo,yahooness,0.1444291897985092
49,yahoo,yahoor,0.1444291897985092
49,yahoo,yahoos,0.2310738761892055
49,yahoo,yahooers,0.2140456826816527
49,yahoo,yahooism,0.0797672262788988
49,yahoo,yahooize,0.2146194836449738
49,yahoo,yahooing,0.1796008572632461
49,finance,financeable,0.1959895447640507
49,finance,financement,0.118259535796207
49,finance,financy,0.1924534287078101
49,finance,financeability,0.1841301994630113
49,finance,financeially,0.1427912157020103
49,finance,financements,0.1395652117984267
49,finance,financability,0.091231174409019
49,finance,financable,0.1480803542700349
49,finance,financally,0.110415987957091
49,finance,financeers,0.1241786316845644
49,finance,financeals,0.1971760594015323
49,finance,financeial,0.1835573223254406
49,finance,financeing,0.1910382956708677
49,finance,financical,0.0850420270321643
49,finance,financings,0.264926568302585
49,finance,financals,0.1841760852455717
49,finance,financies,0.2143278494261219
49,finance,financied,0.0909282511795075
49,finance,financing,0.4012938437294906
49,finance,financity,0.189173334729759
49,finance,financeed,0.1037875501528757
49,finance,financeal,0.2257676067801865
49,finance,financeor,0.2337437869251866
49,finance,financers,0.2051442570020413
49,finance,financees,0.157010685384229
49,finance,financeer,0.2321572355986442
49,finance,financely,0.1199755339650969
49,finance,financor,0.1427912157020103
49,finance,financal,0.2055734531761772
49,finance,financed,0.2963436444350156
49,finance,financer,0.2174698742971698
49,finance,financically,0.189173334729759
50,dow,dows,0.4292184619413371
50,dow,dowly,0.2182763481137496
50,dow,downess,0.2481873462368623
50,dow,dowlys,0.3003264772767604
50,dow,dowism,0.2586865796610075
50,jones,jonesor,0.1617985529755455
50,jones,jonesly,0.1641619359514224
50,jones,jonesal,0.1069049619361288
50,jones,jonesic,0.1869776176883358
50,jones,joneser,0.2083529175793513
50,jones,joneses,0.2483431036609308
50,jones,jonesed,0.0851961658156894
50,jones,jonesism,0.1869776176883358
50,jones,jonesing,0.151955849658573
50,jones,jonesers,0.2749143720563462
50,jones,jonessally,0.1641619359514224
50,jones,jonesings,0.1479739521392012
50,jones,jonesness,0.2102334162517944
50,jones,jonessing,0.1869776176883358
51,volkswagen,volkswagenism,0.3338288234078486
51,volkswagen,volkswagens,0.486194542666685
52,olympic,olympically,0.2716514882098293
52,olympic,olympicness,0.3001301343430181
52,olympic,olympics,0.5304464180261471
52,olympic,olympicize,0.3128267378800898
52,olympic,olympicism,0.3001301343430181
52,olympic,olympicly,0.2104166278636169
52,olympic,olympices,0.2494202934127515
52,olympic,olympical,0.2880648937452625
52,coin,coins,0.5562853041459611
52,coin,coinability,0.3159729611438197
52,coin,coinor,0.0618630578351956
52,coin,coinic,0.2586129189646742
52,coin,coinal,0.2196092534155396
52,coin,coines,0.3126850858125187
52,coin,coiner,0.2385812572691351
52,coin,coined,0.1949641278128365
52,coin,coinable,0.298172941577841
52,coin,coinizer,0.2586129189646742
52,coin,coinings,0.1810390775747627
52,coin,coinical,0.2586129189646742
52,coin,coinner,0.2586129189646742
52,coin,coinned,0.2196092534155396
52,coin,coinics,0.1532858713626997
52,coin,coining,0.2804855327739231
52,coin,coiners,0.3057817731401172
52,value,valuance,0.1255626405717647
52,value,valueism,0.1754100403209605
52,value,valueing,0.1464372670981653
52,value,valuings,0.1829011914524549
52,value,valuized,0.1531569244614946
52,value,valuible,0.1027469588348513
52,value,valueds,0.1887072232403481
52,value,valueer,0.1712455086677684
52,value,valuees,0.1801753032393302
52,value,valueed,0.1650157026110374
52,value,valueal,0.1830188143935835
52,value,valueor,0.1830188143935835
52,value,valuing,0.2656581756228105
52,value,values,0.3618110824331282
52,value,valued,0.287690167493171
52,value,valuative,0.1390938755596841
52,value,valueable,0.1365471851418205
52,value,valueance,0.1712455086677684
52,value,valueness,0.1576448534686569
52,value,valueables,0.0660977417215492
52,value,valueabled,0.158155384977778
52,value,valueation,0.164871083582601
53,absolute,absoluteization,0.2200164862190744
53,absolute,absoluting,0.1756856063711358
53,absolute,absolutize,0.3445576844671065
53,absolute,absolutive,0.1690672805560813
53,absolute,absolutity,0.2695329237818779
53,absolute,absolutees,0.2695329237818779
53,absolute,absoluteed,0.247585215122023
53,absolute,absoluters,0.2200164862190744
53,absolute,absoluteor,0.2695329237818779
53,absolute,absolutally,0.0096963409262401
53,absolute,absolutably,0.2200164862190744
53,absolute,absolutable,0.2200164862190744
53,absolute,absoluteing,0.2289462283379018
53,absolute,absoluteity,0.215880230795849
53,absolute,absoluteism,0.2200164862190744
53,absolute,absoluteize,0.267316416211788
53,absolute,absolutized,0.2875360836491216
53,absolute,absolutizes,0.2692556019649247
53,absolute,absolutization,0.2921105499739433
53,absolute,absoluted,0.1802383646740039
53,absolute,absoluter,0.1083144300584627
53,absolute,absolutes,0.3614678442981131
53,absolute,absolutor,0.197200804482161
53,absolute,absolutic,0.2561890978077519
53,absolute,absolutizings,0.2200164862190744
53,absolute,absolutation,0.2200164862190744
53,absolute,absoluteizes,0.2457912289189617
53,absolute,absoluteized,0.2760877140441132
53,absolute,absolutement,0.1408761431680934
53,absolute,absoluteness,0.3473610385313905
53,absolute,absolutivity,0.2457912289189617
53,absolute,absolutively,0.1495230193105574
53,absolute,absolutizing,0.2504055385999812
53,neutrophils,neutrophil,0.7502884208108703
54,anime,animeisms,0.2363949109465722
54,anime,animeness,0.2187892889536924
54,anime,animed,0.20867184321968
54,anime,animes,0.4082666308513826
54,anime,animing,0.1035359483303985
54,anime,animeism,0.2363949109465722
54,anime,animings,0.1653552956164465
54,pillow,pillowly,0.2072114358457535
54,pillow,pillowed,0.2776871082156208
54,pillow,pillowes,0.2886856496104418
54,pillow,pillower,0.2300271175826669
54,pillow,pillowic,0.2690307831318015
54,pillow,pillowing,0.2398208024284334
54,pillow,pillowation,0.3459106757635314
54,pillow,pillowness,0.2867579739078547
54,pillow,pillows,0.5524536452455056
55,annual,annualizes,0.1752554471917654
55,annual,annualizer,0.1317398654140008
55,annual,annualized,0.2683187806933202
55,annual,annualment,0.1397837767347767
55,annual,annualizations,0.1597600999365738
55,annual,annualability,0.186043833753096
55,annual,annuals,0.2219614648188999
55,annual,annualization,0.2845569678267147
55,annual,annuallys,0.1169680949978633
55,annual,annualled,0.1397837767347767
55,annual,annualing,0.1733135915788983
55,annual,annualism,0.1489945207571834
55,annual,annuality,0.1454571383091199
55,annual,annualize,0.1873286489477435
55,annual,annually,0.3435669638056847
55,annual,annualed,0.1485339546520151
55,annual,annuales,0.1454571383091199
55,annual,annualer,0.1397837767347767
55,annual,annualal,0.1965914969844674
55,annual,annualor,0.1939141690756406
55,annual,annualizing,0.2012098019680554
55,annual,annuallized,0.1397837767347767
55,salary,salarys,0.2829847947938033
55,salary,salaric,0.2078546777405253
55,salary,salaries,0.5158500401476689
55,salary,salarier,0.2306703594774387
55,salary,salaryes,0.287443600810212
55,salary,salariers,0.195050466854627
55,salary,salarying,0.2679446526208009
55,requirement,requirementings,0.2811629746962976
55,requirement,requirementing,0.2311929225173087
55,requirement,requirementes,0.228358665558984
55,requirement,requirements,0.4290138915365711
56,apologetic,apologeticly,0.3453257551470341
56,apologetic,apologetical,0.4852229600755866
56,apologetic,apologetically,0.4161198854489741
56,songs,song,0.549087968349541
56,songs,songals,0.1882302180322003
56,songs,songers,0.2309658887812576
56,songs,songism,0.1882302180322003
56,songs,songity,0.2422069597406393
56,songs,songing,0.1344329482068265
56,songs,songes,0.1837845922929515
56,songs,songer,0.1269933997978419
56,songs,songic,0.1882302180322003
56,songs,songal,-0.0081653105824981
56,songs,songed,0.1332424446732606
56,songs,songor,0.1552831651208503
56,songs,songly,0.2328407969807396
56,songs,songliness,0.1492265524830656
56,songs,songiving,0.1035951890092388
56,songs,songions,0.1654145362952869
56,songs,songings,0.2364565560088025
56,songs,songness,0.2441623648554638
57,axle,axly,0.2560426439353601
57,axle,axlor,0.3340499750336294
57,axle,axles,0.65027264772188
57,axle,axler,0.1116717878291855
57,axle,axled,0.3396369411296147
57,axle,axlys,0.249414946010668
57,axle,axliving,0.3340499750336294
57,axle,axlees,0.3340499750336294
57,axle,axlers,0.3340499750336294
57,axle,axling,0.1798218246276775
57,ratio,ratios,0.5295248888784289
57,ratio,ratioally,0.2408104341360986
57,ratio,ratioing,0.2731920189215794
57,ratio,ratioed,0.2820718097684192
57,ratio,ratioes,0.2375181363440593
57,ratio,ratioal,0.2678120521026619
58,best,bests,0.1087000491742642
58,best,bestality,0.0401819915235157
58,best,bestal,0.0625043428889275
58,best,bested,0.1199984564013041
58,best,bester,0.0780595723487315
58,best,bestes,0.0708875186967942
58,best,bestic,0.0534013958579852
58,best,bestly,0.053527883146382
58,best,bestor,0.0339023635508907
58,best,bestibles,0.0383180755749096
58,best,bestable,0.0403226579016887
58,best,bestence,0.0513063021826958
58,best,bestions,0.0296469605808253
58,best,bestlies,0.0513063021826958
58,best,bestment,0.0939753508877175
58,best,bestness,0.0915351024051217
58,best,bestteds,0.0939753508877175
58,best,bestting,0.1100378274451438
58,best,besttable,0.0939753508877175
58,best,besttings,0.0962607441014514
58,best,besters,0.0080769101085637
58,best,bestter,0.1056677962617455
58,best,bestors,0.0702336560248013
58,best,besting,0.1125378988898667
58,best,bestion,0.0855341497412571
58,best,bestism,0.0939753508877175
58,best,bestity,0.0939753508877175
58,best,bestive,0.0513063021826958
58,best,bestize,0.0513063021826958
58,office,officically,0.0612022883891884
58,office,officization,0.0954317267639758
58,office,officor,0.1522503585012684
58,office,officed,0.1642415452444686
58,office,offical,0.0462434192134067
58,office,offication,0.0954317267639758
58,office,officeally,0.0564280612148412
58,office,officeness,-0.0005277464728011747
58,office,officicals,0.1250320937263638
58,office,officeability,0.0862389876517853
58,office,officing,0.1647450829478186
58,office,officion,0.1161499857748979
58,office,officity,0.0553454457815181
58,office,officeal,0.079932032037615
58,office,officees,0.1368482567662565
58,office,officeer,0.1269165126590732
58,office,officeds,0.1522503585012684
58,office,officeed,0.1482851708069917
58,office,officely,0.1260390609834314
58,office,officeor,0.1116555417694979
58,office,officors,0.147822770351846
58,office,officals,0.1311764799431219
58,office,offically,0.0455322487027732
58,office,officeals,0.1398916806378141
58,office,officence,0.1398916806378141
58,office,officeize,0.0954317267639758
58,office,officeing,0.1432937163266139
58,office,officeial,0.1061323055707645
58,office,officeers,0.1425279274772492
58,office,officical,0.0285523929961979
58,software,softwareions,0.1269262134409335
58,software,softwareical,0.1269262134409335
58,software,softwarelied,0.0829719603133306
58,software,softwared,0.1527146294484671
58,software,softwarer,0.1613533368741349
58,software,softwares,0.2580202662015969
58,software,softwarization,0.1322956569793136
58,software,softwarion,0.0863395179969574
58,software,softwaring,0.1133033737735953
58,software,softwarers,0.1300129410147356
58,software,softwarely,0.0829719603133306
58,software,softwareic,0.1564052914720115
58,software,softwareor,0.1381394619857545
58,software,softwareal,0.1322956569793136
58,software,softwarees,0.1186769199032219
58,software,softwareer,0.1186769199032219
58,software,softwareors,0.1269262134409335
58,software,softwareing,0.1381394619857545
58,software,softwareism,0.0829719603133306
58,software,softwareion,0.1269262134409335
59,bios,bio,0.2048531400923412
59,bios,bioly,0.1383848843151487
59,bios,biolys,0.2553958809625526
59,bios,bioism,0.2163922154134179
59,bios,bioness,0.0916794418463716
59,setup,setups,0.4188248743234695
60,blueberry,blueberrier,0.2237862346741232
60,blueberry,blueberries,0.5816355811537411
60,blueberry,blueberried,0.3637081694278699
60,blueberry,blueberryness,0.3890668121524805
60,blueberry,blueberriers,0.2968974012315057
60,blueberry,blueberrying,0.3220170954126645
60,blueberry,blueberrys,0.3921278509001606
60,compote,compotable,0.3953763781481434
60,compote,compotence,0.4268661795075258
60,compote,compotions,0.3878625139583913
60,compote,compotible,0.4143098037636691
60,compote,compotitions,0.3953763781481434
60,compote,compotability,0.4658698450566605
60,compote,compoting,0.3953763781481434
60,compote,compotion,0.2945533653129608
60,compote,compotive,0.4430541633197471
60,compote,compotees,0.4658698450566605
60,compote,compoters,0.2446244641659687
60,compote,compotation,0.3699429967623646
60,compote,compotement,0.4658698450566605
60,compote,compotition,0.2424599513548303
60,compote,compotibility,0.4658698450566605
60,compote,compotations,0.4040504977706124
60,compote,compoted,0.5253646580184836
60,compote,compotes,0.5008542757862744
60,compote,compoter,0.2652286601120822
60,compote,compotor,0.4658698450566605
60,compote,compotencies,0.4658698450566605
61,boeing,boeings,0.4915363358492045
61,boeing,boeinger,0.3304957555508916
61,history,historyability,0.083343765948637
61,history,historyically,0.1273131094383244
61,history,historier,0.0539955350968893
61,history,histories,0.261037241685335
61,history,historied,0.0875916961313727
61,history,historyic,0.0736604164522955
61,history,historyes,0.1220055903623756
61,history,historyed,0.1326989200939209
61,history,historyor,0.1400583412207511
61,history,historyal,0.1348604520582212
61,history,historys,0.0881095547601299
61,history,historying,0.1215109724261292
61,history,historyion,0.083343765948637
61,history,historyical,0.1131545906201053
62,brady,bradied,0.1916432507576803
62,brady,bradies,0.2866125250294651
62,brady,bradys,0.4373158272730258
62,motion,motionization,0.2557909159719443
62,motion,motionality,0.0951900514275573
62,motion,motionable,0.2466632549604806
62,motion,motionally,0.2102773700505752
62,motion,motioneers,0.2912506895642345
62,motion,motionizer,0.2009744229557237
62,motion,motionized,0.1781587412188102
62,motion,motionings,0.2009744229557237
62,motion,motionning,0.2009744229557237
62,motion,motionness,0.2009744229557237
62,motion,motioner,0.2502233594382327
62,motion,motiones,0.1853896157893403
62,motion,motioned,0.2741056916582386
62,motion,motional,0.3704963656176444
62,motion,motionly,0.2009744229557237
62,motion,motionic,0.2717491805293246
62,motion,motionnal,0.2009744229557237
62,motion,motionals,0.1781587412188102
62,motion,motionism,0.1781587412188102
62,motion,motioning,0.21148843968734
62,motion,motioners,0.2488832653494243
62,motion,motioneer,0.2385362606287618
63,candle,candled,0.2349539078767475
63,candle,candler,0.0721853877801208
63,candle,candles,0.6074483323971451
63,candle,candlor,0.2265956694133719
63,candle,candly,0.2405129544252304
63,candle,candlement,0.2427836532255931
63,candle,candleness,0.2932241348618123
63,candle,candling,0.2476343960586421
63,candle,candlize,0.2655993349625065
63,candle,candlies,0.3169658297247284
63,candle,candleer,0.2655993349625065
63,candle,candlers,0.1044355075471975
63,candle,candleing,0.2436112659440053
63,candle,candlings,0.3246741441858677
63,in,inly,0.0163047434858378
63,in,inity,0.0020359271742729
63,in,inism,0.0100238143382732
63,in,inlys,0.0141764692646394
63,in,initied,0.0135871006134462
63,in,inities,0.0154311612997614
63,in,initys,0.01326451981661
63,in,inisms,0.0135871006134462
63,in,inlied,0.01326451981661
63,in,inlies,0.0077804406249078
63,in,inness,0.0149714053981178
63,window,windowization,0.1557230696419617
63,window,windowable,0.2026300498870972
63,window,windowizer,0.1769194186160923
63,window,windowized,0.1329073879050483
63,window,windowings,0.2026300498870972
63,window,windowness,0.2112020428785546
63,window,windowwize,0.2026300498870972
63,window,windowwing,0.1557230696419617
63,window,windows,0.2775248018211025
63,window,windowize,0.1864559873984268
63,window,windowism,0.1329073879050483
63,window,windowive,0.1557230696419617
63,window,windowing,0.2668946138021734
63,window,windowers,0.1552796445427748
63,window,windowed,0.2389949597845272
63,window,windower,0.1246807216739176
63,window,windowes,0.1953125261798764
63,window,windowal,0.1557230696419617
63,meaning,meanings,0.4565836762017181
63,meaning,meaninged,0.1662502996018445
63,meaning,meaningly,0.2124238243418736
63,meaning,meaningness,0.1791914907415501
63,meaning,meaningliness,0.1886536149163871
63,meaning,meaninging,0.1496499493672524
63,meaning,meaningism,0.2368971371733797
63,meaning,meaningability,0.2368971371733797
64,case,casable,0.1229910603741162
64,case,casally,0.1314468229023815
64,case,caseism,0.1467327552370324
64,case,caseing,0.1289784051932351
64,case,casions,0.2175442847883605
64,case,casality,0.1020059743775295
64,case,casation,0.1229910603741162
64,case,caseable,0.1226104521595059
64,case,caseings,0.1330465041603246
64,case,casement,0.0771100579995525
64,case,caseness,0.1396212481095996
64,case,casor,0.0877147046388636
64,case,casic,0.0275730203383282
64,case,cased,0.1685364196011656
64,case,caser,0.0719285486137052
64,case,cases,0.3911436896530521
64,case,casal,0.0577291471199565
64,case,caseables,0.1020059743775295
64,case,caseation,0.1225950337389121
64,case,caseative,0.1503011595035071
64,case,casements,0.1158108036462809
64,case,casion,0.2365262854426155
64,case,casity,0.0461841778534086
64,case,casize,0.1467327552370324
64,case,casics,0.0223291058221518
64,case,casals,0.0450114790966469
64,case,caseic,0.0930800622510035
64,case,casely,0.0579361484515024
64,case,casers,0.152705350880529
64,case,caseor,0.1471740515974062
64,case,caseal,0.0180759746232479
64,case,caseer,0.1467327552370324
64,case,casees,0.1429641067644184
64,case,caseed,0.1330465041603246
64,case,caseds,0.1572597779246402
64,case,casically,0.1393213509341888
64,case,caseations,0.1020059743775295
64,compound,compoundable,0.2570868935573238
64,compound,compoundings,0.2763985887798044
64,compound,compoundment,0.2902353573124512
64,compound,compoundness,0.3304747615213208
64,compound,compoundes,0.2809673165865315
64,compound,compounder,0.2626759591991828
64,compound,compounded,0.322880574490911
64,compound,compoundor,0.2809673165865315
64,compound,compoundly,0.2596029831577933
64,compound,compoundation,0.2809673165865315
64,compound,compoundments,0.3334241331419684
64,compound,compounds,0.5263101391396408
64,compound,compoundability,0.2994810389382412
64,compound,compoundded,0.2809673165865315
64,compound,compounders,0.3241668450868109
64,compound,compoundals,0.2809673165865315
64,compound,compounding,0.3697327379717469
65,cheap,cheapes,0.2504550367624157
65,cheap,cheaper,0.3761989897940334
65,cheap,cheaped,0.2107331910221878
65,cheap,cheapic,0.1664508215787816
65,cheap,cheaply,0.286274935399698
65,cheap,cheapor,0.22973798689751
65,cheap,cheaps,0.2497404038722417
65,cheap,cheapable,0.1856701045824207
65,cheap,cheapness,0.2477492401353137
65,cheap,cheapive,0.198106982195319
65,cheap,cheapism,0.2137125817066679
65,cheap,cheapity,0.2093385596672853
65,cheap,cheaping,0.1861831443693593
65,cheap,cheapper,0.1792182878216079
65,cheap,cheapers,0.111930738032745
65,cheap,cheapeer,0.2065742843637955
65,cheap,cheapabled,0.198106982195319
65,root,roottables,0.2721196513044085
65,root,rootations,0.2225023218864496
65,root,rootly,0.223547031332523
65,root,rootes,0.0942051384011852
65,root,rooter,0.2021410908697966
65,root,rootor,0.1444949907881803
65,root,rootation,0.1520088549779325
65,root,rooticals,0.2225023218864496
65,root,roottable,0.2494772397162279
65,root,rootability,0.2656000743504472
65,root,rootically,0.1606829746004016
65,root,rootics,0.2315329558604325
65,root,rooting,0.3294728066242328
65,root,rootism,0.2787373483764608
65,root,rooters,0.184966377637106
65,root,rootted,0.2721196513044085
65,root,rootable,0.2898381798570677
65,root,rootings,0.2071999562329683
65,root,rootical,0.1076416255015701
65,root,rootness,0.103439641150259
65,root,rootment,0.2225023218864496
65,canals,canaled,0.4737556065308197
65,canals,canaler,0.387294362338519
65,canals,canales,0.1879356556275936
65,canals,canally,0.2886789517402544
65,canals,canal,0.5211838854220796
65,canals,canaller,0.2083505059475262
65,canals,canalled,0.4382630223079647
65,canals,canaling,0.3151767435485693
65,canals,canalers,0.4121074770020117
65,canals,canalling,0.4239678342617464
65,canals,canallers,0.3864863559831865
65,canals,canalness,0.3669828900059337
66,create,creatability,0.0735703530184948
66,create,createively,0.1214365370639796
66,create,createivity,0.1214365370639796
66,create,creatable,0.0886388232929503
66,create,createeds,0.0776964014377564
66,create,createive,0.0478216714335026
66,create,createion,0.0584969638225698
66,create,createing,0.1062957117123764
66,create,createics,0.1214365370639796
66,create,createors,0.0808498416200035
66,create,creatical,0.0976948422010634
66,create,creatings,0.1011644975155887
66,create,creatibility,0.0776964014377564
66,create,creatics,0.0386927358886217
66,create,creating,0.2901181835550119
66,create,creatity,0.111870645518582
66,create,creaters,0.0408422544855744
66,create,creatize,0.1071351054659998
66,create,createds,0.110529755313179
66,create,createed,0.0751235553226926
66,create,createes,0.0677838440779507
66,create,creately,0.0958304237360923
66,create,createor,0.121987151870109
66,create,createic,0.054880719700843
66,create,creibles,-0.0128673054043695
66,create,creatables,0.0883280348948697
66,create,creatation,0.1282608717971289
66,create,creatative,0.0584969638225698
66,create,createable,0.1213658704993567
66,create,creatibles,0.0595240304526677
66,create,creaticism,0.0776964014377564
66,create,creaticity,0.0965020688864483
66,create,creability,0.026136360144765
66,create,createabilities,0.0776964014377564
66,create,creatabilities,0.0776964014377564
66,create,creibility,0.1201386922779653
66,create,createability,0.0960656616614833
66,create,creatations,0.112955010116392
66,create,creable,0.0571081467570873
66,create,creatic,0.0354171882192328
66,create,creatal,0.0776964014377564
66,create,created,0.2733231218602288
66,create,creater,0.0325312806094517
66,create,creates,0.2071061022958786
66,create,creible,-0.0027371061114681
66,create,creatativity,-0.0338961701330151
66,website,websiteness,-0.0107590858692513
66,website,websitings,0.0926480763573141
66,website,websiting,0.0959825924697059
66,website,websiteds,0.1153574098859771
66,website,websited,0.0885937323037087
66,website,websites,0.3105081064704288
67,recital,recitals,0.6040964488173373
67,recital,recitales,0.3952455906282607
67,recital,recitaled,0.3987819770960522
67,recital,recitalize,0.3670400344221538
67,themes,themeables,0.0624335996167189
67,themes,themeable,0.2011408652888096
67,themes,themeness,0.1014372651658535
67,themes,themeals,0.1404409307149882
67,themes,themeize,0.1912687026160993
67,themes,themeing,0.1683015053349961
67,themes,themings,0.1461409639977859
67,themes,theme,0.1084157811339154
67,themes,themer,0.2037799002881065
67,themes,themed,0.0949092604256904
67,themes,themic,0.1444110632337953
67,themes,themers,0.2178287460383635
67,themes,themely,0.1324403211080193
67,themes,themeic,0.1461409639977859
67,themes,themeds,0.0388355780257282
67,themes,themeed,0.1781749468103278
67,themes,themees,0.119056570646385
67,themes,themeal,0.0986575742719536
67,themes,theming,0.2026610098134033
67,themes,themion,0.1404409307149882
67,themes,themics,0.0786215834289401
67,themes,themeability,0.1581920122755072
68,dell,dells,0.2544644649142764
68,dell,dellal,0.0557339242464604
68,dell,delled,0.1569059324211445
68,dell,deller,0.1104415793615804
68,dell,delles,0.1655690366038057
68,dell,dellic,0.11900609303731
68,dell,dellor,0.346806754249419
68,dell,dellancy,0.1676798404012269
68,dell,delleers,0.2456871714994961
68,dell,dellings,0.1838678242134481
68,dell,dellness,0.301760038740761
68,dell,dellables,0.1941271302065047
68,dell,dellion,0.1161197991082355
68,dell,delling,0.2482458970395038
68,dell,dellity,0.1941271302065047
68,dell,dellism,0.2728115067734081
68,dell,dellers,0.1399622081821912
68,stock,stockker,0.1227674439158962
68,stock,stockity,0.1724306603393092
68,stock,stocklys,0.1227674439158962
68,stock,stockeds,0.1227674439158962
68,stock,stockers,0.2462649606080202
68,stock,stockables,0.0712074026229048
68,stock,stockation,0.1724306603393092
68,stock,stockities,0.1683368642165222
68,stock,stockkings,0.1683368642165222
68,stock,stockable,0.2170623619336309
68,stock,stockking,0.1455082215168172
68,stock,stockment,0.0322037370737702
68,stock,stockness,0.1865335363924838
68,stock,stockly,0.053807669090567
68,stock,stockor,0.1545362367049183
68,stock,stocked,0.1692010657136376
68,stock,stocker,0.1484314432715808
68,stock,stockes,0.0999024422376923
68,stock,stockal,0.1724306603393092
68,stock,stockability,0.1277501687725462
69,diwali,diwalis,0.3093272444458891
70,dna,dnas,0.4179096428661875
70,dna,dnaed,0.2482895192586813
70,dna,dnaes,0.2720312141215976
70,dna,dnaing,0.3126179095655736
70,dna,dnaity,0.2614209996270737
70,dna,dnaism,0.3126179095655736
70,dna,dnaers,0.3029658313052528
70,strand,strandation,0.2794897656988698
70,strand,stranders,0.2646749669803016
70,strand,stranding,0.2736132374034095
70,strand,strandly,0.2404861001497352
70,strand,strandal,0.3023054474357832
70,strand,strandes,0.3558762913802599
70,strand,strander,0.3180612245484983
70,strand,strands,0.4947491615672605
70,strand,strandable,0.3015090290198615
70,strand,strandings,0.2655667535503537
70,strand,strandness,0.2342769283665206
71,dog,dogly,0.1768246284509829
71,dog,doged,0.0447431334824991
71,dog,dogal,0.1261266532513231
71,dog,dogably,0.0460930217490965
71,dog,dogable,0.1727343451482988
71,dog,doggers,0.2074219487137911
71,dog,dogging,0.16210588652764
71,dog,doggals,0.1517459357045205
71,dog,dogisms,0.1067874232129102
71,dog,dogment,0.1289302539676071
71,dog,dogness,0.211998963954906
71,dog,dogger,0.1779311080156041
71,dog,doggal,0.1984914972257971
71,dog,doggor,0.1289302539676071
71,dog,dogity,0.1984914972257971
71,dog,dogism,0.1727343451482988
71,dog,doging,0.0602674810253658
71,dog,dogive,0.1289302539676071
71,dog,dogors,0.1517459357045205
71,dog,doggables,0.0221785633132599
71,dog,dogality,0.2033186260043395
71,dog,doggable,0.1517459357045205
71,dog,dogability,0.1821423588072377
71,dog,dogliness,0.1806639043157861
71,dog,doggerness,0.1517459357045205
71,food,foodization,0.1430418861428121
71,food,foods,0.4257689000890394
71,food,foodically,0.1396458293293935
71,food,foodliness,0.0624924790232973
71,food,fooded,0.1170957221642421
71,food,foodal,0.1184820103533247
71,food,foodic,0.1430418861428121
71,food,foodes,0.1319346221135807
71,food,fooder,0.1863561151649058
71,food,foodly,0.1112526369952261
71,food,foodor,0.0598944338130172
71,food,foodability,0.0990591338854174
71,food,foodable,0.1257872307996297
71,food,foodably,0.1396458293293935
71,food,foodings,0.1115836377794881
71,food,foodizer,0.1430418861428121
71,food,foodisms,0.1422626142314152
71,food,foodness,0.1584712810943003
71,food,foodism,0.1799576431993922
71,food,foodity,0.0753174390225012
71,food,fooding,0.1463704983075493
71,food,fooders,0.1783988014431452
71,food,foodables,0.0951954645577636
71,food,foodities,0.0208733570783623
71,food,foodivities,0.0951954645577636
71,food,foodments,0.0840725579241059
71,for,fors,0.0211971462128509
71,for,foriveness,0.0188461154148374
71,for,foror,0.0197958819386804
71,for,forly,-0.0364663565608962
71,for,foral,0.0145738423450617
71,for,fority,0.0179133813795565
71,for,forive,0.020054296001782
71,for,forism,0.0171863364251326
71,for,foreer,0.0204250990048059
71,for,foreor,0.0171863364251326
71,for,forals,0.0139645943887653
71,for,forror,0.0003496368146387854
71,for,forral,0.0181607072770789
71,for,forred,0.0182574062883287
71,for,forrer,0.0096923990367927
71,for,forably,0.0171863364251326
71,for,forable,0.0183679148187146
71,for,forally,0.0176042921578212
71,for,forible,-0.0065553584377835
71,for,forlies,0.0171863364251326
71,for,forlied,0.0171863364251326
71,for,forness,0.0201883788583631
71,for,forment,-0.0480898354163957
71,for,forrers,0.0179133813795565
71,for,formentity,0.0171863364251326
71,for,formenting,0.0209843735987642
71,for,forments,0.0185468311323617
71,for,forrally,0.0176042921578212
71,for,forrible,0.0183679148187146
71,allergies,allergier,0.2651820077249651
71,allergies,allergyes,0.2828961301036519
71,allergies,allergyor,0.2828961301036519
71,allergies,allergy,0.5836774346050164
71,allergies,allergys,0.3304661362879154
72,driving,drivinged,0.2052828517225742
72,driving,drivingor,0.1067123611888883
72,driving,drivingly,0.1578116100974243
72,driving,drivingable,0.181541156859658
72,driving,drivingness,0.2052828517225742
72,driving,drivings,0.2198947596270729
72,school,schoolers,0.2304914142854853
72,school,schoolism,-0.0272935014621297
72,school,schoolity,0.1270092102429857
72,school,schoolive,0.1270092102429857
72,school,schoolize,0.1270092102429857
72,school,schoolics,0.1270092102429857
72,school,schoolled,0.1323821648499655
72,school,schoollizing,0.1270092102429857
72,school,schoolization,0.130097956221895
72,school,schoollizes,0.1270092102429857
72,school,schools,0.4130323994536397
72,school,schoollization,0.1270092102429857
72,school,schoolor,0.114525342105706
72,school,schoolly,0.0908060381331973
72,school,schoolal,0.1462940832124311
72,school,schoolic,0.1446178979870283
72,school,schooler,0.1764281467250858
72,school,schooles,0.1174522538394681
72,school,schooled,0.1910767124036388
72,school,schoolable,0.062241226302995
72,school,schooleers,0.083051719935874
72,school,schoolized,0.1032675153800696
72,school,schoolment,0.1270092102429857
72,school,schoollize,0.130097956221895
72,school,schoollies,0.083051719935874
72,school,schoolling,0.110367263803099
72,school,schoollers,0.1270092102429857
72,school,schoolness,0.1094518231467234
72,school,schoolability,0.1270092102429857
73,drum,dral,0.0571698583553849
73,drum,drals,0.1138155103034968
73,drum,drums,0.5465266491566864
73,drum,drumness,0.2092144262128047
73,drum,drumming,0.4603773587553205
73,drum,drally,0.1821208710892206
73,drum,drumic,0.1746070068994684
73,drum,drumly,0.2692598032873302
73,drum,drumal,0.2526143379977377
73,drum,drumed,0.3187236790555495
73,drum,drumer,0.2459232879143626
73,drum,drumes,0.1686277307688287
73,drum,drumliness,0.2526143379977377
73,drum,drumers,0.2386077938250708
73,drum,drumize,0.2136106724486031
73,drum,druming,0.264154781461835
73,drum,drummal,0.0292044442959075
73,drum,drummor,0.3034538146428097
73,drum,drummed,0.2691829449526679
73,drum,drummable,0.3034538146428097
73,drum,drummings,0.2257196895618998
74,calendar,calendarally,0.0825676205191715
74,calendar,calendarized,0.0712680238383414
74,calendar,calendarizer,0.1053833022560849
74,calendar,calendarical,0.0447583658863508
74,calendar,calendarness,0.1502471576936092
74,calendar,calendarallied,0.1502471576936092
74,calendar,calendarizers,0.0825676205191715
74,calendar,calendarizing,0.1223966768345436
74,calendar,calendaricities,0.1053833022560849
74,calendar,calendars,0.2922417739935468
74,calendar,calendarial,0.0907898894517048
74,calendar,calendarics,0.1053833022560849
74,calendar,calendaring,0.1859900820455938
74,calendar,calendarism,0.1509300728554729
74,calendar,calendarity,0.1053833022560849
74,calendar,calendarize,0.069971030826894
74,calendar,calendarred,0.126505462830693
74,calendar,calendaror,0.1502471576936092
74,calendar,calendarly,0.1096604622496331
74,calendar,calendaric,-0.0304981283302874
74,calendar,calendared,0.1274424879230643
74,calendar,calendarer,0.1053833022560849
74,calendar,calendarically,0.1053833022560849
74,calendar,calendarization,0.0615078950067365
75,famous,famousal,0.2246286626527588
75,famous,famoused,0.1783671956317784
75,famous,famouses,0.1485695584582
75,famous,famouser,0.2489259931183953
75,famous,famousity,0.1918276162471497
75,famous,famousing,0.2246286626527588
75,famous,famousness,0.2209977025595096
75,black,blackeds,0.1421305144027095
75,black,blackers,0.1197470422570199
75,black,blackion,0.1455869964483957
75,black,blackity,0.1609776272644688
75,black,blackism,0.1338990223960543
75,black,blackize,0.0975832378054851
75,black,blackker,0.0975832378054851
75,black,blackability,0.1183888195397933
75,black,blacks,0.283003967840525
75,black,blackable,0.0975832378054851
75,black,blackally,0.0975832378054851
75,black,blackisms,0.1283323411052132
75,black,blackking,0.1121088924177471
75,black,blackness,0.2772748517692387
75,black,blackic,0.0747675560685717
75,black,blackes,0.1402267401667359
75,black,blacker,0.176732817092842
75,black,blacked,0.170203091319686
75,black,blackal,0.1345244184625752
75,black,blackor,0.1085250614711276
75,black,blackkizer,0.1455869964483957
75,leaders,leaderliness,0.1763985011806373
75,leaders,leadering,0.170330864501083
75,leaders,leaderism,0.2215516920041406
75,leaders,leaderize,0.2295956179725733
75,leaders,leaderror,0.1763985011806373
75,leaders,leaderred,0.1763985011806373
75,leaders,leaderized,0.1763985011806373
75,leaders,leaderability,0.1763985011806373
75,leaders,leaderation,0.1535828194437239
75,leaders,leaderly,0.2290651030292547
75,leaders,leaderor,0.2241446288688058
75,leaders,leadered,0.1508238179078249
75,leaders,leaderes,0.2295956179725733
75,leaders,leaderer,0.0240461247930471
75,leaders,leaderal,0.2241446288688058
75,leaders,leader,0.4014884065319648
76,financial,financialed,0.1448651760996051
76,financial,financiales,0.0952523071817982
76,financial,financialal,0.1819540294186729
76,financial,financialor,0.1781659542039909
76,financial,financialization,0.2337086829427858
76,financial,financials,0.2951612644905105
76,financial,financialals,0.209479363720708
76,financial,financiality,0.1420688275936698
76,financial,financialism,0.1861494845423533
76,financial,financialize,0.1816436979131714
76,financial,financialally,0.1686068709625213
76,financial,financializes,0.1230269194090784
76,financial,financialized,0.20428542460285
76,financial,financializations,0.1686068709625213
76,financial,financializers,0.1686068709625213
76,financial,financializing,0.1868756608292269
76,engines,engined,0.3308994677543405
76,engines,enginer,0.1050308103358976
76,engines,engineeer,0.0775026738717618
76,engines,engineing,0.2372838802573922
76,engines,enginizer,0.2651396565233848
76,engines,engineation,0.2157945724873995
76,engines,engineed,0.157594643081017
76,engines,enginees,0.2226279876804043
76,engines,engineor,0.1642345311944082
76,engines,enginion,0.2020592987505459
76,engines,engining,0.2490779096983222
76,engines,enginize,0.2157945724873995
76,engines,enginers,0.1812381671878934
76,engines,engine,0.5100880927887973
76,engines,engineeers,0.0919490391526509
76,engines,enginivity,0.2157945724873995
77,find,finds,0.104155303364467
77,find,findability,0.0397351102696005
77,find,findeer,0.0721874142875514
77,find,findeds,0.0667462566561659
77,find,findder,0.0724821180574714
77,find,findive,0.0667462566561659
77,find,findity,0.0667462566561659
77,find,findion,0.0377310577940547
77,find,findors,0.0683694635988716
77,find,findibility,0.0251392424357575
77,find,findal,0.0229489944288167
77,find,finded,0.0624165140306537
77,find,findes,-0.0247927963064793
77,find,findic,0.0267957374339741
77,find,findly,-0.0033216070308987
77,find,findor,0.0998877574608834
77,find,findable,0.0725190448513975
77,find,findably,0.0667462566561659
77,find,findance,0.0430045617932497
77,find,findally,0.0689408425727241
77,find,findeers,0.0683694635988716
77,find,findding,0.0617277942230754
77,find,findders,0.0667462566561659
77,find,findness,0.0251392424357575
77,find,findables,0.0448238122079727
77,find,findabilities,0.0667462566561659
77,find,finddings,0.0683694635988716
77,find,findableness,0.0667462566561659
77,part,partically,0.1103470951022836
77,part,partor,0.0787869673214124
77,part,partes,0.100907997706891
77,part,parter,0.1271369571474978
77,part,parted,0.1694372774169761
77,part,partal,0.0598394243962257
77,part,partability,0.0729793971604128
77,part,partable,0.0547812055422742
77,part,partally,0.1372904788717372
77,part,partance,0.0802372077650622
77,part,partence,0.0501637154234994
77,part,partical,0.058176534126961
77,part,partible,0.0864308359266559
77,part,partizer,0.0729793971604128
77,part,partions,0.0876239991203917
77,part,partment,0.1108161934423221
77,part,partness,0.1074012703808281
77,part,partters,0.0729793971604128
77,part,partting,0.0927863903077074
77,part,partibilities,0.1165280851706235
77,part,partibility,0.1245395114733082
77,part,particality,0.0628753921845947
77,part,partism,0.1093100280717575
77,part,partity,0.0735152410584993
77,part,partion,-0.0173285837575142
77,part,partize,0.0729793971604128
77,part,partive,0.0729793971604128
77,part,parttor,0.0729793971604128
77,part,partors,0.1165280851706235
77,part,parteds,0.125752613260644
77,part,parters,0.0941477622930213
77,part,partals,-0.0050279339378563
77,part,partances,0.1165280851706235
77,part,partation,0.0943489465942668
77,part,partative,0.0729793971604128
77,part,partences,0.0729793971604128
77,part,partization,0.1165280851706235
77,part,partibles,0.0214193558674214
77,part,particals,0.0737372629671396
77,part,partities,0.0971919175989095
77,part,partatives,0.1165280851706235
77,part,partations,0.0339757316112782
77,part,partments,0.0301639822139296
77,part,parttable,0.0491950286047819
77,time,timeables,0.0683449976707572
77,time,timeation,0.0683449976707572
77,time,timables,0.0431388132731605
77,time,timation,0.0705637041153638
77,time,timeable,0.0216112843308189
77,time,timeally,0.026675626690516
77,time,timeings,0.0692944506838878
77,time,timeness,0.0667706217275603
77,time,timization,0.0431388132731605
77,time,timizing,0.0576175042249234
77,time,timal,-0.0157132770023984
77,time,timic,0.0651450135413085
77,time,timed,0.1022630335817913
77,time,timor,0.0196890891223757
77,time,timeal,0.0754559171570641
77,time,timals,0.026675626690516
77,time,timeor,0.0604651844552749
77,time,timeic,0.0683449976707572
77,time,timeed,0.0514009249199933
77,time,timeer,0.0662717282490318
77,time,timees,0.0560759885472314
77,time,timeds,0.0763558815289502
77,time,timize,0.0712362413010151
77,time,timity,0.0146923046847284
77,time,timion,0.047669825979299
77,time,timors,0.0457048100489275
77,time,timally,0.0683449976707572
77,time,timable,0.0341091659592472
77,time,timeing,0.0733460669009966
77,time,timeive,0.0683449976707572
77,time,timeers,0.0712362413010151
77,time,timizes,0.0712362413010151
77,time,timizer,0.0683449976707572
77,time,timized,0.0263471630949868
77,time,timations,0.065057309074691
77,time,timeability,0.044603302807841
77,job,jobs,0.3661389127610807
77,job,jobabilities,0.1484765497206043
77,job,jobly,0.1043647693388631
77,job,jobor,0.070826258288419
77,job,jobal,0.0388311960715654
77,job,jobed,0.1408502877453197
77,job,jobes,0.0967266334427476
77,job,jober,0.0808037861456779
77,job,jobic,0.0345416147480362
77,job,jobiality,0.1002941607804574
77,job,jobable,0.1374647053720162
77,job,jobence,0.1449514647828391
77,job,jobisms,0.1212097699199229
77,job,jobings,0.1449514647828391
77,job,jobness,0.0877253056821875
77,job,jobability,0.1553651630759058
77,job,jobers,-0.0112206983030028
77,job,jobbal,0.077478479043544
77,job,jobbed,0.1529285894845699
77,job,jobals,0.1002941607804574
77,job,jobing,0.2952037467065201
77,job,jobism,0.1312218943774218
77,job,jobive,0.1449514647828391
77,job,jobity,0.0785675345963607
77,job,jobial,0.1002941607804574
77,job,jobics,0.151083442448108
77,job,jobation,0.085193959847932
77,job,jobbable,0.1449514647828391
78,formal,formalations,0.2021379115906435
78,formal,formalation,0.1733935520345655
78,formal,formallized,0.2013158479722236
78,formal,formalive,0.2021379115906435
78,formal,formalling,0.2249535933275569
78,formal,formallize,0.2021379115906435
78,formal,formalment,0.1733935520345655
78,formal,formalness,0.1984322978010639
78,formal,formals,0.38321964669532
78,formal,formaled,0.1859499277784223
78,formal,formales,0.2877328382911133
78,formal,formaler,0.2992209500669345
78,formal,formalic,0.2021379115906435
78,formal,formally,0.3687494987380051
78,formal,formalor,0.2746704117529466
78,fallacy,fallacys,0.3929807353779076
78,fallacy,fallacied,0.3802066250014529
78,fallacy,fallacies,0.5294549385066595
79,grasslands,grasslander,0.3840935817262805
79,grasslands,grasslanders,0.4860766514618905
79,grasslands,grasslanding,0.4081161896741939
79,grasslands,grassland,0.6327299515589444
80,hp,hply,0.1694434703071409
80,hp,hpism,0.2230961632931698
80,hp,hplies,0.2143945951547878
80,hp,hpness,0.2636828587371458
80,printer,printering,0.2602088923558138
80,printer,printerror,0.0958810725161415
80,printer,printerrors,0.0786540323312847
80,printer,printeres,0.2311279220841702
80,printer,printerer,0.1819195942351204
80,printer,printered,0.1586360794125182
80,printer,printerly,0.2225111067268921
80,printer,printers,0.5108189906486111
80,offline,offlinings,0.2230933638644649
80,offline,offlined,0.2859009701605036
80,offline,offlines,0.2451971219260396
80,offline,offlineness,0.2377936095986466
80,offline,offlining,0.3090269234720557
80,offline,offlineds,0.2230933638644649
81,ibm,ibms,0.3374881390881836
81,ibm,ibming,0.1782463027318299
81,ibm,ibmism,0.2749158338051324
81,ibm,ibmness,0.2982998640890595
81,quote,quoteability,0.1542636794145361
81,quote,quotization,0.1542636794145361
81,quote,quoteations,0.2224137009159434
81,quote,quotatives,0.1228548185597086
81,quote,quotative,0.1225275446518685
81,quote,quotor,0.1542636794145361
81,quote,quoter,0.2253785055565179
81,quote,quotes,0.3893400300328664
81,quote,quoted,0.243761273869108
81,quote,quotal,0.177369732970061
81,quote,quotize,0.1542636794145361
81,quote,quotity,0.1542636794145361
81,quote,quoting,0.2791562391270807
81,quote,quotion,0.1367935490777218
81,quote,quotics,0.1542636794145361
81,quote,quotals,0.1314479976776228
81,quote,quoters,0.271166740100014
81,quote,quotely,0.0692887830207319
81,quote,quoteor,0.1376843517227153
81,quote,quoteed,0.1474587348469483
81,quote,quoteds,0.2471451795676096
81,quote,quotees,0.2692585828896812
81,quote,quoteal,0.2125133408658901
81,quote,quoteable,0.1854996047768925
81,quote,quoteness,0.1027036381215448
81,quote,quoticals,0.1314479976776228
81,quote,quotition,0.2146000354841001
81,quote,quoteing,0.1626382591255984
81,quote,quotings,0.0845558613920733
81,quote,quotions,0.2011114278329772
81,quote,quotives,0.1152600138654015
81,quote,quotible,0.1542636794145361
81,quote,quotized,0.2011114278329772
81,quote,quoteables,0.0721840304396565
81,quote,quoteation,0.2258668716220983
81,quote,quotitions,0.2269730194828898
82,itunes,itune,0.395023634937099
82,itunes,ituned,0.2973058762414243
82,itunes,ituning,0.2884686903424426
82,error,errorizing,0.1564154748694922
82,error,erroror,0.1796088626918051
82,error,erroric,0.1564154748694922
82,error,errorer,0.2033505575547213
82,error,errores,0.1449709731907641
82,error,errored,0.2665429402411612
82,error,erroral,0.1564154748694922
82,error,errors,0.3675131943553605
82,error,errorred,0.2110102988746847
82,error,errorors,0.1796088626918051
82,error,errorize,0.1564154748694922
82,error,errorism,0.102619486790588
82,error,errority,0.1564154748694922
82,error,erroring,0.2478451934685177
82,error,errorable,0.1335997931325788
82,error,errorizer,0.1564154748694922
82,error,errorisms,0.1564154748694922
82,error,errorness,-0.0403343862599863
82,error,errorring,0.1796088626918051
83,jetstar,jetstars,0.6067394619081379
83,airlines,airline,0.6203746874906554
83,airlines,airlining,0.2459682750642437
83,airlines,airlineal,0.2489309864717971
83,airlines,airlineed,0.2758792731873564
83,airlines,airlineds,0.2996209680502726
83,airlines,airlinees,0.2590342726062965
83,airlines,airlineer,0.2489309864717971
83,airlines,airlined,0.2313805741804377
83,hong,honging,0.1994241195179308
83,hong,honglied,0.1916458478578227
83,hong,hongs,0.2174301614675622
83,hong,hongly,0.2078604899170289
83,kong,kongs,0.284305196084568
83,kong,kongness,0.1890933747163233
83,kong,kongism,0.1967680499264084
83,kong,konging,0.2144427861552618
84,key,keic,0.1121363799990455
84,key,keys,0.3137681037757522
84,key,keily,0.0539070130257
84,key,keior,0.142162656041477
84,key,keics,0.0976141258025239
84,key,keies,0.1159302620231636
84,key,keier,0.0544310006783527
84,key,keyal,0.1009878865378007
84,key,keyed,0.2253556331747039
84,key,keyes,0.1200050739402423
84,key,keyer,0.240180550708385
84,key,keyic,0.1389415468782778
84,key,keyly,0.1265252629051306
84,key,keyor,0.1544913574816572
84,key,keyability,0.1204298075394373
84,key,keilies,0.0976141258025239
84,key,keiness,0.0034188108920335
84,key,keyable,0.1067934183586479
84,key,keyance,0.1204298075394373
84,key,keyence,0.0751024095526744
84,key,keyions,0.1659043509043932
84,key,keyized,0.1659043509043932
84,key,keyings,0.0937364344692692
84,key,keyness,0.111924318420695
84,key,keylies,0.0976141258025239
84,key,keilys,0.142162656041477
84,key,keyion,0.1204298075394373
84,key,keying,0.2347217176708361
84,key,keyism,0.1591505392148622
84,key,keyers,0.1627532644324403
84,key,keyables,0.0976141258025239
84,key,keyality,0.1659043509043932
84,key,keyative,0.1204298075394373
84,man,mans,0.1794413596170647
84,man,manal,0.089692721564783
84,man,maned,0.0830868422338604
84,man,manibles,0.0558672327977968
84,man,manities,0.0838675518484609
84,man,maniving,0.1074272740907882
84,man,manizers,0.1560796838181752
84,man,manizing,0.1600578876809838
84,man,mannable,0.0790195238099406
84,man,mannally,0.1117873921466876
84,man,mannings,0.1186457541310928
84,man,manability,0.1286323927277475
84,man,manable,0.1254412780133584
84,man,manally,0.0643040024208552
84,man,manible,0.1246441919712069
84,man,manized,0.1074272740907882
84,man,manizer,0.0363780755947104
84,man,manizes,0.1074272740907882
84,man,manisms,0.1523740875906637
84,man,manings,0.0454980843836293
84,man,manment,0.0456079268047402
84,man,manness,0.1078779424243327
84,man,mannals,0.0712006967027115
84,man,mannors,0.1188733371440225
84,man,manning,0.1873660457422071
84,man,manization,0.0846115923538748
84,man,manize,0.0558672327977968
84,man,manity,0.1173254269445978
84,man,manive,0.0684236085416536
84,man,manism,0.1176061012244388
84,man,maning,0.1105748352143763
84,man,manial,0.0431674248257879
84,man,maneer,0.1176061012244388
84,man,manals,0.1301727856679116
84,man,mannor,0.1138381379323531
84,man,mannal,0.0375536419921313
84,insurance,insurancy,0.1952888796064448
84,insurance,insurancys,0.1968339228154417
84,insurance,insurancer,0.2464172185873763
84,insurance,insurances,0.3513197902004542
84,insurance,insuranced,0.2333325112903329
84,insurance,insurancance,0.1808562458587349
84,insurance,insuranceers,0.1808562458587349
84,insurance,insuranceing,0.1951730821625046
84,insurance,insuranceion,0.1808562458587349
84,insurance,insurancances,0.1808562458587349
84,insurance,insuranceance,0.1808562458587349
84,insurance,insuranceness,0.1808562458587349
84,insurance,insurancies,0.1867353056391238
84,insurance,insurancing,0.2018883626203022
84,insurance,insuranceds,0.1852545017103229
84,insurance,insuranceed,0.1852545017103229
84,insurance,insuranceal,0.2302484562964571
84,insurance,insurancees,0.2103975070715139
84,insurance,insurancely,0.1808562458587349
84,insurance,insuranceor,0.2302102786417685
84,insurance,insurancers,0.1266494268294969
85,largest,largests,0.1142741315344094
85,species,speciesism,0.282304798735047
85,species,speciesization,0.2442944617464968
85,species,speciesness,0.2745545468847776
85,species,specieses,0.2607756683536978
85,of,ofly,0.0141188352622848
85,of,oflies,-0.0100989621179341
85,of,ofness,0.0128048502295481
85,of,ofities,0.0115266674921468
85,of,ofism,0.0115266674921468
85,of,ofity,0.0115266674921468
85,eel,eels,0.4194024426034393
85,eel,eeles,0.1812071994986433
85,eel,eeler,0.3728109689162806
85,eel,eeled,0.3609970061717673
85,eel,eelly,0.3051247469080422
85,eel,eelatively,0.3897597759310036
85,eel,eelance,0.2844327283290291
85,eel,eelence,0.3897597759310036
85,eel,eelings,0.3531951715864063
85,eel,eelment,0.2938329276367076
85,eel,eelling,0.2693374078754944
85,eel,eeller,0.3507561103818689
85,eel,eelial,0.3897597759310036
85,eel,eeling,0.3568608101974054
85,eel,eelion,0.3897597759310036
85,eel,eelers,0.3117524448327343
85,eel,eeleds,0.3897597759310036
85,eel,eeleer,0.3669440941940902
85,eel,eelations,0.3507561103818689
85,eel,eelation,0.3897597759310036
85,eel,eeliving,0.2844327283290291
85,eel,eellings,0.3897597759310036
85,eel,eelments,0.3507561103818689
86,low,lows,0.2514338086191998
86,low,lowor,0.1786834098664081
86,low,lowal,0.1662328269464611
86,low,lowed,0.1331843883649247
86,low,lowes,0.1769937914370236
86,low,lowic,0.0905425962386624
86,low,lowalities,0.113689671593682
86,low,lowanced,0.0746860060445474
86,low,lowances,0.1566179315927457
86,low,lowable,0.1455000728651942
86,low,lowance,0.0112031417216349
86,low,loweers,0.1588906551137566
86,low,lowence,0.113689671593682
86,low,lowings,0.0550068524933743
86,low,lowness,0.1620167234020416
86,low,lowwers,0.1588906551137566
86,low,lowwing,0.0908739898567687
86,low,lowability,0.1351489602508404
86,low,loweer,0.1617308360277804
86,low,loweds,0.113689671593682
86,low,lowwer,0.1517761337856515
86,low,lowwed,0.0083626239917075
86,low,lowism,0.113689671593682
86,low,lowing,0.1338022555737172
86,low,lowion,0.1588906551137566
86,low,lowics,0.113689671593682
86,monocytes,monocyte,0.7441334948209016
87,manila,manilaes,0.3588508282768511
87,manila,manilas,0.3723931987297589
88,mexico,mexicanes,0.1611635523157541
88,mexico,mexicaner,0.178008552896814
88,mexico,mexicaned,0.1320619012856066
88,mexico,mexicanal,0.1897157219718932
88,mexico,mexicanor,0.2017502477597302
88,mexico,mexicanisms,0.1937346514908195
88,mexico,mexicanized,0.2194979579285354
88,mexico,mexicanizes,0.0599533617784758
88,mexico,mexicanness,0.2115906793941
88,mexico,mexicanization,0.2294977644572606
88,mexico,mexicans,0.343817403604964
88,mexico,mexicanicity,0.1480975547737013
88,mexico,mexicanizing,0.1923695197479422
88,mexico,mexicanity,0.0561365639687681
88,mexico,mexicanism,0.1732563934441319
88,mexico,mexicanize,0.1274816981424847
88,mexico,mexican,0.3756291220692105
88,mexico,mexicos,0.2721143831932367
88,climate,climatizers,0.2039476693047659
88,climate,climatizing,0.2293789449228067
88,climate,climateers,0.2930376675569987
88,climate,climatized,0.1585986041006973
88,climate,climatizer,0.058561130545975
88,climate,climatizes,0.1959929626216772
88,climate,climator,0.1566530040859578
88,climate,climated,0.193021138333242
88,climate,climater,0.1569892970725426
88,climate,climates,0.3611571473234333
88,climate,climatal,0.2635593800786558
88,climate,climatization,0.140193635438774
88,climate,climation,0.1569892970725426
88,climate,climating,0.2332265579402272
88,climate,climately,0.1959929626216772
88,climate,climateor,0.244534364748742
88,climate,climateer,0.2009237586152845
88,climate,climators,0.1711798009680189
88,climate,climatize,0.1863026160435718
89,mineral,mineralizes,0.3133737939933483
89,mineral,mineralizer,0.2607376463664785
89,mineral,mineralized,0.4521643106849171
89,mineral,mineralness,0.3053448574431202
89,mineral,mineralor,0.3149404535908049
89,mineral,minerales,0.322760848390946
89,mineral,mineraler,0.266449986239982
89,mineral,mineraled,0.2246492903727871
89,mineral,mineralic,0.2846018956593024
89,mineral,minerally,0.3878705043305594
89,mineral,minerals,0.5671039156505441
89,mineral,minerallization,0.3327958469967468
89,mineral,mineralizations,0.3460751221182858
89,mineral,mineralality,0.3149404535908049
89,mineral,mineralities,0.3282635878564829
89,mineral,mineralizers,0.2764603768689898
89,mineral,mineralizing,0.3667294442799353
89,mineral,minerallized,0.3149404535908049
89,mineral,mineralers,0.2636529559219218
89,mineral,mineraller,0.3560103733051091
89,mineral,minerality,0.3920467527968531
89,mineral,mineralism,0.2636529559219218
89,mineral,mineralize,0.3777100393229189
89,mineral,mineralization,0.4839978218570117
89,element,elementers,0.045841913578782
89,element,elementics,0.0339569965388971
89,element,elementing,0.226175596723685
89,element,elemention,0.2374972587146402
89,element,elemential,0.1604859699616854
89,element,elementive,0.1969105632706642
89,element,elementism,0.2120460112546768
89,element,elementors,0.0936450013668284
89,element,elementable,0.1730423457055422
89,element,elementical,0.2612389535775564
89,element,elementials,0.1730423457055422
89,element,elementized,0.1502266639686288
89,element,elementlies,0.2612389535775564
89,element,elementtals,0.2612389535775564
89,element,elemented,0.193689463600482
89,element,elementes,0.1930242718080589
89,element,elementer,0.2141712558180024
89,element,elemently,0.2612389535775564
89,element,elementor,0.1330519017307143
89,element,elementic,0.2075862605915275
89,element,elementation,0.0037745368200446
89,element,elementative,0.2612389535775564
89,element,elementicals,0.1969105632706642
89,element,elementially,0.2612389535775564
89,element,elementicity,0.2612389535775564
89,element,elementizing,0.2612389535775564
89,element,elementtable,0.2760497669738703
90,native,nativizes,0.1930250839069097
90,native,nativized,0.2427688961306872
90,native,nativization,0.245365913190262
90,native,natived,0.1884893912309291
90,native,natives,0.3985982917254868
90,native,nativer,0.2507246329402738
90,native,nativeizers,0.2414460296444635
90,native,nativation,0.1540214183577751
90,native,nativeized,0.1414650426139183
90,native,nativement,0.1375982284442959
90,native,nativeness,0.2154239419989422
90,native,nativizing,0.2300631173958265
90,native,nativize,0.2187660237697781
90,native,natively,0.3130287243405696
90,native,nativeds,0.2414460296444635
90,native,nativers,0.1930250839069097
90,native,nativeor,0.2414460296444635
90,american,americanallies,0.1017140326125577
90,american,america,0.3833618815298006
90,american,americaisms,0.1017140326125577
90,american,americaners,0.1327353255359016
90,american,americaness,0.1637362778438763
90,american,americanics,0.1017140326125577
90,american,americaning,0.1464289645205583
90,american,americanned,0.1226872696576421
90,american,americanity,0.1476855243251099
90,american,americans,0.4006292702452883
90,american,americanable,0.1499899808790841
90,american,americanancy,0.1526234458342429
90,american,americaneers,0.1499899808790841
90,american,americanness,0.193465637432464
90,american,americanal,0.1017140326125577
90,american,americaned,0.1193515750742673
90,american,americaner,0.1354823916076227
90,american,americanes,0.0478832002500951
90,american,americanic,0.0821005742136661
90,american,americanly,0.0576862907271165
90,american,americaism,0.1464289645205583
90,american,americas,0.234234599937231
90,american,americanicity,0.1499899808790841
90,american,americannable,0.1017140326125577
90,mexican,mexicanes,0.2739440753506917
90,mexican,mexicaner,0.2911987306938742
90,mexican,mexicaned,0.2605434844223556
90,mexican,mexicanal,0.2097050846501799
90,mexican,mexicanor,0.2842851792852718
90,mexican,mexicanisms,0.2727306987516669
90,mexican,mexicanized,0.3234986467062881
90,mexican,mexicanizes,0.1379375688999162
90,mexican,mexicanness,0.3207004517523826
90,mexican,mexicanization,0.3211500135417262
90,mexican,mexicans,0.4844810172586731
90,mexican,mexicanicity,0.2605603248890574
90,mexican,mexicanizing,0.2941833469776042
90,mexican,mexicanity,0.1421630252796577
90,mexican,mexicanism,0.2637621770392564
90,mexican,mexicanize,0.1215639357505065
90,mexican,mexicos,0.3254483527720372
90,mexican,mexico,0.3756291220692105
92,pandora,pandoraly,0.485529519314744
92,pandora,pandoras,0.3771341620574266
93,protecting,protectables,0.281396067860344
93,protecting,protectation,0.2314169241935429
93,protecting,protectibles,0.1408532173514169
93,protecting,protects,0.3542434532487404
93,protecting,protectization,0.2314169241935429
93,protecting,protect,0.4493408839646051
93,protecting,protectable,0.2640412421038792
93,protecting,protectency,0.2314169241935429
93,protecting,protectible,0.2333266593695244
93,protecting,protectings,0.1798568829005515
93,protecting,protectting,0.1798568829005515
93,protecting,protectability,0.2329653758993641
93,protecting,protectics,0.2509964905352281
93,protecting,protecteor,0.2314169241935429
93,protecting,protecteds,0.1924132586444082
93,protecting,protecteer,0.1074890433966571
93,protecting,protecters,0.1366123011149499
93,protecting,protectted,0.1305939113583602
93,protecting,protecttor,0.2086012424566295
93,protecting,protecter,0.1330304712540689
93,protecting,protectes,0.1047358457313568
93,protecting,protected,0.3235134623309063
93,protecting,protectal,0.1924132586444082
93,protecting,protectly,0.2086012424566295
93,protecting,protectic,0.1924132586444082
93,protecting,protectibility,0.2314169241935429
93,embankment,embankments,0.5438428061977795
94,samosa,samosas,0.6040408154647874
94,recipes,reciped,0.2477073833347117
94,recipes,reciper,0.2517078693696992
94,recipes,recipal,0.1564017289715784
94,recipes,recipor,0.1564017289715784
94,recipes,recipe,0.6466509132043834
94,recipes,recipics,0.2033362537562352
94,recipes,reciping,0.2246866805192968
94,recipes,recipeds,0.2366841772370808
94,recipes,recipees,0.2911076613330194
94,recipes,recipeer,0.0469045965139267
94,recipes,recipers,0.2286710700124529
94,recipes,recipals,0.2366841772370808
94,recipes,recipical,0.1642920264395414
95,soda,sodaing,0.3311456235848611
95,soda,sodas,0.4728596806229204
95,soda,sodaic,0.3391987774571223
95,soda,sodaer,0.2564103831484495
95,soda,sodaly,0.2792260648853629
95,water,waterial,0.0857705126241079
95,water,waterion,0.1573149685864985
95,water,watering,0.270591514684067
95,water,waterize,0.0532767047017755
95,water,waterism,0.1085861943610213
95,water,waterive,0.0305788632627521
95,water,watereds,0.1085861943610213
95,water,waterers,0.2162578991216062
95,water,waterred,0.0920042771500045
95,water,waterror,0.1600770427881641
95,water,wateral,0.0724066537169964
95,water,watered,0.2256193379476062
95,water,wateror,-0.0146067472060588
95,water,wateres,0.0773846860019032
95,water,waterer,0.1868496515384711
95,water,waterly,0.0697006903452591
95,water,waterable,0.0999273516189197
95,water,waterized,0.0999273516189197
95,water,waterisms,0.1535800446049486
95,water,waterings,0.2261662874938745
95,water,waterials,0.1535800446049486
95,water,waterical,0.0180224875188953
95,water,waterness,0.1356124461657386
95,water,waterment,0.1573149685864985
95,water,waterlies,0.1535800446049486
95,water,waterring,0.1899063379553283
95,water,waterative,0.0305788632627521
95,water,waterrally,0.0697006903452591
95,water,waterrible,0.0570261530680299
95,water,waterization,0.1085861943610213
96,star,starality,0.0581273718092387
96,star,starrings,0.1035312730841277
96,star,staror,0.1718331558502126
96,star,starly,0.0871943794944326
96,star,staral,0.0430969673066579
96,star,starable,0.1587800140265191
96,star,starical,0.1199467190952867
96,star,starlies,0.010449586637635
96,star,starment,0.1654016554966874
96,star,starness,0.1318912825424975
96,star,starrers,0.1458052914807679
96,star,starrize,0.0971310373583733
96,star,starring,0.2439414611137045
96,star,stareer,0.1767731902765947
96,star,starism,0.1654016554966874
96,star,starize,0.1248149600527113
96,star,starive,0.1199467190952867
96,star,starlys,0.060486569745819
96,star,starred,0.2257868469316634
96,star,starral,0.1199467190952867
96,star,starrer,0.1851712427010914
96,star,starability,0.1199467190952867
96,wars,war,0.4125609580157094
96,wars,warallies,0.258796976207643
96,wars,warallied,0.2642152658289362
96,wars,warable,0.1191596214867875
96,wars,warence,0.2037946505097489
96,wars,warings,0.0365531970015854
96,wars,warisms,0.258796976207643
96,wars,warlied,0.2037946505097489
96,wars,warlies,0.1990000043810469
96,wars,warment,0.1522346092167576
96,wars,warness,0.0984676029077744
96,wars,warrers,0.2037946505097489
96,wars,warreds,0.2037946505097489
96,wars,warring,0.2781158199076502
96,wars,warrors,0.1097567268912355
96,wars,waror,0.2037946505097489
96,wars,warly,0.0618636657432362
96,wars,warer,0.0685859438741701
96,wars,wared,0.106590000275545
96,wars,waral,0.0552938525029626
96,wars,wareer,0.2415423208644605
96,wars,warers,0.1792981335863527
96,wars,warlys,0.2037946505097489
96,wars,warors,0.2526526973670758
96,wars,warial,0.2289110025041596
96,wars,waring,0.0823386226136343
96,wars,warism,0.2181917640086223
96,wars,warity,0.1809789687728356
96,wars,warive,0.2037946505097489
96,wars,warion,-0.0323835604100887
96,wars,warrer,0.0100546575285921
96,wars,warred,0.2382557822874115
96,wars,warral,0.0833722824542398
96,wars,warror,0.1572473037786979
96,wars,warables,0.2037946505097489
96,wars,warities,0.2037946505097489
96,wars,warments,0.2037946505097489
96,wars,warrally,0.2526526973670758
96,wars,warrings,0.1750335105643985
96,movies,movieseer,0.0769254054830201
96,movies,moviesize,0.1456642594866411
96,movies,moviesizes,0.188491598801217
96,movies,moviessize,0.1840164887782553
96,movies,moviesor,0.188491598801217
96,movies,moviesal,0.1840164887782553
96,movies,movieses,0.0988318400961528
97,stomach,stomachically,0.253595007981306
97,stomach,stomachs,0.3907670724988294
97,stomach,stomachers,0.1927213547564611
97,stomach,stomachion,0.0850239700409107
97,stomach,stomaching,0.1919632682464008
97,stomach,stomachics,0.3037359267944806
97,stomach,stomachable,0.2556153630440618
97,stomach,stomachical,0.2020349666883146
97,stomach,stomachor,0.191775660695258
97,stomach,stomachal,0.23006361474039
97,stomach,stomaches,0.2401132424436992
97,stomach,stomacher,0.133398469215341
97,stomach,stomached,0.2351017093952036
97,stomach,stomachic,0.3659455955191316
97,stomach,stomachly,0.304474286780332
97,disorder,disorders,0.6118348160273386
97,disorder,disorderable,0.2466903226624033
97,disorder,disorderings,0.2735476682383384
97,disorder,disorderness,0.2567026676572785
97,disorder,disorderization,0.2466903226624033
97,disorder,disorderer,0.2735476682383384
97,disorder,disorderes,0.2797964035940954
97,disorder,disordered,0.4430555102295268
97,disorder,disorderor,0.3141440366532005
97,disorder,disorderism,0.2238746409254899
97,disorder,disordering,0.2973594682959858
97,disorder,disorderers,0.3098657916139984
97,disorder,disorderred,0.2972893631012546
98,tiffany,tiffanyism,0.2533952029461215
98,tiffany,tiffanyisms,0.2613981186433776
98,tiffany,tiffanies,0.2832560801419524
98,tiffany,tiffanys,0.4396582407526282
98,keys,key,0.3137681037757522
98,keys,keic,0.0929704814463673
98,keys,keily,0.0098936356248141
98,keys,keior,0.1905771677649631
98,keys,keics,0.1905771677649631
98,keys,keies,0.2055620180358756
98,keys,keier,0.0901595639628109
98,keys,keyal,0.108065801899902
98,keys,keyed,0.284829246719582
98,keys,keyes,0.124389122918308
98,keys,keyer,0.1592506338918775
98,keys,keyic,0.1287578204789151
98,keys,keyly,0.1174660012075805
98,keys,keyor,0.1428993825933594
98,keys,keyability,0.2133928495018765
98,keys,keilies,0.1905771677649631
98,keys,keiness,0.0963818528544726
98,keys,keyable,0.1816741347204673
98,keys,keyance,0.2133928495018765
98,keys,keyence,0.095976097968795
98,keys,keyions,0.2133928495018765
98,keys,keyized,0.2133928495018765
98,keys,keyings,0.1102419800618068
98,keys,keyness,0.1726758021822267
98,keys,keylies,0.1905771677649631
98,keys,keilys,0.1905771677649631
98,keys,keyion,0.2133928495018765
98,keys,keying,0.2830697048041199
98,keys,keyism,0.0712691013667591
98,keys,keyers,0.1771109102918372
98,keys,keyables,0.1905771677649631
98,keys,keyality,0.2626404555385075
98,keys,keyative,0.2133928495018765
99,vegetable,vegetablies,0.3049512140191766
99,vegetable,vegetablely,0.3049512140191766
99,vegetable,vegetableor,0.3049512140191766
99,vegetable,vegetableds,0.2312376515727219
99,vegetable,vegetablees,0.3049512140191766
99,vegetable,vegetablers,0.2540533333096353
99,vegetable,vegetableized,0.3049512140191766
99,vegetable,vegetableness,0.3259169251904499
99,vegetable,vegetables,0.5929048614698715
99,vegetable,vegetabler,0.3049512140191766
99,vegetable,vegetabled,0.2024932920166439
99,vegetable,vegetably,0.3055722852007783
99,vegetable,vegetableizing,0.2540533333096353
99,vegetable,vegetability,0.2931593021515911
99,vegetable,vegetablized,0.2540533333096353
99,fermentation,fermentations,0.5979614437119619
99,fermentation,fermentational,0.3517633536719609
99,fermentation,fermentationes,0.4066269612197725
100,weight,weightes,0.2061527015002892
100,weight,weighter,0.1651550387833302
100,weight,weightal,0.1891594131930223
100,weight,weightly,0.124163920873181
100,weight,weightor,0.1937595943590574
100,weight,weightable,0.1349312128509774
100,weight,weightness,0.1457150238671805
100,weight,weightment,0.2006624708291316
100,weight,weights,0.3879335462076583
100,weight,weightted,0.212443645575739
100,weight,weighters,0.1510987594600119
100,weight,weightism,0.2000589188546241
100,weight,weightments,0.1891594131930223
100,weight,weighttable,0.1891594131930223
100,loss,lossibility,0.0987351785708453
100,loss,lossation,0.0798017529553196
100,loss,lossible,0.0656601908408752
100,loss,lossness,0.1158085107351596
100,loss,lossations,0.0798017529553196
100,loss,lossing,0.1764381919906345
100,loss,lossion,0.1502952198638366
100,loss,losseer,0.1969819016231117
100,loss,lossers,0.0922138656292109
100,loss,lossors,0.1969819016231117
100,loss,lossor,0.0722878887655674
100,loss,lossal,0.0187122520915203
100,loss,lossly,0.07419229528624
100,loss,losses,0.4025831272393442
100,loss,losser,0.1056581081822369
100,loss,lossed,0.1849212067018951
101,halloween,halloweenness,0.2592837949571556
101,halloween,halloweens,0.3599706597641982
101,halloween,halloweenity,0.2101671109872016
101,halloween,halloweenism,0.2655893359296417
101,picture,picturally,0.1544988529560374
101,picture,picturably,0.1221321529729386
101,picture,picturable,0.1696905087223178
101,picture,pictureing,0.172731982083723
101,picture,pictureize,0.17718208491829
101,picture,picturical,0.1221321529729386
101,picture,picturings,0.1660944936061755
101,picture,picturizer,0.1411151024944031
101,picture,picturizes,0.1140230959275156
101,picture,picturized,0.0920112156179948
101,picture,picturability,0.1439340940506283
101,picture,pictureizing,0.1221321529729386
101,picture,picturables,0.1676757889135445
101,picture,picturality,0.1221321529729386
101,picture,picturation,0.0889904279827013
101,picture,pictureized,0.1221321529729386
101,picture,picturelies,0.1221321529729386
101,picture,pictureness,0.1188466903534142
101,picture,picturizing,0.1481011146466464
101,picture,picturizers,0.1221321529729386
101,picture,picturor,0.1676757889135445
101,picture,pictural,0.0581248922088777
101,picture,picturer,0.1099617691161184
101,picture,pictured,0.1818536585209589
101,picture,picturic,0.1221321529729386
101,picture,picturization,0.1183192319920256
101,picture,pictureability,0.1676757889135445
101,picture,picturing,0.1751657851022229
101,picture,picturize,0.0515466575668185
101,picture,picturees,0.0870141734584259
101,picture,pictureds,0.1794648910625541
101,picture,pictureed,0.0705721116799473
101,picture,picturers,0.1520077574511524
101,picture,pictureor,0.1270890934695684
101,picture,picturely,0.1324654274295059
101,picture,pictureal,0.1439340940506283
101,picture,picturals,0.083128487423804
101,picture,picturizations,0.1608049602437682
102,calendar,calendarally,0.0825676205191715
102,calendar,calendarized,0.0712680238383414
102,calendar,calendarizer,0.1053833022560849
102,calendar,calendarical,0.0447583658863508
102,calendar,calendarness,0.1502471576936092
102,calendar,calendarallied,0.1502471576936092
102,calendar,calendarizers,0.0825676205191715
102,calendar,calendarizing,0.1223966768345436
102,calendar,calendaricities,0.1053833022560849
102,calendar,calendars,0.2922417739935468
102,calendar,calendarial,0.0907898894517048
102,calendar,calendarics,0.1053833022560849
102,calendar,calendaring,0.1859900820455938
102,calendar,calendarism,0.1509300728554729
102,calendar,calendarity,0.1053833022560849
102,calendar,calendarize,0.069971030826894
102,calendar,calendarred,0.126505462830693
102,calendar,calendaror,0.1502471576936092
102,calendar,calendarly,0.1096604622496331
102,calendar,calendaric,-0.0304981283302874
102,calendar,calendared,0.1274424879230643
102,calendar,calendarer,0.1053833022560849
102,calendar,calendarically,0.1053833022560849
102,calendar,calendarization,0.0615078950067365
103,clothing,clothings,0.2776966846568764
103,clothing,clothingable,0.2279685608655554
103,clothing,clothinging,0.1711816763089855
103,clothing,clothingly,0.1321780107598509
103,clothing,clothingor,0.2279685608655554
103,clothing,clothinged,0.195320198076167
103,clothing,clothinges,0.1947474006267799
103,clothing,clothinger,0.1949743754519875
103,winter,winterable,0.1457043810191529
103,winter,winterisms,0.2304327472877805
103,winter,winterized,0.2100405945150357
103,winter,winterizer,0.2026814391181557
103,winter,winterizes,0.1582845234684901
103,winter,winterings,0.1918207376236165
103,winter,winterlies,0.1457043810191529
103,winter,winterlied,0.1570328736921725
103,winter,winterness,0.1203892917976243
103,winter,winterals,0.1457043810191529
103,winter,winterism,0.1922047358004064
103,winter,winterion,0.1060452614466089
103,winter,wintering,0.2773202460814105
103,winter,winterers,0.1829893133802921
103,winter,winterize,0.2477506045977962
103,winter,winterred,0.1661816306971478
103,winter,winters,0.28814901923913
103,winter,winterizers,0.1922047358004064
103,winter,winterizing,0.2373076874384463
103,winter,winterments,0.1228886992822395
103,winter,winterization,0.1448194550602382
103,winter,winterizations,0.0868491787174462
103,winter,wintered,0.2315144095941237
103,winter,winteres,0.1457043810191529
103,winter,winterer,0.0852341050664582
103,winter,winterly,0.1741423725338229
104,gastrointestinal,gastrointestinally,0.3547661112898082
104,gastrointestinal,gastrointestinals,0.3313895799408588
104,fistula,fistulas,0.66188420768143
104,fistula,fistulaes,0.4580807366362671
105,wall,wallled,0.0781097023258002
105,wall,walller,0.1514642661065232
105,wall,wallors,0.1967214624858243
105,wall,wallers,0.1983111233967601
105,wall,walleds,0.1920509615504993
105,wall,walleer,0.1455566045286592
105,wall,wallism,0.1551477363209268
105,wall,wallize,0.1227409227917458
105,wall,wallion,0.1455566045286592
105,wall,walling,0.2272801386221274
105,wall,walls,0.3560046998633773
105,wall,wallablies,0.1455566045286592
105,wall,walles,0.1194183033222779
105,wall,waller,0.1374630211142095
105,wall,walled,0.2225379453382382
105,wall,wallal,0.0725688097126859
105,wall,wallly,0.1043283285302393
105,wall,wallic,0.0939965632356679
105,wall,wallor,0.2152535188045333
105,wall,wallably,0.1227409227917458
105,wall,wallable,0.2058713367833143
105,wall,wallance,0.2357258644096113
105,wall,wallence,0.1227409227917458
105,wall,wallisms,0.1683092666875831
105,wall,wallings,0.0527040880628204
105,wall,wallizer,0.0837372572426112
105,wall,wallness,0.1438744791771734
105,wall,wallables,0.2738239854299513
105,wall,wallances,0.1455566045286592
105,wall,wallation,0.2105983786991577
105,wall,walliving,0.1920509615504993
105,wall,wallability,0.1920509615504993
105,decoration,decorations,0.4499258244314132
105,decoration,decorationed,0.2488788955602582
105,decoration,decorationes,0.3582320444379362
105,decoration,decorational,0.2490490457170764
105,decoration,decorationally,0.2716945772971715
106,pet,pets,0.4742006648192832
106,pet,petenceds,0.0764904961932501
106,pet,petencies,0.0568911409729235
106,pet,petter,0.0658595701341138
106,pet,petted,0.2898448934637594
106,pet,pettal,0.1544978272915193
106,pet,pettor,0.1517422100807254
106,pet,peteer,0.1539507377176241
106,pet,peteds,0.1714440808754196
106,pet,petial,0.1773135090284327
106,pet,petion,0.0448227850284517
106,pet,peting,0.1003207666382123
106,pet,petize,0.1383098434792981
106,pet,petive,0.1845100784174725
106,pet,petity,0.1773135090284327
106,pet,petism,0.2013550789985323
106,pet,petors,0.2013550789985323
106,pet,petic,0.1138587134694247
106,pet,petes,0.0566695454200934
106,pet,petly,0.1138587134694247
106,pet,petor,0.1488849681596647
106,pet,peted,0.1561613261043945
106,pet,petability,0.2250967738614485
106,pet,petance,0.1773135090284327
106,pet,petable,0.1335085372800693
106,pet,petence,0.1047205466317398
106,pet,petency,0.0966040581262421
106,pet,peteers,0.1068200421199156
106,pet,petizes,0.1257534677354413
106,pet,petizer,0.067816376570781
106,pet,petical,0.1544978272915193
106,pet,petions,0.0867498021863067
106,pet,petings,0.1773135090284327
106,pet,petness,0.200465122394465
106,pet,petting,0.2687747928053942
106,pet,petters,0.0882084445327453
106,pet,pettals,0.082087037872982
106,pet,petables,0.2151984488068148
106,pet,petation,0.0993061779301635
106,pet,petative,0.1383098434792981
106,pet,petibles,0.2305709182467246
106,pet,petities,0.0924659892903978
106,pet,petively,0.2013550789985323
106,pet,petizing,0.1773135090284327
106,pet,petizers,0.1773135090284327
106,pet,pettable,0.1724079468632373
106,pet,pettably,0.1773135090284327
106,pet,pettings,0.1933988267140734
106,pet,pettability,0.1773135090284327
106,pig,pigs,0.446054491915234
106,pig,pigers,0.1876742295242029
106,pig,pigeer,0.2494935768102509
106,pig,pigger,0.3014741570749905
106,pig,pigged,0.2549804646301468
106,pig,pigism,0.3075071325813702
106,pig,pigity,0.2494935768102509
106,pig,piging,0.2121363069016445
106,pig,pigion,0.2498643647716938
106,pig,pigors,0.1078897087535502
106,pig,pigal,0.1715496114576684
106,pig,piger,0.0985344172817699
106,pig,piges,0.070237292348495
106,pig,piged,0.2902524772381877
106,pig,pigor,0.132482580162847
106,pig,pigly,0.2282988990702605
106,pig,pigation,0.3393882361907691
106,pig,piggable,0.197598517374581
106,pig,piggings,0.2494935768102509
106,pig,piggers,0.2782588644966018
106,pig,piggors,0.2494935768102509
106,pig,pigging,0.2650150331462004
106,pig,pigions,0.1625340988908022
106,pig,pigness,0.3151802072241519
107,homemade,homemaders,0.3258944714650756
107,homemade,homemadelies,0.2513640452096917
107,homemade,homemadeness,0.3152899272304343
107,homemade,homemadeism,0.3258944714650756
107,homemade,homemades,0.3638616814983823
107,homemade,homemaded,0.2513640452096917
107,recipes,reciped,0.2477073833347117
107,recipes,reciper,0.2517078693696992
107,recipes,recipal,0.1564017289715784
107,recipes,recipor,0.1564017289715784
107,recipes,recipe,0.6466509132043834
107,recipes,recipics,0.2033362537562352
107,recipes,reciping,0.2246866805192968
107,recipes,recipeds,0.2366841772370808
107,recipes,recipees,0.2911076613330194
107,recipes,recipeer,0.0469045965139267
107,recipes,recipers,0.2286710700124529
107,recipes,recipals,0.2366841772370808
107,recipes,recipical,0.1642920264395414
108,which,whichers,0.0234103831949606
108,which,whiching,0.059234093143638
108,which,whichity,0.0862465224246914
108,which,whichical,0.0453129741753607
108,which,whichness,0.0946842989480723
108,which,whichly,0.0877387735018529
108,which,whichor,0.0898724989484549
108,which,whiched,0.0736934361237288
108,which,whiches,0.0806994595353142
108,which,whicher,0.08623426414792
108,which,whichs,0.0858955741664238
108,day,daic,0.0214162405096252
108,day,daied,0.0238758786598467
108,day,daies,0.0789983358339854
108,day,daier,0.0364771651934184
108,day,daics,0.0783168954066746
108,day,dayed,0.0154755174929899
108,day,dayes,0.093792220265896
108,day,dayer,0.0909285632432322
108,day,dayal,0.034194327809561
108,day,dayly,0.0839110430320563
108,day,dayor,0.1031725338122602
108,day,dayability,0.0457603136108197
108,day,daicly,0.0457603136108197
108,day,daiers,0.0345515759807101
108,day,dayers,0.1098189548844107
108,day,daying,0.0360151163164516
108,day,dayism,0.088204268966739
108,day,dayals,0.0723861077897414
108,day,dayallied,0.0903493148305187
108,day,dainess,0.0730946594873362
108,day,dayable,0.0457603136108197
108,day,dayance,0.0730946594873362
108,day,dayisms,0.0457603136108197
108,day,dayment,0.0167210774899017
108,day,daylies,0.0385577992385048
108,day,dayness,0.0475828613771302
108,is,isity,0.0304274360758364
108,is,isism,-0.0354975007948622
108,is,isness,0.035736832601157
108,halloween,halloweenness,0.2592837949571556
108,halloween,halloweens,0.3599706597641982
108,halloween,halloweenity,0.2101671109872016
108,halloween,halloweenism,0.2655893359296417
109,what,whats,0.1327675045928258
109,what,whatallied,0.0713713980498221
109,what,whatability,0.0743906694965521
109,what,whating,0.0740749796953319
109,what,whative,0.0713713980498221
109,what,whattal,0.0713713980498221
109,what,whatted,0.0701706972007199
109,what,whatter,0.0714990195291123
109,what,whaters,0.0607719324204604
109,what,whateer,0.0621928990067215
109,what,whater,0.0484906768908084
109,what,whates,0.0482633941852849
109,what,whated,0.0797860829743304
109,what,whator,0.0731070841336405
109,what,whatly,0.031533357968743
109,what,whatisms,0.0731070841336405
109,what,whatings,0.0743906694965521
109,what,whatlies,0.031533357968743
109,what,whatness,0.0743402800828845
109,what,whatting,0.0805492850139621
109,what,whatters,0.0666315232076347
109,what,whatation,0.0713713980498221
109,what,whattable,0.0067683046244646
109,what,whatabilities,0.0713713980498221
109,does,do,0.3150783083252808
109,does,dor,0.0281334270220727
109,does,doal,0.0493096016294279
109,does,dors,0.0151335638150021
109,does,doals,0.0633396993467562
109,does,doeor,0.0825076723424759
109,does,doeer,0.0452696906676553
109,does,doize,0.0011331675231868
109,does,doism,0.1122634044676916
109,does,doive,-0.027599221627646
109,does,doity,0.1186820338543037
109,does,doial,0.1027013866926912
109,does,doing,0.3291373652628732
109,does,doingness,0.119656522315606
109,does,doables,0.0877701423846182
109,does,doessal,0.0825076723424759
109,does,doesive,0.0825076723424759
109,does,doesing,0.0988796540060572
109,does,doibles,0.0596919906055625
109,does,doingor,0.1317920868463669
109,does,doinged,0.0825076723424759
109,does,doinger,0.1027013866926912
109,does,doinges,0.0803842855017132
109,does,doments,0.1122634044676916
109,does,doability,0.1022693680467233
109,does,dorness,0.0825076723424759
109,does,domentity,0.0305803360868033
109,does,doableness,0.1264430815556074
109,does,doally,0.0596919906055625
109,does,doable,0.1886020732906523
109,does,doeser,0.1001547915263163
109,does,doeses,0.1238596746600652
109,does,doesed,0.1027013866926912
109,does,doesal,0.1264430815556074
109,does,doeers,0.0825076723424759
109,does,doible,0.0788283159266131
109,does,doizer,-0.0021273566804855
109,does,doives,0.0215279958047391
109,does,doment,0.0786986520201866
109,does,doness,0.0415697892657783
109,does,dority,0.0467950615573958
109,does,doessing,0.0916351570578127
109,does,doinging,0.1353486229227781
109,does,doingity,0.1264430815556074
109,civil,civillization,0.1195037750612141
109,civil,civillizations,0.1481003102886527
109,civil,civiliality,0.1779485113228816
109,civil,civilally,0.2020158539377122
109,civil,civilials,0.1779485113228816
109,civil,civilions,0.2139931072752652
109,civil,civilness,0.1590356306487333
109,civil,civiller,0.1551328295859682
109,civil,civilism,0.1930042584122195
109,civil,civiling,0.2257575488006284
109,civil,civilion,0.1208424630497601
109,civil,civilic,0.2257575488006284
109,civil,civilor,0.2353079196719077
109,civil,civiles,0.3187804437936528
109,civil,civiler,0.1551328295859682
109,civil,civiled,0.1161291640368336
109,civil,civils,0.2795239251563184
109,civil,civilations,0.0948615130850889
109,civil,civilation,0.1513251693029698
109,civil,civilially,0.2257575488006284
109,civil,civillized,0.154639465856
109,defense,defensability,0.1810763669273926
109,defense,defensatives,0.2109873650505053
109,defense,defenser,0.2023007695077666
109,defense,defenses,0.4253037275072991
109,defense,defensed,0.3139111323207702
109,defense,defensor,0.1719744031936119
109,defense,defenseability,0.2109873650505053
109,defense,defenseively,0.2347290599134215
109,defense,defensors,0.1363991886606476
109,defense,defensers,0.2412201931761286
109,defense,defenseor,0.2347290599134215
109,defense,defenseed,0.2347290599134215
109,defense,defensely,0.2446589585518039
109,defense,defensize,0.2347290599134215
109,defense,defensics,0.2579614618906036
109,defense,defensing,0.2286431103225585
109,defense,defension,0.1941423644694455
109,defense,defensable,0.1902140473502421
109,defense,defenseion,0.186570100616761
109,defense,defenseive,0.2243969228045557
109,defense,defensions,0.2347290599134215
109,defense,defensative,0.2231827972021881
109,defense,defenseable,0.1941423644694455
109,defense,defenseance,0.2310402214757122
109,defense,defensement,0.2310402214757122
109,siren,sireneer,0.3039127108067545
109,siren,sirenize,0.2242114422516839
109,siren,sirenity,0.2030896979715718
109,siren,sirenics,0.342916376355889
109,siren,sirenism,0.2523526695137632
109,siren,sirenion,0.3974209143297735
109,siren,sirening,0.3296259515477196
109,siren,sirens,0.4209227687584011
109,siren,sirenically,0.3201006946189758
109,siren,sirenical,0.3240663505490505
109,siren,sirenized,0.1972985796958674
109,siren,sirened,0.2334192438982374
109,siren,sirenes,0.1790310019530531
109,siren,sirener,0.3039127108067545
109,siren,sirenic,0.2817002840526729
109,mean,meanance,0.140100989013501
109,mean,meanable,0.1863739206299679
109,mean,meanized,0.140100989013501
109,mean,meanning,0.1057072206318435
109,mean,meanness,0.2420818237880181
109,mean,meanities,0.140100989013501
109,mean,meannings,0.1519545585762499
109,mean,meanive,0.1010973234643664
109,mean,meanion,0.140100989013501
109,mean,meanial,0.1748023232389172
109,mean,meaners,0.1209472478403177
109,mean,meaneds,0.140100989013501
109,mean,meanors,0.0885409477205096
109,mean,meanlyness,0.140100989013501
109,mean,meanly,0.2071834029587065
109,mean,meanor,0.070980478985198
109,mean,meanes,0.1191680302593305
109,mean,meaner,0.2155956358505408
109,mean,meaned,0.1868874835748095
109,mean,meanal,0.1863739206299679
110,career,careers,0.1114636150559477
110,career,careerability,0.1384702957013536
110,career,careering,0.1780480365413948
110,career,careerism,0.1740317448777557
110,career,careerers,0.1707356432038429
110,career,careerical,0.1384702957013536
110,career,careerisms,0.1384702957013536
110,career,careerment,0.1891682169495766
110,career,careeror,0.171913561606394
110,career,careered,0.1126129725363448
110,career,careerer,0.1924895579287996
110,career,careeres,0.015918030001523
110,career,careeral,0.1609353480020816
110,plan,plannor,0.1383389426759317
110,plan,planned,0.2948971202843915
110,plan,plannal,0.1383389426759317
110,plan,planeer,0.1620806375388479
110,plan,planial,0.1167552330111575
110,plan,planity,0.0939395512742441
110,plan,planing,0.1307521692089596
110,plan,planal,0.0970526769026736
110,plan,planed,0.1344924475439815
110,plan,planly,0.1152311515626122
110,plan,planor,0.1152311515626122
110,plan,plans,0.4081587059238646
110,plan,planization,0.1620806375388479
110,plan,plannability,0.1167552330111575
110,plan,planable,0.1032942625899103
110,plan,planeers,0.1167552330111575
110,plan,planings,0.0928453719920269
110,plan,planment,0.1620806375388479
110,plan,planning,0.3514966198350092
110,plan,planness,0.0777515674620228
110,plan,planneds,0.1214939420948718
110,plan,planability,0.1620806375388479
110,plan,planities,0.1244485618770863
110,plan,plannable,0.1316042420536117
110,plan,plannings,0.1077029783426891
111,branched,branchizing,0.4049548144717816
111,branched,branchments,0.4049548144717816
111,branched,branchs,0.1970022881027659
111,branched,branch,0.2542406492207886
111,branched,branchable,0.1242177265454344
111,branched,branchings,0.3319698926089577
111,branched,branchness,0.3821391327348681
111,branched,branchial,0.3424505873590133
111,branched,branching,0.4498063221069994
111,branched,branchion,0.2184642593353596
111,branched,brancheds,0.4049548144717816
111,branched,branchers,0.2489401522752431
111,branched,branchly,0.4049548144717816
111,branched,branchor,0.3659511489226469
111,branched,branchal,0.3090279661774856
111,branched,branches,0.3007319893048358
111,branched,brancher,0.2071320562573836
111,branched,branchability,0.4049548144717816
111,chain,chainables,0.132647943820016
111,chain,chainly,0.242249868225025
111,chain,chainor,0.2185081733621088
111,chain,chainal,0.1709818880994062
111,chain,chaines,0.0736564066425335
111,chain,chainer,0.181267075767842
111,chain,chained,0.2575323484683149
111,chain,chainable,0.2071415444649357
111,chain,chainings,0.1880086481986535
111,chain,chainness,0.242249868225025
111,chain,chainning,0.1547939042871849
111,chain,chains,0.4280987402407595
111,chain,chainability,0.2047387970301537
111,chain,chainned,0.142429666154108
111,chain,chaining,0.2778016055531869
111,chain,chainers,0.1695960158157745
111,amino,aminoly,0.3171710981593182
111,amino,aminos,0.4764712594935086
111,acid,acidically,0.1940964482398891
111,acid,acidiclies,0.2205967852088616
111,acid,acidicness,0.226035140967556
111,acid,acids,0.592875790728122
111,acid,acidance,0.1891887384993204
111,acid,acidizer,0.278403733647204
111,acid,acidized,0.3442880206818903
111,acid,acidicly,0.1579277476216566
111,acid,acidical,0.1984881706246523
111,acid,acidness,0.2913136117864548
111,acid,acidly,0.1149424605206914
111,acid,acidor,0.2558511763906573
111,acid,acider,0.1679559703847146
111,acid,acides,0.2661410336820481
111,acid,acided,0.1398626140804209
111,acid,acidic,0.4582548729276149
111,acid,acidal,0.252656859418821
111,acid,acidization,0.2686408676280222
111,acid,aciding,0.2297753176707626
111,acid,acidism,0.2796878339535849
111,acid,acidize,0.2433072538986157
111,acid,acidial,0.2069596359338492
111,acid,acidics,0.1460748584751305
111,acid,acidder,0.2796878339535849
111,acid,aciddor,0.2297753176707626
111,acid,acidation,0.2391011385096088
111,acid,acidicity,0.2449158560305766
111,acid,acidizing,0.3411398269087211
112,canon,canonability,0.2347404854711325
112,canon,canones,0.2813053469615394
112,canon,canoned,0.2915235855694505
112,canon,canonal,0.3126606416157708
112,canon,canonor,0.2119248037342191
112,canon,canonly,0.2059783649504393
112,canon,canons,0.4001280995517829
112,canon,canoneers,0.3190682432945539
112,canon,canonlied,0.2347404854711325
112,canon,canonness,0.1957368199219979
112,canon,canonnal,0.2848545215072965
112,canon,canoning,0.271923237587418
112,canon,canonial,0.129413437869158
112,canon,canonism,0.1439894498959218
112,canon,canonity,0.2258891218031057
112,canon,canoneer,0.0973086533954302
112,canon,canoners,0.1831804441781411
112,canon,canonality,0.2347404854711325
112,canon,canonments,0.2347404854711325
113,deadlift,deadlifts,0.7549388388801295
113,deadlift,deadliftings,0.42591491822386
113,deadlift,deadlifting,0.6726085183125615
113,proper,propered,0.0857524276095232
113,proper,properer,0.1970795378426244
113,proper,properes,0.1434392342633879
113,proper,properal,0.1637597587077925
113,proper,properally,0.1572956918997193
113,proper,properness,0.1939058846434422
113,proper,properment,0.2347346164673369
113,proper,properations,0.1475717748955713
113,proper,propers,0.2278022556027497
113,proper,properative,0.1637597587077925
113,proper,properation,0.2404431442295142
113,proper,properities,0.0806251690728787
113,proper,propering,0.1349144143964199
113,proper,properity,0.1208930354684809
113,form,forms,0.2902581398650933
113,form,formables,0.0662101983637664
113,form,formances,0.099123626069034
113,form,formmally,0.1332258418269341
113,form,formabilities,0.0500222145515452
113,form,formes,0.0399759922399904
113,form,formed,0.2225250872553839
113,form,formic,0.0992509243606642
113,form,formly,0.0274088002534534
113,form,formor,0.0247614893041468
113,form,formeer,0.0185324131921627
113,form,formeds,0.0890258801006798
113,form,formmer,0.1116980448314947
113,form,formmed,0.1457984801839147
113,form,formmal,0.1152114922966899
113,form,formors,0.0965581214509293
113,form,formism,0.1323122169006232
113,form,formity,0.0940250911140558
113,form,forming,0.2164233546199314
113,form,formion,-0.037621959909468
113,form,formics,0.0945966157846678
113,form,formability,0.068465846084889
113,form,formable,0.0900035128994299
113,form,formably,0.1364657705096059
113,form,formance,0.0862319541233903
113,form,formical,0.0890258801006798
113,form,formible,0.0776373890015259
113,form,formions,0.0505544617821769
113,form,formings,0.0933408892596921
113,form,formming,0.0890258801006798
113,form,formness,0.1044533456507943
114,derivatives,derivativeness,0.2689579342758566
114,derivatives,derivative,0.3751006338845817
114,derivatives,derivativity,0.3254240003337506
114,derivatives,derivatively,0.2354215187891966
114,derivatives,derivativees,0.3254240003337506
114,derivatives,derivativers,0.3792185805694331
114,derivatives,derivativized,0.3952609149452221
114,derivatives,derivativer,0.3792185805694331
114,derivatives,derivatived,0.3376214162965238
114,of,ofly,0.0141188352622848
114,of,oflies,-0.0100989621179341
114,of,ofness,0.0128048502295481
114,of,ofities,0.0115266674921468
114,of,ofism,0.0115266674921468
114,of,ofity,0.0115266674921468
114,composite,composited,0.3622077144998742
114,composite,composites,0.5107265927348331
114,composite,compositer,0.3413241527421376
114,composite,compositation,0.2556975557265852
114,composite,compositeness,0.3024702788416262
114,composite,compositition,0.1938782084405372
114,composite,compositively,0.239509571914364
114,composite,compositers,0.2556975557265852
114,composite,compositely,0.3015897183194223
114,composite,compositing,0.3005753623569835
114,composite,compositive,0.2371080380793884
114,composite,compositable,0.3066621699906054
114,composite,compositeion,0.2556975557265852
114,composite,compositible,0.2785132374634986
114,composite,compositings,0.1518321590013125
114,functions,functioniality,0.1577266191191972
114,functions,functionnality,0.151260204237505
114,functions,functionner,0.1967302846683318
114,functions,functionned,0.1577266191191972
114,functions,functionnal,0.1889366391814911
114,functions,functioners,0.1739146029314184
114,functions,functioneer,0.1187229535700625
114,functions,functioneds,0.1967302846683318
114,functions,functionial,0.2242344411470806
114,functions,functionize,0.2206287137371813
114,functions,functionity,0.2061866576120264
114,functions,functionion,0.2215599173978319
114,functions,functioning,0.3225304344334563
114,functions,functionability,0.1519970000799527
114,functions,function,0.4725556250935622
114,functions,functive,0.134775708667779
114,functions,functionable,0.1595521625404389
114,functions,functioneers,0.1967302846683318
114,functions,functionized,0.2453016122607481
114,functions,functionings,0.226154298361949
114,functions,functionment,0.1577266191191972
114,functions,functionning,0.1041976032817953
114,functions,functionness,0.2453016122607481
114,functions,functionnals,0.2340124641988157
114,functions,functionabilities,0.2453016122607481
114,functions,functionnalities,0.1936346798843398
114,functions,functives,0.2309327130921543
114,functions,functionities,0.2453016122607481
114,functions,functionivity,0.1967302846683318
114,functions,functionnally,0.2096933933771007
114,functions,functionization,0.1577266191191972
114,functions,functioned,0.2477301293732921
114,functions,functioner,0.1349109373822837
114,functions,functiones,0.2059246956361031
114,functions,functionly,0.1739146029314184
114,functions,functionor,0.2047149168167721
115,vitamin,vitaminers,0.3101176057500908
115,vitamin,vitaminize,0.2457892154431985
115,vitamin,vitaminizing,0.2863759108871745
115,vitamin,vitaminization,0.2557308618204992
115,vitamin,vitaminic,0.1733995067602852
115,vitamin,vitamines,0.2880683189316648
115,vitamin,vitamined,0.2158782173200858
115,vitamin,vitaminer,0.1920105135974536
115,vitamin,vitaminor,0.2362025350884678
115,vitamin,vitaminal,0.2863759108871745
115,vitamin,vitaminions,0.1125638405163717
115,vitamin,vitaminizes,0.2362025350884678
115,vitamin,vitaminized,0.3005884988186977
115,vitamin,vitamins,0.6620309575971817
115,a,aity,0.0140882026111683
115,a,aism,0.0102013466021618
115,a,aitys,0.013453003298711
115,a,aness,0.00832204218688
115,a,aities,0.0126224242810318
115,a,anessed,0.012110121790973
116,bmw,bmws,0.5095133730421132
116,bmw,bmwness,0.3194487036953944
116,offer,offers,0.361171042829583
116,offer,offeral,0.1285147867225187
116,offer,offered,0.3246754928514401
116,offer,offeror,0.1954652894371669
116,offer,offeres,0.1411186480965936
116,offer,offerer,0.2343693360331507
116,offer,offeranced,0.1285147867225187
116,offer,offerences,0.1387045624009937
116,offer,offerrings,0.14685082085927
116,offer,offereds,0.1051398099534887
116,offer,offerism,0.1522564815854349
116,offer,offerive,0.1522564815854349
116,offer,offerity,0.107314255150854
116,offer,offerers,0.1601802492877952
116,offer,offerred,0.1427791754921041
116,offer,offerror,0.107314255150854
116,offer,offerors,0.1395813937434764
116,offer,offerance,0.1116697861414588
116,offer,offerable,0.0982304708037086
116,offer,ofference,0.107314255150854
116,offer,offerring,0.1473961836097135
116,offer,offerability,0.1586974882070171
117,cristiano,cristianos,0.1514966845104631
117,ronaldo,ronaldos,0.2923935832459068
118,the,thal,0.0119772187904339
118,the,thes,0.0192049791281048
118,the,ther,0.0247369549758272
118,the,thor,-0.0055959658474466
118,the,thelyness,-0.001189860737843
118,the,theorities,0.0106650472997876
118,the,theability,0.013925065937298
118,the,theality,0.0070651309045323
118,the,theively,0.0127038616104752
118,the,theiving,0.0152812869287161
118,the,theivity,0.0106650472997876
118,the,theizing,0.0134255534736812
118,the,thements,-0.0025025192280153
118,the,theority,0.0137008957261695
118,the,therness,0.0106650472997876
118,the,thals,0.0126387582399109
118,the,theor,0.0163296045740059
118,the,thers,0.0164957446885049
118,the,theal,0.0145277637019188
118,the,thely,0.004771054076817
118,the,thize,0.0117746865601733
118,the,thity,-0.0200038655610479
118,the,thive,0.0122844108246536
118,the,thion,0.0131535160185031
118,the,thors,0.0124256166865504
118,the,thization,0.0106650472997876
118,the,thable,0.013628501278678
118,the,thably,0.0106650472997876
118,the,thally,0.0130584812981683
118,the,thance,0.0120916310271489
118,the,theors,0.0118476856782647
118,the,thelys,-0.0066048314571596
118,the,theals,0.0128625930463939
118,the,theeer,0.0112696968869064
118,the,theize,0.0120916310271489
118,the,theive,0.0106975512621486
118,the,theity,0.010924411340388
118,the,thible,-0.0136298376320514
118,the,thizer,0.0106650472997876
118,the,thized,0.010924411340388
118,the,thions,0.0106650472997876
118,the,thives,0.0132503931165852
118,the,thived,0.010924411340388
118,the,theallies,0.0111162178480763
118,the,theallied,0.0106650472997876
118,the,thables,0.0128625930463939
118,the,thallys,0.0098438898119746
118,the,thality,0.0112696968869064
118,the,thances,0.0112696968869064
118,the,thation,-0.0130766475631285
118,the,theably,0.0106650472997876
118,the,theally,0.010924411340388
118,the,theives,0.0182037569251807
118,the,theived,0.0120365014293021
118,the,thelied,0.0106650472997876
118,the,thelies,-0.0043178909789835
118,the,theness,0.0116072468886096
118,the,thement,0.0113982803253864
118,the,thities,0.010924411340388
118,the,thively,0.0106650472997876
118,the,thiving,0.0129787676622973
118,the,thizing,0.0106650472997876
118,the,thizers,0.010924411340388
118,the,thority,0.0133492380996209
118,the,thorness,0.0125163710941164
118,the,thorities,0.0124447706673644
118,the,thations,0.0106650472997876
118,the,theabilities,0.0106650472997876
118,the,theliness,-0.0398949964502993
118,calories,calorie,0.6792946129525245
118,calories,calorieness,0.3326826021830367
118,calories,caloriers,0.3326826021830367
118,calories,calorieds,0.280703095684339
118,calories,caloriees,0.3407731339466783
118,calories,caloried,0.3578416389787504
118,calories,calorial,0.280703095684339
118,of,ofly,0.0141188352622848
118,of,oflies,-0.0100989621179341
118,of,ofness,0.0128048502295481
118,of,ofities,0.0115266674921468
118,of,ofism,0.0115266674921468
118,of,ofity,0.0115266674921468
118,an,anly,0.0527437320038519
118,an,anism,0.0538748373822794
118,an,anity,-0.0051899449655412
118,an,anlys,0.0092881036147641
118,an,anitys,0.0097352922943616
118,an,anisms,0.0533385980184112
118,an,anness,0.0298190629126833
118,an,anities,0.0257448518232365
118,an,anlyness,-0.0034716062742453
118,egg,eggs,0.5483946803054521
118,egg,egges,0.2938017308391867
118,egg,egger,0.1554708459397913
118,egg,egged,0.2380644933775956
118,egg,eggor,0.2278946267724917
118,egg,eggly,0.1961066486315431
118,egg,eggerness,0.1660752794864438
118,egg,eggability,0.2278946267724917
118,egg,egglys,0.2278946267724917
118,egg,eggors,0.2278946267724917
118,egg,egging,0.1898061872475598
118,egg,eggers,0.1117855070775599
118,egg,eggged,0.2777308120266016
118,egg,eggable,0.2278946267724917
118,egg,egggers,0.2278946267724917
118,egg,eggings,0.1357324386519904
118,egg,eggness,0.2505888851006415
118,egg,eggment,0.1763345854795004
118,egg,eggables,0.2777308120266016
118,egg,eggality,0.2777308120266016
118,egg,eggments,0.2777308120266016
119,palpitation,palpitations,0.472148367568605
119,symptoms,symptomized,0.2121069317926873
119,symptoms,symptomizes,0.2027083200154644
119,symptoms,symptomative,0.2760628837961874
119,symptoms,symptomizing,0.287741354518674
119,symptoms,symptom,0.5710652566680061
119,symptoms,symptomization,0.2760628837961874
119,symptoms,symptomize,0.1664609593911784
119,symptoms,symptomic,0.2629952990385461
119,symptoms,symptomed,0.2760628837961874
119,symptoms,symptomer,0.2212737885977409
119,symptoms,symptomes,0.2634809560540205
119,symptoms,symptomal,0.2599761850364083
120,birthday,birthdayizer,0.0496579235741755
120,birthday,birthdaylies,0.15498497117615
120,birthday,birthdayness,0.2170673958149779
120,birthday,birthdayor,0.1967827588017032
120,birthday,birthdayer,0.0862097584186067
120,birthday,birthdayes,0.2622350613969233
120,birthday,birthdayed,0.189280979863313
120,birthday,birthdaying,0.0868397790014463
120,birthday,birthdayers,0.2018619944436459
120,birthday,birthdays,0.5548925058848432
120,cake,cakeing,0.2121521013163673
120,cake,cakeity,0.2677051228235875
120,cake,cakeism,0.2121521013163673
120,cake,cakings,0.1791099948392969
120,cake,cakeables,0.2613493494842704
120,cake,cakic,0.0990025677083661
120,cake,caked,0.188808501822679
120,cake,caker,0.2001020989761488
120,cake,cakes,0.5413172272085647
120,cake,cakal,0.0369533654512799
120,cake,cakor,0.1275170722934059
120,cake,cakeabilities,0.2613493494842704
120,cake,caking,0.1857934810605741
120,cake,cakion,0.2121521013163673
120,cake,cakers,0.2497326996168366
120,cake,cakeor,0.2207626540402943
120,cake,cakees,0.224331086870046
120,cake,cakeed,0.2121521013163673
120,cake,cakely,0.2724053838352928
120,cake,cakeability,0.250450467480405
120,cake,cakeness,0.2629780056000528
120,design,designals,0.0696088136278041
120,design,designned,0.0556169242777907
120,design,designner,0.1165679003313426
120,design,designnal,0.1130207007907084
120,design,designors,0.0829460179210433
120,design,designeds,0.0836478210932243
120,design,designeer,0.0332234775171977
120,design,designism,0.1331089909704088
120,design,designity,0.0227063261672406
120,design,designive,0.1130207007907084
120,design,designion,0.1130207007907084
120,design,designics,0.1130207007907084
120,design,designabilities,0.1340032991350126
120,design,designables,0.0754071923998063
120,design,designicals,0.1130207007907084
120,design,designibles,0.1368173930160523
120,design,designments,0.0851308534127407
120,design,designability,0.1342465328119139
120,design,designor,0.0784343509947494
120,design,designic,0.0696088136278041
120,design,designly,0.0696088136278041
120,design,designal,0.0678816288599771
120,design,designed,0.1687516764310715
120,design,designes,0.1038582751474238
120,design,designable,0.1106107802510195
120,design,designence,0.1130207007907084
120,design,designeers,0.103482776923861
120,design,designized,0.0467931318908908
120,design,designisms,0.1157692592175575
120,design,designment,0.0727967203394466
120,design,designning,0.107579455782218
120,design,designners,0.0892575575844489
120,design,designness,0.1130207007907084
120,picture,picturally,0.1544988529560374
120,picture,picturably,0.1221321529729386
120,picture,picturable,0.1696905087223178
120,picture,pictureing,0.172731982083723
120,picture,pictureize,0.17718208491829
120,picture,picturical,0.1221321529729386
120,picture,picturings,0.1660944936061755
120,picture,picturizer,0.1411151024944031
120,picture,picturizes,0.1140230959275156
120,picture,picturized,0.0920112156179948
120,picture,picturability,0.1439340940506283
120,picture,pictureizing,0.1221321529729386
120,picture,picturables,0.1676757889135445
120,picture,picturality,0.1221321529729386
120,picture,picturation,0.0889904279827013
120,picture,pictureized,0.1221321529729386
120,picture,picturelies,0.1221321529729386
120,picture,pictureness,0.1188466903534142
120,picture,picturizing,0.1481011146466464
120,picture,picturizers,0.1221321529729386
120,picture,picturor,0.1676757889135445
120,picture,pictural,0.0581248922088777
120,picture,picturer,0.1099617691161184
120,picture,pictured,0.1818536585209589
120,picture,picturic,0.1221321529729386
120,picture,picturization,0.1183192319920256
120,picture,pictureability,0.1676757889135445
120,picture,picturing,0.1751657851022229
120,picture,picturize,0.0515466575668185
120,picture,picturees,0.0870141734584259
120,picture,pictureds,0.1794648910625541
120,picture,pictureed,0.0705721116799473
120,picture,picturers,0.1520077574511524
120,picture,pictureor,0.1270890934695684
120,picture,picturely,0.1324654274295059
120,picture,pictureal,0.1439340940506283
120,picture,picturals,0.083128487423804
120,picture,picturizations,0.1608049602437682
121,international,internationalal,-0.0145315302911367
121,international,internationally,0.2514504661015128
121,international,internationalor,0.1326172692035643
121,international,internationaleer,0.1240862137488032
121,international,internationality,0.146298244130347
121,international,internationallys,0.1240862137488032
121,international,internationals,0.2009502854562241
121,international,internationallization,0.0802427310193518
121,international,internationalality,0.1240862137488032
121,international,internationalities,0.0412390654702172
121,international,internationalally,0.1240862137488032
121,international,internationallied,0.0802427310193518
121,international,internationalness,0.1326172692035643
121,gold,golds,0.2511634358139736
121,gold,golders,0.0126030119179813
121,gold,goldeer,-0.0239491083139757
121,gold,goldism,0.135476925290668
121,gold,goldion,0.1060802834319985
121,gold,golding,0.1217659202529786
121,gold,goldlys,0.135476925290668
121,gold,goldliness,0.1815621814411027
121,gold,goldation,0.1815621814411027
121,gold,goldor,0.1605204725987982
121,gold,goldal,0.1200848080035014
121,gold,golded,0.1541041841237037
121,gold,golder,0.1270642969881774
121,gold,goldes,0.108084593122684
121,gold,goldic,-0.0146060000566858
121,gold,goldly,0.1436975284022097
121,gold,goldance,0.135476925290668
121,gold,goldding,0.135476925290668
121,gold,goldizer,0.1815621814411027
121,gold,goldized,0.1815621814411027
121,gold,goldisms,0.135476925290668
121,gold,goldings,0.1353072492358282
121,gold,goldlies,0.1553391991852971
121,gold,goldness,0.1163775547256786
121,gold,goldallies,0.1815621814411027
121,gold,goldization,0.1892429264623572
121,price,pricorities,0.0608264542847019
121,price,priceable,0.1216009383863153
121,price,priceings,0.1276235893665843
121,price,priceness,0.0799078686842242
121,price,pricor,0.0585151445051974
121,price,priced,0.2785708829971721
121,price,prices,0.4035322023265574
121,price,pricer,0.1310651614557652
121,price,priceability,0.1276235893665843
121,price,pricity,0.0739708963805554
121,price,priceal,0.1276235893665843
121,price,priceer,0.1307272764749117
121,price,pricees,0.1545820124169837
121,price,priceed,0.0928770640566099
121,price,priceds,0.1426546082686442
121,price,pricion,-0.0069215708205106
121,price,pricing,0.2779849609802434
121,price,pricers,0.1646337282973371
121,price,pricely,0.0637508416226097
121,price,priceor,0.1348591457075919
121,price,prically,0.0836421360216153
121,price,pricable,0.0870368939226082
121,price,priceing,0.1267819070930888
121,price,priceial,0.1276235893665843
121,price,priceers,0.1276235893665843
121,price,pricible,0.1276235893665843
121,price,pricings,0.1368115524829117
122,difference,differencing,0.2085707184800296
122,difference,differencers,0.1674718949907766
122,difference,differencees,0.1031435046838844
122,difference,differenceds,0.1958637266874191
122,difference,differenceed,0.1609398772096766
122,difference,differencer,0.1428092926992255
122,difference,differences,0.3704025874171209
122,difference,differenced,0.2299034788172823
122,difference,differencal,0.1609398772096766
122,difference,differencence,0.2080585904347527
122,difference,differencings,0.1843168955718365
122,difference,differenceness,0.1381241954727632
122,difference,differencences,0.1381241954727632
122,between,betweenor,0.1139820914914964
122,between,betweenal,0.1377237863544126
122,between,betweened,0.1410731008686003
122,between,betweener,0.0639255252943475
122,between,betweenized,0.1377237863544126
122,between,betweenings,0.1377237863544126
122,between,betweenness,0.1717294100337258
122,between,betweens,0.1265938037220029
122,between,betweening,0.1148795864466659
122,between,betweenity,0.0822447193605203
122,between,betweeners,0.1155595270504265
122,series,seriesally,0.113347463614218
122,series,seriesness,0.1347928631803353
122,series,seriesment,0.113347463614218
122,series,seriessize,0.1467037378556282
122,series,serieser,0.1675225964804389
122,series,serieses,0.1831798565036522
122,series,seriesed,0.1246468371508056
122,series,seriesic,0.1623899711879946
122,series,seriesal,0.1580682801166204
122,series,seriesly,0.1148249033484761
122,series,seriesor,0.1652411502846676
122,series,seriesing,0.1585345580432515
122,and,ands,0.0154787367917124
122,and,andly,0.0138931940660043
122,and,andor,-0.0096158708722343
122,and,andic,0.000819870504383536
122,and,anded,0.016384409674639
122,and,ander,0.0170864230444695
122,and,andal,0.0146356862138069
122,and,andallied,0.0125285203577056
122,and,andallies,0.0123123450569733
122,and,andanced,0.0125285203577056
122,and,andative,0.0130819340650135
122,and,andities,0.0120200291175837
122,and,andizing,0.0123123450569733
122,and,andments,0.0120200291175837
122,and,andeor,0.0090064063273944
122,and,andeer,0.01111241924944
122,and,anders,0.0177069915348252
122,and,andded,0.0123123450569733
122,and,andder,0.0127014987293732
122,and,anddal,-0.0274524616271439
122,and,andive,0.0040890364989151
122,and,andity,0.0120033987573633
122,and,andion,-0.0032189532596071
122,and,anding,0.0134549529279276
122,and,andics,0.0129715516288793
122,and,andial,0.0097114644053403
122,and,andize,-0.0084810948709672
122,and,andals,0.0077915913420472
122,and,andors,0.0060062152803484
122,and,andable,0.013180869409051
122,and,andance,-0.0055953567036019
122,and,andally,0.0120200291175837
122,and,andding,0.0123123450569733
122,and,andders,0.0120200291175837
122,and,andeers,-0.1054597927254131
122,and,andible,0.0135657248943408
122,and,andical,0.0120200291175837
122,and,andized,0.0125285203577056
122,and,andings,0.0129715516288793
122,and,andisms,0.0120200291175837
122,and,andives,-0.0049423102862091
122,and,andment,0.0120200291175837
122,and,andlies,0.0143496483462063
122,and,andness,0.013180869409051
122,and,anderness,0.0120200291175837
122,and,andability,0.013428926045153
122,and,andabilities,0.013180869409051
122,parallel,parallelals,0.25196651196271
122,parallel,paralleller,0.2085403070597927
122,parallel,parallelled,0.2463731128815891
122,parallel,parallelize,0.3986414353528554
122,parallel,parallelity,0.2872228432217631
122,parallel,paralleling,0.326296852088376
122,parallel,parallellization,0.2991267820989575
122,parallel,parallelizations,0.3302438806688343
122,parallel,parallellizing,0.2790380006268814
122,parallel,parallelability,0.2621930000458215
122,parallel,parallels,0.3469827581499468
122,parallel,parallelable,0.2690426045629256
122,parallel,parallelized,0.4087784472632373
122,parallel,parallelizes,0.2611107583222382
122,parallel,parallelizer,0.315006311667282
122,parallel,parallellize,0.2790380006268814
122,parallel,parallelling,0.2655722947132316
122,parallel,parallelness,0.2573274478702331
122,parallel,parallelly,0.2625219206522846
122,parallel,paralleler,0.3013811886962589
122,parallel,paralleles,0.2809115957674514
122,parallel,paralleled,0.3274318917536459
122,parallel,parallelor,0.3027796954897976
122,parallel,parallelities,0.2291508302257966
122,parallel,parallelizing,0.374273549468702
122,parallel,parallelizers,0.3086646900181033
122,parallel,parallellizes,0.2291508302257966
122,parallel,parallellized,0.2795046105429744
122,parallel,parallelization,0.4518703563620646
122,circuits,circuitable,0.3081813067391949
122,circuits,circuiteers,0.3375343681584051
122,circuits,circuitized,0.3424052940735422
122,circuits,circuitings,0.3612760630213213
122,circuits,circuitation,0.3081813067391949
122,circuits,circuittable,0.3081813067391949
122,circuits,circuiters,0.3700619611841272
122,circuits,circuiteer,0.2326192824075369
122,circuits,circuitize,0.2853656250022816
122,circuits,circuition,0.2432949797284002
122,circuits,circuiting,0.2850624929364908
122,circuits,circuitism,0.2463619594531469
122,circuits,circuit,0.5193723512635317
122,circuits,circuitor,0.3081813067391949
122,circuits,circuitly,0.3081813067391949
122,circuits,circuited,0.3047035222604486
122,circuits,circuiter,0.2395159766893931
122,circuits,circuites,0.2029197795991887
122,circuits,circuital,0.1882064547701345
122,circuits,circuitization,0.3375343681584051
123,medvedev,medvedevs,0.4959072299648656
124,what,whats,0.1327675045928258
124,what,whatallied,0.0713713980498221
124,what,whatability,0.0743906694965521
124,what,whating,0.0740749796953319
124,what,whative,0.0713713980498221
124,what,whattal,0.0713713980498221
124,what,whatted,0.0701706972007199
124,what,whatter,0.0714990195291123
124,what,whaters,0.0607719324204604
124,what,whateer,0.0621928990067215
124,what,whater,0.0484906768908084
124,what,whates,0.0482633941852849
124,what,whated,0.0797860829743304
124,what,whator,0.0731070841336405
124,what,whatly,0.031533357968743
124,what,whatisms,0.0731070841336405
124,what,whatings,0.0743906694965521
124,what,whatlies,0.031533357968743
124,what,whatness,0.0743402800828845
124,what,whatting,0.0805492850139621
124,what,whatters,0.0666315232076347
124,what,whatation,0.0713713980498221
124,what,whattable,0.0067683046244646
124,what,whatabilities,0.0713713980498221
124,does,do,0.3150783083252808
124,does,dor,0.0281334270220727
124,does,doal,0.0493096016294279
124,does,dors,0.0151335638150021
124,does,doals,0.0633396993467562
124,does,doeor,0.0825076723424759
124,does,doeer,0.0452696906676553
124,does,doize,0.0011331675231868
124,does,doism,0.1122634044676916
124,does,doive,-0.027599221627646
124,does,doity,0.1186820338543037
124,does,doial,0.1027013866926912
124,does,doing,0.3291373652628732
124,does,doingness,0.119656522315606
124,does,doables,0.0877701423846182
124,does,doessal,0.0825076723424759
124,does,doesive,0.0825076723424759
124,does,doesing,0.0988796540060572
124,does,doibles,0.0596919906055625
124,does,doingor,0.1317920868463669
124,does,doinged,0.0825076723424759
124,does,doinger,0.1027013866926912
124,does,doinges,0.0803842855017132
124,does,doments,0.1122634044676916
124,does,doability,0.1022693680467233
124,does,dorness,0.0825076723424759
124,does,domentity,0.0305803360868033
124,does,doableness,0.1264430815556074
124,does,doally,0.0596919906055625
124,does,doable,0.1886020732906523
124,does,doeser,0.1001547915263163
124,does,doeses,0.1238596746600652
124,does,doesed,0.1027013866926912
124,does,doesal,0.1264430815556074
124,does,doeers,0.0825076723424759
124,does,doible,0.0788283159266131
124,does,doizer,-0.0021273566804855
124,does,doives,0.0215279958047391
124,does,doment,0.0786986520201866
124,does,doness,0.0415697892657783
124,does,dority,0.0467950615573958
124,does,doessing,0.0916351570578127
124,does,doinging,0.1353486229227781
124,does,doingity,0.1264430815556074
124,ridiculous,ridiculouslies,0.2697119704048573
124,ridiculous,ridiculousment,0.2697119704048573
124,ridiculous,ridiculousness,0.3260737488381913
124,ridiculous,ridiculouser,0.3118031173373188
124,ridiculous,ridiculously,0.3394893220132789
124,ridiculous,ridiculousity,0.1669154213842281
124,mean,meanance,0.140100989013501
124,mean,meanable,0.1863739206299679
124,mean,meanized,0.140100989013501
124,mean,meanning,0.1057072206318435
124,mean,meanness,0.2420818237880181
124,mean,meanities,0.140100989013501
124,mean,meannings,0.1519545585762499
124,mean,meanive,0.1010973234643664
124,mean,meanion,0.140100989013501
124,mean,meanial,0.1748023232389172
124,mean,meaners,0.1209472478403177
124,mean,meaneds,0.140100989013501
124,mean,meanors,0.0885409477205096
124,mean,meanlyness,0.140100989013501
124,mean,meanly,0.2071834029587065
124,mean,meanor,0.070980478985198
124,mean,meanes,0.1191680302593305
124,mean,meaner,0.2155956358505408
124,mean,meaned,0.1868874835748095
124,mean,meanal,0.1863739206299679
125,what,whats,0.1327675045928258
125,what,whatallied,0.0713713980498221
125,what,whatability,0.0743906694965521
125,what,whating,0.0740749796953319
125,what,whative,0.0713713980498221
125,what,whattal,0.0713713980498221
125,what,whatted,0.0701706972007199
125,what,whatter,0.0714990195291123
125,what,whaters,0.0607719324204604
125,what,whateer,0.0621928990067215
125,what,whater,0.0484906768908084
125,what,whates,0.0482633941852849
125,what,whated,0.0797860829743304
125,what,whator,0.0731070841336405
125,what,whatly,0.031533357968743
125,what,whatisms,0.0731070841336405
125,what,whatings,0.0743906694965521
125,what,whatlies,0.031533357968743
125,what,whatness,0.0743402800828845
125,what,whatting,0.0805492850139621
125,what,whatters,0.0666315232076347
125,what,whatation,0.0713713980498221
125,what,whattable,0.0067683046244646
125,what,whatabilities,0.0713713980498221
125,is,isity,0.0304274360758364
125,is,isism,-0.0354975007948622
125,is,isness,0.035736832601157
125,the,thal,0.0119772187904339
125,the,thes,0.0192049791281048
125,the,ther,0.0247369549758272
125,the,thor,-0.0055959658474466
125,the,thelyness,-0.001189860737843
125,the,theorities,0.0106650472997876
125,the,theability,0.013925065937298
125,the,theality,0.0070651309045323
125,the,theively,0.0127038616104752
125,the,theiving,0.0152812869287161
125,the,theivity,0.0106650472997876
125,the,theizing,0.0134255534736812
125,the,thements,-0.0025025192280153
125,the,theority,0.0137008957261695
125,the,therness,0.0106650472997876
125,the,thals,0.0126387582399109
125,the,theor,0.0163296045740059
125,the,thers,0.0164957446885049
125,the,theal,0.0145277637019188
125,the,thely,0.004771054076817
125,the,thize,0.0117746865601733
125,the,thity,-0.0200038655610479
125,the,thive,0.0122844108246536
125,the,thion,0.0131535160185031
125,the,thors,0.0124256166865504
125,the,thization,0.0106650472997876
125,the,thable,0.013628501278678
125,the,thably,0.0106650472997876
125,the,thally,0.0130584812981683
125,the,thance,0.0120916310271489
125,the,theors,0.0118476856782647
125,the,thelys,-0.0066048314571596
125,the,theals,0.0128625930463939
125,the,theeer,0.0112696968869064
125,the,theize,0.0120916310271489
125,the,theive,0.0106975512621486
125,the,theity,0.010924411340388
125,the,thible,-0.0136298376320514
125,the,thizer,0.0106650472997876
125,the,thized,0.010924411340388
125,the,thions,0.0106650472997876
125,the,thives,0.0132503931165852
125,the,thived,0.010924411340388
125,the,theallies,0.0111162178480763
125,the,theallied,0.0106650472997876
125,the,thables,0.0128625930463939
125,the,thallys,0.0098438898119746
125,the,thality,0.0112696968869064
125,the,thances,0.0112696968869064
125,the,thation,-0.0130766475631285
125,the,theably,0.0106650472997876
125,the,theally,0.010924411340388
125,the,theives,0.0182037569251807
125,the,theived,0.0120365014293021
125,the,thelied,0.0106650472997876
125,the,thelies,-0.0043178909789835
125,the,theness,0.0116072468886096
125,the,thement,0.0113982803253864
125,the,thities,0.010924411340388
125,the,thively,0.0106650472997876
125,the,thiving,0.0129787676622973
125,the,thizing,0.0106650472997876
125,the,thizers,0.010924411340388
125,the,thority,0.0133492380996209
125,the,thorness,0.0125163710941164
125,the,thorities,0.0124447706673644
125,the,thations,0.0106650472997876
125,the,theabilities,0.0106650472997876
125,the,theliness,-0.0398949964502993
125,biggest,biggests,0.2233674230960816
125,biggest,biggestness,0.2319315839236193
125,biggest,biggesting,0.2319315839236193
125,biggest,biggestly,0.2375719445388503
125,waterfall,waterfallics,0.3711589514249098
125,waterfall,waterfalling,0.3044830689851945
125,waterfall,waterfallers,0.3281835030153275
125,waterfall,waterfaller,0.3217603134105636
125,waterfall,waterfalled,0.3258785557568786
125,waterfall,waterfalls,0.5289798896573321
125,in,inly,0.0163047434858378
125,in,inity,0.0020359271742729
125,in,inism,0.0100238143382732
125,in,inlys,0.0141764692646394
125,in,initied,0.0135871006134462
125,in,inities,0.0154311612997614
125,in,initys,0.01326451981661
125,in,inisms,0.0135871006134462
125,in,inlied,0.01326451981661
125,in,inlies,0.0077804406249078
125,in,inness,0.0149714053981178
125,the,thal,0.0119772187904339
125,the,thes,0.0192049791281048
125,the,ther,0.0247369549758272
125,the,thor,-0.0055959658474466
125,the,thelyness,-0.001189860737843
125,the,theorities,0.0106650472997876
125,the,theability,0.013925065937298
125,the,theality,0.0070651309045323
125,the,theively,0.0127038616104752
125,the,theiving,0.0152812869287161
125,the,theivity,0.0106650472997876
125,the,theizing,0.0134255534736812
125,the,thements,-0.0025025192280153
125,the,theority,0.0137008957261695
125,the,therness,0.0106650472997876
125,the,thals,0.0126387582399109
125,the,theor,0.0163296045740059
125,the,thers,0.0164957446885049
125,the,theal,0.0145277637019188
125,the,thely,0.004771054076817
125,the,thize,0.0117746865601733
125,the,thity,-0.0200038655610479
125,the,thive,0.0122844108246536
125,the,thion,0.0131535160185031
125,the,thors,0.0124256166865504
125,the,thization,0.0106650472997876
125,the,thable,0.013628501278678
125,the,thably,0.0106650472997876
125,the,thally,0.0130584812981683
125,the,thance,0.0120916310271489
125,the,theors,0.0118476856782647
125,the,thelys,-0.0066048314571596
125,the,theals,0.0128625930463939
125,the,theeer,0.0112696968869064
125,the,theize,0.0120916310271489
125,the,theive,0.0106975512621486
125,the,theity,0.010924411340388
125,the,thible,-0.0136298376320514
125,the,thizer,0.0106650472997876
125,the,thized,0.010924411340388
125,the,thions,0.0106650472997876
125,the,thives,0.0132503931165852
125,the,thived,0.010924411340388
125,the,theallies,0.0111162178480763
125,the,theallied,0.0106650472997876
125,the,thables,0.0128625930463939
125,the,thallys,0.0098438898119746
125,the,thality,0.0112696968869064
125,the,thances,0.0112696968869064
125,the,thation,-0.0130766475631285
125,the,theably,0.0106650472997876
125,the,theally,0.010924411340388
125,the,theives,0.0182037569251807
125,the,theived,0.0120365014293021
125,the,thelied,0.0106650472997876
125,the,thelies,-0.0043178909789835
125,the,theness,0.0116072468886096
125,the,thement,0.0113982803253864
125,the,thities,0.010924411340388
125,the,thively,0.0106650472997876
125,the,thiving,0.0129787676622973
125,the,thizing,0.0106650472997876
125,the,thizers,0.010924411340388
125,the,thority,0.0133492380996209
125,the,thorness,0.0125163710941164
125,the,thorities,0.0124447706673644
125,the,thations,0.0106650472997876
125,the,theabilities,0.0106650472997876
125,the,theliness,-0.0398949964502993
125,world,worlders,0.1256279326059175
125,world,worlding,0.1194125831874438
125,world,worldism,0.1107753934181061
125,world,worldity,0.0950298992375878
125,world,worldive,0.0523197192814223
125,world,worldance,0.0431497053928261
125,world,worldings,0.108204942361005
125,world,worldisms,0.099050011904477
125,world,worldized,0.099050011904477
125,world,worldness,0.0897227285315131
125,world,worlds,0.2148542840274239
125,world,worldization,0.108204942361005
125,world,worlderness,0.0950298992375878
125,world,worldes,0.0716673125731631
125,world,worlder,0.1161656563564579
125,world,worlded,0.0823975423275335
125,world,worldal,0.0891366217154344
125,world,worldor,0.0892049717353579
125,world,worldation,0.0973409380873271
125,world,worldizing,0.0973409380873271
126,canon,canonability,0.2347404854711325
126,canon,canones,0.2813053469615394
126,canon,canoned,0.2915235855694505
126,canon,canonal,0.3126606416157708
126,canon,canonor,0.2119248037342191
126,canon,canonly,0.2059783649504393
126,canon,canons,0.4001280995517829
126,canon,canoneers,0.3190682432945539
126,canon,canonlied,0.2347404854711325
126,canon,canonness,0.1957368199219979
126,canon,canonnal,0.2848545215072965
126,canon,canoning,0.271923237587418
126,canon,canonial,0.129413437869158
126,canon,canonism,0.1439894498959218
126,canon,canonity,0.2258891218031057
126,canon,canoneer,0.0973086533954302
126,canon,canoners,0.1831804441781411
126,canon,canonality,0.2347404854711325
126,canon,canonments,0.2347404854711325
126,driver,driverized,0.2465155578069855
126,driver,driverness,0.1750812001515754
126,driver,driverrally,0.2465155578069855
126,driver,drivering,0.2258165446862822
126,driver,driverive,0.2660300781416154
126,driver,driverers,0.2465155578069855
126,driver,driverred,-0.01567679348914
126,driver,drivers,0.556514389428082
126,driver,driveror,0.1750812001515754
126,driver,driveres,0.2900552696754434
126,driver,driverer,0.2109368609510507
126,driver,drivered,0.1861393612418413
126,driver,driverly,0.1978968818884888
127,is,isity,0.0304274360758364
127,is,isism,-0.0354975007948622
127,is,isness,0.035736832601157
127,it,itly,0.0471042697170535
127,it,itity,0.0306156869446415
127,it,itism,0.0015606812422205
127,it,itnessing,0.0229921243653269
127,it,itlies,0.0467338192282431
127,it,itness,0.0273801909432228
127,okay,okayly,0.1640849006601117
127,okay,okayer,0.2512227453098341
127,okay,okayed,0.1954492695209765
127,okay,okaily,0.1261951867137193
127,okay,okaies,0.1990512168289078
127,okay,okays,0.1716739329873169
127,okay,okaic,0.2452582915480639
127,okay,okayers,0.1966886536222364
127,okay,okaying,0.2227551015919087
127,okay,okayness,0.2295976262823913
127,to,toliness,0.0116070824187815
127,to,toly,-0.0213750787983258
127,to,toism,0.0099819054062197
127,to,tolys,0.0134025845943912
127,to,toness,0.0077761097792533
127,to,tolies,0.0122285290218217
127,drink,drinkally,0.2179283411848386
127,drink,drinkings,0.1598064205518808
127,drink,drinkking,0.145299490135369
127,drink,drinklied,0.1704246715024528
127,drink,drinklies,0.1704246715024528
127,drink,drinkibility,0.2179283411848386
127,drink,drinkities,0.1704246715024528
127,drink,drinks,0.4279573153766586
127,drink,drinkor,0.1181081391139215
127,drink,drinkes,0.1720833599568741
127,drink,drinked,0.1936430914870006
127,drink,drinkity,0.2179283411848386
127,drink,drinking,0.3730989901945716
127,drink,drinkker,0.1704246715024528
127,yogurt,yogurtness,0.3656699267856874
127,yogurt,yogurts,0.5090667755775466
127,yogurt,yogurtive,0.2895881119739139
127,yogurt,yogurting,0.2226601907972209
127,yogurt,yogurted,0.3419282319227713
127,after,afterism,0.0243426579640096
127,after,aftering,0.1014310638015391
127,after,afterers,0.0807863659439634
127,after,afterally,0.0807863659439634
127,after,afterable,0.0614474177335338
127,after,afterlies,0.0614474177335338
127,after,afterment,0.1089499804833859
127,after,afterness,0.0979606055581612
127,after,afterrally,0.0614474177335338
127,after,afterly,0.0764316803156818
127,after,afterer,0.1185099988525457
127,after,afteres,0.0386317359966204
127,after,aftered,0.0807687726982306
127,after,afteral,0.0950023444619203
127,eating,eat,0.4611843913374125
127,eating,eatal,0.1785545791506594
127,eating,eated,0.1711818362574945
127,eating,eator,0.0985660399511202
127,eating,eatly,0.0746047165669114
127,eating,eates,0.0519086285608122
127,eating,eatic,0.1321488264887457
127,eating,eatings,0.2221157755782218
127,eating,eations,0.1785545791506594
127,eating,eatives,0.1785545791506594
127,eating,eatible,0.1216858221980955
127,eating,eatness,0.1785545791506594
127,eating,eatment,0.1578618691718378
127,eating,eatters,0.1530336511380275
127,eating,eatting,0.2376430405053581
127,eating,eation,0.1244272427990513
127,eating,eatics,0.1785545791506594
127,eating,eative,0.1150622053713556
127,eating,eatism,0.1785545791506594
127,eating,eateer,0.1785545791506594
127,eating,eateds,0.1530336511380275
127,eating,eatter,0.1530023673565136
127,eating,eatted,0.2026465200558344
127,eating,eators,0.1785545791506594
127,eating,eatibles,0.049529578826029
127,eating,eativity,0.1452148240307985
127,eating,eatments,0.1530336511380275
127,persimmon,persimmoning,0.4341186806501821
127,persimmon,persimmones,0.3951150151010476
127,persimmon,persimmonation,0.4113029989132687
127,persimmon,persimmons,0.5824358310666663
128,nail,nailed,0.2908829436193923
128,nail,nailes,0.204738837680378
128,nail,nailer,0.3639241490046652
128,nail,nailly,0.1142454228576699
128,nail,nailor,0.0977653139178851
128,nail,nailation,0.2516772549333723
128,nail,nailability,0.2516772549333723
128,nail,nails,0.5279776714943589
128,nail,nailler,0.1717297704074156
128,nail,nailled,0.1611135480912462
128,nail,nailors,0.0272155475260936
128,nail,nailers,0.328333021262035
128,nail,naileer,0.302478698473505
128,nail,nailing,0.3293634168308723
128,nail,nailize,0.302478698473505
128,nail,nailable,0.2413653327058657
128,nail,nailings,0.2439419023771299
128,nail,naillers,0.2288615731964589
128,nail,nailling,0.1332325241515049
128,scratches,scratcher,0.191381742724784
128,scratches,scratched,0.4290841939827431
128,scratches,scratchor,0.3371019211618231
128,scratches,scratchable,0.3485380084682566
128,scratches,scratchings,0.15480291579516
128,scratches,scratchness,0.3702498299768167
128,scratches,scratchs,0.3161631183848923
128,scratches,scratchers,0.1398783954983052
128,scratches,scratching,0.3672548088749398
128,scratches,scratchism,0.2590945900635538
128,scratches,scratchity,0.275282573875775
128,scratches,scratch,0.3670030829409604
128,scratches,scratchables,0.2855418798688316
128,scratches,scratchability,0.3420598542735537
128,on,onness,0.0272201958565989
128,on,onism,0.0162563835181368
128,car,carments,0.0921806824846321
128,car,cars,0.4646563124793616
128,car,carrally,0.1534108228813899
128,car,carrible,0.160250382077346
128,car,carrings,0.105290259130971
128,car,carlyness,0.0759926986724109
128,car,carally,0.0921806824846321
128,car,carable,0.1149963642215455
128,car,careors,0.169335698310367
128,car,carible,0.1149963642215455
128,car,carical,0.1149963642215455
128,car,carisms,0.1365086872144298
128,car,carives,0.1149963642215455
128,car,carizer,0.1149963642215455
128,car,carlies,0.0819589802381169
128,car,carlied,0.1149963642215455
128,car,carment,0.0201117100798743
128,car,carness,0.041978993403842
128,car,carring,0.1067762278257492
128,car,carrors,0.0921806824846321
128,car,carrals,0.0531770169354975
128,car,carreds,0.1149963642215455
128,car,carrers,0.0398527461751531
128,car,caral,0.1004278968280171
128,car,caror,0.1530351257096857
128,car,carly,0.0706313288221866
128,car,carals,0.0759926986724109
128,car,carors,0.1149963642215455
128,car,carlys,0.02794581131901
128,car,carrer,0.088802429383596
128,car,carred,0.1122736017955241
128,car,carror,0.041978993403842
128,car,carral,0.0885641351021472
128,car,careor,0.0235221128189106
128,car,carity,0.0551229765986898
128,car,carism,0.0602238722493612
128,car,carive,0.0422692987844249
128,car,carize,0.0921806824846321
128,car,carial,0.1065976890913171
128,car,carivings,0.0759926986724109
128,car,carables,0.0759926986724109
128,car,carities,0.0303613351985841
128,car,caritied,0.160250382077346
128,car,cariving,0.0759926986724109
128,car,carizing,0.1149963642215455
128,paint,paintably,0.193258257194915
128,paint,paintable,0.2849832276462905
128,paint,paintence,0.193258257194915
128,paint,paintness,0.1773602763588025
128,paint,paintting,0.1573414692285344
128,paint,paintables,0.2704564381458281
128,paint,paintal,0.0449164661596485
128,paint,painted,0.3927144718124307
128,paint,paintes,0.2113622690221628
128,paint,paintly,0.1605152757777426
128,paint,paintor,0.1609532785037403
128,paint,painttable,0.2519129821506259
128,paint,painttings,0.0609454430003499
128,paint,paintors,0.0524831366762751
128,paint,paintism,0.2416886666656947
128,paint,painteer,0.193258257194915
128,paint,painteds,0.0831208879287975
128,paint,paintter,0.2416886666656947
128,paint,paintted,0.1536185814958862
128,paint,paintability,0.2324193737748563
129,how,hows,0.12297051301164
129,how,howally,0.0758793434123283
129,how,howings,0.0758793434123283
129,how,howizer,0.0111004235937378
129,how,howible,0.0758793434123283
129,how,howlies,0.0353110251504733
129,how,howness,0.0842935417867555
129,how,howly,0.0561182538957756
129,how,howic,-0.021674300519599
129,how,howed,0.0783967677161546
129,how,hower,0.0357545748654348
129,how,howes,0.0483463929501241
129,how,howal,0.05164283383252
129,how,howor,0.0339161053306512
129,how,howizers,0.0758793434123283
129,how,howwible,0.0593624266707029
129,how,howing,0.0719887076301484
129,how,howial,0.0339161053306512
129,how,howers,0.0602853940201787
129,how,howeer,0.070095923187744
129,how,howwor,0.0521376485494121
129,how,howliness,0.0339161053306512
129,to,toliness,0.0116070824187815
129,to,toly,-0.0213750787983258
129,to,toism,0.0099819054062197
129,to,tolys,0.0134025845943912
129,to,toness,0.0077761097792533
129,to,tolies,0.0122285290218217
129,select,selectability,0.1269167695294975
129,select,selectic,0.1422820714892619
129,select,selectly,0.0761000788291257
129,select,selectal,-0.0087231061592258
129,select,selected,0.1551072464059584
129,select,selecter,0.0318804840043538
129,select,selectes,0.109413467727959
129,select,selectibility,0.0880832319793244
129,select,selectabilities,0.065267550242411
129,select,selectables,0.1233406365738217
129,select,selectative,0.065267550242411
129,select,selecttable,0.1477456860551649
129,select,selecttables,0.1085032398704502
129,select,selectallied,0.065267550242411
129,select,selects,0.1465595916171152
129,select,selectted,0.138251448299781
129,select,selecting,0.2117897406060638
129,select,selectics,-0.0282428266419994
129,select,selectism,0.0489631355881502
129,select,selecteds,0.0703533395310107
129,select,selecteer,0.0049284166840783
129,select,selecteor,0.1322449347333664
129,select,selecters,0.028879301267029
129,select,selectable,0.1378223511415924
129,select,selectably,0.0866454215856836
129,select,selectance,0.065267550242411
129,select,selectally,0.0509481807307221
129,select,selectible,0.1018221465314547
129,select,selectings,0.1085032398704502
129,select,selectness,0.0938872825020627
129,select,selectment,0.0475127381218645
129,select,selectting,0.1011947727893743
129,computer,computerliness,0.1528029128217131
129,computer,computerals,0.1078393735659467
129,computer,computering,0.1305578037454418
129,computer,computerism,0.0551996809826923
129,computer,computerers,0.112216217377737
129,computer,computerred,0.2001971261260521
129,computer,computerror,0.1078393735659467
129,computer,computers,0.3799971694524943
129,computer,computerable,0.1528029128217131
129,computer,computerally,0.0850236918290333
129,computer,computerisms,-0.0681081771630696
129,computer,computerness,0.0981342045061102
129,computer,computerring,0.199925659862632
129,computer,computeror,0.0976905561723086
129,computer,computerly,0.136671319402227
129,computer,computeric,0.1528029128217131
129,computer,computerer,0.1097749245249607
129,computer,computeres,0.1760991403109786
129,computer,computered,0.1330807621419262
129,computer,computeral,0.1528029128217131
129,computer,computerrized,0.1078393735659467
129,monitors,monitored,0.2623635608483858
129,monitors,monitoral,0.2275272176775906
129,monitors,monitorer,0.1860834775848291
129,monitors,monitores,0.2390264042540786
129,monitors,monitorly,0.250342899414504
129,monitors,monitoror,0.2605034904296024
129,monitors,monitorations,0.250342899414504
129,monitors,monitorizing,0.1723355683162347
129,monitors,monitor,0.4196063234124744
129,monitors,monitorability,0.2726875387778625
129,monitors,monitorred,0.159779192572378
129,monitors,monitorral,0.250342899414504
129,monitors,monitoring,0.322256734060771
129,monitors,monitorism,0.3010901858735785
129,monitors,monitority,0.250342899414504
129,monitors,monitorize,0.1889100274498613
129,monitors,monitorial,0.2449714616690892
129,monitors,monitorers,0.1987828581215126
129,monitors,monitorization,0.1187807122737652
129,monitors,monitorable,0.1895197722798234
129,monitors,monitorings,0.1656876013936224
129,monitors,monitorizes,0.2474374928875496
129,monitors,monitorized,0.1150017092347581
129,monitors,monitorring,0.1458407627443873
130,red,reds,0.3189073112905332
130,red,redally,0.08567801236949
130,red,redance,-0.020428927552613
130,red,redable,0.1170350809101037
130,red,redders,0.0726283561986782
130,red,redding,0.174599837119772
130,red,redence,0.0891553997637757
130,red,redency,0.1352306608545427
130,red,redible,0.0578413518739881
130,red,redical,0.1001412621180568
130,red,redings,0.0911271280162732
130,red,redions,0.153483790070668
130,red,redials,0.0602047369320338
130,red,redizer,0.08567801236949
130,red,redlies,0.0694900285572688
130,red,redment,0.1084936941064034
130,red,redness,0.1789935284375651
130,red,redically,0.1063969654406943
130,red,redal,0.0821456742469219
130,red,reded,0.1910671178503906
130,red,redes,0.0945427514792143
130,red,reder,0.069615780866018
130,red,redic,0.0718473439251946
130,red,redly,0.1393446434716924
130,red,redics,0.0694900285572688
130,red,redial,0.0749381821408762
130,red,redion,0.1170350809101037
130,red,reding,0.1054168922323751
130,red,redism,0.1352306608545427
130,red,redity,0.08567801236949
130,red,redive,0.1460328475012985
130,red,redize,0.1084936941064034
130,red,rededs,-0.0085173025410004
130,red,redeer,0.1040543179988907
130,red,reders,0.0326444865492454
130,red,reddal,0.0741543395263737
130,red,redded,0.121920478921139
130,red,redder,0.2035785146840486
130,red,reddor,0.1399617178881993
130,red,redliness,0.1128970946266919
130,red,redlyness,0.1084936941064034
130,red,redanced,0.153483790070668
130,red,redances,0.1084936941064034
130,red,redation,0.0466743468203554
130,red,reddings,0.0677282986073723
130,red,redially,0.0891553997637757
130,red,redicals,0.0891553997637757
130,red,redability,0.0723103991827159
130,red,redations,0.1084936941064034
130,red,redibility,0.0395425308459688
130,coral,coralations,0.3278979254142937
130,coral,corallys,0.1791469636402394
130,coral,coralled,0.1738604125048307
130,coral,coralize,0.2000566286098503
130,coral,corality,0.1651682972366805
130,coral,coralion,0.2343386130015952
130,coral,coraling,0.1864179468932189
130,coral,coralation,0.2032629474742787
130,coral,coralizing,0.267591337781171
130,coral,corals,0.5586938438989466
130,coral,coraled,0.1704950791375317
130,coral,corales,0.2511190801739782
130,coral,corally,0.1364886427056057
130,coral,coralic,0.0914695507271879
130,coral,coralization,0.1311931633043212
130,coral,coralized,0.2997411722267772
130,coral,coralizes,0.3081780332251471
130,coral,coralling,0.1481410240728587
130,picture,picturally,0.1544988529560374
130,picture,picturably,0.1221321529729386
130,picture,picturable,0.1696905087223178
130,picture,pictureing,0.172731982083723
130,picture,pictureize,0.17718208491829
130,picture,picturical,0.1221321529729386
130,picture,picturings,0.1660944936061755
130,picture,picturizer,0.1411151024944031
130,picture,picturizes,0.1140230959275156
130,picture,picturized,0.0920112156179948
130,picture,picturability,0.1439340940506283
130,picture,pictureizing,0.1221321529729386
130,picture,picturables,0.1676757889135445
130,picture,picturality,0.1221321529729386
130,picture,picturation,0.0889904279827013
130,picture,pictureized,0.1221321529729386
130,picture,picturelies,0.1221321529729386
130,picture,pictureness,0.1188466903534142
130,picture,picturizing,0.1481011146466464
130,picture,picturizers,0.1221321529729386
130,picture,picturor,0.1676757889135445
130,picture,pictural,0.0581248922088777
130,picture,picturer,0.1099617691161184
130,picture,pictured,0.1818536585209589
130,picture,picturic,0.1221321529729386
130,picture,picturization,0.1183192319920256
130,picture,pictureability,0.1676757889135445
130,picture,picturing,0.1751657851022229
130,picture,picturize,0.0515466575668185
130,picture,picturees,0.0870141734584259
130,picture,pictureds,0.1794648910625541
130,picture,pictureed,0.0705721116799473
130,picture,picturers,0.1520077574511524
130,picture,pictureor,0.1270890934695684
130,picture,picturely,0.1324654274295059
130,picture,pictureal,0.1439340940506283
130,picture,picturals,0.083128487423804
130,picture,picturizations,0.1608049602437682
131,disney,disneys,0.397411210619655
131,disney,disneyism,0.313198481740688
131,disney,disneyisms,0.2675647233553025
131,disney,disneylies,0.3156727726578642
131,disney,disneyness,0.2245798901595277
132,translation,translateabled,0.2165126913092882
132,translation,translatability,0.2904592529100619
132,translation,translatables,0.2690824446966739
132,translation,translatation,0.2628644328396168
132,translation,translateable,0.272418453905922
132,translation,translateible,0.2165126913092882
132,translation,translativity,0.2253002259712139
132,translation,translability,0.2723530442876537
132,translation,translatableness,0.2165126913092882
132,translation,translatibility,0.26588692141519
132,translation,translating,0.4305810227126924
132,translation,translative,0.1902984187594199
132,translation,translateds,0.2421452265522737
132,translation,translateed,0.1649526500162968
132,translation,translatees,0.2421452265522737
132,translation,translateor,0.2421452265522737
132,translation,translaters,0.2516703959027248
132,translation,translatably,0.2165126913092882
132,translation,translatable,0.2864729887098966
132,translation,translateion,0.26588692141519
132,translation,translateing,0.2064602473010412
132,translation,translatized,0.26588692141519
132,translation,translatible,0.26588692141519
132,translation,translatives,0.1936970095723748
132,translation,translations,0.5294758938119833
132,translation,translatings,0.1649526500162968
132,translation,translable,0.2550983889444712
132,translation,translatic,0.1936970095723748
132,translation,translated,0.472592275171628
132,translation,translates,0.2963758617341297
132,translation,translater,0.2902694517587794
132,translation,translatations,0.2122342284291611
132,translation,translate,0.4000000570082249
132,software,softwareions,0.1269262134409335
132,software,softwareical,0.1269262134409335
132,software,softwarelied,0.0829719603133306
132,software,softwared,0.1527146294484671
132,software,softwarer,0.1613533368741349
132,software,softwares,0.2580202662015969
132,software,softwarization,0.1322956569793136
132,software,softwarion,0.0863395179969574
132,software,softwaring,0.1133033737735953
132,software,softwarers,0.1300129410147356
132,software,softwarely,0.0829719603133306
132,software,softwareic,0.1564052914720115
132,software,softwareor,0.1381394619857545
132,software,softwareal,0.1322956569793136
132,software,softwarees,0.1186769199032219
132,software,softwareer,0.1186769199032219
132,software,softwareors,0.1269262134409335
132,software,softwareing,0.1381394619857545
132,software,softwareism,0.0829719603133306
132,software,softwareion,0.1269262134409335
133,dictionary,dictionaried,0.2413386903794655
133,dictionary,dictionaries,0.507919554511752
133,dictionary,dictionaryor,0.2264192900653373
133,dictionary,dictionarys,0.2634788363442334
133,dictionary,dictionaric,0.2627733988704023
134,southwest,southwests,0.2962401477318547
134,southwest,southwestal,0.290802278393426
134,southwest,southwested,0.290802278393426
134,southwest,southwestly,0.2470549118061043
134,southwest,southwesting,0.2176405762999943
134,airline,airlining,0.2509727372511655
134,airline,airlineal,0.2537402562893268
134,airline,airlineed,0.312033637649228
134,airline,airlineds,0.3046254302371943
134,airline,airlinees,0.2640387347932182
134,airline,airlineer,0.3046254302371943
134,airline,airlined,0.2567387393072877
134,airline,airlines,0.6203746874906554
135,yahoo,yahooization,0.1672448715354226
135,yahoo,yahooed,0.0762911829802659
135,yahoo,yahooer,0.2168746521499309
135,yahoo,yahooes,0.189200424262639
135,yahoo,yahooor,0.1672448715354226
135,yahoo,yahooness,0.1444291897985092
135,yahoo,yahoor,0.1444291897985092
135,yahoo,yahoos,0.2310738761892055
135,yahoo,yahooers,0.2140456826816527
135,yahoo,yahooism,0.0797672262788988
135,yahoo,yahooize,0.2146194836449738
135,yahoo,yahooing,0.1796008572632461
135,chat,chatables,0.1507242721523266
135,chat,chatation,0.0411223477473175
135,chat,chatities,0.1058418075020258
135,chat,chattable,0.0452556640335118
135,chat,chattings,0.0562003573915355
135,chat,chats,0.1742140560392306
135,chat,chatability,0.1592695102899483
135,chat,chating,0.1568032434436396
135,chat,chation,0.1058418075020258
135,chat,chatity,0.0327431888594054
135,chat,chatial,0.0542817662090344
135,chat,chators,0.1507242721523266
135,chat,chatals,0.1269825772894103
135,chat,chaters,0.0939963050899223
135,chat,chattal,0.0440224602159778
135,chat,chatted,0.1228483865713463
135,chat,chatly,0.1269825772894103
135,chat,chatic,0.1269825772894103
135,chat,chates,0.0639420074022828
135,chat,chater,0.010636104147903
135,chat,chator,-0.0400510431406346
135,chat,chated,0.1108297525885214
135,chat,chatal,0.0326594608697
135,chat,chatations,-0.0036553249556258
135,chat,chatable,0.1434817236289799
135,chat,chatible,0.0353483405935087
135,chat,chatisms,0.1507242721523266
135,chat,chatings,0.1507242721523266
135,chat,chatized,0.1058418075020258
135,chat,chatlies,0.1101375767083505
135,chat,chatness,0.1572758226194677
135,chat,chatting,0.2105789128021185
135,chat,chatteds,0.1507242721523266
137,cheap,cheapes,0.2504550367624157
137,cheap,cheaper,0.3761989897940334
137,cheap,cheaped,0.2107331910221878
137,cheap,cheapic,0.1664508215787816
137,cheap,cheaply,0.286274935399698
137,cheap,cheapor,0.22973798689751
137,cheap,cheaps,0.2497404038722417
137,cheap,cheapable,0.1856701045824207
137,cheap,cheapness,0.2477492401353137
137,cheap,cheapive,0.198106982195319
137,cheap,cheapism,0.2137125817066679
137,cheap,cheapity,0.2093385596672853
137,cheap,cheaping,0.1861831443693593
137,cheap,cheapper,0.1792182878216079
137,cheap,cheapers,0.111930738032745
137,cheap,cheapeer,0.2065742843637955
137,cheap,cheapabled,0.198106982195319
137,flights,flightly,0.0583900477103041
137,flights,flighted,-0.00755023590444
137,flights,flightes,0.1820287422824002
137,flights,flighter,0.024852594787266
137,flights,flightal,0.2335887835753915
137,flights,flightor,0.2107731018384781
137,flights,flighters,0.1893149931802037
137,flights,flightism,0.1820287422824002
137,flights,flighting,0.1922931000065085
137,flights,flightted,0.2335887835753915
137,flights,flight,0.494449144066542
137,flights,flightable,0.1012759693808264
137,flights,flightings,0.1327657707402089
137,flights,flightness,0.0193863821611695
139,song,songs,0.549087968349541
139,song,songals,0.1631027641523126
139,song,songers,0.2016000411739154
139,song,songism,0.2103092618110093
139,song,songity,0.2154237876434538
139,song,songing,0.1797793660422942
139,song,songes,0.1533331275353217
139,song,songer,0.1048207465213169
139,song,songic,0.1631027641523126
139,song,songal,0.063292437976213
139,song,songed,0.1308939978292189
139,song,songor,0.1291358709230571
139,song,songly,0.2055873765063455
139,song,songliness,0.124099098603178
139,song,songiving,0.2306199833900289
139,song,songions,0.1402870824153992
139,song,songings,0.2103092618110093
139,song,songness,0.2015960407972168
139,lyrics,lyricsally,0.2722288339243739
139,lyrics,lyricsness,0.2722288339243739
139,lyrics,lyricssing,0.1836035804348874
139,lyrics,lyricsers,0.2722288339243739
139,lyrics,lyricsism,0.222607245984022
139,lyrics,lyricsing,0.222607245984022
139,lyrics,lyricsal,0.1997915642471086
139,lyrics,lyricsed,0.2788491862162936
139,lyrics,lyricses,0.222607245984022
140,shinjuku,shinjukus,0.4396694558468317
141,grips,grip,0.4820547625606725
141,grips,gripables,0.2376517971187306
141,grips,grippability,0.1845065694551516
141,grips,grippable,0.2087719088136863
141,grips,gripability,0.2333516017884626
141,grips,grippal,0.2405015468070855
141,grips,gripped,0.2319311039968977
141,grips,gripper,0.3344675154688628
141,grips,gripable,0.2428539349208325
141,grips,grippers,0.2970842102455565
141,grips,grippors,0.2853295822903342
141,grips,gripor,0.3081452640272476
141,grips,gripal,0.198648131569596
141,for,fors,0.0211971462128509
141,for,foriveness,0.0188461154148374
141,for,foror,0.0197958819386804
141,for,forly,-0.0364663565608962
141,for,foral,0.0145738423450617
141,for,fority,0.0179133813795565
141,for,forive,0.020054296001782
141,for,forism,0.0171863364251326
141,for,foreer,0.0204250990048059
141,for,foreor,0.0171863364251326
141,for,forals,0.0139645943887653
141,for,forror,0.0003496368146387854
141,for,forral,0.0181607072770789
141,for,forred,0.0182574062883287
141,for,forrer,0.0096923990367927
141,for,forably,0.0171863364251326
141,for,forable,0.0183679148187146
141,for,forally,0.0176042921578212
141,for,forible,-0.0065553584377835
141,for,forlies,0.0171863364251326
141,for,forlied,0.0171863364251326
141,for,forness,0.0201883788583631
141,for,forment,-0.0480898354163957
141,for,forrers,0.0179133813795565
141,for,formentity,0.0171863364251326
141,for,formenting,0.0209843735987642
141,for,forments,0.0185468311323617
141,for,forrally,0.0176042921578212
141,for,forrible,0.0183679148187146
141,pistol,pistoleer,0.3570204111809687
141,pistol,pistoleds,0.2744251416304401
141,pistol,pistolion,0.303169501186518
141,pistol,pistoling,0.3376286603228876
141,pistol,pistolers,0.1717570325174796
141,pistol,pistoller,0.303169501186518
141,pistol,pistolled,0.2986291488180175
141,pistol,pistolize,0.3890389845673463
141,pistol,pistolly,0.3798025397059697
141,pistol,pistoled,0.3617090281707891
141,pistol,pistoles,0.1174185234198644
141,pistol,pistoler,0.2668704555028965
141,pistol,pistoleers,0.3191602114720199
141,pistol,pistolized,0.3261498467199408
141,pistol,pistolling,0.2748874539551014
141,pistol,pistols,0.5992818180515155
142,angelina,angelinas,0.3588107012730698
143,jobs,job,0.3661389127610807
143,jobs,jobabilities,0.0665025907160287
143,jobs,jobly,0.0503146069038075
143,jobs,jobor,0.0466774281373403
143,jobs,jobal,-0.0051206534401413
143,jobs,jobed,0.0402462266203469
143,jobs,jobes,0.016413642374141
143,jobs,jober,0.0298289895278114
143,jobs,jobic,-0.0571361038560673
143,jobs,jobiality,0.0893182724529421
143,jobs,jobable,0.1061390236069594
143,jobs,jobence,0.0893182724529421
143,jobs,jobisms,0.1097884065556316
143,jobs,jobings,0.1335301014185478
143,jobs,jobness,0.0007364727073418271
143,jobs,jobability,0.1279540224965814
143,jobs,jobers,-0.0833222776713809
143,jobs,jobbal,0.0665025907160287
143,jobs,jobbed,0.1078663999254294
143,jobs,jobals,0.0893182724529421
143,jobs,jobing,0.2718045588269465
143,jobs,jobism,0.1195227740685937
143,jobs,jobive,0.0893182724529421
143,jobs,jobity,0.0120562509170838
143,jobs,jobial,0.0893182724529421
143,jobs,jobics,0.0503146069038075
143,jobs,jobation,0.0731250679309366
143,jobs,jobbable,0.1335301014185478
143,with,withability,0.0309903718843037
143,with,withs,0.0349847475639615
143,with,withable,-0.0226245957169238
143,with,withized,0.0309903718843037
143,with,withical,-0.0092220317650495
143,with,withment,0.0309903718843037
143,with,withlies,0.0334436135689016
143,with,withness,0.0335331470121057
143,with,withnessed,0.0364673533541015
143,with,withlys,0.0309903718843037
143,with,withhed,0.0309903718843037
143,with,withher,0.0345917382822721
143,with,withial,0.032634978689976
143,with,withism,0.0309903718843037
143,with,withive,0.0327473557061078
143,with,withity,0.0309903718843037
143,with,withor,0.0180293664565218
143,with,withly,0.0317440289329494
143,with,withables,-0.0092220317650495
143,with,withively,0.0309903718843037
143,with,withnessing,0.0323013780788091
143,a,aity,0.0140882026111683
143,a,aism,0.0102013466021618
143,a,aitys,0.013453003298711
143,a,aness,0.00832204218688
143,a,aities,0.0126224242810318
143,a,anessed,0.012110121790973
143,finance,financeable,0.1959895447640507
143,finance,financement,0.118259535796207
143,finance,financy,0.1924534287078101
143,finance,financeability,0.1841301994630113
143,finance,financeially,0.1427912157020103
143,finance,financements,0.1395652117984267
143,finance,financability,0.091231174409019
143,finance,financable,0.1480803542700349
143,finance,financally,0.110415987957091
143,finance,financeers,0.1241786316845644
143,finance,financeals,0.1971760594015323
143,finance,financeial,0.1835573223254406
143,finance,financeing,0.1910382956708677
143,finance,financical,0.0850420270321643
143,finance,financings,0.264926568302585
143,finance,financals,0.1841760852455717
143,finance,financies,0.2143278494261219
143,finance,financied,0.0909282511795075
143,finance,financing,0.4012938437294906
143,finance,financity,0.189173334729759
143,finance,financeed,0.1037875501528757
143,finance,financeal,0.2257676067801865
143,finance,financeor,0.2337437869251866
143,finance,financers,0.2051442570020413
143,finance,financees,0.157010685384229
143,finance,financeer,0.2321572355986442
143,finance,financely,0.1199755339650969
143,finance,financor,0.1427912157020103
143,finance,financal,0.2055734531761772
143,finance,financed,0.2963436444350156
143,finance,financer,0.2174698742971698
143,finance,financically,0.189173334729759
143,degree,degreeor,0.2194017010858009
143,degree,degreeds,0.1178994381467504
143,degree,degreeed,-0.0209814970533741
143,degree,degreees,0.1959046725358907
143,degree,degreeer,0.1694594794397418
143,degree,degreeism,0.1806256385159218
143,degree,degreeive,0.2169239751658334
143,degree,degreeing,0.1616579460891272
143,degree,degreation,0.1763372797218574
143,degree,degreeness,0.2084035141320771
143,degree,degrees,0.4652746898508262
143,degree,degreer,0.1919465843912871
143,degree,degreed,0.2575810542504376
145,free,freality,0.0427139699597634
145,free,freances,0.0409803510698033
145,free,freative,0.0490413706083011
145,free,freeally,-0.0158096821987652
145,free,freeably,0.0647220459327195
145,free,freeable,0.0672531441944844
145,free,freeance,0.0567942422485636
145,free,freeizer,0.0647220459327195
145,free,freeizes,0.0647220459327195
145,free,freeings,0.0703858958506245
145,free,freeisms,0.0356576201466667
145,free,freeness,0.0772310658646848
145,free,freement,0.0393104600764157
145,free,freities,0.0231939833503693
145,free,freizing,0.0356576201466667
145,free,freic,0.0231939833503693
145,free,freer,0.0636854954551946
145,free,frees,0.0770312847071701
145,free,freed,0.0749197798873519
145,free,freal,0.0337121374482189
145,free,freor,0.0662960259514836
145,free,freeality,0.0778985950266461
145,free,freeation,0.0662960259514836
145,free,freeizing,0.0662960259514836
145,free,freencies,0.0231939833503693
145,free,freeativity,0.0231939833503693
145,free,freeal,0.077578357645108
145,free,freeds,-0.0255227146605881
145,free,freeed,0.074096102074072
145,free,freeer,0.0489228121831675
145,free,freees,0.0437977925644709
145,free,freers,-0.00271596902519
145,free,freeor,0.0670720803388146
145,free,freals,0.0298376990661339
145,free,freity,0.019606477146722
145,free,freing,-0.036915086610393
145,free,freion,0.0003783016134559746
145,free,freize,0.0429488060495376
145,free,freenessed,0.0647220459327195
145,free,freance,0.0199250999593444
145,free,freally,0.0356140313944935
145,free,freeing,0.0861942120010265
145,free,freeion,0.0647220459327195
145,free,freeize,0.0538412883637995
145,free,freeeer,0.0674600254398912
145,free,freeers,0.0231939833503693
145,free,freizer,0.0298376990661339
145,free,freizes,0.0216863167238069
145,free,freicly,0.0647220459327195
145,free,freings,0.0647220459327195
145,e,ely,0.0755772888108649
145,e,eism,0.0925372497376476
145,e,eity,0.0485385077997543
145,e,elys,0.0852355221602321
145,e,eisms,0.0332758286370594
145,e,elied,0.0896539005665025
145,e,elies,0.012300193011958
145,e,eness,0.0507870859566141
145,e,eities,0.0216867547019531
145,e,eliness,0.0908917311555001
145,mails,mail,0.2784173413227224
145,mails,mailables,0.1966836471840228
145,mails,maillings,0.1804956633718016
145,mails,mailability,0.2329921049007482
145,mails,mailors,0.0634846667243977
145,mails,mailive,0.2585029944700708
145,mails,mailism,0.2813186762069842
145,mails,mailing,0.2075284412704052
145,mails,mailion,0.2813186762069842
145,mails,mailler,0.1196791481795134
145,mails,mailled,0.1776870215623838
145,mails,maillys,0.2813186762069842
145,mails,mailers,0.2489377755408206
145,mails,mailabilities,0.2813186762069842
145,mails,mailable,0.1641340777514219
145,mails,mailings,0.3006297905370533
145,mails,mailical,0.356239479355586
145,mails,maillers,0.1127476382665889
145,mails,mailleds,0.2491978978397727
145,mails,maillors,0.2813186762069842
145,mails,mailling,0.1976989344412729
145,mails,mailly,0.0728447899788703
145,mails,mailor,0.0781054220146159
145,mails,mailic,0.2585029944700708
145,mails,mailed,0.2973398028633109
145,mails,mailer,0.2015147542561793
145,mails,mailes,0.2042123037922373
145,mails,mailal,0.2813186762069842
145,greetting,greet,0.1677700765803025
145,greetting,greeters,0.3400950509692594
145,greetting,greetter,0.79242529651047
145,greetting,greetations,0.79242529651047
145,greetting,greetal,0.79242529651047
145,greetting,greeted,0.1980527340216327
145,greetting,greetes,0.7696096147735566
145,greetting,greeter,0.3486935403622518
145,greetting,greetor,0.79242529651047
145,greetting,greetly,0.6720029284549608
145,greetting,greets,0.255270633779505
145,greetting,greettings,0.665744218048284
145,greetting,greetable,0.79242529651047
145,greetting,greetment,0.79242529651047
145,cards,cardsed,0.1860094361386953
145,cards,cardses,0.1397507207534238
145,cards,cardsic,0.2370340897362458
145,cards,cardsor,0.1802595792401205
145,cards,cardsized,0.1323567431526664
145,cards,cardssize,0.1860094361386953
145,cards,cardssally,0.2530271634110794
145,cards,cardsors,0.1397507207534238
145,cards,cardsize,0.0752452802925217
146,peanut,peanutters,0.3158689374425092
146,peanut,peanutted,0.2645452255000064
146,peanut,peanutter,0.2922381046281521
146,peanut,peanutly,0.2645452255000064
146,peanut,peanuter,0.183027932627535
146,peanut,peanutes,0.2820425796259023
147,deaths,death,0.3991286644877506
147,deaths,deathor,0.233987614679081
147,deaths,deathic,0.1198382757878554
147,deaths,deathed,0.1543379065701981
147,deaths,deather,0.1832998713975145
147,deaths,deathes,0.3003910014854289
147,deaths,deathal,0.3183487304468751
147,deaths,deathency,0.220661288623038
147,deaths,deathical,0.2081049128791813
147,deaths,deathness,0.1339319559358872
147,deaths,deathhal,0.2596649541721726
147,deaths,deathers,0.1475522541703229
147,deaths,deathing,0.1970271881774205
147,deaths,deathism,0.2568884552166689
147,cleveland,clevelands,0.3439579816076081
147,cleveland,clevelandism,0.2511484557658792
147,ohio,ohioness,0.2307940161899237
147,ohio,ohios,0.2683174586028564
148,dining,dine,0.3887606236090675
148,dining,dinance,-0.0266961080380296
148,dining,dinancy,0.1822680585121898
148,dining,dineing,0.1389623330365241
148,dining,dinings,0.2180257709424345
148,dining,dinions,0.0727709260545382
148,dining,dinic,0.0922747616276757
148,dining,dines,0.2147957290002464
148,dining,dined,0.2785763591892662
148,dining,dinances,0.1117745916036728
148,dining,dination,0.0212108847615468
148,dining,dinition,0.1594523767752764
148,dining,dinations,-0.117806133684743
148,dining,dinics,0.1432643929630552
148,dining,dinion,0.026411099301151
148,dining,dineed,0.1594523767752764
148,dining,dineds,0.1042607274139206
148,dining,dinees,0.0863412102178939
148,dining,dineal,0.1432643929630552
148,dining,dinely,0.1640500515590492
148,dining,dinitions,0.1822680585121898
148,room,roomances,0.1515902290865244
148,room,roomation,0.1552767626035595
148,room,roomes,0.0895667715326285
148,room,roomed,0.1972514949458574
148,room,roomal,0.0882158538645185
148,room,roomor,0.1452940119988911
148,room,roomly,0.0979375361004955
148,room,roomallied,0.1885804867696649
148,room,roomeer,0.1066739889415822
148,room,roomals,0.1515902290865244
148,room,roommer,0.0838583072046688
148,room,roomors,0.0234911686303346
148,room,rooming,0.184958717231097
148,room,roomity,0.1066739889415822
148,room,roomism,0.0872618387796321
148,room,roomance,-0.0252684070061971
148,room,roomized,0.1515902290865244
148,room,roomions,0.1515902290865244
148,room,roomings,0.1552767626035595
148,room,roomming,0.0964483810954795
148,room,roomness,0.1552767626035595
148,chairs,chair,0.4941946577243146
148,chairs,chairities,0.0809753657089437
148,chairs,chairal,0.2294761637157299
148,chairs,chaired,0.2585107803761084
148,chairs,chaires,0.1745938051658836
148,chairs,chairly,0.2556348434651722
148,chairs,chairor,0.2294761637157299
148,chairs,chairable,0.056835613591407
148,chairs,chairence,0.3655332070832365
148,chairs,chairings,0.2556348434651722
148,chairs,chairitys,0.2066604819788166
148,chairs,chairlies,0.1904724981665954
148,chairs,chairness,0.2264494098439419
148,chairs,chairment,0.1904724981665954
148,chairs,chairion,0.2294761637157299
148,chairs,chairism,0.2066604819788166
148,chairs,chairity,0.1307000779544156
148,chairs,chairing,0.2409787651330348
149,flemish,flemishs,0.4542483043880368
149,flemish,flemishing,0.2281862711457866
149,painter,painterliness,0.3142475870883802
149,painter,painterlyness,0.2349972594691869
149,painter,painterly,0.3729844523643963
149,painter,painteric,0.2865573007621783
149,painter,painteres,0.2475536352130437
149,painter,paintered,0.3054393628063322
149,painter,painterror,0.2019222717392169
149,painter,paintering,0.3189517388486673
149,painter,painterize,0.2865573007621783
149,painter,painterized,0.2865573007621783
149,painter,painterlies,0.2637416190252649
149,painter,painters,0.4817555562711937
150,white,whiteism,0.1479504484030248
150,white,whiteing,0.1237007512850899
150,white,whitelys,0.0086608083752227
150,white,whiters,0.121751185138024
150,white,whiteds,0.1013589331689155
150,white,whiteal,-0.0002143756416591422
150,white,whitees,0.134331711326933
150,white,whiteed,0.097405563239178
150,white,whitely,0.1326011497888605
150,white,whitics,0.1419456286128915
150,white,whiter,0.2081291538444034
150,white,whited,0.1286598589237355
150,white,whiteliness,0.1531822454034104
150,white,whitelies,-0.0009208941153492766
150,white,whiteness,0.2200974220560832
150,white,whiticism,0.001478714944882
150,chocolate,chocolateeer,0.1727823571158637
150,chocolate,chocolateers,0.2409104701261399
150,chocolate,chocolatized,0.2289397390995512
150,chocolate,chocolations,0.2293896695010158
150,chocolate,chocolatelyness,0.2441234123291098
150,chocolate,chocolation,0.1955980388527771
150,chocolate,chocolateor,0.2408319893937479
150,chocolate,chocolaters,0.1727823571158637
150,chocolate,chocolately,0.3109848972626199
150,chocolate,chocolating,0.2203817174661936
150,chocolate,chocolatees,0.1727823571158637
150,chocolate,chocolateer,0.2367541920365402
150,chocolate,chocolatic,0.2609346455239625
150,chocolate,chocolator,0.068916960390591
150,chocolate,chocolatal,0.1955980388527771
150,chocolate,chocolated,0.2642113084040766
150,chocolate,chocolater,0.250383264442932
150,chocolate,chocolates,0.4636337532055342
150,chocolate,chocolateness,0.2713370503576185
150,macadamia,macadamias,0.6585349755244949
150,nut,nuttor,0.2341068408449536
150,nut,nuttal,0.1036687926025729
150,nut,nutter,0.1859219687293473
150,nut,nutted,0.222522494136411
150,nut,nuters,0.2502948246571749
150,nut,nutics,0.2731105063940882
150,nut,nutial,0.2502948246571749
150,nut,nutive,0.1884754773711268
150,nut,nution,0.195103175295819
150,nut,nuting,0.1465122052520399
150,nut,nutability,0.2731105063940882
150,nut,nutal,0.1677834587921137
150,nut,nuted,0.260453464476739
150,nut,nutes,0.1664862426281539
150,nut,nuter,0.1926179863349382
150,nut,nutic,0.2731105063940882
150,nut,nutly,0.0866199512576663
150,nut,nutable,0.2502948246571749
150,nut,nutings,0.2731105063940882
150,nut,nutions,0.2731105063940882
150,nut,nutical,0.2112911591080402
150,nut,nutness,0.2341068408449536
150,nut,nuttals,0.2215504651010968
150,nut,nutting,0.1237454658145485
150,nut,nutters,0.2675698788878767
150,nut,nutations,0.1153643108137442
150,nut,nutterness,0.1825467995519622
150,nut,nutation,0.1694013395823418
150,nut,nuticals,0.2731105063940882
150,nut,nutments,0.2731105063940882
150,nut,nuttings,0.1524979167049797
150,cookies,cookieness,0.1683227815276594
150,cookies,cookieing,0.2277662289379699
150,cookies,cookie,0.3691089788688045
150,cookies,cookied,0.2368709878454918
150,cookies,cookier,0.1802808811954852
150,cookies,cookiing,0.0990142744869455
150,cookies,cookieor,0.2392036732115074
150,cookies,cookiers,0.2130185039725402
150,cookies,cookiees,0.2446780088864944
150,cookies,cookiely,0.1518665220451719
150,cookies,cookieds,0.2637745350413902
151,prednisone,prednisones,0.5355587125319763
152,movie,movial,0.0621161331542584
152,movie,movier,0.2078077896665527
152,movie,movied,0.1740720007485166
152,movie,moviation,0.1568362897964719
152,movie,movieable,0.0980843796712076
152,movie,movieings,0.0362650323851596
152,movie,moviement,0.0465243383782162
152,movie,movieness,0.1852065364400886
152,movie,moviing,0.1207457703152031
152,movie,moviely,0.1370880452203423
152,movie,movieor,0.1142723634834288
152,movie,moviers,0.141498247975283
152,movie,movieal,0.1370880452203423
152,movie,movieds,0.1909903589355387
152,movie,movieed,0.1936273184766205
152,movie,movieer,0.1370880452203423
152,movie,moviees,0.0573467396441394
152,movie,moviations,0.1832386914046864
152,movie,moviable,0.1370880452203423
152,movie,movieing,0.1552545328422399
152,movie,movieize,0.1142723634834288
152,trailer,trailerables,0.3006953571181643
152,trailer,trailering,0.4291315863325028
152,trailer,trailerred,0.2221605695602611
152,trailer,trailers,0.5542124856518497
152,trailer,trailerable,0.2775313186060615
152,trailer,trailerized,0.2373802992116142
152,trailer,trailerability,0.2769139367107592
152,trailer,trailered,0.3067436217558253
152,trailer,traileres,0.2696419047037309
152,trailer,traileror,0.2221605695602611
153,wakeboard,wakeboardings,0.4939511633319147
153,wakeboard,wakeboards,0.7608007077561235
153,wakeboard,wakeboarding,0.6487312682437074
153,towers,towerable,0.318631254958342
153,towers,towerence,0.2673283913492717
153,towers,towerness,0.2445127096123583
153,towers,towerment,0.2673283913492717
153,towers,tower,0.4764074593386148
153,towers,towerred,0.2157683500562803
153,towers,towereds,0.2673283913492717
153,towers,towerism,0.2385688623890087
153,towers,toweral,0.420866434948877
153,towers,toweres,0.3004686213034167
153,towers,towerer,0.2673283913492717
153,towers,towered,0.2729957634253049
153,towers,toweror,0.2673283913492717
154,the,thal,0.0119772187904339
154,the,thes,0.0192049791281048
154,the,ther,0.0247369549758272
154,the,thor,-0.0055959658474466
154,the,thelyness,-0.001189860737843
154,the,theorities,0.0106650472997876
154,the,theability,0.013925065937298
154,the,theality,0.0070651309045323
154,the,theively,0.0127038616104752
154,the,theiving,0.0152812869287161
154,the,theivity,0.0106650472997876
154,the,theizing,0.0134255534736812
154,the,thements,-0.0025025192280153
154,the,theority,0.0137008957261695
154,the,therness,0.0106650472997876
154,the,thals,0.0126387582399109
154,the,theor,0.0163296045740059
154,the,thers,0.0164957446885049
154,the,theal,0.0145277637019188
154,the,thely,0.004771054076817
154,the,thize,0.0117746865601733
154,the,thity,-0.0200038655610479
154,the,thive,0.0122844108246536
154,the,thion,0.0131535160185031
154,the,thors,0.0124256166865504
154,the,thization,0.0106650472997876
154,the,thable,0.013628501278678
154,the,thably,0.0106650472997876
154,the,thally,0.0130584812981683
154,the,thance,0.0120916310271489
154,the,theors,0.0118476856782647
154,the,thelys,-0.0066048314571596
154,the,theals,0.0128625930463939
154,the,theeer,0.0112696968869064
154,the,theize,0.0120916310271489
154,the,theive,0.0106975512621486
154,the,theity,0.010924411340388
154,the,thible,-0.0136298376320514
154,the,thizer,0.0106650472997876
154,the,thized,0.010924411340388
154,the,thions,0.0106650472997876
154,the,thives,0.0132503931165852
154,the,thived,0.010924411340388
154,the,theallies,0.0111162178480763
154,the,theallied,0.0106650472997876
154,the,thables,0.0128625930463939
154,the,thallys,0.0098438898119746
154,the,thality,0.0112696968869064
154,the,thances,0.0112696968869064
154,the,thation,-0.0130766475631285
154,the,theably,0.0106650472997876
154,the,theally,0.010924411340388
154,the,theives,0.0182037569251807
154,the,theived,0.0120365014293021
154,the,thelied,0.0106650472997876
154,the,thelies,-0.0043178909789835
154,the,theness,0.0116072468886096
154,the,thement,0.0113982803253864
154,the,thities,0.010924411340388
154,the,thively,0.0106650472997876
154,the,thiving,0.0129787676622973
154,the,thizing,0.0106650472997876
154,the,thizers,0.010924411340388
154,the,thority,0.0133492380996209
154,the,thorness,0.0125163710941164
154,the,thorities,0.0124447706673644
154,the,thations,0.0106650472997876
154,the,theabilities,0.0106650472997876
154,the,theliness,-0.0398949964502993
154,friedman,friedmanism,0.3641229451784183
154,friedman,friedmanisms,0.4376777785250504
154,friedman,friedmans,0.4050416643864185
154,test,testibility,0.1503355344295126
154,test,tests,0.4422967638397913
154,test,testeer,0.0689632365380762
154,test,testeds,0.1123489218602541
154,test,testive,0.1841514093333375
154,test,testion,0.1609403438326318
154,test,testing,0.4109882446146992
154,test,testity,0.1033227483864233
154,test,testial,0.1307825838241242
154,test,testors,0.0975280387236435
154,test,testtor,0.1754129943794855
154,test,testted,0.1754129943794855
154,test,testter,0.1637192848911469
154,test,testtal,0.1529356173042302
154,test,testically,0.1307825838241242
154,test,testly,0.1307825838241242
154,test,testor,0.1548650941003272
154,test,tested,0.3455908967753194
154,test,testes,0.1912955755995744
154,test,testal,0.0717622264162781
154,test,testabilities,0.1529356173042302
154,test,testicalities,0.1307825838241242
154,test,testables,0.1109741532969822
154,test,testicals,0.0667315765933315
154,test,testities,0.1766773121671463
154,test,testitied,0.1529356173042302
154,test,testments,0.122987348371836
154,test,testtable,0.1841373699520161
154,test,testably,0.1418477480736493
154,test,testable,0.2485695629985943
154,test,testible,0.1515465851920839
154,test,testical,0.1130773553968738
154,test,testings,0.1942557862798586
154,test,testions,0.1360906167231703
154,test,testment,0.0019987988441741
154,test,testting,0.1954962003414052
154,test,testability,0.2415902339740784
154,test,testtables,0.1705326722572458
155,blue,blueally,0.0899231977893443
155,blue,blueings,0.0954649048698326
155,blue,blueness,0.1878781857269706
155,blue,bluelies,0.0667205453137546
155,blue,bluor,0.1636679001962649
155,blue,bluer,0.2156199229661869
155,blue,blued,0.1545180274575562
155,blue,bluelyness,0.1636679001962649
155,blue,bluize,0.110015207210236
155,blue,bluely,0.1511793315908161
155,blue,blueor,0.143866000658817
155,blue,blueed,0.1636679001962649
155,blue,blueal,0.0049011980277066
155,blue,blueic,0.1676481514523792
155,blue,blueer,0.1636679001962649
155,blue,bluees,0.0672460437794017
155,blue,bluion,0.0667205453137546
155,blue,bluing,0.1641589769361048
155,blue,bluers,0.1241620177291232
155,blue,blueation,0.1182805866067459
155,blue,bluance,0.0903133364155418
155,blue,bluence,-0.0488658082812765
155,blue,blueing,0.1579985392838037
155,blue,blueion,0.0112694247195642
155,blue,blueism,0.0954649048698326
155,blue,bluings,0.1399262053333487
155,note,noteed,0.097807711476906
155,note,notees,0.0982564416648731
155,note,noteic,0.0851336046691693
155,note,notely,0.0445003679905298
155,note,noters,0.1082320514565599
155,note,notics,0.0705761030948775
155,note,noting,0.2201559110304868
155,note,noter,0.0779312456826283
155,note,notes,0.1435068919521732
155,note,notic,0.1138260282974776
155,note,noteability,0.0629335436377809
155,note,noteables,0.0791093258932124
155,note,noteation,0.0851336046691693
155,note,notements,0.1079492864060827
155,note,notitions,0.0851336046691693
155,note,notative,0.1291755917979009
155,note,noteable,0.0561542008057121
155,note,noteably,0.1116802713177032
155,note,notement,0.0242605060470325
155,note,noteness,0.0885888963539248
155,note,noterity,0.0071262735709001
155,note,notition,0.1252321786174001
155,note,noteing,0.1519110159115939
155,note,noteive,0.1079492864060827
155,note,notings,0.0829242472936677
156,yosemite,yosemites,0.4333944956628824
156,national,nationals,0.2501713555051376
156,national,nationalers,0.0991232388252167
156,national,nationaller,0.0991232388252167
156,national,nationalality,0.0373038915391687
156,national,nationallied,0.0601195732760821
156,national,nationalness,0.1518818914678757
156,national,nationaler,0.1526753128567637
156,national,nationales,0.1911350961655661
156,national,nationalal,0.1466733515918609
156,national,nationalor,0.1999260991658508
156,national,nationally,0.2928890932383308
156,national,nationalic,0.0991232388252167
156,national,nationalalitys,0.1437330189748124
156,national,nationalalities,0.1199913241118962
156,park,parkal,0.0343007863070068
156,park,parkly,0.079653936589836
156,park,parked,0.2282933799544264
156,park,parkes,0.1814615226718944
156,park,parkor,0.1388476714595177
156,park,parkality,0.1738933250198409
156,park,parkkings,0.1750355571800552
156,park,parks,0.4058855805162041
156,park,parkable,0.1304005730959142
156,park,parkally,0.1333066295758648
156,park,parkized,0.1333066295758648
156,park,parkking,0.2144362409414106
156,park,parkness,0.1408643830735779
156,park,parkization,0.105291500643492
156,park,parkors,0.1501516301569247
156,park,parkion,0.1281071823804054
156,park,parkism,0.1281071823804054
156,park,parkker,0.120240632033812
156,park,parkked,0.0891035168312708
156,park,parkeer,0.1245624696100106
156,park,parkeds,0.1766105721751764
156,park,parkallied,0.1837521211620817
156,park,parkability,0.147483843301605
157,walker,walkers,0.3573679435283121
157,walker,walkered,0.2112925399935693
157,walker,walkerer,0.195104556181348
157,walker,walkeric,0.2841965962707647
157,walker,walkeral,0.2305439032847359
157,walker,walkerly,0.0587541902312197
157,walker,walkerism,0.2783614450942628
157,walker,walkering,0.2826004157344677
157,walker,walkerally,0.1494731927075213
157,walker,walkerings,0.2604549014078485
157,baskets,baskettings,0.2266289079687668
157,baskets,basketable,0.2494445897056802
157,baskets,basketeers,0.3722983978471942
157,baskets,basketting,0.2195066470343672
157,baskets,basket,0.5052374698355973
157,baskets,basketed,0.2419391513681751
157,baskets,basketer,0.2880916095175617
157,baskets,basketes,0.2705494285576222
157,baskets,basketal,0.1876252424196322
157,baskets,basketor,0.1978845484126888
157,baskets,basketeer,0.2932591439697355
157,baskets,basketers,0.2494445897056802
157,baskets,basketing,0.2299434494848945
157,baskets,basketize,0.2494445897056802
157,baskets,basketted,0.2569306914815305
157,baskets,basketter,0.0455014942845148
158,pictures,pictureses,0.1158715302683623
158,pictures,picturesor,0.1695242232543912
158,pictures,picturesize,0.1200140698807254
158,of,ofly,0.0141188352622848
158,of,oflies,-0.0100989621179341
158,of,ofness,0.0128048502295481
158,of,ofities,0.0115266674921468
158,of,ofism,0.0115266674921468
158,of,ofity,0.0115266674921468
158,smiles,smilers,0.1810983920687924
158,smiles,smileor,0.2463526891220086
158,smiles,smilely,0.1415698633253632
158,smiles,smileal,0.3766206117937613
158,smiles,smileed,0.2969380261311842
158,smiles,smilees,0.2302026851976873
158,smiles,smileer,0.269168370858922
158,smiles,smiling,0.3689657961027788
158,smiles,smilied,0.1498319192576982
158,smiles,smilies,0.0364355105906445
158,smiles,smileable,0.269168370858922
158,smiles,smileizer,0.2463526891220086
158,smiles,smileness,0.0952341914663568
158,smiles,smiliness,0.2395063301061482
158,smiles,smile,0.4120730100096538
158,smiles,smily,0.1491125431034076
158,smiles,smilyness,0.2463526891220086
158,smiles,smilable,0.269168370858922
158,smiles,smileism,0.1521573742115181
158,smiles,smileing,0.2114456082068079
158,smiles,smilence,0.1396009984676613
158,smiles,smilings,0.172975168828564
158,smiles,smiler,0.1762647222290566
158,smiles,smiled,0.4443638810099023
158,smiles,smilic,0.3107593731163408
158,smiles,smilor,0.0978518911152223
158,smiles,smilys,0.1595618572896631
158,smiles,smileability,0.3206797209941003
158,smiles,smilization,0.1317365387832196
158,and,ands,0.0154787367917124
158,and,andly,0.0138931940660043
158,and,andor,-0.0096158708722343
158,and,andic,0.000819870504383536
158,and,anded,0.016384409674639
158,and,ander,0.0170864230444695
158,and,andal,0.0146356862138069
158,and,andallied,0.0125285203577056
158,and,andallies,0.0123123450569733
158,and,andanced,0.0125285203577056
158,and,andative,0.0130819340650135
158,and,andities,0.0120200291175837
158,and,andizing,0.0123123450569733
158,and,andments,0.0120200291175837
158,and,andeor,0.0090064063273944
158,and,andeer,0.01111241924944
158,and,anders,0.0177069915348252
158,and,andded,0.0123123450569733
158,and,andder,0.0127014987293732
158,and,anddal,-0.0274524616271439
158,and,andive,0.0040890364989151
158,and,andity,0.0120033987573633
158,and,andion,-0.0032189532596071
158,and,anding,0.0134549529279276
158,and,andics,0.0129715516288793
158,and,andial,0.0097114644053403
158,and,andize,-0.0084810948709672
158,and,andals,0.0077915913420472
158,and,andors,0.0060062152803484
158,and,andable,0.013180869409051
158,and,andance,-0.0055953567036019
158,and,andally,0.0120200291175837
158,and,andding,0.0123123450569733
158,and,andders,0.0120200291175837
158,and,andeers,-0.1054597927254131
158,and,andible,0.0135657248943408
158,and,andical,0.0120200291175837
158,and,andized,0.0125285203577056
158,and,andings,0.0129715516288793
158,and,andisms,0.0120200291175837
158,and,andives,-0.0049423102862091
158,and,andment,0.0120200291175837
158,and,andlies,0.0143496483462063
158,and,andness,0.013180869409051
158,and,anderness,0.0120200291175837
158,and,andability,0.013428926045153
158,and,andabilities,0.013180869409051
158,teeth,teethal,0.2578103313241482
158,teeth,teeths,0.2889709608663875
158,teeth,teethable,0.113939241247673
158,teeth,teethness,0.2815520261870644
158,teeth,teethability,0.2315667995738482
159,boat,boatable,0.2901430845548631
159,boat,boatings,0.2082206160089639
159,boat,boations,0.2469393744592049
159,boat,boatment,0.2231976795962887
159,boat,boatness,0.1754884864008375
159,boat,boatting,0.2469393744592049
159,boat,boating,0.4593967120776907
159,boat,boation,0.2469393744592049
159,boat,boatability,0.2807875324570742
159,boat,boats,0.5651557902545719
159,boat,boated,0.3443856954260385
159,boat,boates,0.1688116668937678
159,boat,boator,0.2529447105953483
159,boat,boatly,0.1364848208517029
159,boat,boatic,0.1983041681377509
159,repair,repairabilities,0.2209367849048919
159,repair,repairs,0.4716170641441741
159,repair,repairables,0.1561950995076759
159,repair,repairation,0.1961291506742462
159,repair,repairative,0.1501497475659314
159,repair,repairments,0.1746699018399949
159,repair,repairic,0.1733157748898257
159,repair,repaired,0.3953277335109638
159,repair,repairer,0.3299070079919214
159,repair,repaires,0.1727923170913241
159,repair,repairal,0.2462053565433943
159,repair,repairor,0.2475257088879705
159,repair,repairallies,0.2209367849048919
159,repair,repairallied,0.2209367849048919
159,repair,repairations,0.1383614916790202
159,repair,repairred,0.1971950900419757
159,repair,repairism,0.2468333242888259
159,repair,repairing,0.4276052858275998
159,repair,repairers,0.3406659222054736
159,repair,repairability,0.2182760578984307
159,repair,repairably,0.2209367849048919
159,repair,repairable,0.2914014973523196
159,repair,repairings,0.1464676397721996
159,repair,repairment,0.2463404196027679
159,repair,repairring,0.237762570499388
160,car,carments,0.0921806824846321
160,car,cars,0.4646563124793616
160,car,carrally,0.1534108228813899
160,car,carrible,0.160250382077346
160,car,carrings,0.105290259130971
160,car,carlyness,0.0759926986724109
160,car,carally,0.0921806824846321
160,car,carable,0.1149963642215455
160,car,careors,0.169335698310367
160,car,carible,0.1149963642215455
160,car,carical,0.1149963642215455
160,car,carisms,0.1365086872144298
160,car,carives,0.1149963642215455
160,car,carizer,0.1149963642215455
160,car,carlies,0.0819589802381169
160,car,carlied,0.1149963642215455
160,car,carment,0.0201117100798743
160,car,carness,0.041978993403842
160,car,carring,0.1067762278257492
160,car,carrors,0.0921806824846321
160,car,carrals,0.0531770169354975
160,car,carreds,0.1149963642215455
160,car,carrers,0.0398527461751531
160,car,caral,0.1004278968280171
160,car,caror,0.1530351257096857
160,car,carly,0.0706313288221866
160,car,carals,0.0759926986724109
160,car,carors,0.1149963642215455
160,car,carlys,0.02794581131901
160,car,carrer,0.088802429383596
160,car,carred,0.1122736017955241
160,car,carror,0.041978993403842
160,car,carral,0.0885641351021472
160,car,careor,0.0235221128189106
160,car,carity,0.0551229765986898
160,car,carism,0.0602238722493612
160,car,carive,0.0422692987844249
160,car,carize,0.0921806824846321
160,car,carial,0.1065976890913171
160,car,carivings,0.0759926986724109
160,car,carables,0.0759926986724109
160,car,carities,0.0303613351985841
160,car,caritied,0.160250382077346
160,car,cariving,0.0759926986724109
160,car,carizing,0.1149963642215455
161,old,olds,0.2138869286997637
161,old,oldder,0.0769396887718184
161,old,olders,0.1099749657724202
161,old,oldeer,0.1131115941143732
161,old,oldity,0.1299775057946376
161,old,oldism,0.1218572930950614
161,old,olding,0.0721082027063413
161,old,oldor,0.1335241956518722
161,old,oldal,0.0376985422649114
161,old,olded,0.1244893291549481
161,old,older,0.2625146330058937
161,old,oldes,0.0879545646630125
161,old,oldly,0.1220792767717269
161,old,oldation,0.0154107741720611
161,old,oldable,0.1062358109317214
161,old,oldance,0.007896909982309
161,old,oldings,0.0795536318353732
161,old,oldizer,0.0469005755314436
161,old,oldness,0.1376149628580856
161,old,oldment,0.1292668614370781
161,old,olderness,0.1268255271041057
161,english,englishic,0.13803330647144
161,english,englishly,0.1250401779555113
161,english,englished,0.1642563452842608
161,english,englishes,0.19032061047514
161,english,englisher,0.1158104105892017
161,english,englishor,0.13803330647144
161,english,englishization,0.0581006003967515
161,english,englishs,0.1321024703568114
161,english,englishize,0.0755128523996788
161,english,englishism,0.1408039471713058
161,english,englishing,0.1506927441910927
161,english,englishers,0.0727103690948337
161,english,englishable,0.1107517424224576
161,english,englishency,0.13803330647144
161,english,englishized,0.1475232389670493
161,english,englishizes,0.0820622735694602
161,english,englishings,0.1413901482272745
161,english,englishisms,0.0187000108929913
161,english,englishment,0.1533397070107481
161,english,englishness,0.1712404350852959
161,english,englishation,0.13803330647144
161,english,englishments,0.0936458360020521
161,english,englishability,0.1345780858746571
161,fonts,font,0.47493312411961
161,fonts,fontables,0.258654983744402
161,fonts,fonttable,0.2974103462634463
161,fonts,fonttables,0.3172722102427449
161,fonts,fontallies,0.258654983744402
161,fonts,fontal,0.2127921033841124
161,fonts,fonter,0.2183958662825195
161,fonts,fontes,0.3517958614158945
161,fonts,fonted,0.2558437559986043
161,fonts,fontor,0.1806476526461327
161,fonts,fontly,0.3792201889013913
161,fonts,fontable,0.2363850664579556
161,fonts,fontally,0.258654983744402
161,fonts,fontance,0.258654983744402
161,fonts,fontions,0.258654983744402
161,fonts,fontized,0.2358393020074886
161,fonts,fontness,0.2196513181952673
161,fonts,fontive,0.258654983744402
161,fonts,fontize,0.3097396302386787
161,fonts,fontion,0.2099194281677616
161,fonts,fonting,0.3236865802423279
161,fonts,fontism,0.2513794132561324
161,fonts,fonters,0.1881615168358849
162,density,densities,0.5405206051140755
162,density,densitied,0.315273229223824
162,density,densitys,0.3040665189082137
164,liver,liverables,0.3212648655364334
164,liver,liveration,0.2286756208809651
164,liver,liveral,0.2250394646692196
164,liver,liveres,0.2875040023890451
164,liver,liverer,0.2697306926192279
164,liver,livered,0.2087721880605538
164,liver,liveror,0.2806781700924573
164,liver,liverly,0.1689076797840453
164,liver,liverity,0.2697306926192279
164,liver,livering,0.2567217184296546
164,liver,liverion,0.2697306926192279
164,liver,livereds,0.2079113453331799
164,liver,liverals,0.1917233615209587
164,liver,liverance,0.1384637530726377
164,liver,liverally,0.2697306926192279
164,liver,liverable,0.3212648655364334
164,liver,liverence,0.2079113453331799
164,liver,liverings,0.2697306926192279
164,liver,livers,0.4716299478935714
164,disease,diseasement,0.2063913638078068
164,disease,diseaseness,0.230133058670723
164,disease,diseaser,0.2556523254578227
164,disease,diseases,0.6003502294383115
164,disease,diseased,0.3811960714189891
164,disease,diseasic,0.1821533602693961
164,disease,diseasor,0.1821533602693961
164,disease,diseaseion,0.230133058670723
164,disease,diseaseing,0.230133058670723
164,disease,diseaseers,0.230133058670723
164,disease,diseasion,0.1821533602693961
164,disease,diseasing,0.233874980378006
164,disease,diseaseor,0.2043802884380558
164,disease,diseasers,0.230133058670723
164,disease,diseaseer,0.1593376785324827
164,disease,diseasees,0.2258126202781251
165,avril,avrils,0.4912941828435446
165,avril,avrilness,0.4663542222796346
165,avril,avrilly,0.3120983530351289
165,lavigne,lavigned,0.360976793540784
165,lavigne,lavignes,0.3852464485178549
165,lyrics,lyricsally,0.2722288339243739
165,lyrics,lyricsness,0.2722288339243739
165,lyrics,lyricssing,0.1836035804348874
165,lyrics,lyricsers,0.2722288339243739
165,lyrics,lyricsism,0.222607245984022
165,lyrics,lyricsing,0.222607245984022
165,lyrics,lyricsal,0.1997915642471086
165,lyrics,lyricsed,0.2788491862162936
165,lyrics,lyricses,0.222607245984022
166,carribean,carribeans,0.3976482183003165
166,cruises,cruiseed,0.2349090866075203
166,cruises,cruisees,0.4045420202643815
166,cruises,cruiseer,0.1959054210583857
166,cruises,cruisely,0.2577247683444338
166,cruises,cruision,0.2577247683444338
166,cruises,cruising,0.4888316162531294
166,cruises,cruise,0.5896937434494363
166,cruises,cruiseable,0.2577247683444338
166,cruises,cruiseability,0.2349090866075203
166,cruises,cruised,0.2827212445535766
166,cruises,cruisor,0.1730897393214723
166,cruises,cruisal,0.2577247683444338
166,cruises,cruisable,0.1797174372461645
166,cruises,cruiseism,0.2577247683444338
166,cruises,cruiseing,0.2828770553657252
166,cruises,cruiseers,0.3087716604695747
166,cruises,cruiseals,0.2349090866075203
166,cruises,cruisings,0.1739455765955937
166,cruises,cruisability,0.1769490156573294
167,tiki,tikis,0.5879220931408443
167,artist,artistals,0.1215001464222909
167,artist,artisteer,-0.0703718345101744
167,artist,artistism,0.167018131305507
167,artist,artistted,0.1215001464222909
167,artist,artistable,0.1930457312598633
167,artist,artistally,0.0490370480125859
167,artist,artistness,0.0777823566746595
167,artist,artistially,0.126431435861531
167,artist,artisttable,0.1538252017260536
167,artist,artists,0.6189688251273975
167,artist,artistor,0.1401184725089199
167,artist,artistly,0.0824964808731563
167,artist,artistal,0.126431435861531
168,hp,hply,0.1694434703071409
168,hp,hpism,0.2230961632931698
168,hp,hplies,0.2143945951547878
168,hp,hpness,0.2636828587371458
168,service,servicability,0.0498786063475556
168,service,servicement,0.0754590273176461
168,service,servicizing,0.0725905287063392
168,service,servicibility,0.0692085327135357
168,service,servicer,0.0980113156103155
168,service,services,0.1870784508092307
168,service,serviced,0.1124854200503283
168,service,servicor,0.066191785076871
168,service,servical,-0.0203546174546972
168,service,serviceal,0.0692085327135357
168,service,serviceer,0.0789799616322538
168,service,servicees,0.0822840414966604
168,service,serviceds,0.0707726167625052
168,service,serviceed,0.0794655846162197
168,service,serviceor,0.0681027318489604
168,service,servicers,0.0934528581277397
168,service,servicion,0.0507597079915737
168,service,servicing,0.1274484673471272
168,service,servicize,0.0557238897533036
168,service,servicably,-0.0244568773040003
168,service,servicable,0.0276577335536314
168,service,serviceion,0.0373624699820476
168,service,serviceing,0.0717877085940446
168,service,serviceive,0.0373624699820476
168,service,serviceics,0.0794655846162197
168,service,serviceeds,0.0794655846162197
168,service,serviceers,0.0828272697896274
168,service,servicible,0.0391620281262875
168,service,servicings,0.0598153868214774
168,service,servicized,0.0641434584532081
168,service,servicization,0.0789799616322538
168,service,serviceallied,0.0794655846162197
169,snow,snowers,0.1102243965915078
169,snow,snowity,0.2241656558162069
169,snow,snowing,0.3770055182661692
169,snow,snowlys,0.2241656558162069
169,snow,snowwed,0.2336486837859116
169,snow,snows,0.3460947452927863
169,snow,snowerness,0.2241656558162069
169,snow,snowical,0.1374150424508799
169,snow,snowisms,0.2241656558162069
169,snow,snowings,0.2241656558162069
169,snow,snowness,0.1194101966974631
169,snow,snowwing,0.1707887747677175
169,snow,snowly,0.1520476643945745
169,snow,snowal,0.2360445570064614
169,snow,snowes,0.1832786352696046
169,snow,snower,0.1653845927043356
169,snow,snowed,0.3625865870724175
169,snow,snowwings,0.1374150424508799
169,crab,crabs,0.5462288470965108
169,crab,crabable,0.3047225091316768
169,crab,crabbers,0.4229295755852444
169,crab,crabbing,0.4381432083124484
169,crab,crabment,0.3576768842487045
169,crab,crabness,0.3047225091316768
169,crab,crably,0.2531624678386854
169,crab,crabor,0.3047225091316768
169,crab,crabed,0.3576768842487045
169,crab,crabes,0.2774541639604907
169,crab,craber,0.2884465879152365
169,crab,crabal,0.2819068273947633
169,crab,crabation,0.3047225091316768
169,crab,crabbable,0.3576768842487045
169,crab,crabbings,0.3339351893857883
169,crab,crabing,0.2825114782195062
169,crab,crabber,0.4591500383261027
169,legs,leg,0.4520612694079626
169,legs,legization,0.2243586996423976
169,legs,legably,0.2243586996423976
169,legs,legable,0.1691362875480979
169,legs,legance,0.0983975449341438
169,legs,legancy,0.0467130393577459
169,legs,legence,0.0869268675666953
169,legs,legency,0.0822349515072803
169,legs,leggers,0.2238921712101726
169,legs,legging,0.2059201904026738
169,legs,legings,0.1039363315868885
169,legs,legized,0.2243586996423976
169,legs,legness,0.185355034093263
169,legs,leggibility,0.2243586996423976
169,legs,legly,0.1727986583494062
169,legs,legor,0.1099027809211569
169,legs,leged,0.199724922630624
169,legs,leges,0.1176467448158497
169,legs,legic,-0.0249651111995712
169,legs,leggality,0.1397236706194362
169,legs,leggally,0.0758579016356113
169,legs,leggized,0.2243586996423976
169,legs,legially,0.2243586996423976
169,legs,legments,0.2243586996423976
169,legs,legability,0.2243586996423976
169,legs,leging,0.1647416898582548
169,legs,legism,0.2015430179054843
169,legs,legity,0.1625393523563496
169,legs,legial,0.0666125040620537
169,legs,legics,0.2243586996423976
169,legs,leggal,0.0267626512156965
169,legs,legger,0.1287319612301307
169,legs,leggor,0.2243586996423976
169,legs,legeds,0.2431384955106692
169,legs,legeer,0.1463513685441284
170,maps,map,0.2438126678593935
170,maps,mapor,0.1332222189477197
170,maps,mapal,-0.0346260380851503
170,maps,maped,0.0554074922648774
170,maps,maper,0.0527199243548771
170,maps,mapes,0.1152129758806638
170,maps,mapic,-0.037354320716009
170,maps,mapority,0.1601607865152155
170,maps,mappable,0.1914979207857013
170,maps,mapable,0.0387703042181709
170,maps,mapally,0.1601607865152155
170,maps,mapings,0.1600928247587736
170,maps,mapness,0.1015785766455512
170,maps,mappers,0.2715099797456031
170,maps,mapabilities,0.137345104778302
170,maps,mapability,0.1081345004251946
170,maps,mappability,0.1118858471981988
170,maps,mappor,0.1601607865152155
170,maps,mapped,0.2414249407860089
170,maps,mapper,0.1848562400324193
170,maps,mappal,0.1835061841606361
170,maps,mapors,0.137345104778302
170,maps,mapize,0.2072478790235523
170,maps,mapism,0.2072478790235523
170,maps,maping,0.1459591999624726
170,maps,mapion,0.1738788229610764
170,maps,mapics,0.0603269034743627
170,maps,mapial,0.1601607865152155
170,maps,mapers,0.0983414392291675
170,maps,mapals,0.1835061841606361
170,of,ofly,0.0141188352622848
170,of,oflies,-0.0100989621179341
170,of,ofness,0.0128048502295481
170,of,ofities,0.0115266674921468
170,of,ofism,0.0115266674921468
170,of,ofity,0.0115266674921468
170,costa,costas,0.2173113657102426
170,costa,costaly,0.2038924735911851
170,rica,ricaness,0.2220027726562203
170,rica,ricas,0.2882904087640481
171,floor,flooror,0.1837383120585189
171,floor,flooral,0.1088238192812132
171,floor,floores,0.1346729507747963
171,floor,floorer,0.1335487892209203
171,floor,floored,0.2112692966626416
171,floor,floors,0.4357347401814272
171,floor,floorion,0.1603838605742046
171,floor,floorers,0.1352890148079914
171,floor,floorred,0.1818873220990305
171,floor,floorable,0.1263066160334829
171,floor,floorance,0.1603838605742046
171,floor,floorence,-0.0240223675784909
171,floor,floorness,0.1818873220990305
171,floor,floorring,0.1538273139354062
171,tile,tily,0.0515532593043953
171,tile,tilation,0.2376461542319096
171,tile,tileable,0.2304952719332746
171,tile,tileized,0.2673807486623448
171,tile,tilement,0.3265729402169786
171,tile,tilities,0.1994033316207325
171,tile,tilizers,0.2445650669254313
171,tile,tilizing,0.1893734175640755
171,tile,tilor,0.1641489404389368
171,tile,tilys,0.2673807486623448
171,tile,tiler,0.4613352625746096
171,tile,tiles,0.5812790095139154
171,tile,tilic,0.1827457196393833
171,tile,tilal,0.0466897603828206
171,tile,tiled,0.4134065138485016
171,tile,tileability,0.3153647574641369
171,tile,tileed,0.3265729402169786
171,tile,tileer,0.2673807486623448
171,tile,tileal,0.2950778502569456
171,tile,tilers,0.4475921309976107
171,tile,tileor,0.3265729402169786
171,tile,tilely,0.2445650669254313
171,tile,tiling,0.4542446187602953
171,tile,tilies,0.2673807486623448
171,tile,tilize,0.1620537010603702
171,tile,tility,0.1680567628070943
171,tile,tilion,0.0689510495085663
171,tile,tileables,0.2307494599500533
171,tile,tilable,0.2995790863997708
171,tile,tilence,0.2445650669254313
171,tile,tileion,0.2673807486623448
171,tile,tileing,0.3962868442426199
171,tile,tilized,0.1968872817538277
171,tile,tilizes,0.2445650669254313
171,tile,tilizer,0.2055614013762967
171,tile,tilitys,0.2673807486623448
171,tile,tilings,0.2639484824833628
171,tile,tilization,0.2543608082472643
171,tile,tiilitys,0.2445650669254313
172,american,americanallies,0.1017140326125577
172,american,america,0.3833618815298006
172,american,americaisms,0.1017140326125577
172,american,americaners,0.1327353255359016
172,american,americaness,0.1637362778438763
172,american,americanics,0.1017140326125577
172,american,americaning,0.1464289645205583
172,american,americanned,0.1226872696576421
172,american,americanity,0.1476855243251099
172,american,americans,0.4006292702452883
172,american,americanable,0.1499899808790841
172,american,americanancy,0.1526234458342429
172,american,americaneers,0.1499899808790841
172,american,americanness,0.193465637432464
172,american,americanal,0.1017140326125577
172,american,americaned,0.1193515750742673
172,american,americaner,0.1354823916076227
172,american,americanes,0.0478832002500951
172,american,americanic,0.0821005742136661
172,american,americanly,0.0576862907271165
172,american,americaism,0.1464289645205583
172,american,americas,0.234234599937231
172,american,americanicity,0.1499899808790841
172,american,americannable,0.1017140326125577
172,tourister,touristized,0.5320935602763888
172,tourister,touristicly,0.5320935602763888
172,tourister,touristical,0.298071566981581
172,tourister,touristness,0.5320935602763888
172,tourister,touristically,0.3119624810430021
172,tourister,touristly,0.5320935602763888
172,tourister,touristor,0.4702742129903408
172,tourister,touristes,0.2182262305758495
172,tourister,touristed,0.2366935583882552
172,tourister,touristic,0.1298687171663136
172,tourister,tourists,0.1433333926050578
172,tourister,tourist,0.1194128808504486
172,tourister,touristers,0.4803349157743046
172,tourister,touristted,0.5320935602763888
172,tourister,touristism,0.4312705474412062
172,tourister,touristing,0.2702133736905631
172,tourister,touristics,0.3694512001551581
172,luggage,luggageor,0.3003673814115844
172,luggage,luggaging,0.2523045647142903
172,luggage,luggageable,0.2523045647142903
172,luggage,luggager,0.3031314686854502
172,luggage,luggages,0.4128277269691771
172,luggage,luggaged,0.2516749628326222
173,lululemon,lululemons,0.5513112872509707
175,things,thingses,0.0852730314009687
175,things,thingser,0.1268654127121127
175,things,thingsor,0.0862787172681366
175,things,thingsly,0.1132391259774953
175,things,thingsion,0.1268654127121127
175,things,thingsing,0.1126960063255022
175,things,thingsers,0.0829135310358019
175,things,thingsness,0.1268654127121127
175,to,toliness,0.0116070824187815
175,to,toly,-0.0213750787983258
175,to,toism,0.0099819054062197
175,to,tolys,0.0134025845943912
175,to,toness,0.0077761097792533
175,to,tolies,0.0122285290218217
175,do,dor,0.0329542829157968
175,do,doal,0.0569837497312031
175,do,does,0.3150783083252808
175,do,dors,0.0113247154281369
175,do,doals,0.0530284600062523
175,do,doeor,0.072195987621221
175,do,doeer,0.0329464809661697
175,do,doize,0.0119854698801549
175,do,doism,0.0752501422258578
175,do,doive,-0.0114129963231653
175,do,doity,0.0586811920711372
175,do,doial,0.0075607321800054
175,do,doing,0.314820030031109
175,do,doingness,0.080628928581327
175,do,doables,0.0472760039111995
175,do,doessal,0.072195987621221
175,do,doesive,0.072195987621221
175,do,doesing,0.0762891034677559
175,do,doibles,0.0075607321800054
175,do,doingor,0.0752501422258578
175,do,doinged,0.072195987621221
175,do,doinger,0.0739517269572252
175,do,doinges,0.0735439520094377
175,do,doments,0.0752501422258578
175,do,doability,0.0653437977775258
175,do,dorness,0.072195987621221
175,do,domentity,-0.0083100266795439
175,do,doableness,0.072195987621221
175,do,doally,0.0739517269572252
175,do,doable,0.1360029456251739
175,do,doeser,0.0144818450047882
175,do,doeses,0.0726845988106974
175,do,doesed,0.0484542927583048
175,do,doesal,0.072195987621221
175,do,doeers,0.072195987621221
175,do,doible,0.0855376145956485
175,do,doizer,0.0257580312656021
175,do,doives,0.0082004254860418
175,do,doment,0.041096073086791
175,do,doness,0.0476340733606538
175,do,dority,0.0215923612012928
175,do,doessing,0.0317439526474581
175,do,doinging,0.0893393811012771
175,do,doingity,0.072195987621221
175,amp,amps,0.4345685699033876
175,amp,ampic,0.1430449193324605
175,amp,amped,0.164998374561292
175,amp,ampes,0.1289033572180161
175,amp,amper,0.1355352395618018
175,amp,ampal,0.0518618459866268
175,amp,ampor,0.0931160181854684
175,amp,ampicity,0.2627918991329144
175,amp,amppings,0.2135383862409776
175,amp,ampable,0.2765409485076497
175,amp,ampings,0.1907227045040641
175,amp,ampions,0.1816185082449622
175,amp,ampness,0.0898996916688815
175,amp,ampping,0.1745347206918429
175,amp,ampors,0.2135383862409776
175,amp,ampper,0.1289033572180161
175,amp,ampped,0.2091392061468855
175,amp,amppal,0.2135383862409776
175,amp,ampers,0.114427005642442
175,amp,ampeer,0.2091392061468855
175,amp,ampeds,0.1907227045040641
175,amp,ampity,0.2627918991329144
175,amp,amping,0.2508339378592906
175,amp,ampion,0.1157072025512763
175,amp,ampial,0.1517190389549295
175,amp,ampics,0.2135383862409776
175,amp,ampals,0.1907227045040641
175,see,sees,0.1967925569279762
175,see,seic,0.0353448340725681
175,see,seor,0.03289701095432
175,see,seeablely,0.0832398325070318
175,see,seivings,0.0060927283688147
175,see,seeal,-0.0122888406986507
175,see,seeic,-0.0105705329225643
175,see,seeed,0.0131894544368017
175,see,seeer,0.0588892326189151
175,see,seees,0.0590662017304843
175,see,seely,0.0551602368175623
175,see,seeor,0.0766781229769983
175,see,seics,-0.049574198471699
175,see,seion,0.0075765679943439
175,see,seity,-0.0443841690984421
175,see,seive,0.074757179923462
175,see,seors,0.0676674734190749
175,see,seancy,0.0409895083704269
175,see,seance,0.0637598912723584
175,see,seable,0.0588892326189151
175,see,seeals,0.0546257420841412
175,see,seeers,0.0635886961063514
175,see,seeeer,0.0409895083704269
175,see,seeeds,0.0008337900715637961
175,see,seeize,-0.0216752532438364
175,see,seeial,0.0098852687263088
175,see,seeive,0.085264147888958
175,see,seeism,0.0832398325070318
175,see,seeion,-0.0159108780527391
175,see,seence,0.0455855843238053
175,see,seeors,0.0832398325070318
175,see,seelys,0.0130520159192437
175,see,seible,0.0251693336822607
175,see,seical,0.0832398325070318
175,see,seions,0.0594981376441156
175,see,seives,0.0268201658836237
175,see,seived,0.0481380467233293
175,see,seeability,0.0425300432531509
175,see,seations,0.0409895083704269
175,see,seables,0.0594981376441156
175,see,seances,0.0843270204678754
175,see,seanced,0.0594981376441156
175,see,seation,0.0436904217240605
175,see,seeable,0.0627974041785923
175,see,seeably,0.0680094925457755
175,see,seeance,0.0766781229769983
175,see,seeions,0.085264147888958
175,see,seeible,0.0832398325070318
175,see,seement,0.0731424451086308
175,see,seelied,0.0832398325070318
175,see,seelies,0.0672911185017638
175,see,seibles,-0.0007012892679819085
175,see,seities,0.0409895083704269
175,see,seiving,0.0256791179652909
175,see,seeables,0.0526071130456557
175,see,seeallys,0.0181738266335135
175,see,seeableness,0.0409895083704269
175,in,inly,0.0163047434858378
175,in,inity,0.0020359271742729
175,in,inism,0.0100238143382732
175,in,inlys,0.0141764692646394
175,in,initied,0.0135871006134462
175,in,inities,0.0154311612997614
175,in,initys,0.01326451981661
175,in,inisms,0.0135871006134462
175,in,inlied,0.01326451981661
175,in,inlies,0.0077804406249078
175,in,inness,0.0149714053981178
175,croatia,croatianizing,0.2825811100593627
175,croatia,croat,0.3556198700321497
175,croatia,croats,0.4219301483578764
175,croatia,croatianness,0.2825811100593627
175,croatia,croatianism,0.2825811100593627
175,croatia,croations,0.2770718536887773
175,croatia,croatians,0.3849806786242929
175,croatia,croatisms,0.2825811100593627
175,croatia,croatization,0.2873209557667026
175,croatia,croatism,0.2825811100593627
175,croatia,croative,0.2306264498613386
175,croatia,croation,0.2021069345120559
175,croatia,croating,0.209740063666056
175,croatia,croatial,0.2894532200877751
175,croatia,croatian,0.3731858953588006
175,croatia,croatias,0.2705225292113211
175,croatia,croated,0.2419944146153866
175,croatia,croator,0.2182527197524704
175,croatia,croatic,0.2478794939228776
175,croatia,croates,0.2651229756903213
176,pogo,pogos,0.3765852324605627
176,pogo,pogoism,0.4269272843536731
176,pogo,pogoisms,0.3671765365229332
176,mah,mahs,0.3372244728394454
176,mah,mahly,0.3130853200754161
176,mah,mahness,0.2780581632259374
176,mah,mahlys,0.3008738449628507
176,jong,jongs,0.3094259482280964
176,jong,jonging,0.3345406928518231
176,jong,jongness,0.3345406928518231
177,snow,snowers,0.1102243965915078
177,snow,snowity,0.2241656558162069
177,snow,snowing,0.3770055182661692
177,snow,snowlys,0.2241656558162069
177,snow,snowwed,0.2336486837859116
177,snow,snows,0.3460947452927863
177,snow,snowerness,0.2241656558162069
177,snow,snowical,0.1374150424508799
177,snow,snowisms,0.2241656558162069
177,snow,snowings,0.2241656558162069
177,snow,snowness,0.1194101966974631
177,snow,snowwing,0.1707887747677175
177,snow,snowly,0.1520476643945745
177,snow,snowal,0.2360445570064614
177,snow,snowes,0.1832786352696046
177,snow,snower,0.1653845927043356
177,snow,snowed,0.3625865870724175
177,snow,snowwings,0.1374150424508799
177,white,whiteism,0.1479504484030248
177,white,whiteing,0.1237007512850899
177,white,whitelys,0.0086608083752227
177,white,whiters,0.121751185138024
177,white,whiteds,0.1013589331689155
177,white,whiteal,-0.0002143756416591422
177,white,whitees,0.134331711326933
177,white,whiteed,0.097405563239178
177,white,whitely,0.1326011497888605
177,white,whitics,0.1419456286128915
177,white,whiter,0.2081291538444034
177,white,whited,0.1286598589237355
177,white,whiteliness,0.1531822454034104
177,white,whitelies,-0.0009208941153492766
177,white,whiteness,0.2200974220560832
177,white,whiticism,0.001478714944882
177,costume,costumations,0.2505302482279536
177,costume,costumer,0.3147372757226545
177,costume,costumes,0.5970385589087637
177,costume,costumed,0.3578208533813503
177,costume,costumization,0.1011628039223552
177,costume,costumeor,0.3012851385562615
177,costume,costumeds,0.3383712822547753
177,costume,costumees,0.3354690843949578
177,costume,costumeer,0.2505302482279536
177,costume,costumers,0.3142891835649138
177,costume,costumors,0.2505302482279536
177,costume,costuming,0.4079974288444103
177,costume,costumize,0.1735903864825808
177,costume,costumeing,0.3554398220865148
177,costume,costumizes,0.2505302482279536
177,costume,costumizer,0.2965746007311425
177,costume,costumized,0.0817051099252237
177,costume,costumings,0.2775434436933452
177,costume,costumizations,0.149707235392771
177,costume,costumation,0.2277145664910403
177,costume,costumeness,0.3012851385562615
177,costume,costumizing,0.120962875836693
178,movies,movieseer,0.0769254054830201
178,movies,moviesize,0.1456642594866411
178,movies,moviesizes,0.188491598801217
178,movies,moviessize,0.1840164887782553
178,movies,moviesor,0.188491598801217
178,movies,moviesal,0.1840164887782553
178,movies,movieses,0.0988318400961528
178,for,fors,0.0211971462128509
178,for,foriveness,0.0188461154148374
178,for,foror,0.0197958819386804
178,for,forly,-0.0364663565608962
178,for,foral,0.0145738423450617
178,for,fority,0.0179133813795565
178,for,forive,0.020054296001782
178,for,forism,0.0171863364251326
178,for,foreer,0.0204250990048059
178,for,foreor,0.0171863364251326
178,for,forals,0.0139645943887653
178,for,forror,0.0003496368146387854
178,for,forral,0.0181607072770789
178,for,forred,0.0182574062883287
178,for,forrer,0.0096923990367927
178,for,forably,0.0171863364251326
178,for,forable,0.0183679148187146
178,for,forally,0.0176042921578212
178,for,forible,-0.0065553584377835
178,for,forlies,0.0171863364251326
178,for,forlied,0.0171863364251326
178,for,forness,0.0201883788583631
178,for,forment,-0.0480898354163957
178,for,forrers,0.0179133813795565
178,for,formentity,0.0171863364251326
178,for,formenting,0.0209843735987642
178,for,forments,0.0185468311323617
178,for,forrally,0.0176042921578212
178,for,forrible,0.0183679148187146
178,kids,kid,0.3481203703634282
178,kids,kidic,0.0989926452125044
178,kids,kidly,0.0967671727610343
178,kids,kidor,0.1407699386684554
178,kids,kidal,0.0077573469255378
178,kids,kides,0.1738405352520199
178,kids,kider,0.0182600251518975
178,kids,kided,0.0989926452125044
178,kids,kiddings,0.1588832849893209
178,kids,kidance,0.1218083269494179
178,kids,kidable,-0.0225223862016912
178,kids,kidding,0.187842640458054
178,kids,kidders,0.1264823413334406
178,kids,kidisms,0.2240662077850415
178,kids,kidical,0.1905946098581566
178,kids,kidings,0.0989926452125044
178,kids,kidlies,0.1407699386684554
178,kids,kidness,0.0651057891831807
178,kids,kidability,0.1267521244178542
178,kids,kidabilities,0.1673388198618302
178,kids,kidion,0.1218083269494179
178,kids,kidism,0.1407699386684554
178,kids,kiding,0.0439991248971674
178,kids,kiders,0.1218083269494179
178,kids,kiddor,0.1218083269494179
178,kids,kideds,0.1218083269494179
178,kids,kidder,0.0571569402581697
178,kids,kiddal,0.0338114709619781
178,kids,kidded,0.1428173331692784
178,kids,kidals,0.1218083269494179
179,alcohol,alcohollys,0.1914328946231704
179,alcohol,alcoholing,0.2499331805390589
179,alcohol,alcoholity,0.1914328946231704
179,alcohol,alcoholize,0.2451101419373927
179,alcohol,alcoholeor,0.1914328946231704
179,alcohol,alcoholly,0.2149822638452152
179,alcohol,alcoholed,0.1992025232151998
179,alcohol,alcoholes,0.1479355822260517
179,alcohol,alcoholer,0.1896773532191766
179,alcohol,alcoholized,0.1834501075850157
179,alcohol,alcoholizer,0.186136525673147
179,alcohol,alcohols,0.3302519958227345
179,alcohol,alcoholizing,0.2160475237962597
179,alcohol,alcoholization,0.2353483334326834
179,and,ands,0.0154787367917124
179,and,andly,0.0138931940660043
179,and,andor,-0.0096158708722343
179,and,andic,0.000819870504383536
179,and,anded,0.016384409674639
179,and,ander,0.0170864230444695
179,and,andal,0.0146356862138069
179,and,andallied,0.0125285203577056
179,and,andallies,0.0123123450569733
179,and,andanced,0.0125285203577056
179,and,andative,0.0130819340650135
179,and,andities,0.0120200291175837
179,and,andizing,0.0123123450569733
179,and,andments,0.0120200291175837
179,and,andeor,0.0090064063273944
179,and,andeer,0.01111241924944
179,and,anders,0.0177069915348252
179,and,andded,0.0123123450569733
179,and,andder,0.0127014987293732
179,and,anddal,-0.0274524616271439
179,and,andive,0.0040890364989151
179,and,andity,0.0120033987573633
179,and,andion,-0.0032189532596071
179,and,anding,0.0134549529279276
179,and,andics,0.0129715516288793
179,and,andial,0.0097114644053403
179,and,andize,-0.0084810948709672
179,and,andals,0.0077915913420472
179,and,andors,0.0060062152803484
179,and,andable,0.013180869409051
179,and,andance,-0.0055953567036019
179,and,andally,0.0120200291175837
179,and,andding,0.0123123450569733
179,and,andders,0.0120200291175837
179,and,andeers,-0.1054597927254131
179,and,andible,0.0135657248943408
179,and,andical,0.0120200291175837
179,and,andized,0.0125285203577056
179,and,andings,0.0129715516288793
179,and,andisms,0.0120200291175837
179,and,andives,-0.0049423102862091
179,and,andment,0.0120200291175837
179,and,andlies,0.0143496483462063
179,and,andness,0.013180869409051
179,and,anderness,0.0120200291175837
179,and,andability,0.013428926045153
179,and,andabilities,0.013180869409051
179,its,itsability,0.1022865807991905
179,its,itsly,0.0724596085256643
179,its,itsic,0.0785448859362743
179,its,itses,0.0609327525923047
179,its,itser,0.0785448859362743
179,its,itsed,0.0123809614461721
179,its,itsal,-0.0026285049516778
179,its,itssables,0.0592933636623996
179,its,itsors,0.104774095401757
179,its,itsize,0.0592933636623996
179,its,itsers,0.104774095401757
179,its,itsally,0.1022865807991905
179,its,itssize,0.1066136776647311
179,negative,negatives,0.3632249120166929
179,negative,negativer,0.2396858789297442
179,negative,negatived,0.2279648068686249
179,negative,negatival,0.2301162807106479
179,negative,negativeion,0.0830101738371619
179,negative,negativeity,0.2393435636290216
179,negative,negativizes,0.2049529184481777
179,negative,negativized,0.2547631485272906
179,negative,negativization,0.2398510419001705
179,negative,negativation,0.2301162807106479
179,negative,negativeions,0.0296748486971454
179,negative,negativement,0.1090260701538818
179,negative,negativeness,0.2580581945243785
179,negative,negativeallied,0.1344594515396607
179,negative,negativities,0.3176618575236987
179,negative,negativizing,0.2301162807106479
179,negative,negativize,0.2049529184481777
179,negative,negativity,0.3985993201256119
179,negative,negativing,0.2344054177163572
179,negative,negativeor,0.2132712801295881
179,negative,negatively,0.3953211474953403
179,negative,negativeities,0.2049529184481777
179,effects,effectsions,0.2103433240712609
179,effects,effectsion,0.2103433240712609
179,effects,effectsive,0.2103433240712609
179,effects,effectsize,0.1982040229230424
179,effects,effectsiveness,0.2154586782662248
179,effects,effectses,0.2103433240712609
179,effects,effectsed,0.2103433240712609
179,effects,effectsor,0.2154586782662248
179,effects,effectsative,0.1631354978595575
179,effects,effectssizes,0.2222686348999729
179,on,onness,0.0272201958565989
179,on,onism,0.0162563835181368
179,society,societic,0.1371362061232249
179,society,societys,0.1354650372154946
179,society,societyisms,0.1832888069994666
179,society,societylies,0.1371362061232249
179,society,societyor,0.1910425946034644
179,society,societyes,0.1832888069994666
179,society,societyal,0.0660692745942375
179,society,societies,0.3991626293173589
179,society,societics,0.1832888069994666
179,society,societied,0.1704915651345318
179,society,societiers,0.1832888069994666
179,society,societical,0.1595471121365504
179,society,societying,0.0981325405740902
179,society,societyism,0.1910425946034644
179,society,societyics,0.1832888069994666
179,society,societically,0.1571078146728974
