QID,Term,Morph,npmi
1,ascii,asciiness,0.2948823955422496
1,ascii,asciie,0.3922229028156632
1,ascii,asciis,0.4638503093957961
1,ascii,ascii's,0.4404116086735556
1,ascii,asciied,0.317698077279163
1,code,codes,0.3122366346525521
1,code,coded,0.1946378196714872
1,code,codee,0.1500110862980856
1,code,codeness,0.0932710811236317
1,code,codingly,0.1273250283902829
1,code,coding's,0.0609391422808019
1,code,code's,0.2089817456849496
1,code,codeli,0.137643341530903
1,code,codeds,0.1681909671174548
1,code,codees,0.1781066269339285
1,code,codeed,0.1537768532791877
1,code,coding,0.2443397652555624
1,code,codeful,0.1409906997017305
1,code,codedly,0.0733149512240108
1,code,codeeds,0.1409906997017305
1,code,coded's,0.0417110398306403
1,code,codee's,0.0227776142151147
1,code,codes's,0.0901712919110431
1,code,codelis,0.0932710811236317
1,code,codeing,0.1119557431083131
1,code,codings,0.1384453319024856
2,cad,cads,0.2650269445482565
2,cad,cadding,0.38083094502575
2,cad,cadness,0.1042277893719792
2,cad,cad's,0.3671898192537728
2,cad,cadli,0.2258476398042617
2,cad,cadly,0.2486633215411751
2,cad,cadded,0.2096596559920405
2,cad,cadlys,0.2486633215411751
2,cad,cadlis,0.2486633215411751
3,fifa,fifas,0.4017452482042102
3,fifa,fifaing,0.3952373921988471
3,fifa,fifa's,0.5672484975868481
4,nike,nike's,0.5011232885094042
4,nike,nikees,0.1659640509130081
4,nike,nikely,0.2583709135062932
4,nike,nikeli,0.2119506916000004
4,nike,niking,0.0576909008002392
4,nike,nikes,0.4478905897599765
4,nike,nikee,0.2049302406602578
4,nike,niked,0.2411684385230141
4,nike,nikeness,0.2635107328929919
4,nike,niking's,0.1675838845986959
4,nike,nikes's,0.2635107328929919
4,nike,nikeing,0.1930172659844747
4,nike,nikelis,0.1501313443139524
5,vmware,vmwares,0.4260119333752542
5,vmware,vmwared,0.3092340922659081
5,vmware,vmwareed,0.362371577633575
5,vmware,vmware's,0.6202255611457848
5,virtual,virtualization's,0.294105936080324
5,virtual,virtualalization,0.2062988215423725
5,virtual,virtualization,0.4063819719010362
5,virtual,virtualants,0.227763074378765
5,virtual,virtualiced,0.1202450802054839
5,virtual,virtualitys,0.1825571266794563
5,virtual,virtualizes,0.250247155291958
5,virtual,virtualizer,0.2193202827864245
5,virtual,virtualized,0.3930382016979181
5,virtual,virtuallies,0.1202450802054839
5,virtual,virtuallize,0.2113158171938978
5,virtual,virtuallive,0.2876119421395695
5,virtual,virtuallity,0.2103039050937581
5,virtual,virtuallate,0.2113158171938978
5,virtual,virtualness,0.2188686016400743
5,virtual,virtuallization,0.1889138610269326
5,virtual,virtualizations,0.2275910760111542
5,virtual,virtual's,0.2319051366274137
5,virtual,virtually,0.1785522259551162
5,virtual,virtualli,0.2062988215423725
5,virtual,virtuales,0.2418442535485747
5,virtual,virtualer,0.1592487457546185
5,virtual,virtualed,0.2226297281342839
5,virtual,virtualal,0.2338938741955405
5,virtual,virtualant,0.1592487457546185
5,virtual,virtuallis,0.1592487457546185
5,virtual,virtualled,0.1592487457546185
5,virtual,virtualler,0.2062988215423725
5,virtual,virtualics,0.2062988215423725
5,virtual,virtualiti,0.1364330640177051
5,virtual,virtualism,0.1363913092357859
5,virtual,virtualive,0.214191951610903
5,virtual,virtuality,0.2643734279133775
5,virtual,virtualing,0.1592487457546185
5,virtual,virtualize,0.3437393003547484
5,virtual,virtuale's,0.1592487457546185
5,virtual,virtualalized,0.2204820787605565
5,virtual,virtualality,0.2113158171938978
5,virtual,virtualating,0.2062988215423725
5,virtual,virtualicity,0.1592487457546185
5,virtual,virtualities,0.2322578707632507
5,virtual,virtuality's,0.1940611618507153
5,virtual,virtualive's,0.2062988215423725
5,virtual,virtualizing,0.3582879023582624
5,virtual,virtualizers,0.2374614491528899
5,virtual,virtualize's,0.2062988215423725
5,virtual,virtuallives,0.2291751292541503
5,virtual,virtualeating,0.2062988215423725
5,virtual,virtuals,0.2619910354857022
5,virtual,virtuall,0.2384848133412132
5,virtual,virtuale,0.25950725819127
5,machine,machinabilities,0.1853297164960534
5,machine,machinization,0.2141558338186043
5,machine,machinizations,0.1619131944053042
5,machine,machinations,0.1533959535680205
5,machine,machinator's,0.1390975126683908
5,machine,machins's,0.2090714113589696
5,machine,machinous,0.3138197540615187
5,machine,machinics,0.1278980204710175
5,machine,machinism,0.1972865896617402
5,machine,machining,0.3599019779628273
5,machine,machinize,0.1684847159149936
5,machine,machinate,0.128375002471716
5,machine,machineer,0.2521508256226117
5,machine,machineds,0.2865536268240843
5,machine,machiners,0.2920718190413567
5,machine,machinely,0.1853297164960534
5,machine,machineli,0.1619131944053042
5,machine,machine's,0.3526590704791503
5,machine,machinefully,0.2090714113589696
5,machine,machinerings,0.3137735986689953
5,machine,machins,0.305690899029639
5,machine,machinables,0.0322127752662481
5,machine,machinality,0.2141558338186043
5,machine,machinators,0.1210013261891611
5,machine,machinative,0.2090714113589696
5,machine,machination,0.12831633785756
5,machine,machinating,0.1541333325785905
5,machine,machinate's,0.1619131944053042
5,machine,machineable,0.187796607589866
5,machine,machineents,0.1619131944053042
5,machine,machineisms,0.1619131944053042
5,machine,machinement,0.1619131944053042
5,machine,machinering,0.1725821076537068
5,machine,machining's,0.2490391464709193
5,machine,machinable,0.2234339410343334
5,machine,machinally,0.0772781653823427
5,machine,machinalli,0.1619131944053042
5,machine,machinates,0.1970611044217831
5,machine,machinated,0.1439086595691897
5,machine,machinator,0.1254994907016636
5,machine,machineant,-0.042532615725983
5,machine,machined's,0.1619131944053042
5,machine,machineing,0.1967040018283004
5,machine,machineful,0.1619131944053042
5,machine,machineers,0.2090714113589696
5,machine,machines's,0.1847562111682308
5,machine,machineous,0.0914197274967871
5,machine,machiner's,0.1549599695879944
5,machine,machinered,0.3116188024772575
5,machine,machinical,0.1915629025413115
5,machine,machinings,0.1959124549132062
5,machine,machinisms,0.2090714113589696
5,machine,machinizes,0.2090714113589696
5,machine,machinized,0.1553274523105243
5,machine,machinning,0.2193487643943593
5,machine,machinness,0.2090714113589696
5,machine,machination's,0.1554187183729408
5,machine,machinically,0.1918436414532599
5,machine,machined,0.2585787483607804
5,machine,machinal,0.126140623339812
5,machine,machinic,0.2294546825592343
5,machine,machines,0.4598859140834344
5,machine,machiner,0.275925134374572
5,machine,machin's,0.1661806463639415
5,machine,machinability,0.215827360666607
5,machine,machineabilities,0.2090714113589696
5,machine,machinibility,0.2090714113589696
5,machine,machineability,0.1648103425948169
5,machine,machin,0.318159582394209
6,calendar,calendarally,0.0825676205191715
6,calendar,calendarized,0.0712680238383414
6,calendar,calendarizer,0.1053833022560849
6,calendar,calendarical,0.0447583658863508
6,calendar,calendarness,0.1502471576936092
6,calendar,calendarallied,0.1502471576936092
6,calendar,calendarfully,0.1587653460627337
6,calendar,calendarizers,0.0825676205191715
6,calendar,calendarizing,0.1223966768345436
6,calendar,calendaricities,0.1053833022560849
6,calendar,calendare,0.0770092235766901
6,calendar,calendars,0.2922417739935468
6,calendar,calendareal,0.1053833022560849
6,calendar,calendarics,0.1053833022560849
6,calendar,calendaring,0.1859900820455938
6,calendar,calendarism,0.1509300728554729
6,calendar,calendarity,0.1053833022560849
6,calendar,calendarize,0.069971030826894
6,calendar,calendars's,0.1053833022560849
6,calendar,calendarred,0.126505462830693
6,calendar,calendarli,0.126505462830693
6,calendar,calendarly,0.1096604622496331
6,calendar,calendaric,-0.0304981283302874
6,calendar,calendared,0.1274424879230643
6,calendar,calendarer,0.1053833022560849
6,calendar,calendar's,0.2456728484714883
6,calendar,calendarically,0.1053833022560849
6,calendar,calendarization,0.0615078950067365
7,samsung,samsung's,0.498295985159126
7,samsung,samsunged,0.3919360087120576
7,samsung,samsunge,0.2804010596411693
7,samsung,samsungs,0.420461267848041
7,samsung,samsungs's,0.2687437427713002
7,samsung,samsungers,0.2792083114151659
7,official,officiality,0.1328623561820541
7,official,officialism,0.1140495746933442
7,official,officialing,0.0607916111061442
7,official,officialize,0.1014195035797914
7,official,officials's,0.1114014529071185
7,official,officiant's,0.046802113239738
7,official,officiators,0.0380929931452004
7,official,officiate's,0.0899103167977495
7,official,officiating,0.1042599315902654
7,official,officiation,0.0503129445530338
7,official,officiingly,0.0670946350608361
7,official,officiously,0.0462634990753458
7,official,officy,0.0804934819008384
7,official,offici,0.1277117287822368
7,official,officys,0.0899103167977495
7,official,officis,0.0780817484020535
7,official,officie,0.0319721877222576
7,official,official's,0.1669193090377403
7,official,officialed,0.1341461748868672
7,official,officially,0.1767495500063807
7,official,officiants,-0.1014577645713606
7,official,officiates,0.0543021945717888
7,official,officiated,0.0959842008345065
7,official,officiator,0.05818037783258
7,official,officience,0.0383502755047581
7,official,officiency,0.0342637233560388
7,official,officients,-0.1147780927627057
7,official,officier's,0.0509066512486148
7,official,officiating's,0.1341461748868672
7,official,officiousness,0.0675715715020065
7,official,officies,0.0317761556789132
7,official,officier,0.0528882487572625
7,official,officiousnesses,0.0899103167977495
7,official,officialization,0.1160617982107918
7,official,officialized,0.1128588513944423
7,official,officializes,0.0556916537783571
7,official,officiallies,0.069817784579975
7,official,officially's,0.0899103167977495
7,official,officialness,0.0325505759022176
7,official,officiants's,0.110404480023951
7,official,officianting,0.0509066512486148
7,official,officiateing,0.0670946350608361
7,official,officiations,0.0899103167977495
7,official,officiator's,0.0509066512486148
7,official,officious,0.0782558515287872
7,official,officiing,0.066162223104197
7,official,officieli,0.0899103167977495
7,official,officieer,0.0899103167977495
7,official,officieal,0.1520899068556118
7,official,officiers,0.0749508451462866
7,official,officient,-0.0143198039536507
7,official,officiate,0.0862239362829281
7,official,officiant,-0.0503415468243961
7,official,officials,0.1682770267542996
7,official,officialism's,0.1341461748868672
7,official,officialities,0.1056669800894973
7,official,officializing,0.142572204263909
7,site,sites,0.2044091403164105
7,site,sitee,0.0625319209452733
7,site,sited,0.0465321081550449
7,site,siteings,0.0433252304835544
7,site,siteness,0.0392623971892532
7,site,siting,0.0550010984925655
7,site,site's,0.1018359111009495
7,site,sitees,0.0625569007506769
7,site,siteds,0.0602958414143275
7,site,sitely,0.0355636916238852
7,site,siteli,0.0269931689112692
7,site,sites's,0.0638335063776628
7,site,sitelis,0.0097523525667215
7,site,siteing,0.0324951069524409
7,site,siteful,0.0507348637741854
7,site,sitedly,0.0507348637741854
7,site,sitings,0.0218911962464276
8,world,worlde's,0.1004175724210993
8,world,worldely,0.0854312748283852
8,world,worldeli,0.0950298992375878
8,world,worldful,0.0883044504014601
8,world,worlding,0.1194125831874438
8,world,worldlys,0.0973409380873271
8,world,worlds's,0.0313379395100973
8,world,worldings,0.108204942361005
8,world,worldly's,0.0544432037936117
8,world,worldlies,0.0879563123466946
8,world,worldness,0.0897227285315131
8,world,worlds,0.2148542840274239
8,world,worlde,0.0898539050894919
8,world,worldes,0.0716673125731631
8,world,worlded,0.0823975423275335
8,world,worldli,0.1055676870956332
8,world,worldly,0.1780209463319545
8,world,world's,0.2786435037643803
8,table,tabl,0.2034757170345899
8,table,table's,0.3101346473821142
8,table,tableli,0.1833717778146935
8,table,tableds,0.2047526505179589
8,table,tabling,0.2128841401718587
8,table,tabls,0.2077356681803242
8,table,tablefuls,0.0856558994795329
8,table,tableness,0.1947810778233455
8,table,tableful,0.1740526891576752
8,table,tableing,0.1587709942118494
8,table,tables's,0.1488254141282649
8,table,tablings,0.0929030157924851
8,table,tables,0.4455254328120083
8,table,tabled,0.1919429928934304
8,tennis,tenni,0.2690525462642096
8,tennis,tenny,0.0658107712902558
8,tennis,tenny's,0.0935780731978144
8,tennis,tennies,0.1577251320944005
8,tennis,tennied,0.2081132645453793
8,tennis,tennys,0.2622004459786418
8,tennis,tennie,0.0680647140841742
8,tennis,tennie's,0.1234782355224179
8,tennis,tennis's,0.2797428295863637
8,championships,championships's,0.3053047787164454
8,championships,championshipped,0.2772087894246154
8,championships,championship's,0.3256797233510377
8,championships,championship,0.5769166151343126
8,championships,championshipping,0.2772087894246154
8,championships,championshipe,0.3053047787164454
9,letter,lettere,0.1465099639585008
9,letter,letters,0.406450798517074
9,letter,letterability,0.1608442087398035
9,letter,letterally,0.1543063461118004
9,letter,lettered's,0.1608442087398035
9,letter,lettereing,0.1608442087398035
9,letter,letterer's,0.1826023987046473
9,letter,letterings,0.0978406959838225
9,letter,letterisms,0.1608442087398035
9,letter,letterness,0.1608442087398035
9,letter,letterring,0.219749174068035
9,letter,letterred,0.0513470762821518
9,letter,letters's,0.0828368776415342
9,letter,letterate,0.1608442087398035
9,letter,letterals,0.1920104123635862
9,letter,letterful,0.1673723436538532
9,letter,lettereds,0.1218405431906688
9,letter,letterers,0.1427768966805893
9,letter,lettering,0.174801779552339
9,letter,letterism,0.1800648018943089
9,letter,letterize,0.1249606956237702
9,letter,letteralism,0.2079590390978293
9,letter,letteration,0.1842173442349131
9,letter,lettering's,0.0555171611378289
9,letter,letterizing,0.2079590390978293
9,letter,letterly,0.0993396650898137
9,letter,letteral,0.1721839986582184
9,letter,letterer,0.0824232555502165
9,letter,letteres,0.1042636524206873
9,letter,lettered,0.1831721477654828
9,letter,letter's,0.1915448128468892
9,format,formationally,0.1364101626128033
9,format,formatting's,0.180260564514039
9,format,formatate,0.2097647263935264
9,format,formaters,0.1216946412237179
9,format,formatent,0.1625794676121328
9,format,formateer,0.1625794676121328
9,format,formats's,0.2186385423231092
9,format,formatted,0.3238444710786091
9,format,formatize,0.1860230315306102
9,format,formative,0.1334521872194628
9,format,formation,0.0985880181702416
9,format,formating,0.2459794104245368
9,format,formatics,0.236572602777719
9,format,formators,0.0589886994791586
9,format,formatication,0.1842276038257713
9,format,formativeness,0.1364101626128033
9,format,formatable,0.1756186027799527
9,format,formatated,0.1397637858752195
9,format,formatings,0.1844844731840424
9,format,formations,0.082053897316908
9,format,formatives,0.0275970956476299
9,format,formator's,0.1110194263191415
9,format,formatting,0.3380205006063139
9,format,formatating,0.1625794676121328
9,format,formatation,0.2024571662224524
9,format,formatically,0.1454363360866341
9,format,formaticates,0.2097647263935264
9,format,formatement,0.2097647263935264
9,format,formatering,0.1761870023096883
9,format,formaticate,0.2148660096305882
9,format,formatization,0.1625794676121328
9,format,formation's,0.0917383950873286
9,format,formationed,0.1561120334074975
9,format,formational,0.0842505391966528
9,format,formativity,0.1397637858752195
9,format,formative's,0.0779444385891715
9,format,formatively,0.1215609922952569
9,format,formatizing,0.1625794676121328
9,format,formats,0.4497267833964923
9,format,formate,0.1630205528270937
9,format,formatoring,0.1625794676121328
9,format,formationing,0.1235758020629982
9,format,formations's,0.2097647263935264
9,format,formattings,0.2131951355433985
9,format,format's,0.2812038988793536
9,format,formator,0.0963016051016548
9,format,formated,0.246754690333193
9,format,formates,0.202321656305609
9,format,formater,0.2101234535031635
9,format,formatic,0.0976419708503876
9,format,formatly,0.1155253379635214
9,format,formatli,0.1625794676121328
10,jurassic,jurassic's,0.3081537097902049
10,jurassic,jurassical,0.3119195303241136
10,jurassic,jurasse,0.3509231958732482
10,jurassic,jurassics,0.4092987920696229
10,jurassic,jurassing,0.3651660087483826
10,jurassic,jurassically,0.3509231958732482
10,jurassic,jurassicness,0.3509231958732482
10,jurassic,jurass,0.332959993852479
10,world,worlde's,0.1004175724210993
10,world,worldely,0.0854312748283852
10,world,worldeli,0.0950298992375878
10,world,worldful,0.0883044504014601
10,world,worlding,0.1194125831874438
10,world,worldlys,0.0973409380873271
10,world,worlds's,0.0313379395100973
10,world,worldings,0.108204942361005
10,world,worldly's,0.0544432037936117
10,world,worldlies,0.0879563123466946
10,world,worldness,0.0897227285315131
10,world,worlds,0.2148542840274239
10,world,worlde,0.0898539050894919
10,world,worldes,0.0716673125731631
10,world,worlded,0.0823975423275335
10,world,worldli,0.1055676870956332
10,world,worldly,0.1780209463319545
10,world,world's,0.2786435037643803
11,credit,creditionals,0.0579252037415889
11,credit,crediteatings,0.2068794622890467
11,credit,credits's,0.1182137699802591
11,credit,crediteer,0.1836824599419648
11,credit,crediters,0.2059578551043019
11,credit,creditals,0.0906930720783359
11,credit,creditant,0.1033436936395901
11,credit,creditate,0.1261593753765035
11,credit,credition,-0.0112724566991987
11,credit,crediting,0.3151380592141191
11,credit,creditism,0.1836824599419648
11,credit,creditive,0.171866462966288
11,credit,creditted,0.1491825257990479
11,credit,credital,0.2336231346441089
11,credit,crediter,0.1283857886836172
11,credit,credites,0.0522260598184501
11,credit,credited,0.2344830702830453
11,credit,creditly,0.171866462966288
11,credit,credit's,0.2478789457724383
11,credit,creditalism,0.1760460956510428
11,credit,creditative,0.1261593753765035
11,credit,creditating,0.2027679965098549
11,credit,creditation,0.0990831879657347
11,credit,creditering,0.1261593753765035
11,credit,creditingly,0.171866462966288
11,credit,crediting's,0.1261593753765035
11,credit,creditional,0.0745993340835121
11,credit,creditability,0.1229032175417697
11,credit,creditations,0.0809109840020466
11,credit,creditatings,0.2068794622890467
11,credit,creditibility,0.0561328421869406
11,credit,creditibilities,0.1261593753765035
11,credit,crediteating,0.2027679965098549
11,credit,creditableness,0.171866462966288
11,credit,credite,0.1505502833347316
11,credit,credits,0.226139822863574
11,credit,creditably,0.148709038490478
11,credit,creditable,0.1581377542039378
11,credit,crediteers,0.171866462966288
11,credit,creditedly,0.1481247681033718
11,credit,creditions,0.1033436936395901
11,credit,creditible,0.1543909881173867
11,credit,creditting,0.1520856206730002
11,card,carde's,0.1041118132431227
11,card,cardeli,0.1320790625622576
11,card,cardeds,0.126927494980036
11,card,cardful,0.0879238294309014
11,card,carding,0.1462777086912223
11,card,cards's,0.1579090668265181
11,card,cards,0.4572984967636522
11,card,carde,0.2133592336386329
11,card,card's,0.3101232027902369
11,card,cardly,0.0920692457069548
11,card,cardli,0.1726657580062337
11,card,cardes,0.1888230155832453
11,card,carded,0.2238206384626148
11,card,cardfully,0.1489240631433175
11,card,carding's,0.1458160826050099
11,card,cardelis,0.1489240631433175
11,card,cardeful,0.126927494980036
11,card,carded's,0.1726657580062337
11,card,cardfuls,0.126927494980036
11,card,cardings,0.0784263695762288
11,card,cardness,0.1458160826050099
11,application,applicability's,0.1715380699456493
11,application,applicabilities,0.1548299261762504
11,application,applicant,0.3432104542103307
11,application,applicate,0.0784904571235826
11,application,applicent,0.1341359902523804
11,application,applicity,0.1813393375917993
11,application,appliciti,0.1477963750827332
11,application,application's,0.3105734845655812
11,application,applicationed,0.1450713106124611
11,application,applicational,0.1668281731733406
11,application,applicatively,0.1517766463532666
11,application,applicativity,0.1258437908874105
11,application,applicatorred,0.1258437908874105
11,application,applicability,0.249312107389784
11,application,applical,0.0640244436013625
11,application,applic's,0.1258437908874105
11,application,appliced,0.1068599325210104
11,application,applices,0.1309513745016733
11,application,applicants,0.3776096216790484
11,application,applicates,0.1091750982852391
11,application,applicated,0.153338627243322
11,application,applicator,0.189145548425017
11,application,applicancy,0.165176021273679
11,application,applicance,0.1371341451933447
11,application,applicably,0.0631592513682098
11,application,applicable,0.2543802907184225
11,application,appliceiti,0.1715380699456493
11,application,applicents,0.1757097164172779
11,application,appliceous,0.1258437908874105
11,application,appliceant,0.1584550610740954
11,application,applicible,0.0716714525325549
11,application,applic,0.2220258383521651
11,application,applicication,0.165176021273679
11,application,applics,0.1419012352743399
11,application,applice,0.1477963750827332
11,application,applications's,0.1844245164097544
11,application,applicationing,0.1653283777791735
11,application,applicationally,0.165176021273679
11,application,appliceations,0.1953202846693685
11,application,applicants's,0.1757097164172779
11,application,applicatives,0.1588239056523591
11,application,applications,0.4593119987399698
11,application,applicatings,0.1715380699456493
11,application,applicator's,0.1733590664270886
11,application,applicables,0.1240197497696789
11,application,applicabled,0.1258437908874105
11,application,applicant's,0.3147168424846544
11,application,applicances,0.0798844024304301
11,application,applicators,0.1457469043050377
11,application,applicating,0.0894267321591929
11,application,applicative,0.1576125788863869
11,application,appliceants,0.1715380699456493
11,application,applicering,0.1450713106124611
11,application,appliceation,0.2378658751614792
11,application,applicableness,0.1521823657935341
12,child,childs's,0.0911676561729431
12,child,childe's,0.1033084531178359
12,child,childful,0.1659184431146255
12,child,childing,0.1332483076309295
12,child,childfulness,0.1761919753390778
12,child,childes,0.1455393698821641
12,child,childed,0.1791123600772881
12,child,childly,0.0437111102430454
12,child,childli,0.1761919753390778
12,child,child's,0.398713078268914
12,child,childs,0.2172445122346999
12,child,childe,0.1573661949303179
12,child,childfully,0.1303161769113764
12,child,childes's,0.1524502804761616
12,child,childings,-0.0869286083929356
12,child,childlies,0.1761919753390778
12,child,childness,0.1383351103776624
12,stick,sticke,0.1952723308699216
12,stick,sticks,0.3873639662367306
12,stick,stickedly,0.1985459400132979
12,stick,stickfuls,0.1757302582763845
12,stick,stickings,0.154135893585264
12,stick,sticklies,0.2471909590562317
12,stick,stickly's,0.2471909590562317
12,stick,stickness,0.0500592771301795
12,stick,stickly,0.3205525421831283
12,stick,stickes,0.1785569424335234
12,stick,sticked,0.2025380719418987
12,stick,stick's,0.2759173261492431
12,stick,stickeness,0.2471909590562317
12,stick,stickely's,0.1595422744641633
12,stick,stickingly,0.1985459400132979
12,stick,sticking's,0.2066042636122556
12,stick,sticks's,0.1367265927272499
12,stick,stickely,0.2081559306943482
12,stick,stickeds,0.0932188924113234
12,stick,sticklys,0.2471909590562317
12,stick,sticking,0.3393113839848016
12,stick,stickful,0.2116286873311103
12,figures,figuratives,0.0907655937659058
12,figures,figurations,0.156687605712319
12,figures,figurativeness,0.1381810289195841
12,figures,figurates,0.1516859627231934
12,figures,figurated,0.1717869216346537
12,figures,figurator,0.1126822971740587
12,figures,figurable,0.170337421980261
12,figures,figural's,0.1516859627231934
12,figures,figurally,0.1222160446332886
12,figures,figurants,0.2316853951926483
12,figures,figurents,0.2032547012355291
12,figures,figures's,0.2024245629592563
12,figures,figurer's,0.1516859627231934
12,figures,figurered,0.0280472681510973
12,figures,figureent,0.198429090139342
12,figures,figureing,0.060291780014089
12,figures,figurized,0.2032547012355291
12,figures,figurings,0.0832564940046174
12,figures,figurring,0.1524352934448417
12,figures,figurationalism,0.1516859627231934
12,figures,figur,0.1491193093971833
12,figures,figuralism,0.1860000458923466
12,figures,figurality,0.1636851588256043
12,figures,figurative,0.1427611432742338
12,figures,figuration,0.2096863045222946
12,figures,figurating,0.1516859627231934
12,figures,figurate's,0.1516859627231934
12,figures,figurately,0.1397736504128488
12,figures,figurement,0.0557591144288974
12,figures,figureness,0.12887028098628
12,figures,figuring's,0.1746873952764258
12,figures,figureative,0.0611222558810674
12,figures,figurefully,0.198429090139342
12,figures,figurements,0.1516859627231934
12,figures,figurational,0.0957881780840191
12,figures,figuratively,0.1064062476336835
12,figures,figurative's,0.12887028098628
12,figures,figurativity,0.0557591144288974
12,figures,figuralization,0.1516859627231934
12,figures,figurability,0.1645197058929767
12,figures,figurlys,0.1516859627231934
12,figures,figurred,0.0736786316249241
12,figures,figurous,0.1516859627231934
12,figures,figureic,0.1126822971740587
12,figures,figureds,0.2128677619743524
12,figures,figurent,0.2301191314807409
12,figures,figurely,0.0898666154371453
12,figures,figure's,0.2095446534527066
12,figures,figurant,0.1740267096122386
12,figures,figurals,0.0050446664118054
12,figures,figurate,0.1159403496386174
12,figures,figuring,0.0846674642116196
12,figures,figurism,0.0935140043884737
12,figures,figuriti,0.1516859627231934
12,figures,figurers,0.1836245477529302
12,figures,figur's,0.1516859627231934
12,figures,figural,0.1303833600507612
12,figures,figuric,0.1516859627231934
12,figures,figurer,0.2065618668533288
12,figures,figured,0.0473662619217314
12,figures,figure,0.2028909530862649
12,figures,figurs,0.1229263065920408
12,figures,figureatively,0.0888271657343329
12,figures,figureratively,0.1516859627231934
12,figures,figurization,0.1746873952764258
13,periodic,periodication,0.2746804342630999
13,periodic,periodicingly,0.2974961160000133
13,periodic,periodicities,0.3689660579358241
13,periodic,periodate,0.3035040062319749
13,periodic,periodant,0.2974961160000133
13,periodic,periodent,0.2974961160000133
13,periodic,periodics,0.355187527522435
13,periodic,periodize,0.1568842029219789
13,periodic,periodity,0.2974961160000133
13,periodic,periodism,0.2620871105300393
13,periodic,perioding,0.1841167274209739
13,periodic,periodous,0.2746804342630999
13,periodic,periods's,0.2974961160000133
13,periodic,periodical's,0.1411459777470182
13,periodic,periodically,0.3729285307486383
13,periodic,period,0.2669914427568693
13,periodic,periodicals,0.1627048143189603
13,periodic,periodicity,0.4228393464877858
13,periodic,periodizers,0.2974961160000133
13,periodic,periodizing,0.1713416789172146
13,periodic,periodization,0.1414191744967005
13,periodic,periodicalities,0.2974961160000133
13,periodic,periodally,0.2974961160000133
13,periodic,periodates,0.2069324091578873
13,periodic,periodic's,0.2858288053929555
13,periodic,periodical,0.2117650685242546
13,periodic,periodicly,0.1860756136830006
13,periodic,periodizes,0.2584924504508787
13,periodic,periodized,0.170567117045012
13,periodic,periodness,0.2270026490914962
13,periodic,periode,0.0584913630295575
13,periodic,periods,0.2761256492886284
13,periodic,periodal,0.2459360747070219
13,periodic,periodly,0.1921690683980388
13,periodic,periodes,0.180465158448059
13,periodic,perioder,0.1380700823953695
13,periodic,perioded,0.2746804342630999
13,periodic,period's,0.2438341949692967
13,periodic,periodications,0.2746804342630999
13,periodic,periodizations,0.2462087354359333
13,table,tabl,0.2034757170345899
13,table,table's,0.3101346473821142
13,table,tableli,0.1833717778146935
13,table,tableds,0.2047526505179589
13,table,tabling,0.2128841401718587
13,table,tabls,0.2077356681803242
13,table,tablefuls,0.0856558994795329
13,table,tableness,0.1947810778233455
13,table,tableful,0.1740526891576752
13,table,tableing,0.1587709942118494
13,table,tables's,0.1488254141282649
13,table,tablings,0.0929030157924851
13,table,tables,0.4455254328120083
13,table,tabled,0.1919429928934304
14,equation,equatability,0.3354745218911229
14,equation,equate's,0.2601603622692736
14,equation,equators,0.2010975260689669
14,equation,equatted,0.2601603622692736
14,equation,equateds,0.2991640278184083
14,equation,equately,0.2286705609098911
14,equation,equaters,0.3281511076843271
14,equation,equatity,0.2763483460814948
14,equation,equatism,0.2991640278184083
14,equation,equating,0.318924515347996
14,equation,equatics,0.1983410149832256
14,equation,equative,0.1941556038744515
14,equation,equatances,0.2991640278184083
14,equation,equatation,0.3354745218911229
14,equation,equateable,0.2373446805323602
14,equation,equations's,0.3518928025472433
14,equation,equationing,0.2638227173774348
14,equation,equation's,0.4187871203870791
14,equation,equational,0.3244629537954248
14,equation,equationed,0.2763483460814948
14,equation,equative's,0.2991640278184083
14,equation,equat,0.2136983565797884
14,equation,equator,0.2668780210021808
14,equation,equated,0.2943173946203919
14,equation,equates,0.2677311486828183
14,equation,equater,0.2130998979519246
14,equation,equatic,0.1215183675337565
14,equation,equatabilities,0.3518928025472433
14,equation,equatable,0.2024279567290644
14,equation,equateing,0.2763483460814948
14,equation,equatible,0.3604505085340415
14,equation,equatives,0.2373446805323602
14,equation,equations,0.5749374025525206
14,equation,equatings,0.2601603622692736
14,equation,equator's,0.1642716508923864
14,equation,equatting,0.2991640278184083
14,equation,equate,0.3192264534071793
14,equation,equats,0.2601603622692736
14,equation,equationally,0.2556476322078903
14,edior,ediors,0.6833216445921859
15,agricultural,agriculturalized,0.2928752948191799
15,agricultural,agricultured,0.1499079544142852
15,agricultural,agricultures,0.3556634147815943
15,agricultural,agriculturer,0.2830865191570803
15,agricultural,agriculture's,0.4227313558362966
15,agricultural,agriculturals,0.2439002826347086
15,agricultural,agricultureal,0.298308066339788
15,agricultural,agriculturely,0.2424484192233137
15,agricultural,agriculturers,0.2034447536741791
15,agricultural,agriculturing,0.2491783420651307
15,agricultural,agriculturism,0.2424484192233137
15,agricultural,agriculturalization,0.2629613308228536
15,agricultural,agriculturization,0.3052649920825417
15,agricultural,agriculturalizers,0.2196327374864003
15,agricultural,agriculturalism,0.2761624561935226
15,agricultural,agriculture,0.5545307956783676
15,agricultural,agriculturs,0.2522885993752038
15,agricultural,agricultur,0.2639822948471671
15,agricultural,agriculturally,0.3950127238563222
15,agricultural,agricultural's,0.2691335999562638
15,agricultural,agriculturered,0.2928752948191799
15,machinery,machineri,0.2247853350307687
15,machinery,machinery's,0.3132412629961771
15,machinery,machineries,0.4116576637659768
15,machinery,machinerier,0.3023474850201071
15,machinery,machinerys,0.3287162290860732
15,machinery,machineris,0.261760789576131
15,machinery,machinerie,0.2689993160070253
16,migrate,migrator,0.3772683806862249
16,migrate,migrated,0.4760331764706615
16,migrate,migrater,0.2860154318863558
16,migrate,migrates,0.4435925336863858
16,migrate,migratations,0.3903093297874895
16,migrate,migrators,0.3622483424652497
16,migrate,migratted,0.3360821696786167
16,migrate,migrate's,0.4212067685564348
16,migrate,migratate,0.2401553213843208
16,migrate,migraters,0.2655887027700997
16,migrate,migrative,0.3409729085128876
16,migrate,migrating,0.5353467728894549
16,migrate,migration,0.5200677615125666
16,migrate,migrationing,0.3360821696786167
16,migrate,migrations's,0.3360821696786167
16,migrate,migratation,0.3851760894856951
16,migrate,migrateable,0.3665676349245734
16,migrate,migration's,0.3810335386293491
16,migrate,migrational,0.3290467651874749
16,migrate,migratated,0.3360821696786167
16,migrate,migratants,0.3360821696786167
16,migrate,migratable,0.3099134603523086
16,migrate,migrateing,0.2970785041294821
16,migrate,migratings,0.3903093297874895
16,migrate,migrations,0.4785873198508841
16,migrate,migrator's,0.3169547660067665
16,migrate,migratting,0.3259809394805973
16,migrate,migrationally,0.3903093297874895
16,migrate,migratational,0.3903093297874895
16,migrate,migratability,0.3825466346777851
16,migrate,migrats,0.3132664879417033
16,migrate,migrat,0.3288399283538299
16,abroad,abroaders,0.2844367903395437
16,abroad,abroad's,0.3407285680115174
16,abroad,abroadly,0.2323258334837302
16,abroad,abroader,0.2598139834514985
16,abroad,abroadness,0.0480655385110194
16,abroad,abroads,0.2412592718105881
16,abroad,abroade,0.2783767552085428
17,gif,gifs,0.4475489336612769
17,gif,giffing,0.2705760725928026
17,gif,gifness,0.2449708024218901
17,gif,gif's,0.2796017686190811
17,gif,giffings,0.2070111855751159
17,gif,giffed,0.2798774475093416
17,gif,gifful,0.2298268673120294
17,gif,gifs's,0.2865445285867876
17,collection,collectable's,0.1058942461586048
17,collection,collectableds,0.1657182308240737
17,collection,collectablies,0.1709560517111904
17,collection,collectables,0.1316354413349546
17,collection,collectablis,0.1164699724119961
17,collection,collectation,0.1617837991546262
17,collection,collecteable,0.1164699724119961
17,collection,collectibles,0.1777149640072714
17,collection,collectibled,0.0364738851222057
17,collection,collecting's,0.145136486378473
17,collection,collection's,0.25985624556948
17,collection,collectioned,0.090388268010821
17,collection,collectional,0.1495124407578992
17,collection,collectionly,0.1617837991546262
17,collection,collectivity,0.0993191936029978
17,collection,collective's,0.0677795419930731
17,collection,collectively,0.162002521258408
17,collection,collectabilities,0.1164699724119961
17,collection,collectibleness,0.1617837991546262
17,collection,collectibilities,0.1617837991546262
17,collection,collectible's,0.0779138916251247
17,collection,collectibleds,0.0735322821263184
17,collection,collectiblies,0.1596751010055254
17,collection,collectably,0.1617837991546262
17,collection,collectable,0.1645231686982262
17,collection,collectered,0.1164699724119961
17,collection,collecter's,0.1111597003815119
17,collection,collectedly,0.0943365433568622
17,collection,collected's,0.1501371930863797
17,collection,collecteive,0.1164699724119961
17,collection,collecteing,0.1617837991546262
17,collection,collectic's,0.1164699724119961
17,collection,collectible,0.169629036284756
17,collection,collectibly,0.1404645202546717
17,collection,collections,0.359888301443679
17,collection,collectings,0.0567918628304045
17,collection,collectives,0.1095541462394226
17,collection,collectting,0.0550088525984486
17,collection,collectioning,0.0674240603124861
17,collection,collections's,0.1661493778356546
17,collection,collectivitis,0.1164699724119961
17,collection,collect's,0.0713738077173227
17,collection,collectal,0.1550091091152772
17,collection,collected,0.2604247900043194
17,collection,collecter,0.1027664257322524
17,collection,collectes,0.1515937099539142
17,collection,collectic,0.0247722726665187
17,collection,collectly,0.1068898493159937
17,collection,collectionning,0.1164699724119961
17,collection,collectability,0.166011953608384
17,collection,collectables's,0.0936542906750828
17,collection,collecteds,0.1344737770523021
17,collection,collectent,0.0765329553065652
17,collection,collecters,0.1092792167990586
17,collection,collectant,0.0825707784942787
17,collection,collectics,0.0797778895781426
17,collection,collecting,0.2506636342775205
17,collection,collectism,0.1617837991546262
17,collection,collective,0.1721173263189403
17,collection,collectize,0.1164699724119961
17,collection,collectted,0.0318349433890347
17,collection,collect,0.2401580619524961
17,collection,collecte,0.1417262293278667
17,collection,collects,0.192224867080813
17,collection,collectibility,0.163663003945369
17,collection,collectibles's,0.0840205236719926
17,collection,collectiveness,0.0743407683663066
17,collection,collectivities,0.0869563637605641
17,collection,collectivity's,0.0998254338374612
18,astrological,astrologer's,0.5974669766074944
18,astrological,astrologizes,0.3867611981994996
18,astrological,astrologized,0.3867611981994996
18,astrological,astrologers,0.6883434062617942
18,astrological,astrologize,0.40245855716037
18,astrological,astrologies,0.4605929793223694
18,astrological,astrologics,0.2697502015520957
18,astrological,astrologous,0.3477575326503649
18,astrological,astrology's,0.5872608194969083
18,astrological,astrologically,0.6224843599353332
18,astrological,astrolog,0.4487451682774659
18,astrological,astrologis,0.3867611981994996
18,astrological,astrologer,0.6963940026395068
18,astrological,astrologes,0.3352011569065082
18,astrological,astrologic,0.3851085478785746
18,astrological,astrolog's,0.40245855716037
18,astrological,astrologys,0.4538197014796558
18,astrological,astrologers's,0.3867611981994996
18,astrological,astrologicals,0.3867611981994996
18,astrological,astrologizing,0.3639455164625862
18,astrological,astrologicality,0.3639455164625862
18,astrological,astrology,0.6264372897362805
18,astrological,astrologs,0.3879269044930433
18,astrological,astrologi,0.3884785780280627
18,astrological,astrologe,0.4301279989593495
18,sign,signeness,0.069797828831697
18,sign,signing's,0.0740260478936119
18,sign,signingly,0.1132173874971159
18,sign,signnings,0.1159707291619078
18,sign,signe,-0.0167572156047356
18,sign,signs,0.1543674107683079
18,sign,signes,0.0224791641241607
18,sign,signed,0.257339855706599
18,sign,sign's,0.1527196477792658
18,sign,signings's,0.069797828831697
18,sign,signeing,0.059564694511087
18,sign,signedly,0.1132173874971159
18,sign,signings,0.1129821228999517
18,sign,signness,0.1113544676828005
18,sign,signning,0.0673633358922697
18,sign,signeds,0.1277763903079955
18,sign,signe's,0.0208108087677383
18,sign,signs's,0.0811439126019326
18,sign,signned,0.1157586793687794
18,sign,signing,0.2287828279739584
19,house,hous,0.1678915884298434
19,house,house's,0.245010448381787
19,house,houseds,0.1442482113936599
19,house,housely,0.1337374687900966
19,house,housing,0.2169352498579182
19,house,houseful,0.1653306102526771
19,house,houseing,0.1373963974254182
19,house,houses's,0.1329808592752926
19,house,housings,0.0135693757795017
19,house,housness,0.0921808931153688
19,house,houseful's,0.1365089063939721
19,house,housefully,0.1422837329289932
19,house,hous's,0.1365089063939721
19,house,housed,0.1783705393530003
19,house,houses,0.3231456567321233
19,house,housefuls,0.1289601624394012
19,house,houseings,0.0890092683656745
19,house,houselies,0.1365089063939721
19,house,houseness,0.133690004052069
19,house,housing's,0.1132639815849963
19,of,ofs,0.0211847200476102
19,of,of's,0.0155066035175462
19,of,offing,0.0215410047766174
19,of,offeds,0.0139140904598155
19,of,ofness,0.0128048502295481
19,of,offedly,0.0115266674921468
19,of,offings,0.0087840116650386
19,of,offully,0.0120142877291876
19,of,offul,0.0130685037177891
19,of,offed,0.0175493968231597
19,of,ofs's,0.0125449865925042
19,of,offing's,-0.0279265803407475
19,of,ofnesses,0.0115266674921468
19,flying,fli,0.1494207746336006
19,flying,fly,0.3727436861995396
19,flying,fli's,0.1354208082627654
19,flying,flies,0.3069161690507205
19,flying,flied,0.0552739186940397
19,flying,fly's,0.1911231877959812
19,flying,flyed,0.1869919157514682
19,flying,flying's,0.3073284132539906
19,flying,flyingly,0.1638606579841512
19,flying,flies's,0.1876792054667043
19,flying,fliings,0.2028643235332858
19,flying,flyings,0.2014510844529713
19,flying,fliing,0.1827921839799971
19,flying,flieds,0.1654122134290037
19,flying,flyeds,0.2028643235332858
19,daggers,daggerability,0.427615782095138
19,daggers,daggerings,0.371933533597633
19,daggers,daggering,0.1551067441335418
19,daggers,daggerous,0.3491178518607195
19,daggers,daggers's,0.3739630891091092
19,daggers,dagger,0.4632218856877557
19,daggers,dagger's,0.3433324949692868
19,daggers,daggerer,0.371933533597633
19,daggers,daggered,0.2492533760992513
19,daggers,daggeral,0.371933533597633
19,daggers,daggere,0.310114186311585
20,donald,donaldness,0.3056881032742032
20,donald,donald's,0.3916408167966028
20,donald,donaldli,0.1772935317990301
20,donald,donaldes,0.2477869987075472
20,donald,donalds,0.2123953740810781
20,donald,donalde,0.2110057963206352
20,donald,donaldism,0.3009448465731916
20,donald,donalding,0.2984305496030435
20,donald,donalds's,0.2984305496030435
20,duck,ducks,0.4254454101243088
20,duck,ducke,0.1506439754728593
20,duck,duckings,0.2437522587555449
20,duck,duckness,0.272785884256586
20,duck,duck's,0.4040961679330259
20,duck,ducked,0.2493982917601113
20,duck,duckes,0.1978151073257383
20,duck,duckli,0.1667721419692348
20,duck,duckly,0.247307218285994
20,duck,duckliing,0.2508311239630799
20,duck,ducking,0.2811967529140028
20,duck,ducke's,0.2280154422261665
20,duck,duckful,0.2508311239630799
20,duck,ducks's,0.2282436620624927
21,convict,convictionally,0.3246408668417165
21,convict,convictability,0.451758226057589
21,convict,convict's,0.5074791526050219
21,convict,convicter,0.481924553647403
21,convict,convictes,0.4953870014689779
21,convict,convicted,0.4965195559438727
21,convict,convictiveness,0.3951343337502337
21,convict,convictingly,0.3333149864641856
21,convict,convictional,0.2140069200659816
21,convict,convictioned,0.3951343337502337
21,convict,conviction's,0.3318847104554304
21,convict,convictively,0.451758226057589
21,convict,convictions's,0.3951343337502337
21,convict,convictable,0.4044193051886857
21,convict,convictedly,0.3951343337502337
21,convict,convicted's,0.3435742924572423
21,convict,convictions,0.4227706546044839
21,convict,convictible,0.3951343337502337
21,convict,convicts,0.5790133947531275
21,convict,convicte,0.4409827450552104
21,convict,convictted,0.4825021111829776
21,convict,convictive,0.3309589723781507
21,convict,convictism,0.4858904653100637
21,convict,conviction,0.4462729750510473
21,convict,convicting,0.5029938049221444
21,convict,convictics,0.3951343337502337
21,convict,convicteds,0.4627445663513757
21,conditioning,conditation,0.2107313867817307
21,conditioning,conditement,0.2335470685186442
21,conditioning,conditional,0.0992009192814394
21,conditioning,conditioned,0.382657160447408
21,conditioning,conditionly,0.2107313867817307
21,conditioning,condition's,0.0562135335050428
21,conditioning,conditments,0.0535564691524754
21,conditioning,conditally,0.2335470685186442
21,conditioning,conditions,0.1066006427140559
21,conditioning,conditment,0.1945434029695096
21,conditioning,conditionality,0.1235987517921574
21,conditioning,conditionalism,0.2038147497080003
21,conditioning,conditionative,0.2335470685186442
21,conditioning,conditionfully,0.2335470685186442
21,conditioning,conditioning's,0.2506696288340288
21,conditioning,conditations,0.2335470685186442
21,conditioning,conditing,0.3117071603857936
21,conditioning,condititi,0.2335470685186442
21,conditioning,condition,0.2342699080866646
21,conditioning,condit,0.1649684214821741
21,conditioning,conditionality's,0.2107313867817307
21,conditioning,conditionalities,0.0480501103940698
21,conditioning,conditional's,0.2396881235921643
21,conditioning,conditionaled,0.2335470685186442
21,conditioning,conditionally,0.0830307381577026
21,conditioning,conditionings,0.2847251910482342
21,conditioning,conditionning,0.2829646605895076
21,conditioning,conditational,0.2335470685186442
21,conditioning,conditionals,0.0256183064920612
21,conditioning,conditions's,0.1555397374203749
21,conditioning,conditionned,0.2434446729482272
21,conditioning,conditioneds,0.2335470685186442
21,conditioning,condite,0.0811640143904701
21,conditioning,condits,0.0334862292188665
21,conditioning,condited,0.2107313867817307
21,conditioning,condites,0.2335470685186442
21,conditioning,conditer,0.1945434029695096
21,conditioning,condital,0.1819870272256528
21,conditioning,condit's,0.0981369210349219
22,sichuan,sichuan's,0.596364823362333
22,sichuan,sichuans,0.4785041457961285
22,sichuan,sichuane,0.3733496893274579
22,university,universalizations,0.1062113089970175
22,university,universalization,0.1357977626999203
22,university,universic,0.1533025414256263
22,university,universed,0.0827375459490949
22,university,universes,0.0475247506851998
22,university,universer,0.0511307585662561
22,university,universal,0.1090839218115628
22,university,universability,0.1533025414256263
22,university,universant,0.1083195148228942
22,university,universals,0.1453461410732931
22,university,universers,0.0693158492737596
22,university,universent,0.1083195148228942
22,university,universely,0.1078252644716201
22,university,universeal,0.0029924672209196
22,university,universe's,0.1021638663028704
22,university,universism,0.0979887307243337
22,university,universiti,0.2109286118111402
22,university,universive,-0.0315531691699425
22,university,universing,0.0652324562558179
22,university,universion,0.0465001675368462
22,university,universalizes,0.1384914872840848
22,university,universalizer,0.1083195148228942
22,university,universalized,0.1607062643392135
22,university,universalisms,0.1529133387807788
22,university,universallies,0.0996498484395975
22,university,universalness,0.0862741614776205
22,university,universe,0.0886110266222762
22,university,universities's,0.1507726587651737
22,university,universationally,0.1083195148228942
22,university,universically,0.0465001675368462
22,university,universalism's,0.0765403823075317
22,university,universality's,0.0996498484395975
22,university,universalities,0.1378065988523601
22,university,universalizers,0.1533025414256263
22,university,universalizing,0.1783250584699793
22,university,universallis,0.0889741511187341
22,university,universaling,0.1295608465627101
22,university,universalism,0.1166610566659741
22,university,universality,0.1815814759021555
22,university,universalize,0.1323331862215101
22,university,universaleds,-0.0183615636392918
22,university,universation,0.1533025414256263
22,university,universeable,0.1083195148228942
22,university,universities,0.3791454219442177
22,university,universitied,0.0996498484395975
22,university,universiti's,0.1533025414256263
22,university,university's,0.3666464611768168
22,university,universably,0.0567594735299028
22,university,universable,0.0567594735299028
22,university,universates,0.1533025414256263
22,university,universal's,0.0339748456318079
22,university,universally,0.1595773097062849
22,university,universeity,0.1752649811459147
22,university,universeful,0.1533025414256263
22,university,universitis,0.1216385918237855
22,university,universitys,0.2149132170925576
22,university,universical,0.1533025414256263
22,university,universible,0.1083195148228942
23,battle,battleful,0.2082367789764941
23,battle,battleing,0.226714913946574
23,battle,battles's,0.1330200959549268
23,battle,battlings,0.2027247897516166
23,battle,battl,0.3359452243346096
23,battle,battled,0.2965770698670347
23,battle,battles,0.4219105494635169
23,battle,battls,0.1776592716201508
23,battle,battleness,0.1763569217400571
23,battle,battling's,0.2003596669932178
23,battle,battling,0.3118734601658234
23,battle,battle's,0.2919338620081225
23,city,citi,0.1293247599514742
23,city,citys,0.1632272939695116
23,city,citie,0.1080474775006135
23,city,citis,0.0907055660100639
23,city,cities's,0.1404772964829674
23,city,citiings,0.0766843126294977
23,city,citiness,0.123512614358562
23,city,citie's,0.1345756705850604
23,city,citiing,-0.0582462012139328
23,city,cityeds,0.0766843126294977
23,city,citying,0.1312811497015229
23,city,citys's,0.1233109826385486
23,city,cities,0.3672922421587277
23,city,citied,0.0822531069712638
23,city,citi's,0.0613127298800274
23,city,city's,0.3082764669472496
23,city,cityed,0.1247061443651788
24,domino,dominoed,0.3385878664367502
24,domino,dominoer,0.3266163072124367
24,domino,dominoes,0.6769485117683892
24,domino,domino's,0.3168214797013798
24,domino,dominoes's,0.3266163072124367
24,domino,dominoness,0.3266163072124367
24,domino,dominoe,0.3329406249644787
24,domino,dominos,0.3896064195888285
24,domino,dominoe's,0.3017634248559045
24,domino,dominoers,0.3804592792442801
24,domino,dominoeds,0.3897116954010003
24,domino,dominoous,0.410576974076037
24,domino,dominos's,0.1943034930178715
24,domino,dominoing,0.2486089761141673
25,shaolin,shaoliners,0.4864992149637315
25,shaolin,shaolinalize,0.332593448449939
25,shaolin,shaoline,0.4119843488916109
25,shaolin,shaolins,0.3790609509545952
25,shaolin,shaoliner,0.3379565899021089
25,shaolin,shaolines,0.4864992149637315
25,shaolin,shaolin's,0.5515448066465503
25,monastery,monasterial's,0.3432957804419877
25,monastery,monasteries's,0.3432957804419877
25,monastery,monasteris,0.3768518199690929
25,monastery,monasterie,0.2929006314230965
25,monastery,monasterys,0.4317372737107296
25,monastery,monastery's,0.5551888174055131
25,monastery,monasterial,0.3326730654561728
25,monastery,monasteries,0.6397989278190781
25,monastery,monasteried,0.3978157171739648
25,monastery,monasteri,0.3023768294195606
26,eugene,eugenicalism,0.2781118658549837
26,eugene,eugen,0.3027095720051433
26,eugene,eugenization,0.3299862028977721
26,eugene,eugenal,0.2552961841180703
26,eugene,eugenes,0.2560398796135559
26,eugene,eugener,0.3062445080348558
26,eugene,eugened,0.3207565053930493
26,eugene,eugenic,0.1663809145000072
26,eugene,eugen's,0.1906605501541149
26,eugene,eugenation,0.2781118658549837
26,eugene,eugenics's,0.2781118658549837
26,eugene,eugens,0.2909953636460284
26,eugene,eugenered,0.3643194445448365
26,eugene,eugenes's,0.2781118658549837
26,eugene,eugeneous,0.3299862028977721
26,eugene,eugenical,0.1744784014421218
26,eugene,eugeniced,0.0048369621494282
26,eugene,eugenic's,0.2391082003058491
26,eugene,eugenitis,0.2781118658549837
26,eugene,eugenically,0.146569886503209
26,eugene,eugenize,0.2781118658549837
26,eugene,eugenism,0.2250711171469037
26,eugene,eugening,0.3380111607362318
26,eugene,eugenics,0.170264942095806
26,eugene,eugeners,0.3299862028977721
26,eugene,eugens's,0.2552961841180703
26,eugene,eugenous,0.2781118658549837
26,eugene,eugeneer,0.2781118658549837
26,eugene,eugene's,0.4785460487908896
27,introduction,introductioning,0.2076458446418641
27,introduction,introductions's,0.1605432300156506
27,introduction,introducts,0.1539931516558353
27,introduction,introducte,0.0759082009926892
27,introduction,introduct,0.1816978838094466
27,introduction,introductes,0.146802801656932
27,introduction,introducter,0.1377275482787373
27,introduction,introducted,0.1361592510983436
27,introduction,introductive,0.1609011394727506
27,introduction,introducting,0.1646248700673038
27,introduction,introductant,0.2076458446418641
27,introduction,introductional,0.121847544876452
27,introduction,introductioned,0.183904149778948
27,introduction,introduction's,0.2380190106606318
27,introduction,introductively,0.1605432300156506
27,introduction,introductions,0.204009855140242
27,introduction,introductives,0.1605432300156506
27,of,ofs,0.0211847200476102
27,of,of's,0.0155066035175462
27,of,offing,0.0215410047766174
27,of,offeds,0.0139140904598155
27,of,ofness,0.0128048502295481
27,of,offedly,0.0115266674921468
27,of,offings,0.0087840116650386
27,of,offully,0.0120142877291876
27,of,offul,0.0130685037177891
27,of,offed,0.0175493968231597
27,of,ofs's,0.0125449865925042
27,of,offing's,-0.0279265803407475
27,of,ofnesses,0.0115266674921468
27,work,workfully,0.0912359106121122
27,work,working's,0.064107707072798
27,work,workingly,0.0733007260156983
27,work,worked's,0.0890698154618192
27,work,workeing,0.0765852961378906
27,work,workings,0.142998471807431
27,work,worklies,0.0890698154618192
27,work,workness,0.0717046203746382
27,work,works,0.2775676085840653
27,work,worke,0.0962711515199834
27,work,worked,0.271104962236844
27,work,workes,0.0864899986657118
27,work,workli,0.065328120598903
27,work,workly,0.0832597648608213
27,work,work's,0.1358631933585358
27,work,works's,0.0122766567369528
27,work,workeds,0.1064930106377494
27,work,worke's,0.0890698154618192
27,work,working,0.2919695115409255
27,work,workful,0.0916993249042333
27,report,reportability,0.1332920950101403
27,report,reports,0.3218801277570835
27,report,reporte,0.097501231411734
27,report,reporteating,0.1275145242900496
27,report,reporterness,0.1306155590370566
27,report,reporterreds,0.0835373248828488
27,report,reported,0.2811241293510111
27,report,reportes,0.0302861738787454
27,report,reporter,0.1961460048598736
27,report,reportal,0.1034360245409781
27,report,reportly,0.0779253565041431
27,report,report's,0.2349101757360968
27,report,reportings's,0.0835373248828488
27,report,reportioning,0.0835373248828488
27,report,reportted,0.1347438972404315
27,report,reports's,0.1140431004737202
27,report,reportism,0.0835373248828488
27,report,reportion,0.0835373248828488
27,report,reporting,0.284452857777563
27,report,reportive,0.1117172507976958
27,report,reportics,0.1133609036938741
27,report,reportate,0.0869278288460735
27,report,reportant,0.0661668188089599
27,report,reportals,0.0631861339831574
27,report,reportely,0.0999009955691901
27,report,reporteli,0.0653561404038303
27,report,reporteer,0.0835373248828488
27,report,reporteds,0.115070657527671
27,report,reporters,0.0949539249968923
27,report,reportent,0.1291709779213722
27,report,reportization,0.0835373248828488
27,report,reportables,0.1190299645603698
27,report,reportantly,0.0607216431459355
27,report,reportative,0.0426672884919609
27,report,reportation,0.0426672884919609
27,report,reporters's,0.103549856902547
27,report,reportering,0.1081628000511783
27,report,reporting's,0.0919583479660171
27,report,reportingly,0.1064784640176209
27,report,reportates,0.1275145242900496
27,report,reportator,0.1275145242900496
27,report,reportably,0.0782974074854169
27,report,reportable,0.1712131277239791
27,report,reporter's,0.145364428606481
27,report,reporterly,0.0832574747007594
27,report,reportered,0.1192901184552144
27,report,reportence,0.0835373248828488
27,report,reporteing,0.1275145242900496
27,report,reported's,0.0835373248828488
27,report,reportedly,0.204472956305371
27,report,reporteers,0.0835373248828488
27,report,reportible,0.1275145242900496
27,report,reportized,0.1275145242900496
27,report,reportizer,0.2032148994209606
27,report,reportitis,0.1306155590370566
27,report,reportings,0.1207829158994728
27,report,reportions,0.0607216431459355
27,report,reportness,0.0319772835898575
27,report,reportting,0.1408537461112627
27,report,reportatives,0.1275145242900496
28,typing,type,0.1681823606554174
28,typing,types,0.1596391796026138
28,typing,typee,0.0644429612388323
28,typing,typed,0.3911523666668168
28,typing,typefulness,0.2671380720579596
28,typing,type's,0.2169589936148448
28,typing,typeds,0.1966446051494425
28,typing,typeed,0.2674858914642873
28,typing,typees,0.0548433243430381
28,typing,typeli,0.2443223903210462
28,typing,typed's,0.2443223903210462
28,typing,typeful,0.3050621601001485
28,typing,typeing,0.2809844386441129
28,typing,typelis,0.2671380720579596
28,typing,types's,0.1932571050416225
28,typing,typings,0.3001103808972459
28,typing,typeness,0.1966446051494425
28,typing,typingly,0.2671380720579596
28,typing,typing's,0.3212159462855355
28,typing,typefully,0.2281344065088249
28,practice,practicically,0.1347936773009392
28,practice,practicate,0.0832336360079478
28,practice,practicant,0.1517041426404234
28,practice,practicals,0.1618508976903947
28,practice,practice's,0.2572396810773638
28,practice,practiceds,0.1808512026733021
28,practice,practiceer,0.1808512026733021
28,practice,practiceal,0.1637558152094728
28,practice,practicers,0.1867776943708768
28,practice,practicely,0.1347936773009392
28,practice,practicing,0.3631360051501843
28,practice,practicize,0.0501586482779778
28,practice,practicity,0.057890888501472
28,practice,practicous,0.1885018706896007
28,practice,practicables,0.0957900117518046
28,practice,practicalism,0.1423195190499185
28,practice,practicaliti,0.1808512026733021
28,practice,practicality,0.1467019351327759
28,practice,practicalize,0.1273978755379413
28,practice,practicallys,0.1347936773009392
28,practice,practiceable,0.1613174996297008
28,practice,practicement,0.1852493358793065
28,practice,practiceness,0.1679946805361239
28,practice,practicering,0.1119779955640258
28,practice,practicing's,0.1808512026733021
28,practice,practicingly,0.1808512026733021
28,practice,practicizing,0.1546109300744896
28,practice,practicability,0.1743549877551558
28,practice,practics,0.1555768941848218
28,practice,practic,0.2041381587113326
28,practice,practicabilities,0.1546109300744896
28,practice,practicicalities,0.1808512026733021
28,practice,practiceability,0.1347936773009392
28,practice,practicabilitys,0.1347936773009392
28,practice,practicalisms,0.1347936773009392
28,practice,practicalized,0.1546109300744896
28,practice,practicalizer,0.1119779955640258
28,practice,practicallies,0.1347936773009392
28,practice,practicalness,0.143187130253837
28,practice,practicalization,0.1271985096872732
28,practice,practicated,0.1808512026733021
28,practice,practically,0.1902195949892643
28,practice,practicaled,0.1347936773009392
28,practice,practicants,0.1765342773943945
28,practice,practical's,0.0829197337673992
28,practice,practicable,0.221290029220657
28,practice,practicably,0.1749254538957332
28,practice,practices's,0.1911044722512558
28,practice,practicer's,0.1852493358793065
28,practice,practicered,0.203921181139167
28,practice,practiceing,0.1279176879308466
28,practice,practicedly,0.1347936773009392
28,practice,practiceent,0.0957900117518046
28,practice,practicible,0.1808512026733021
28,practice,practicized,0.140264507229326
28,practice,practicings,0.107496638892579
28,practice,practicical,0.1852493358793065
28,practice,practicableness,0.148216734162752
28,practice,practiceality,0.0957900117518046
28,practice,practicer,0.1847120225622427
28,practice,practices,0.363274829277882
28,practice,practiced,0.3056945692069953
28,practice,practical,0.2948874494496389
28,practice,practicly,0.0285438004919343
28,practice,practicalities,0.1580585889813137
28,practice,practicality's,0.0791484926900965
28,practice,practicalizing,0.1932849097907542
29,traffic,traffice,0.2218763999310265
29,traffic,traffics,0.2534850914704589
29,traffic,traffical,0.1057411830429352
29,traffic,trafficer,0.1375163919604642
29,traffic,trafficed,0.1403657343718403
29,traffic,trafficly,0.2113116580900151
29,traffic,traffic's,0.2670278846322961
29,traffic,trafficant's,0.1640660633021044
29,traffic,trafficators,0.1160484535955827
29,traffic,trafficableness,0.1640660633021044
29,traffic,trafficability,0.1638697199126966
29,traffic,trafficism,0.1640660633021044
29,traffic,trafficing,0.0988950552944303
29,traffic,trafficers,0.2392123598375369
29,traffic,trafficate,0.1170722696600102
29,traffic,trafficant,0.1601563186692447
29,traffic,trafficants,0.1869231989092816
29,traffic,traffically,0.1707249626460391
29,traffic,trafficator,0.0993221143467218
29,traffic,trafficated,0.1943171736458661
29,traffic,trafficable,0.1499023671134234
29,traffic,trafficeers,0.2113116580900151
29,traffic,trafficer's,0.1875699632270989
29,traffic,trafficizer,-0.0566249249774196
29,violation,violating,0.4985685239579
29,violation,violative,0.4015722509685351
29,violation,violators,0.3876948465882001
29,violation,violatate,0.2588426292843809
29,violation,violate's,0.2562821987050113
29,violation,violately,0.2588426292843809
29,violation,violaters,0.2278144464237491
29,violation,violationing,0.3099348916910401
29,violation,violatators,0.3099348916910401
29,violation,violatation,0.2588426292843809
29,violation,violatative,0.2588426292843809
29,violation,violation's,0.2984575709884586
29,violation,violational,0.236580327910317
29,violation,violationed,0.3099348916910401
29,violation,violat,0.2325036642673722
29,violation,violatable,0.2861931968281239
29,violation,violater's,0.2588426292843809
29,violation,violateing,0.2198389637352462
29,violation,violations,0.5533605542413178
29,violation,violator's,0.3915252684761977
29,violation,violator,0.4090459595769925
29,violation,violated,0.5197586612668474
29,violation,violater,0.2656058084223283
29,violation,violates,0.5070310366541576
29,violation,violats,0.3174722202721951
29,violation,violate,0.518927250671295
30,robot,robotizations,0.2778636460102625
30,robot,robotization,0.2714928597559396
30,robot,robots,0.5377498998668497
30,robot,robote,0.1990987164466615
30,robot,robotalized,0.2504269907863299
30,robot,roboteering,0.3455758099988026
30,robot,robot's,0.4542412391685803
30,robot,robotic,0.3827107639777104
30,robot,robotly,0.2276113090494164
30,robot,roboted,0.232575186500033
30,robot,robotes,0.1988669494933385
30,robot,roboter,0.2361223771888612
30,robot,robotalism,0.3011776902363021
30,robot,robotation,0.3197263246913764
30,robot,roboteer's,0.3011776902363021
30,robot,roboticity,0.3011776902363021
30,robot,robotics's,0.3592939430491749
30,robot,robotizing,0.2412982412590767
30,robot,robotancy,0.3399071375028384
30,robot,robotants,0.2774359953733859
30,robot,roboteers,0.3583736128473376
30,robot,robotic's,0.2488140699633229
30,robot,roboticly,0.2591315651239039
30,robot,robotical,0.271518193578239
30,robot,roboticed,0.1799335238778128
30,robot,robotisms,0.2774359953733859
30,robot,robotizer,0.1257649109183451
30,robot,robotizes,0.2475249972502733
30,robot,robotized,0.2975046272123762
30,robot,robotitis,0.1657919617633684
30,robot,robotment,0.2504269907863299
30,robot,robotness,0.236289919845365
30,robot,robotting,0.2965100068221398
30,robot,robotically,0.2697266832986397
30,robot,roboticness,0.2576826440243918
30,robot,robotizer's,0.2276113090494164
30,robot,robotant,0.2276113090494164
30,robot,robotted,0.1886076435002818
30,robot,robotize,0.2696863308571129
30,robot,robotive,0.2504269907863299
30,robot,robotism,0.1853361948764525
30,robot,roboting,0.2704861941390613
30,robot,robotics,0.4570243908120259
30,robot,roboters,0.2488140699633229
30,robot,robotent,0.3011776902363021
30,robot,roboteer,0.3721611883601224
30,robot,robots's,0.3168502288585964
31,cherry,cherries's,0.1648379801052072
31,cherry,cherriness,0.1416172108782248
31,cherry,cherris,0.2003455247268799
31,cherry,cherrys,0.2912770695263901
31,cherry,cherrie,0.2505976299256913
31,cherry,cherri,0.2394240835161774
31,cherry,cherrie's,0.1784924881521939
31,cherry,cherrying,0.3209714917134408
31,cherry,cherrieness,0.2266573273912553
31,cherry,cherries,0.4379916761121561
31,cherry,cherried,0.2117520378024296
31,cherry,cherryed,0.3008655735594772
31,cherry,cherry's,0.3817844050424593
31,cherry,cherri's,0.1115694506707559
32,chibi,chibis's,0.3085899140110821
32,chibi,chibie's,0.3219736644727163
32,chibi,chibiful,0.3315656198483974
32,chibi,chibiing,0.2792537809548026
32,chibi,chiby,0.2359583994474381
32,chibi,chibiness,0.44885963793411
32,chibi,chibi's,0.5441769796272001
32,chibi,chibies,0.4112633315221387
32,chibi,chibied,0.31270239100755
32,chibi,chibys,0.2775217715719413
32,chibi,chibie,0.3181130063245289
32,chibi,chibis,0.5929318358769841
32,maruko,maruko's,0.6536113644548613
32,maruko,marukos,0.5675741730516918
32,chan,chans,0.3777904887640553
32,chan,channed,0.1458725223163208
32,chan,chanlis,0.2132941258004689
32,chan,chans's,0.2361098075373822
32,chan,channing's,0.1189679969999909
32,chan,chan's,0.5131171076388036
32,chan,chanly,0.0856344071085089
32,chan,chanli,0.1576226392174294
32,chan,chanli's,0.2361098075373822
32,chan,channing,0.216382097159419
32,chan,channings,0.0084435999687664
33,uefa,uefas,0.4216238930974667
33,uefa,uefa's,0.5351168726676451
33,champions,championable,0.0861339072844321
33,champions,championants,0.2459981317570148
33,champions,championeers,0.2069944662078802
33,champions,championning,0.1755046648484978
33,champions,champion,0.4498804999549924
33,champions,champione,0.1801521175967005
33,champions,championizing,0.2231824500201014
33,champions,championeer,0.2965690784544
33,champions,championeds,0.2459981317570148
33,champions,championate,0.2069944662078802
33,champions,championant,0.2069944662078802
33,champions,championals,0.2069944662078802
33,champions,championism,0.2069944662078802
33,champions,championing,0.1803174487018901
33,champions,championers,0.2459981317570148
33,champions,champions's,0.2731429570720464
33,champions,championned,0.1841787844709668
33,champions,championed,0.2109428803906624
33,champions,championes,0.2517844426274111
33,champions,championer,0.2559823830104239
33,champions,champional,0.2965690784544
33,champions,champion's,0.3163250613275755
33,league,leagueness,0.2418709130135324
33,league,leagued,0.1987435141172397
33,league,leagues,0.5457472913859934
33,league,leagu,0.3019996541919376
33,league,leagueing,0.2123867927376341
33,league,leagues's,0.2042804896455618
33,league,leaguing,0.2367201278354206
33,league,leaguely,0.1879149454944207
33,league,leagueds,0.2677136319049824
33,league,league's,0.4532844268796728
33,final,finalizer's,0.1121877134013611
33,final,finallization,0.0731840478522265
33,final,finalization's,0.1611538017898068
33,final,finalization,0.1394127398932672
33,final,finalizations,0.184423068894492
33,final,finallation,0.1121877134013611
33,final,finallement,0.0326459277718114
33,final,finalic,0.1121877134013611
33,final,finalli,0.1161029539409127
33,final,finalls,0.1103343939991192
33,final,finally,0.2432298889603843
33,final,finalal,0.1697820236870891
33,final,finales,0.1676558152590379
33,final,finaler,0.1396493363974133
33,final,finaled,0.1762151965717714
33,final,final's,0.1837209588357465
33,final,finalality,0.1121877134013611
33,final,finalement,0.0642986328260214
33,final,finalities,0.0840841247540297
33,final,finality's,0.1438991464466242
33,final,finalizers,0.0904036622863462
33,final,finalizely,0.1121877134013611
33,final,finalizing,0.1519554744683706
33,final,finalled's,0.1121877134013611
33,final,finallized,0.1067639974771099
33,final,finallizer,0.1573277374017143
33,final,finallment,0.0893720316644477
33,final,finallying,0.0893720316644477
33,final,finalments,0.1573277374017143
33,final,finale,0.2129320386989516
33,final,finals,0.2706176643635791
33,final,finall,0.0940672714945126
33,final,finalally,0.1335860425387981
33,final,finalitys,-0.0048232832460427
33,final,finalitis,0.1573277374017143
33,final,finalisms,0.1573277374017143
33,final,finalizer,0.1031675571065353
33,final,finalizes,0.1448071029508789
33,final,finalized,0.1968620088116201
33,final,finallies,0.092999347094822
33,final,finallity,0.1216796154518214
33,final,finallive,0.1639832767115096
33,final,finallize,0.0839731736209912
33,final,finalling,0.1175446514849444
33,final,finally's,0.0630883489717094
33,final,finalment,0.0870130964296499
33,final,finalness,0.092999347094822
33,final,finalize,0.1832503448050046
33,final,finality,0.1933328682289168
33,final,finalism,0.1366470999185484
33,final,finaling,0.2053684943988351
33,final,finale's,0.126444188833512
33,final,finalely,0.0606276721083697
33,final,finallys,0.0316318050798135
33,final,finaller,0.0952610048031942
33,final,finalled,0.1147014004661305
33,final,finalate,0.0731840478522265
33,final,finalements,0.1121877134013611
34,euro,euroe,0.3127911047354579
34,euro,euros,0.3917458885318169
34,euro,euroing,0.2644650702593095
34,euro,euros's,0.2407233753963932
34,euro,euroness,0.2151462975603523
34,euro,euroes,0.2079940922295178
34,euro,euroed,0.2151462975603523
34,euro,euro's,0.3489536035371384
34,step,steps,0.360865165285603
34,step,step's,0.2536724202174684
34,step,steps's,0.0851838064763716
34,step,stepped,0.2580026064607799
34,step,steppings,0.1455866742962841
34,step,steppingly,0.0710627493225895
34,step,stepness,0.1588647283286345
34,step,stepping,0.2688484158907518
34,step,steppeds,0.1159688267866129
35,magnesium,magnesium's,0.4643460698360706
35,magnesium,magnesiumize,0.3034103123265471
35,magnesium,magnesiums,0.4209103579525686
35,hydroxide,hydroxidized,0.4903826338822112
35,hydroxide,hydroxide's,0.5023082838853318
35,hydroxide,hydroxideal,0.4903826338822112
35,hydroxide,hydroxiding,0.4322522480900309
35,hydroxide,hydroxid,0.5992157264068544
35,hydroxide,hydroxides,0.5830346145327221
35,hydroxide,hydroxidal,0.4094365663531176
36,neptune,neptun,0.2684105581264626
36,neptune,neptune's,0.4678177666513305
36,neptune,neptunous,0.3899828869041094
36,neptune,neptuners,0.3493961914601333
36,neptune,neptunism,0.287719199190333
36,neptune,neptunity,0.2090873808020947
36,neptune,neptunerings,0.2957434984741044
36,neptune,neptun's,0.2682228005721812
36,neptune,neptuned,0.364176929589088
36,neptune,neptunic,0.2827547035726873
36,neptune,neptunes,0.7556104115370453
36,neptune,neptuner,0.3493961914601333
36,neptune,neptunal,0.2121297646921847
36,neptune,neptunering's,0.2511334302413194
36,neptune,neptuns,0.342303018599458
36,neptune,neptunes's,0.3357684592642808
36,neptune,neptunering,0.1546410455800288
37,hkd,hkd's,0.4208430513618969
37,rmb,rmb's,0.4803111821891889
37,exchange,exchangability,0.1722021225912429
37,exchange,exchangeabilities,0.197380407160092
37,exchange,exchangeability,0.2076855659538904
37,exchange,exchang,0.1971641960425456
37,exchange,exchangeables,0.1448641951061185
37,exchange,exchangements,0.0372987936450937
37,exchange,exchangeable,0.2166936399694636
37,exchange,exchangeably,0.1656830537309292
37,exchange,exchangement,0.1928312308491775
37,exchange,exchangeness,0.2021805152606372
37,exchange,exchangged,0.1278625004872197
37,exchange,exchanging,0.2962921766662718
37,exchange,exchangism,0.2021805152606372
37,exchange,exchange's,0.3058354446835868
37,exchange,exchangent,0.1506781822241331
37,exchange,exchangers,0.1644462027984691
37,exchange,exchangeds,0.1506781822241331
37,exchange,exchangeal,0.197380407160092
37,exchange,exchangs,0.2281395722653086
37,exchange,exchangable,0.0990999213797128
37,exchange,exchangeing,0.2152597136819744
37,exchange,exchangeers,0.1506781822241331
37,exchange,exchanges's,0.1715421094558204
37,exchange,exchanger's,0.2239754836823012
37,exchange,exchanges,0.3357542943718854
37,exchange,exchanger,0.160456941079954
37,exchange,exchanged,0.280741391360773
37,rate,rates,0.4175842836481689
37,rate,rated,0.2150522764231549
37,rate,ratee,0.2231930649803262
37,rate,rate's,0.2187712597680201
37,rate,rateed,0.181885322141742
37,rate,rateds,0.2017846536302986
37,rate,ratees,0.2321086743403658
37,rate,rateli,0.1575171604134038
37,rate,rately,0.1234934114166754
37,rate,rating,0.352171651003931
37,rate,ratefully,0.151124059396505
37,rate,ratings's,0.1732816865732341
37,rate,rateings,0.0871266605905806
37,rate,rateness,0.1351903602956935
37,rate,rating's,0.1745922563835582
37,rate,rates's,0.2066057168913266
37,rate,ratelis,0.1290416833151549
37,rate,rateing,0.1180648852497979
37,rate,rateful,0.1202899454134687
37,rate,ratedly,0.1290416833151549
37,rate,rated's,0.0166943271435069
37,rate,ratee's,0.1399595546338435
37,rate,ratings,0.2507343143175594
38,movie,movy,0.1044185345216534
38,movie,movi,0.20976146284749
38,movie,movi's,0.1370880452203423
38,movie,movies,0.4294736913046157
38,movie,movied,0.1740720007485166
38,movie,movis,0.236684036608495
38,movie,movys,0.059080714122073
38,movie,movieings,0.0362650323851596
38,movie,movieness,0.1852065364400886
38,movie,moviing,0.1207457703152031
38,movie,movieli,0.1832386914046864
38,movie,moviely,0.1370880452203423
38,movie,movie's,0.3338887221565257
38,movie,movieds,0.1909903589355387
38,movie,movies's,0.1417889294414873
38,movie,movieing,0.1552545328422399
38,ranking,rank,0.4146905009113104
38,ranking,ranks,0.3670372154580861
38,ranking,ranke,0.1089499860675234
38,ranking,rankes,0.2158658882531748
38,ranking,ranked,0.4467340950058589
38,ranking,rankly,0.1625365396074336
38,ranking,rank's,0.1647261431247533
38,ranking,rankings's,0.2900496683094891
38,ranking,rankings,0.4963209701848691
38,ranking,rankness,0.175671076837466
38,ranking,ranknesses,0.2663079734465729
38,ranking,rankfully,0.2397330025049736
38,ranking,ranking's,0.3252829246125676
38,ranking,rankingly,0.2900496683094891
38,ranking,rankeds,0.216695104528766
38,ranking,rankeli,0.2397330025049736
38,ranking,rankely,0.2397330025049736
38,ranking,ranke's,0.1023011704292713
38,ranking,ranks's,0.200729336955839
39,router,router's,0.5523277191849215
39,router,routeres,0.2979950150457916
39,router,routered,0.2960832675553939
39,router,routeratings,0.2979950150457916
39,router,routering,0.3619869226748011
39,router,routerent,0.1075540385526755
39,router,routers's,0.359204466240124
39,router,routere,0.2730179327095937
39,router,routers,0.6437771467704209
39,login,login's,0.0801244856520684
39,login,logined,0.1101669629282092
39,login,logines,0.0252264202881573
39,login,loginer,0.0251342064968244
39,login,loginli,0.0894625968037166
39,login,logination,0.0894625968037166
39,login,loginned,0.0776101310228646
39,login,logining,0.0222004145884294
39,login,loginity,0.0469695620496927
39,login,loginable,0.0657209019408004
39,login,loginator,0.0469695620496927
39,login,loginning,0.0916382440312807
39,login,logine,0.119275354344891
39,login,logins,0.1147791564451032
40,merge,merg,0.2723152107737764
40,merge,merging's,0.1973258567909392
40,merge,mergeing,0.3386653031109756
40,merge,mergging,0.2668061813369927
40,merge,merges's,0.2488858980839305
40,merge,mergings,0.2859934521308461
40,merge,mergs,0.1633250960837183
40,merge,merge's,0.4306935302871761
40,merge,mergs's,0.2650738818961518
40,merge,merglys,0.2878895636330652
40,merge,merging,0.4975928983379638
40,merge,mergged,0.3699476623641533
40,merge,mergeds,0.3401607451177157
40,merge,mergely,0.3484331383690008
40,merge,mergly,0.2878895636330652
40,merge,merged,0.4553152477640147
40,merge,merges,0.4353786366059148
40,merge,merg's,0.2865080521316869
40,videos,videoeli,0.1707368329245317
40,videos,videoely,0.0988034642415345
40,videos,videoing,0.1204460201258156
40,videos,videos's,0.1616801919511076
40,videos,video,0.3387224218698315
40,videos,videoe,0.0268579725927564
40,videos,videoeing,0.0857374666994817
40,videos,videoings,0.0433897256741704
40,videos,videoness,0.1427799988507526
40,videos,videoes,0.1098444649141255
40,videos,videoed,0.0943535430296473
40,videos,video's,0.1616246886395924
41,autumn,autumnalism,0.1165679024510087
41,autumn,autumnation,0.1728870292257983
41,autumn,autumnicity,0.1963374908158311
41,autumn,autumnalness,0.2155383968363358
41,autumn,autumne's,0.2299472910300481
41,autumn,autumnals,0.2071316092931347
41,autumn,autumners,0.2299472910300481
41,autumn,autumns's,0.2299472910300481
41,autumn,autumning,0.198693396255276
41,autumn,autumnity,0.2561250922803119
41,autumn,autumnize,0.159453824121531
41,autumn,autumnous,0.2299472910300481
41,autumn,autumnally,0.2318721926578593
41,autumn,autumnisms,0.2299472910300481
41,autumn,autumnlies,0.2299472910300481
41,autumn,autumnness,0.2299472910300481
41,autumn,autumnly,0.1462661148815336
41,autumn,autumnli,0.1340204427357521
41,autumn,autumnal,0.3750351840884492
41,autumn,autumned,0.1681279437440001
41,autumn,autumner,0.2071316092931347
41,autumn,autumnes,0.2299472910300481
41,autumn,autumnic,0.2299472910300481
41,autumn,autumn's,0.3482106511826076
41,autumn,autumns,0.2913368430032549
41,autumn,autumne,0.1976201229982555
41,autumn,autumnability,0.1393835841879221
42,alpaca,alpacas,0.6947116955727597
42,alpaca,alpaca's,0.6307300190060439
43,petal,petall,0.2328784584766458
43,petal,petals,0.4834238525549377
43,petal,petale,0.2347915906421238
43,petal,petalization,0.3599904152845773
43,petal,petalli,0.3599904152845773
43,petal,petalls,0.2981710679985294
43,petal,petally,0.246611026705538
43,petal,petalic,0.2429794186371735
43,petal,petaled,0.3748788711806617
43,petal,petaler,0.3421374644711529
43,petal,petales,0.1914538737663038
43,petal,petal's,0.4376344695084729
43,petal,petalantly,0.3599904152845773
43,petal,petalers,0.3418333682957361
43,petal,petals's,0.334014541188507
43,petal,petalous,0.3421374644711529
43,petal,petallis,0.1640996608404769
43,petal,petalled,0.3475066577243247
43,petal,petalism,0.3914462372135429
43,petal,petaling,0.1827193648910915
43,petal,petalive,0.0629879678329664
43,petal,petalling,0.1873498651602543
43,petal,petallics,0.4053043136730518
43,petal,petallers,0.3599904152845773
43,petal,petalness,0.3599904152845773
44,english,englishic,0.13803330647144
44,english,englishly,0.1250401779555113
44,english,englished,0.1642563452842608
44,english,englishes,0.19032061047514
44,english,englisher,0.1158104105892017
44,english,english's,0.149497039133531
44,english,englishization,0.0581006003967515
44,english,englishs,0.1321024703568114
44,english,englishe,0.1538561061863898
44,english,englishize,0.0755128523996788
44,english,englishism,0.1408039471713058
44,english,englishing,0.1506927441910927
44,english,englishous,0.1798426519561264
44,english,englishers,0.0727103690948337
44,english,englishable,0.1107517424224576
44,english,englishency,0.13803330647144
44,english,englishized,0.1475232389670493
44,english,englishizes,0.0820622735694602
44,english,englishings,0.1413901482272745
44,english,englishisms,0.0187000108929913
44,english,englishment,0.1533397070107481
44,english,englishness,0.1712404350852959
44,english,englishation,0.13803330647144
44,english,englishments,0.0936458360020521
44,english,englishability,0.1345780858746571
44,quotes,quot,0.1902005170735067
44,quotes,quote,0.3893400300328664
44,quotes,quots,0.377117585658235
44,quotes,quot's,0.1524727133480145
44,quotes,quotli,0.1237283537919365
44,quotes,quoted,0.2268574940239984
44,quotes,quoting,0.2732784237441273
44,quotes,quote's,0.2245682470482706
44,quotes,quotely,0.091166822422834
44,quotes,quoteds,0.2803965318973044
44,quotes,quotted,0.1090482080103802
44,quotes,quotely's,0.1524727133480145
44,quotes,quoteness,0.1237283537919365
44,quotes,quotfully,0.1524727133480145
44,quotes,quoting's,0.2284123638812657
44,quotes,quoteful,0.1752883950849279
44,quotes,quotedly,0.1752883950849279
44,quotes,quoteing,0.1530424375969931
44,quotes,quotes's,0.2634311168817339
44,quotes,quotings,0.0863565613510624
44,quotes,quotting,0.1775929560905782
45,commendatory,commendatories,0.5782854525177707
45,commendatory,commendatori's,0.3917948973813488
45,commendatory,commendatori,0.3533051202884106
45,term,terms,0.1146846896127535
45,term,terme,0.0518166356703263
45,term,terming,0.1650882196889254
45,term,termmed,0.0920590585956807
45,term,termeli,0.1310627241448154
45,term,terme's,0.0673668980527059
45,term,terms's,0.1512037014141034
45,term,term's,0.2564267521212156
45,term,termly,0.1759079640214015
45,term,termli,0.1769688224577149
45,term,termes,0.0214665778452266
45,term,termed,0.2657609812712073
45,term,termlies,0.1769688224577149
45,term,termness,0.1506341339794828
45,term,termming,0.1532271275947987
46,musical,musice,0.1249379819813221
46,musical,musics,0.2791150194343489
46,musical,musicalizer,0.2504437672861483
46,musical,musicalizes,0.261307284788853
46,musical,musicalized,0.2879544078298711
46,musical,musically's,0.2331891119429659
46,musical,musicallies,0.2444978077829215
46,musical,musicalness,0.196133218274716
46,musical,musicability,0.1569541659623905
46,musical,music,0.3472044838373647
46,musical,musicalnesses,0.2331891119429659
46,musical,musicically,0.2444978077829215
46,musical,musicals's,0.2039111123389454
46,musical,musicality,0.3519250688371702
46,musical,musicalism,0.2207561129200053
46,musical,musicalize,0.2381813038471489
46,musical,musicant's,0.1443977902185338
46,musical,musicanted,0.1959578315115251
46,musical,musication,0.1695651749542792
46,musical,musicators,0.2444978077829215
46,musical,musicivity,0.1959578315115251
46,musical,musicing,0.09269567941724
46,musical,musicity,0.1131569117647221
46,musical,musicism,0.1186581733129234
46,musical,musicive,0.1959578315115251
46,musical,musicize,0.1959578315115251
46,musical,musiceds,0.2444978077829215
46,musical,musiceer,0.1959578315115251
46,musical,musicent,0.1633244168949693
46,musical,musicers,0.1959578315115251
46,musical,musicate,0.1996243594954609
46,musical,musicals,0.4168141504065332
46,musical,musicant,0.0848233803721287
46,musical,musics's,0.1711432440021984
46,musical,music's,0.3285233662408011
46,musical,musicer,0.1502584193529166
46,musical,musices,0.2344782940783869
46,musical,musiced,0.168816171164366
46,musical,musicic,0.1959578315115251
46,musical,musicly,0.1257225887914559
46,musical,musicli,0.1959578315115251
46,musical,musicalization,0.232103877766422
46,musical,musicality's,0.1959578315115251
46,musical,musicalities,0.2113696422645241
46,musical,musicalizing,0.2702602402867635
46,musical,musicable,0.1695440757178262
46,musical,musicants,0.1731421497746117
46,musical,musicance,0.1731421497746117
46,musical,musical's,0.3171688878633347
46,musical,musicalli,0.1908451147968926
46,musical,musically,0.396487247211487
46,musical,musicator,0.2156933822349575
46,musical,musicated,0.2198053614813316
46,musical,musicical,0.1785514605910082
46,musical,musicings,0.1731421497746117
46,musical,musicisms,0.075535463456016
46,musical,musicness,0.1672963149563534
46,musical,musicalizations,0.2548409602221065
46,note,note's,0.2014413762952665
46,note,noteds,0.1454273963964641
46,note,noteed,0.097807711476906
46,note,notees,0.0982564416648731
46,note,noteli,-0.0352069069435066
46,note,notely,0.0445003679905298
46,note,noting,0.2201559110304868
46,note,notes,0.1435068919521732
46,note,noted,0.2270592801056831
46,note,notee,0.1052745343583705
46,note,noteness,0.0885888963539248
46,note,notingly,0.1079492864060827
46,note,notedly,0.0810447900749458
46,note,noted's,0.0851336046691693
46,note,notes's,0.0804814256296921
46,note,noteing,0.1519110159115939
46,note,noteful,0.1150623668200885
46,note,notings,0.0829242472936677
47,rubik,rubiks,0.5449440674164495
47,rubik,rubikized,0.48114832049569
47,rubik,rubik's,0.6213818635701672
47,rubik,rubiking,0.5412632362870053
47,rubik,rubiks's,0.28028930618391
47,cube,cubee's,0.2713883842392413
47,cube,cubed's,0.2316821908221853
47,cube,cubeful,0.4082942596039879
47,cube,cubeing,0.3325984681916624
47,cube,cubings,0.2502181006936664
47,cube,cubed,0.3724187389671344
47,cube,cubes,0.4643991639828434
47,cube,cubee,0.2466263771573677
47,cube,cubelies,0.2502181006936664
47,cube,cubeness,0.2603736265410905
47,cube,cubing,0.3552667592206493
47,cube,cubely,0.2710493238619538
47,cube,cubeds,0.2340301168814452
47,cube,cubeed,0.2841153214040066
47,cube,cubees,0.2629497648659333
47,cube,cube's,0.4516182367125423
47,solution,solutable,0.1338355573849495
47,solution,solutizer,0.1499431977129706
47,solution,solutings,0.1566512391218629
47,solution,solutions,0.4176405998821413
47,solution,solut,0.1727937569777022
47,solution,solutal,0.2046745057379622
47,solution,solutly,0.0786439080235936
47,solution,solutic,0.1669734274190211
47,solution,solutes,0.2395003410284759
47,solution,soluted,0.1379156055164947
47,solution,solutioning,0.2155284447846293
47,solution,solutions's,0.1461343263414847
47,solution,solute,0.2243896370932292
47,solution,soluts,0.1566512391218629
47,solution,solutation,0.172250921038038
47,solution,solutative,0.2035958906989995
47,solution,soluteness,0.1566512391218629
47,solution,solution's,0.2749447035388903
47,solution,solutioned,0.199646977802785
47,solution,solutional,0.1605686997143888
47,solution,solutism,0.2035958906989995
47,solution,soluting,0.1045088896991956
47,solution,solutize,0.1338355573849495
47,solution,solutive,0.1874626868128666
47,solution,solutely,0.0517760850007438
47,solution,solute's,0.1787699898983517
47,solution,solutations,0.1630091952550235
47,solution,solutionally,0.0861577722133458
47,steps,step,0.360865165285603
47,steps,step's,0.1892487765873898
47,steps,steps's,0.2223820556275763
47,steps,stepped,0.2383315398130095
47,steps,steppings,0.0579788630943844
47,steps,steppingly,0.0576780498380717
47,steps,stepness,0.1608942729632984
47,steps,stepping,0.2469331093938614
47,steps,steppeds,0.14435950055881
48,melbourne,melbourning,0.2633009094553012
48,melbourne,melbournism,0.2943322319272773
48,melbourne,melbourners,0.3110794051413139
48,melbourne,melbourne's,0.5134838093754316
48,melbourne,melbournes's,0.2636025910256226
48,melbourne,melbourner's,0.2873442858885389
48,melbourne,melbournered,0.2873442858885389
48,melbourne,melbourn,0.348944269269978
48,melbourne,melbournes,0.3946476313134329
48,melbourne,melbourner,0.3035207292624463
48,melbourne,melbourned,0.3083295964478799
48,melbourne,melbourn's,0.2143174581782393
48,melbourne,melbourns,0.3127296086540503
48,university,universalizations,0.1062113089970175
48,university,universalization,0.1357977626999203
48,university,universic,0.1533025414256263
48,university,universed,0.0827375459490949
48,university,universes,0.0475247506851998
48,university,universer,0.0511307585662561
48,university,universal,0.1090839218115628
48,university,universability,0.1533025414256263
48,university,universant,0.1083195148228942
48,university,universals,0.1453461410732931
48,university,universers,0.0693158492737596
48,university,universent,0.1083195148228942
48,university,universely,0.1078252644716201
48,university,universeal,0.0029924672209196
48,university,universe's,0.1021638663028704
48,university,universism,0.0979887307243337
48,university,universiti,0.2109286118111402
48,university,universive,-0.0315531691699425
48,university,universing,0.0652324562558179
48,university,universion,0.0465001675368462
48,university,universalizes,0.1384914872840848
48,university,universalizer,0.1083195148228942
48,university,universalized,0.1607062643392135
48,university,universalisms,0.1529133387807788
48,university,universallies,0.0996498484395975
48,university,universalness,0.0862741614776205
48,university,universe,0.0886110266222762
48,university,universities's,0.1507726587651737
48,university,universationally,0.1083195148228942
48,university,universically,0.0465001675368462
48,university,universalism's,0.0765403823075317
48,university,universality's,0.0996498484395975
48,university,universalities,0.1378065988523601
48,university,universalizers,0.1533025414256263
48,university,universalizing,0.1783250584699793
48,university,universallis,0.0889741511187341
48,university,universaling,0.1295608465627101
48,university,universalism,0.1166610566659741
48,university,universality,0.1815814759021555
48,university,universalize,0.1323331862215101
48,university,universaleds,-0.0183615636392918
48,university,universation,0.1533025414256263
48,university,universeable,0.1083195148228942
48,university,universities,0.3791454219442177
48,university,universitied,0.0996498484395975
48,university,universiti's,0.1533025414256263
48,university,university's,0.3666464611768168
48,university,universably,0.0567594735299028
48,university,universable,0.0567594735299028
48,university,universates,0.1533025414256263
48,university,universal's,0.0339748456318079
48,university,universally,0.1595773097062849
48,university,universeity,0.1752649811459147
48,university,universeful,0.1533025414256263
48,university,universitis,0.1216385918237855
48,university,universitys,0.2149132170925576
48,university,universical,0.1533025414256263
48,university,universible,0.1083195148228942
48,world,worlde's,0.1004175724210993
48,world,worldely,0.0854312748283852
48,world,worldeli,0.0950298992375878
48,world,worldful,0.0883044504014601
48,world,worlding,0.1194125831874438
48,world,worldlys,0.0973409380873271
48,world,worlds's,0.0313379395100973
48,world,worldings,0.108204942361005
48,world,worldly's,0.0544432037936117
48,world,worldlies,0.0879563123466946
48,world,worldness,0.0897227285315131
48,world,worlds,0.2148542840274239
48,world,worlde,0.0898539050894919
48,world,worldes,0.0716673125731631
48,world,worlded,0.0823975423275335
48,world,worldli,0.1055676870956332
48,world,worldly,0.1780209463319545
48,world,world's,0.2786435037643803
48,ranking,rank,0.4146905009113104
48,ranking,ranks,0.3670372154580861
48,ranking,ranke,0.1089499860675234
48,ranking,rankes,0.2158658882531748
48,ranking,ranked,0.4467340950058589
48,ranking,rankly,0.1625365396074336
48,ranking,rank's,0.1647261431247533
48,ranking,rankings's,0.2900496683094891
48,ranking,rankings,0.4963209701848691
48,ranking,rankness,0.175671076837466
48,ranking,ranknesses,0.2663079734465729
48,ranking,rankfully,0.2397330025049736
48,ranking,ranking's,0.3252829246125676
48,ranking,rankingly,0.2900496683094891
48,ranking,rankeds,0.216695104528766
48,ranking,rankeli,0.2397330025049736
48,ranking,rankely,0.2397330025049736
48,ranking,ranke's,0.1023011704292713
48,ranking,ranks's,0.200729336955839
49,yahoo,yahoo's,0.3353812409812693
49,yahoo,yahooed,0.0762911829802659
49,yahoo,yahooes,0.189200424262639
49,yahoo,yahooness,0.1444291897985092
49,yahoo,yahooe,0.1265493984751654
49,yahoo,yahoos,0.2310738761892055
49,yahoo,yahooing,0.1796008572632461
49,yahoo,yahoos's,0.1672448715354226
49,finance,financeable,0.1959895447640507
49,finance,financement,0.118259535796207
49,finance,financing's,0.1606888386013876
49,finance,financy,0.1924534287078101
49,finance,financs,0.2372196656411212
49,finance,financi,0.1758863370118259
49,finance,financeability,0.1841301994630113
49,finance,financeering,0.1355206417437301
49,finance,financements,0.1395652117984267
49,finance,financ,0.2215286963064532
49,finance,financability,0.091231174409019
49,finance,financable,0.1480803542700349
49,finance,financally,0.110415987957091
49,finance,financeers,0.1241786316845644
49,finance,financeals,0.1971760594015323
49,finance,finances's,0.189173334729759
49,finance,financeing,0.1910382956708677
49,finance,financical,0.0850420270321643
49,finance,financiing,0.1502169886966043
49,finance,financings,0.264926568302585
49,finance,financment,0.1037875501528757
49,finance,financals,0.1841760852455717
49,finance,financies,0.2143278494261219
49,finance,financied,0.0909282511795075
49,finance,financing,0.4012938437294906
49,finance,financity,0.189173334729759
49,finance,finance's,0.2860215576409297
49,finance,financant,0.1199755339650969
49,finance,financeal,0.2257676067801865
49,finance,financent,0.1400259868466055
49,finance,financers,0.2051442570020413
49,finance,financeer,0.2321572355986442
49,finance,financely,0.1199755339650969
49,finance,financy's,0.1998984234727327
49,finance,financly,0.193773854454632
49,finance,financal,0.2055734531761772
49,finance,financed,0.2963436444350156
49,finance,finances,0.3159993088174095
49,finance,financer,0.2174698742971698
49,finance,financically,0.189173334729759
50,dow,dows,0.4292184619413371
50,dow,dowe,0.327920881657434
50,dow,dow's,0.5062611831646453
50,dow,dowes,0.2149420165952908
50,dow,dowed,0.2571117726664881
50,dow,dowings,0.248766435983769
50,dow,downess,0.2481873462368623
50,dow,dows's,0.3003264772767604
50,dow,dowing,0.2009721182488778
50,dow,dowe's,0.1707591048854997
50,dow,dowely,0.2097627704346344
50,jones,jone,0.2447526350399524
50,jones,jonee,0.2459104773288065
50,jones,joned,0.157172654667765
50,jones,jonee's,0.1641619359514224
50,jones,jones's,0.3533415895250472
50,jones,jonelis,0.1529235515115156
50,jones,jonelys,0.1869776176883358
50,jones,jonings,0.1869776176883358
50,jones,joneli's,0.1869776176883358
50,jones,joning,0.1685164925066865
50,jones,jonees,0.2534580331523012
50,jones,joneds,0.2114114218933524
50,jones,joneli,0.1604936320323094
50,jones,jonely,0.1110015210720536
50,jones,jone's,0.2335461214750228
51,volkswagen,volkswagenal,0.3698805913570666
51,volkswagen,volkswagen's,0.4745221924609864
51,volkswagen,volkswagenism,0.3338288234078486
51,volkswagen,volkswagening,0.2903760617025926
51,volkswagen,volkswagens,0.486194542666685
52,olympic,olymps,0.1399231609550998
52,olympic,olympe,0.0594092217649643
52,olympic,olymp,0.1916161838685381
52,olympic,olympically,0.2716514882098293
52,olympic,olympicitis,0.3001301343430181
52,olympic,olympicness,0.3001301343430181
52,olympic,olympes,0.1714129623144823
52,olympic,olymper,0.2494202934127515
52,olympic,olymp's,0.2494202934127515
52,olympic,olympous,0.1978602521197601
52,olympic,olympics,0.5304464180261471
52,olympic,olympiti,0.2494202934127515
52,olympic,olympism,0.4132952791611169
52,olympic,olympe's,0.1876009461267035
52,olympic,olympics's,0.3008058721190096
52,olympic,olympicly,0.2104166278636169
52,olympic,olympical,0.2880648937452625
52,olympic,olympic's,0.3529050476208354
52,olympic,olympitis,0.2595434388990421
52,coin,coins,0.5562853041459611
52,coin,coine,0.1986278288318929
52,coin,coines,0.3126850858125187
52,coin,coined,0.1949641278128365
52,coin,coin's,0.4496509825895951
52,coin,coinings,0.1810390775747627
52,coin,coins's,0.3737311402740487
52,coin,coinned,0.2196092534155396
52,coin,coining,0.2804855327739231
52,value,valu,0.170827662932093
52,value,valueful,0.0409276115488033
52,value,valuedly,0.1255626405717647
52,value,values's,0.158155384977778
52,value,valueing,0.1464372670981653
52,value,valuings,0.1829011914524549
52,value,value's,0.2302722282122082
52,value,valueds,0.1887072232403481
52,value,valueli,0.1255626405717647
52,value,valuing,0.2656581756228105
52,value,values,0.3618110824331282
52,value,valued,0.287690167493171
52,value,valu's,0.1306588132237924
52,value,valueness,0.1576448534686569
53,absolute,absoluteization,0.2200164862190744
53,absolute,absoluts,0.2991980182681997
53,absolute,absolution,0.2907348810323394
53,absolute,absoluting,0.1756856063711358
53,absolute,absolutize,0.3445576844671065
53,absolute,absolutive,0.1690672805560813
53,absolute,absolutity,0.2695329237818779
53,absolute,absolutism,0.3390818598612602
53,absolute,absolutous,0.2695329237818779
53,absolute,absoluters,0.2200164862190744
53,absolute,absolutely,0.2041480478963426
53,absolute,absoluteli,0.2857664274382765
53,absolute,absolute's,0.3213860362984304
53,absolute,absolutenesses,0.2695329237818779
53,absolute,absoluteement,0.2760877140441132
53,absolute,absolutally,0.0096963409262401
53,absolute,absolutably,0.2200164862190744
53,absolute,absolutable,0.2200164862190744
53,absolute,absoluterly,0.1638872650645673
53,absolute,absoluteing,0.2289462283379018
53,absolute,absoluteity,0.215880230795849
53,absolute,absoluteism,0.2200164862190744
53,absolute,absoluteize,0.267316416211788
53,absolute,absolutelys,0.2345139878792158
53,absolute,absolutedly,0.19601964448508
53,absolute,absolutized,0.2875360836491216
53,absolute,absolutizes,0.2692556019649247
53,absolute,absolutisms,0.2429813343309834
53,absolute,absolutions,0.1869834846894779
53,absolute,absolutness,0.2457912289189617
53,absolute,absolutment,0.1581971389330264
53,absolute,absolutization,0.2921105499739433
53,absolute,absolut,0.2522565032508516
53,absolute,absoluted,0.1802383646740039
53,absolute,absoluter,0.1083144300584627
53,absolute,absolutes,0.3614678442981131
53,absolute,absolutic,0.2561890978077519
53,absolute,absolutli,0.0435809885942375
53,absolute,absolutly,0.182755688191489
53,absolute,absolut's,0.1876705174057606
53,absolute,absolutizings,0.2200164862190744
53,absolute,absolutation,0.2200164862190744
53,absolute,absolutately,0.2289462283379018
53,absolute,absoluteizes,0.2457912289189617
53,absolute,absoluteized,0.2760877140441132
53,absolute,absolutement,0.1408761431680934
53,absolute,absolutelies,0.215880230795849
53,absolute,absolutely's,0.2200164862190744
53,absolute,absoluteness,0.3473610385313905
53,absolute,absolutional,0.2200164862190744
53,absolute,absolution's,0.1377102789696326
53,absolute,absolutism's,0.2588330587009307
53,absolute,absolutivity,0.2457912289189617
53,absolute,absolutively,0.1495230193105574
53,absolute,absolutizing,0.2504055385999812
53,neutrophils,neutrophill,0.5447739597662403
53,neutrophils,neutrophile,0.5730662765498136
53,neutrophils,neutrophilous,0.5073377946274189
53,neutrophils,neutrophillic,0.4845221128905055
53,neutrophils,neutrophil,0.7502884208108703
53,neutrophils,neutrophiles,0.5466798672003951
53,neutrophils,neutrophills,0.4845221128905055
53,neutrophils,neutrophilic,0.6404308771899238
53,neutrophils,neutrophil's,0.5279289591851806
54,anime,anim,0.1578017778899396
54,anime,animables,0.18817097735336
54,anime,animaling,0.1483248257767638
54,anime,animalize,0.0778332603224794
54,anime,animality,0.0188079173807474
54,anime,animalism,-0.0268098953989121
54,anime,animallys,0.18817097735336
54,anime,animals's,-0.0362907300539186
54,anime,animanted,0.1904728828469902
54,anime,animate's,0.1111556957550249
54,anime,animateds,0.1396393710258982
54,anime,animately,0.0636294552886755
54,anime,animation,0.2362284896803118
54,anime,animating,0.1372845321857478
54,anime,animative,0.0677486092978508
54,anime,animators,0.1913995711193241
54,anime,animealli,0.2570741128315935
54,anime,animeated,0.2210493690144889
54,anime,animeator,0.1995517048403595
54,anime,animeical,0.2363949109465722
54,anime,animeisms,0.2363949109465722
54,anime,animeized,0.1846559803562595
54,anime,animeness,0.2187892889536924
54,anime,animering,0.04909908794115
54,anime,animism's,0.18817097735336
54,anime,animities,0.1653552956164465
54,anime,animatenesses,0.18817097735336
54,anime,animously,0.1491673118042253
54,anime,animateness,0.0902477301672423
54,anime,animating's,0.1720665206396799
54,anime,animatingly,0.1491673118042253
54,anime,animation's,0.1684127962315075
54,anime,animational,0.1720665206396799
54,anime,animationed,0.1366109360603686
54,anime,animators's,0.18817097735336
54,anime,animatoring,0.18817097735336
54,anime,anims,0.0850787790435558
54,anime,animationing,0.18817097735336
54,anime,animations's,0.18817097735336
54,anime,animic,0.1298534534826984
54,anime,animed,0.20867184321968
54,anime,animes,0.4082666308513826
54,anime,animer,0.1661129504590786
54,anime,animal,0.0640991076449945
54,anime,anim's,0.0287449437487162
54,anime,animalization,0.0316596231247868
54,anime,animics,0.1913244077370874
54,anime,animeli,0.2421438155277749
54,anime,animeic,0.1913244077370874
54,anime,animeer,0.1110849969141517
54,anime,animers,0.2005700893628774
54,anime,animmed,0.18817097735336
54,anime,animiti,0.18817097735336
54,anime,animity,0.1366109360603686
54,anime,animism,0.0847355146646414
54,anime,animing,0.1035359483303985
54,anime,animize,0.1040388865714481
54,anime,animous,0.2112468822124416
54,anime,animeal,0.2118613773175006
54,anime,anime's,0.3685682398753135
54,anime,animals,0.1383008691106655
54,anime,animate,0.1320776255770051
54,anime,animant,0.229357760477588
54,anime,animable,0.092244129059064
54,anime,animants,0.18817097735336
54,anime,animal's,-0.0138719963423884
54,anime,animaled,0.0976072705112339
54,anime,animally,0.1055656734760025
54,anime,animates,0.0302389329119819
54,anime,animated,0.2229866157950224
54,anime,animator,0.0939121239459084
54,anime,animeing,0.212653216083656
54,anime,animeism,0.2363949109465722
54,anime,animeers,0.18817097735336
54,anime,animence,0.1653552956164465
54,anime,animeous,0.2440295726576615
54,anime,animer's,0.0142367979607948
54,anime,animes's,0.2421438155277749
54,anime,animeals,-0.0146151360759263
54,anime,animeant,0.1653552956164465
54,anime,animed's,0.1653552956164465
54,anime,animisms,0.0711599807059561
54,anime,animized,0.1089823907090142
54,anime,animical,0.18817097735336
54,anime,animings,0.1653552956164465
54,anime,animalisms,0.1074107386141937
54,anime,animalized,0.0961995698645357
54,anime,animalizes,0.092244129059064
54,anime,animalizer,0.0747915887743206
54,anime,animally's,0.212653216083656
54,anime,animalness,0.1323804889210751
54,anime,animated's,0.1617879586633938
54,anime,animatedly,0.0501251580281947
54,anime,animateing,0.0987119568589569
54,anime,animatings,0.1653552956164465
54,anime,animations,0.1342983521040703
54,anime,animator's,0.1259194857170801
54,anime,animization,0.18817097735336
54,anime,animalizationed,0.18817097735336
54,anime,animalism's,0.18817097735336
54,anime,animality's,0.18817097735336
54,anime,animalities,0.1298534534826984
54,anime,animalizing,0.1110849969141517
54,anime,animeations,0.2363949109465722
54,anime,animeation,0.2134285343930405
54,anime,animeicate,0.2363949109465722
54,anime,animationally,0.2363949109465722
54,anime,animationings,0.18817097735336
54,pillow,pillow's,0.402384009041593
54,pillow,pillowed,0.2776871082156208
54,pillow,pillowes,0.2886856496104418
54,pillow,pillower,0.2300271175826669
54,pillow,pillowic,0.2690307831318015
54,pillow,pillowing,0.2398208024284334
54,pillow,pillows's,0.2462151013948881
54,pillow,pillowation,0.3459106757635314
54,pillow,pillowness,0.2867579739078547
54,pillow,pillowe,0.2899242571066604
54,pillow,pillows,0.5524536452455056
55,annual,annualizes,0.1752554471917654
55,annual,annualizer,0.1317398654140008
55,annual,annualized,0.2683187806933202
55,annual,annualment,0.1397837767347767
55,annual,annualizations,0.1597600999365738
55,annual,annualability,0.186043833753096
55,annual,annuals,0.2219614648188999
55,annual,annuale,0.1639874218635408
55,annual,annuall,0.1991707174402068
55,annual,annualization,0.2845569678267147
55,annual,annualant,0.1905682469220808
55,annual,annuallis,0.1169680949978633
55,annual,annuallys,0.1169680949978633
55,annual,annualled,0.1397837767347767
55,annual,annualing,0.1733135915788983
55,annual,annualism,0.1489945207571834
55,annual,annuality,0.1454571383091199
55,annual,annualize,0.1873286489477435
55,annual,annuals's,0.186043833753096
55,annual,annual's,0.2416770161140984
55,annual,annualls,0.1853105462788024
55,annual,annually,0.3435669638056847
55,annual,annualed,0.1485339546520151
55,annual,annuales,0.1454571383091199
55,annual,annualer,0.1397837767347767
55,annual,annualal,0.1965914969844674
55,annual,annualizing,0.2012098019680554
55,annual,annuallized,0.1397837767347767
55,salary,salari,0.1270311500944828
55,salary,salarys,0.2829847947938033
55,salary,salaris,0.2521901630507708
55,salary,salarie,0.2653382482923794
55,salary,salari's,0.2078546777405253
55,salary,salarial,0.2263350723678204
55,salary,salaries,0.5158500401476689
55,salary,salarier,0.2306703594774387
55,salary,salaried,0.3850822978985425
55,salary,salary's,0.2865535544821205
55,salary,salariers,0.195050466854627
55,salary,salarieds,0.2245600612254306
55,salary,salariate,0.2078546777405253
55,salary,salarying,0.2679446526208009
55,requirement,require,0.3665318000677762
55,requirement,requirs,0.1635836700125616
55,requirement,requireements,0.2563871767053495
55,requirement,requirementings,0.2811629746962976
55,requirement,requir,0.2225131142868044
55,requirement,required,0.2724616677441633
55,requirement,requirer,0.2072884429534633
55,requirement,requires,0.3238776887733747
55,requirement,requiral,0.2311929225173087
55,requirement,requir's,0.1796328812243174
55,requirement,requirable,0.1921892569681741
55,requirement,requirance,0.2311929225173087
55,requirement,requirants,0.2311929225173087
55,requirement,requiredly,0.1216957900596571
55,requirement,required's,0.0559941866522213
55,requirement,requireent,0.2574212798333815
55,requirement,requireing,0.1764873548521869
55,requirement,requirer's,0.2311929225173087
55,requirement,requirents,0.1956074630347959
55,requirement,requireous,0.2311929225173087
55,requirement,requirings,0.1869235862662927
55,requirement,requirment,0.2896670880032837
55,requirement,requirring,0.2083772407803953
55,requirement,requirant,0.1178135339382693
55,requirement,requirred,0.1478792921809414
55,requirement,requirely,0.2311929225173087
55,requirement,requirent,0.2083772407803953
55,requirement,requireds,0.0685505623960781
55,requirement,requirers,0.1914693941989516
55,requirement,require's,0.1493403298840524
55,requirement,requiring,0.3902851927058518
55,requirement,requirementing,0.2311929225173087
55,requirement,requirements's,0.2405762792523215
55,requirement,requirement's,0.3023658366653692
55,requirement,requireable,0.2083772407803953
55,requirement,requireents,0.2691938166925594
55,requirement,requirering,0.1796328812243174
55,requirement,requiringly,0.2083772407803953
55,requirement,requirments,0.2380347000099862
55,requirement,requirations,0.2311929225173087
55,requirement,requireement,0.2260074811968
55,requirement,requirefully,0.2811629746962976
55,requirement,requirements,0.4290138915365711
56,apologetic,apologet,0.4195829677831244
56,apologetic,apologeter,0.4233330862453033
56,apologetic,apologetes,0.4339730320117989
56,apologetic,apologetics,0.5171415618805566
56,apologetic,apologetized,0.4233330862453033
56,apologetic,apologetic's,0.371773044952312
56,apologetic,apologeticly,0.3453257551470341
56,apologetic,apologetical,0.4852229600755866
56,apologetic,apologets,0.4573597778691599
56,apologetic,apologete,0.4004082795642938
56,apologetic,apologetically,0.4161198854489741
56,apologetic,apologetics's,0.4233330862453033
56,songs,song,0.549087968349541
56,songs,songe,0.1152357348195563
56,songs,songe's,0.2328407969807396
56,songs,songful,0.1898243403180405
56,songs,songing,0.1344329482068265
56,songs,songs's,0.2808171649417729
56,songs,song's,0.3609982219960959
56,songs,songes,0.1837845922929515
56,songs,songed,0.1332424446732606
56,songs,songli,0.0862679361598174
56,songs,songly,0.2328407969807396
56,songs,songfulness,0.2161577714734954
56,songs,songfully,0.2069746055313018
56,songs,songing's,0.1882302180322003
56,songs,songingly,0.1882302180322003
56,songs,songedly,0.2364565560088025
56,songs,songes's,0.1264108707461523
56,songs,songings,0.2364565560088025
56,songs,songness,0.2441623648554638
56,songs,songfulnesses,0.1882302180322003
57,axle,axl,0.1838301194420736
57,axle,axls,0.0299125928138745
57,axle,axl's,0.1005654028097863
57,axle,axles,0.65027264772188
57,axle,axled,0.3396369411296147
57,axle,axle's,0.5022113065155243
57,axle,axling,0.1798218246276775
57,ratio,ratioe,0.298251833349784
57,ratio,ratios,0.5295248888784289
57,ratio,ratioing,0.2731920189215794
57,ratio,ratios's,0.2911708293300882
57,ratio,ratio's,0.383649457603497
57,ratio,ratioed,0.2820718097684192
57,ratio,ratioes,0.2375181363440593
58,best,beste,0.1554833798291756
58,best,bests,0.1087000491742642
58,best,bestnesses,0.0939753508877175
58,best,bested,0.1199984564013041
58,best,bestes,0.0708875186967942
58,best,bestly,0.053527883146382
58,best,best's,0.1216619920749513
58,best,bestlies,0.0513063021826958
58,best,bestness,0.0915351024051217
58,best,bestteds,0.0939753508877175
58,best,bestting,0.1100378274451438
58,best,besttings,0.0962607441014514
58,best,besteli,-0.0753747762794902
58,best,bestely,0.0939753508877175
58,best,bestful,0.073204796818304
58,best,beste's,0.1171681144826347
58,best,bests's,0.0284906204457824
58,best,besting,0.1125378988898667
58,office,officically,0.0612022883891884
58,office,officization,0.0954317267639758
58,office,offics,0.1429673130133955
58,office,officly,0.0726160450270624
58,office,officer,0.2577048588866729
58,office,offices,0.3452540631619995
58,office,officed,0.1642415452444686
58,office,offical,0.0462434192134067
58,office,officaling,0.0954317267639758
58,office,officantly,0.0954317267639758
58,office,officate's,0.0954317267639758
58,office,officating,0.0826278752718371
58,office,offication,0.0954317267639758
58,office,officeally,0.0564280612148412
58,office,officeness,-0.0005277464728011747
58,office,officering,0.1044956217172592
58,office,officers's,0.119852987308415
58,office,officerred,0.0954317267639758
58,office,officicals,0.1250320937263638
58,office,officicate,0.1398916806378141
58,office,offic,0.1480952960888524
58,office,officeability,0.0862389876517853
58,office,officing,0.1647450829478186
58,office,officity,0.0553454457815181
58,office,office's,0.2354021279055879
58,office,officeal,0.079932032037615
58,office,officeer,0.1269165126590732
58,office,officeds,0.1522503585012684
58,office,officely,0.1260390609834314
58,office,officeli,0.1458096109085647
58,office,officers,0.2374379586500567
58,office,officent,0.0954317267639758
58,office,officous,0.1161499857748979
58,office,officant,0.0560384398886803
58,office,officals,0.1311764799431219
58,office,officate,0.1161819334620211
58,office,officator,0.1398916806378141
58,office,officates,0.1260390609834314
58,office,officated,0.0815449873030411
58,office,officants,0.0174243956657066
58,office,offically,0.0455322487027732
58,office,offical's,0.0436115782559041
58,office,officeant,0.1522503585012684
58,office,officeals,0.1398916806378141
58,office,officerly,0.0726160450270624
58,office,officered,0.1423837033863025
58,office,officer's,0.1630307078350094
58,office,offices's,0.137469281515012
58,office,officence,0.1398916806378141
58,office,officeize,0.0954317267639758
58,office,officeing,0.1432937163266139
58,office,officeers,0.1425279274772492
58,office,officical,0.0285523929961979
58,office,officitis,0.0954317267639758
58,office,officerings,0.1398916806378141
58,office,officication,0.1398916806378141
58,office,officicating,0.1161499857748979
58,software,softwareical,0.1269262134409335
58,software,softwarelied,0.0829719603133306
58,software,softwarering,0.0829719603133306
58,software,softwar's,0.1127582856715532
58,software,softwared,0.1527146294484671
58,software,softwarer,0.1613533368741349
58,software,softwares,0.2580202662015969
58,software,softwar,0.1928686531859874
58,software,softwars,0.208673672407836
58,software,softwarization,0.1322956569793136
58,software,softwarism,0.1300129410147356
58,software,softwaring,0.1133033737735953
58,software,softwarers,0.1300129410147356
58,software,softwarely,0.0829719603133306
58,software,softwareic,0.1564052914720115
58,software,softwareal,0.1322956569793136
58,software,softwareer,0.1186769199032219
58,software,software's,0.249533393821699
58,software,softwarered,0.1749328694842572
58,software,softwares's,0.134122232398406
58,software,softwareing,0.1381394619857545
58,software,softwareism,0.0829719603133306
59,bios,bio,0.2048531400923412
59,bios,bioed,0.0504986218729381
59,bios,bio's,0.2551783654841418
59,bios,bios's,0.4557810130333717
59,bios,bioing,0.2553958809625526
59,setup,setups,0.4188248743234695
59,setup,setuping,0.2619828850142764
59,setup,setupped,0.2204545238683029
59,setup,setup's,0.3165946779431626
59,setup,setuped,0.2208967065118424
59,setup,setuper,0.1499610569597858
59,setup,setupable,0.2204545238683029
59,setup,setupping,0.2204545238683029
60,blueberry,blueberry's,0.4176143140176588
60,blueberry,blueberrier,0.2237862346741232
60,blueberry,blueberries,0.5816355811537411
60,blueberry,blueberried,0.3637081694278699
60,blueberry,blueberriers,0.2968974012315057
60,blueberry,blueberrie's,0.3495341810773729
60,blueberry,blueberrying,0.3220170954126645
60,blueberry,blueberri,0.3187187755049475
60,blueberry,blueberrys,0.3921278509001606
60,blueberry,blueberrie,0.4394146140960628
60,blueberry,blueberris,0.2807094174192845
60,compote,compotator,0.4268661795075258
60,compote,compotable,0.3953763781481434
60,compote,compotence,0.4268661795075258
60,compote,compotents,0.4040504977706124
60,compote,compotions,0.3878625139583913
60,compote,compotible,0.4143098037636691
60,compote,compotting,0.4143098037636691
60,compote,compotability,0.4658698450566605
60,compote,compoting,0.3953763781481434
60,compote,compotion,0.2945533653129608
60,compote,compotive,0.4430541633197471
60,compote,compoters,0.2446244641659687
60,compote,compotent,0.3064438114520167
60,compote,compotted,0.4658698450566605
60,compote,compot,0.2829433229942759
60,compote,compotation,0.3699429967623646
60,compote,compotators,0.4268661795075258
60,compote,compotement,0.4658698450566605
60,compote,compotibility,0.4658698450566605
60,compote,compots,0.4036045716865555
60,compote,compotations,0.4040504977706124
60,compote,compoted,0.5253646580184836
60,compote,compotes,0.5008542757862744
60,compote,compoter,0.2652286601120822
60,compote,compotencies,0.4658698450566605
61,boeing,boe,0.1592357203770478
61,boeing,boes,0.1693890864738555
61,boeing,boeings,0.4915363358492045
61,boeing,boe's,0.1930188669961229
61,boeing,boeing's,0.6081548010933313
61,history,historiic,0.1304092459632878
61,history,historier,0.0539955350968893
61,history,histories,0.261037241685335
61,history,historied,0.0875916961313727
61,history,historial,0.0900714834934433
61,history,history's,0.189326896038368
61,history,historyed,0.1326989200939209
61,history,historialisms,0.083343765948637
61,history,historiables,0.1273131094383244
61,history,historiality,0.1304092459632878
61,history,historialism,0.083343765948637
61,history,historiallis,0.1131545906201053
61,history,historiation,0.1273131094383244
61,history,historielied,0.1273131094383244
61,history,historis,0.1236593392103814
61,history,historie,0.0984437588193779
61,history,historys,0.0881095547601299
61,history,historially,-0.0344239424992926
61,history,historiated,0.0837752917147547
61,history,historiator,0.1131545906201053
61,history,historiical,0.1326989200939209
61,history,historious,0.1386197370402661
61,history,historieal,0.083343765948637
61,history,historiful,0.0915769926290448
61,history,historials,0.1180629055246179
61,history,historie's,0.1273131094383244
61,history,historying,0.1215109724261292
61,history,histori,0.1580101276648128
62,brady,bradi,0.21778426421408
62,brady,bradied,0.1916432507576803
62,brady,bradies,0.2866125250294651
62,brady,bradi's,0.2534625980437283
62,brady,brady's,0.545279338815914
62,brady,bradyed,0.3731334494184811
62,brady,bradie,0.3797860399497385
62,brady,bradis,0.294483028382038
62,brady,bradys,0.4373158272730258
62,brady,bradie's,0.1846002712812105
62,brady,bradying,0.3488498902147193
62,motion,motionization,0.2557909159719443
62,motion,motione,0.2349189669709169
62,motion,motions,0.4061508701050666
62,motion,motionality,0.0951900514275573
62,motion,motionalism,0.2259763112333163
62,motion,motioneer's,0.2497180060962326
62,motion,motioneering,0.2576953708916256
62,motion,motionated,0.2009744229557237
62,motion,motionator,0.2009744229557237
62,motion,motionable,0.2466632549604806
62,motion,motional's,0.0875950343766842
62,motion,motionally,0.2102773700505752
62,motion,motioneers,0.2912506895642345
62,motion,motionizer,0.2009744229557237
62,motion,motionized,0.1781587412188102
62,motion,motionings,0.2009744229557237
62,motion,motionitis,0.2497180060962326
62,motion,motionning,0.2009744229557237
62,motion,motionness,0.2009744229557237
62,motion,motioner,0.2502233594382327
62,motion,motiones,0.1853896157893403
62,motion,motioned,0.2741056916582386
62,motion,motional,0.3704963656176444
62,motion,motionly,0.2009744229557237
62,motion,motionic,0.2717491805293246
62,motion,motion's,0.326461904230012
62,motion,motions's,0.2251525101671274
62,motion,motionate,0.2497180060962326
62,motion,motionals,0.1781587412188102
62,motion,motionism,0.1781587412188102
62,motion,motioning,0.21148843968734
62,motion,motionful,0.1960653131102037
62,motion,motioners,0.2488832653494243
62,motion,motioneer,0.2385362606287618
63,candle,candled,0.2349539078767475
63,candle,candles,0.6074483323971451
63,candle,candl,0.4047913436813092
63,candle,candls,0.323797666237104
63,candle,candleness,0.2932241348618123
63,candle,candling's,0.2655993349625065
63,candle,candling,0.2476343960586421
63,candle,candleli,0.1999529656911753
63,candle,candle's,0.378530091270535
63,candle,candleing,0.2436112659440053
63,candle,candles's,0.3207544463619085
63,candle,candlings,0.3246741441858677
63,in,ins,0.0347766898020203
63,in,in's,0.0198393476382014
63,in,inly,0.0163047434858378
63,in,inli,0.0137618765020265
63,in,inful,-0.0074381423656469
63,in,inlis,-0.0038266425179066
63,in,inned,0.0122235510005251
63,in,inlys,0.0141764692646394
63,in,ins's,0.01693216680368
63,in,infully,0.0135871006134462
63,in,inlying,0.0042853463588799
63,in,infulness,0.01326451981661
63,in,inness's,0.0047351332541836
63,in,innesses,0.0135871006134462
63,in,inlied,0.01326451981661
63,in,inlies,0.0077804406249078
63,in,inlyed,0.01326451981661
63,in,inly's,0.01326451981661
63,in,inness,0.0149714053981178
63,window,windowization,0.1557230696419617
63,window,windowable,0.2026300498870972
63,window,windowered,0.1329073879050483
63,window,windowfuls,0.2112020428785546
63,window,windowizer,0.1769194186160923
63,window,windowized,0.1329073879050483
63,window,windowings,0.2026300498870972
63,window,windowness,0.2112020428785546
63,window,windowe,0.2456042202720793
63,window,windows,0.2775248018211025
63,window,windowize,0.1864559873984268
63,window,windowism,0.1329073879050483
63,window,windowive,0.1557230696419617
63,window,windowing,0.2668946138021734
63,window,windowers,0.1552796445427748
63,window,windowful,0.203216369914499
63,window,windows's,0.1859896608085671
63,window,windowed,0.2389949597845272
63,window,windower,0.1246807216739176
63,window,windowes,0.1953125261798764
63,window,windowal,0.1557230696419617
63,window,window's,0.3036713397079715
63,meaning,mean,0.3412025274714424
63,meaning,meaneing,0.1798690366779362
63,meaning,meanings,0.4565836762017181
63,meaning,meanning,0.2028334489969466
63,meaning,meanness,0.2408953087092947
63,meaning,means,0.3413999286513816
63,meaning,meane,0.1248914201899982
63,meaning,meanfully,0.1189160538804586
63,meaning,meaning's,0.1867219637661017
63,meaning,meaningly,0.2124238243418736
63,meaning,meannings,0.2046150921580641
63,meaning,meanful,0.160065210034665
63,meaning,meanely,0.1658379331794737
63,meaning,meaneds,0.1886536149163871
63,meaning,means's,0.1326802663293037
63,meaning,meannesses,0.2033757691491951
63,meaning,mean's,0.1435365593089305
63,meaning,meanly,0.2217786712211875
63,meaning,meanes,0.2010399904036136
63,meaning,meaned,0.1491269127844345
64,case,casee's,0.0671537071737122
64,case,cases's,0.0670566395957489
64,case,caseful,0.1378262706401119
64,case,caseing,0.1289784051932351
64,case,casings,0.1389364859319139
64,case,caseeing,0.1453123878649126
64,case,casefuls,0.1020059743775295
64,case,caseings,0.1330465041603246
64,case,casely's,0.1061460597930563
64,case,caseness,0.1396212481095996
64,case,casing's,0.1239599142835029
64,case,cased,0.1685364196011656
64,case,casee,0.1036104485553867
64,case,cases,0.3911436896530521
64,case,casefully,0.1499105512207276
64,case,casing,0.1078789165937012
64,case,casely,0.0579361484515024
64,case,caseli,-0.0435556710519128
64,case,casees,0.1429641067644184
64,case,caseed,0.1330465041603246
64,case,caseds,0.1572597779246402
64,case,case's,0.2028537298033358
64,case,casings's,0.1020059743775295
64,compound,compoundable,0.2570868935573238
64,compound,compoundedly,0.2809673165865315
64,compound,compounder's,0.3092158520756002
64,compound,compoundings,0.2763985887798044
64,compound,compoundment,0.2902353573124512
64,compound,compoundness,0.3304747615213208
64,compound,compoundes,0.2809673165865315
64,compound,compounder,0.2626759591991828
64,compound,compounded,0.322880574490911
64,compound,compound's,0.4419446593869274
64,compound,compoundly,0.2596029831577933
64,compound,compoundation,0.2809673165865315
64,compound,compounding's,0.3238001097599562
64,compound,compoundingly,0.2419636510373969
64,compound,compoundments,0.3334241331419684
64,compound,compounde,0.3401546772222447
64,compound,compounds,0.5263101391396408
64,compound,compoundability,0.2994810389382412
64,compound,compoundded,0.2809673165865315
64,compound,compounders,0.3241668450868109
64,compound,compoundals,0.2809673165865315
64,compound,compounding,0.3697327379717469
64,compound,compounds's,0.3092158520756002
65,cheap,cheapeness,0.1743652873324028
65,cheap,cheapes,0.2504550367624157
65,cheap,cheaped,0.2107331910221878
65,cheap,cheap's,0.2542816718193177
65,cheap,cheaps,0.2497404038722417
65,cheap,cheape,0.283487364472053
65,cheap,cheapnesses,0.1513764181696897
65,cheap,cheaped's,0.1285607364327763
65,cheap,cheapness,0.2477492401353137
65,cheap,cheaping,0.1861831443693593
65,cheap,cheapely,0.1743652873324028
65,cheap,cheape's,0.2029247599256032
65,root,roots,0.3226015360298469
65,root,roote,0.1924986270262197
65,root,rootly,0.223547031332523
65,root,rootes,0.0942051384011852
65,root,rooted,0.3020555666741404
65,root,root's,0.4036364889894639
65,root,rootingly,0.2721196513044085
65,root,rooting,0.3294728066242328
65,root,rootlis,0.2225023218864496
65,root,rooteds,0.2225023218864496
65,root,rootful,0.2728250468207286
65,root,roots's,0.1885357447902441
65,root,rootted,0.2721196513044085
65,root,roote's,0.1996866401495362
65,root,rootes's,0.1996866401495362
65,root,rooted's,0.1996866401495362
65,root,rootedly,0.2284260950321877
65,root,rootings,0.2071999562329683
65,root,rootness,0.103439641150259
65,canals,canal's,0.4638555485385148
65,canals,canaled,0.4737556065308197
65,canals,canaler,0.387294362338519
65,canals,canales,0.1879356556275936
65,canals,canally,0.2886789517402544
65,canals,canalls,0.4327381452395525
65,canals,canalli,0.2938074276259463
65,canals,canalization,0.2994645212210871
65,canals,canal,0.5211838854220796
65,canals,canall,0.2658815085618404
65,canals,canale,0.2166244209728738
65,canals,canalizing,0.2958383925559044
65,canals,canaller's,0.3669828900059337
65,canals,canalous,0.4351346570829182
65,canals,canallis,0.3441672082690203
65,canals,canaller,0.2083505059475262
65,canals,canalled,0.4382630223079647
65,canals,canaling,0.3151767435485693
65,canals,canalize,0.2151989476249143
65,canals,canalers,0.4121074770020117
65,canals,canale's,0.1998364951179111
65,canals,canales's,0.2092366944255897
65,canals,canalizes,0.2764191831638077
65,canals,canalizer,0.3669828900059337
65,canals,canalized,0.3849395047421051
65,canals,canalling,0.4239678342617464
65,canals,canalli's,0.3669828900059337
65,canals,canallers,0.3864863559831865
65,canals,canally's,0.3669828900059337
65,canals,canalness,0.3669828900059337
65,canals,canalizations,0.2536035014268943
66,create,createfully,0.054880719700843
66,create,created's,0.1075024629068696
66,create,createdly,0.054880719700843
66,create,creates's,0.0776964014377564
66,create,createing,0.1062957117123764
66,create,creatings,0.1011644975155887
66,create,creatness,0.1243897608091823
66,create,creatting,0.1146925161484537
66,create,creat,0.1085560889646221
66,create,creating,0.2901181835550119
66,create,createds,0.110529755313179
66,create,creately,0.0958304237360923
66,create,createli,0.1214365370639796
66,create,create's,0.1382977213356669
66,create,creatted,0.0546389213637234
66,create,creats,0.0928031040561907
66,create,creately's,0.054880719700843
66,create,creating's,0.1458861782497788
66,create,creatly,0.1018276917123559
66,create,created,0.2733231218602288
66,create,creates,0.2071061022958786
66,create,creat's,0.0571081467570873
66,website,websiteings,0.0564035837573059
66,website,websiteness,-0.0107590858692513
66,website,websitement,0.0173999182081713
66,website,websitering,0.1185210205336172
66,website,websiteability,0.1080503255920418
66,website,websits,0.1178551173234767
66,website,websitered,0.1026230271449026
66,website,websites's,0.0919787825305904
66,website,websiteics,0.0992795142771885
66,website,websiteing,0.0912581982091502
66,website,websitings,0.0926480763573141
66,website,websit,0.1354735589085103
66,website,websitous,0.1129388198854825
66,website,websiting,0.0959825924697059
66,website,websition,0.1034794012191971
66,website,websiteal,0.0898606641431054
66,website,websiteds,0.1153574098859771
66,website,websiteer,0.1034794012191971
66,website,websiters,0.0866071356626966
66,website,website's,0.1897877616333719
66,website,websited,0.0885937323037087
66,website,websiter,0.1046744668846159
66,website,websites,0.3105081064704288
66,website,websit's,0.0844392444728585
66,website,websitefully,0.0992795142771885
66,website,websitelying,0.0992795142771885
67,recital,recit's,0.3987819770960522
67,recital,recited,0.3230963633733566
67,recital,reciter,0.3381131736792428
67,recital,recites,0.2857913924259166
67,recital,recitations,0.2618050417478932
67,recital,recitatives,0.3810818556274028
67,recital,recit,0.2194893865254403
67,recital,recite,0.2999480092491353
67,recital,recits,0.4416512197044485
67,recital,reciteation,0.3670400344221538
67,recital,recitals,0.6040964488173373
67,recital,recitant,0.2321095205787232
67,recital,recitate,0.2575429019645022
67,recital,reciting,0.3079241833224822
67,recital,recition,0.3154799931291625
67,recital,recititi,0.3442243526852404
67,recital,recitive,0.3442243526852404
67,recital,reciteal,0.3670400344221538
67,recital,recitent,0.3670400344221538
67,recital,reciters,0.3111178748555978
67,recital,recital's,0.4640268169935173
67,recital,recitable,0.2711131861278579
67,recital,recitator,0.3280363688730192
67,recital,recitates,0.3670400344221538
67,recital,recitated,0.3154799931291625
67,recital,recitaled,0.3987819770960522
67,recital,recitants,0.3442243526852404
67,recital,reciter's,0.3154799931291625
67,recital,recitence,0.3442243526852404
67,recital,reciteing,0.2403589559599677
67,recital,recitings,0.3227034698880514
67,recital,recitalize,0.3670400344221538
67,recital,recitating,0.3670400344221538
67,recital,recitative,0.3782317875176244
67,recital,recitation,0.2925834964927238
67,recital,recitement,0.3442243526852404
67,recital,recitional,0.3670400344221538
67,recital,reciting's,0.3442243526852404
67,recital,recitation's,0.3670400344221538
67,recital,recitational,0.3491691081782453
67,recital,recitatively,0.3670400344221538
67,recital,recitability,0.3670400344221538
67,themes,themeness,0.1014372651658535
67,themes,theming's,0.186727659441762
67,themes,themelis's,0.1176252489780747
67,themes,themeful,0.1014372651658535
67,themes,themeing,0.1683015053349961
67,themes,themelis,-0.0097582859081778
67,themes,themes's,0.2003019833962153
67,themes,themings,0.1461409639977859
67,themes,theme,0.1084157811339154
67,themes,themed,0.0949092604256904
67,themes,themee,0.1200683630477768
67,themes,theme's,0.2301524391522786
67,themes,themeli,0.0234299340675843
67,themes,themely,0.1324403211080193
67,themes,themeds,0.0388355780257282
67,themes,themeed,0.1781749468103278
67,themes,themees,0.119056570646385
67,themes,theming,0.2026610098134033
68,dell,dells,0.2544644649142764
68,dell,delle,0.2829926928298167
68,dell,dell's,0.5050309848484812
68,dell,delled,0.1569059324211445
68,dell,delles,0.1655690366038057
68,dell,dellelis,0.2456871714994961
68,dell,dellings,0.1838678242134481
68,dell,dellness,0.301760038740761
68,dell,delling's,0.2066835059503615
68,dell,delle's,0.2228714897625827
68,dell,delling,0.2482458970395038
68,dell,dellely,0.2456871714994961
68,stock,stocking,0.1824243290029528
68,stock,stocklys,0.1227674439158962
68,stock,stocklis,0.0999517621789828
68,stock,stocks's,0.1423609988210488
68,stock,stocke's,0.0949823004357991
68,stock,stockely,0.1413040607587893
68,stock,stockeds,0.1227674439158962
68,stock,stocking's,0.0775581505946442
68,stock,stocks,0.3820384946073902
68,stock,stocke,0.104703982088825
68,stock,stocked's,0.144595169353606
68,stock,stockings,0.1240987985158093
68,stock,stockly's,0.0999517621789828
68,stock,stockli's,0.0999517621789828
68,stock,stockness,0.1865335363924838
68,stock,stock's,0.3148526201016493
68,stock,stockly,0.053807669090567
68,stock,stockli,0.0430733518038124
68,stock,stocked,0.1692010657136376
68,stock,stockes,0.0999024422376923
69,diwali,diwalie,0.4405763216432447
69,diwali,diwalis,0.3093272444458891
69,diwali,diwaly,0.4232195987691085
69,diwali,diwali's,0.4610205926276496
70,dna,dnaed,0.2482895192586813
70,dna,dna's,0.4360074033329392
70,dna,dnaing,0.3126179095655736
70,strand,strands's,0.2794897656988698
70,strand,strandful,0.3551617220058904
70,strand,stranding,0.2736132374034095
70,strand,strandeds,0.2176704184128218
70,strand,strande's,0.2908333316989981
70,strand,strandli,0.1412482736851401
70,strand,strandly,0.2404861001497352
70,strand,stranded,0.3005638793277139
70,strand,strandes,0.3558762913802599
70,strand,strand's,0.4447467632403358
70,strand,strande,0.2662241085123541
70,strand,strands,0.4947491615672605
70,strand,strandness's,0.2633017818866486
70,strand,stranded's,0.1786667528636872
70,strand,strandings,0.2655667535503537
70,strand,strandness,0.2342769283665206
71,dog,dogs,0.4889456328072344
71,dog,dog's,0.4172551725771835
71,dog,dogli,0.1747498023628809
71,dog,dogly,0.1768246284509829
71,dog,doggeds,0.1127422701553859
71,dog,dogging,0.16210588652764
71,dog,dogness,0.211998963954906
71,dog,dogged,0.1589613560794158
71,dog,dogful,0.1984914972257971
71,dog,dogs's,0.1920590702937978
71,dog,dogging's,0.2033186260043395
71,dog,doggingly,0.1984914972257971
71,dog,dogged's,0.1984914972257971
71,dog,doggedly,0.1392767663771308
71,food,foods,0.4257689000890394
71,food,foode,0.1267496296151141
71,food,food's,0.2224468828247325
71,food,fooded,0.1170957221642421
71,food,foodes,0.1319346221135807
71,food,foodly,0.1112526369952261
71,food,foodings,0.1115836377794881
71,food,foodness,0.1584712810943003
71,food,fooding,0.1463704983075493
71,food,foods's,0.1454593953511549
71,food,foodful,0.1348199678725286
71,food,foode's,0.0859931363433646
71,food,fooding's,0.1396458293293935
71,for,fors,0.0211971462128509
71,for,for's,0.0239144665479479
71,for,forly,-0.0364663565608962
71,for,forli,0.0007677435318900566
71,for,forness's,0.0171863364251326
71,for,forlis,0.0101090546089809
71,for,forful,0.0171863364251326
71,for,fors's,0.0171863364251326
71,for,forred,0.0182574062883287
71,for,forlyed,0.0171863364251326
71,for,forli's,-0.0010826112728961
71,for,forlies,0.0171863364251326
71,for,forlied,0.0171863364251326
71,for,forness,0.0201883788583631
71,for,forfully,0.0171863364251326
71,allergies,allergiic,0.2828961301036519
71,allergies,allergier,0.2651820077249651
71,allergies,allergial,0.2828961301036519
71,allergies,allergy's,0.2549490958270233
71,allergies,allergy,0.5836774346050164
71,allergies,allergi,0.3223523340044066
71,allergies,allergis,0.2972577163234972
71,allergies,allergie,0.3455773367293753
71,allergies,allergys,0.3304661362879154
71,allergies,allergie's,0.2813119516363955
71,allergies,allergiant,0.2828961301036519
72,driving,drive,0.3013082347355713
72,driving,driveness,0.1580446696084889
72,driving,driving's,0.2501347688238908
72,driving,drivingly,0.1578116100974243
72,driving,drived,0.1947775104034901
72,driving,drivee,0.2391287471398726
72,driving,drives,0.2124945400043841
72,driving,drive's,0.0963968924993828
72,driving,drivees,0.2480521768216952
72,driving,driveed,0.1067123611888883
72,driving,driveds,0.2573255746693799
72,driving,drively,0.1930204845889166
72,driving,driveli,0.1582724024818796
72,driving,driveing,0.1501309745739701
72,driving,drives's,0.1892210124641409
72,driving,drivings,0.2198947596270729
72,school,schooleli,0.1270092102429857
72,school,schoolful,0.0982280957108987
72,school,schooling,0.2550020836856375
72,school,schools's,0.1658337474208145
72,school,schooling's,0.1436078014576948
72,school,schools,0.4130323994536397
72,school,schoole,0.0803076925197098
72,school,school's,0.2969958492791698
72,school,schooles,0.1174522538394681
72,school,schooled,0.1910767124036388
72,school,schooled's,0.1270092102429857
72,school,schoolings,0.1294924534756201
72,school,schoolness,0.1094518231467234
73,drum,drums,0.5465266491566864
73,drum,drummings's,0.3034538146428097
73,drum,drumness,0.2092144262128047
73,drum,drumming,0.4603773587553205
73,drum,drum's,0.4206273320374469
73,drum,drumli,0.3034538146428097
73,drum,drumly,0.2692598032873302
73,drum,drumming's,0.3132747662279944
73,drum,drumful,0.3034538146428097
73,drum,drums's,0.2628671191988336
73,drum,drummed,0.2691829449526679
73,drum,drummings,0.2257196895618998
74,earnings,earn,0.3134783053419167
74,earnings,earns,0.3013397668159417
74,earnings,earne,0.1104704901343523
74,earnings,earning,0.3973518559578733
74,earnings,earnned,0.2153843638556196
74,earnings,earnful,0.2851480657237802
74,earnings,earneds,0.234445410690887
74,earnings,earning's,0.3365810401213415
74,earnings,earnnings,0.2973877781434527
74,earnings,earnning,0.2766255627113164
74,earnings,earn's,0.0772704930616316
74,earnings,earnly,0.2182574268786657
74,earnings,earnes,0.0786410592716729
74,earnings,earned,0.3525280113141055
74,calendar,calendarally,0.0825676205191715
74,calendar,calendarized,0.0712680238383414
74,calendar,calendarizer,0.1053833022560849
74,calendar,calendarical,0.0447583658863508
74,calendar,calendarness,0.1502471576936092
74,calendar,calendarallied,0.1502471576936092
74,calendar,calendarfully,0.1587653460627337
74,calendar,calendarizers,0.0825676205191715
74,calendar,calendarizing,0.1223966768345436
74,calendar,calendaricities,0.1053833022560849
74,calendar,calendare,0.0770092235766901
74,calendar,calendars,0.2922417739935468
74,calendar,calendareal,0.1053833022560849
74,calendar,calendarics,0.1053833022560849
74,calendar,calendaring,0.1859900820455938
74,calendar,calendarism,0.1509300728554729
74,calendar,calendarity,0.1053833022560849
74,calendar,calendarize,0.069971030826894
74,calendar,calendars's,0.1053833022560849
74,calendar,calendarred,0.126505462830693
74,calendar,calendarli,0.126505462830693
74,calendar,calendarly,0.1096604622496331
74,calendar,calendaric,-0.0304981283302874
74,calendar,calendared,0.1274424879230643
74,calendar,calendarer,0.1053833022560849
74,calendar,calendar's,0.2456728484714883
74,calendar,calendarically,0.1053833022560849
74,calendar,calendarization,0.0615078950067365
75,famous,famousnesses,0.2205125404307461
75,famous,famously,0.2907805682665189
75,famous,famousal,0.2246286626527588
75,famous,famoused,0.1783671956317784
75,famous,famouses,0.1485695584582
75,famous,famouser,0.2489259931183953
75,famous,famous's,0.2725757306172666
75,famous,famousity,0.1918276162471497
75,famous,famousing,0.2246286626527588
75,famous,famousful,0.1768636558727665
75,famous,famouse's,0.1768636558727665
75,famous,famouslies,-0.0231971834270111
75,famous,famousness,0.2209977025595096
75,famous,famouse,0.2202053275446385
75,black,blackeds,0.1421305144027095
75,black,blackely,0.1146275270581511
75,black,blackful,0.0585795722563505
75,black,blacking,0.1500833249333869
75,black,blacklis,0.0423103123317924
75,black,blacklys,0.0975832378054851
75,black,blacks's,0.0867586149403158
75,black,blacke's,0.0988783292412255
75,black,blackness's,0.1183888195397933
75,black,blacknesses,0.1377165244831143
75,black,blacks,0.283003967840525
75,black,blacke,0.1127991095042504
75,black,blackings,0.1211075634192027
75,black,blacklies,0.0281892551780103
75,black,blackness,0.2772748517692387
75,black,blackly,0.1162980139817675
75,black,blackli,0.0142376204687885
75,black,blackes,0.1402267401667359
75,black,blacked,0.170203091319686
75,black,black's,0.2066647436053893
75,black,blackeness,0.1481431555386669
75,black,blackfully,0.1501885336908463
75,black,blackingly,0.0747675560685717
75,black,blacking's,0.0576387259033
75,black,blacklying,0.1421305144027095
75,leaders,leadere,0.1373948356315027
75,leaders,leadering,0.170330864501083
75,leaders,leaderism,0.2215516920041406
75,leaders,leaderize,0.2295956179725733
75,leaders,leaders's,0.2331714569289648
75,leaders,leaderous,0.1763985011806373
75,leaders,leaderred,0.1763985011806373
75,leaders,leaderful,0.240681612960301
75,leaders,leaderized,0.1763985011806373
75,leaders,leaderealing,0.1763985011806373
75,leaders,leaderability,0.1763985011806373
75,leaders,leaderation,0.1535828194437239
75,leaders,leaderfully,0.1763985011806373
75,leaders,leaderly,0.2290651030292547
75,leaders,leadered,0.1508238179078249
75,leaders,leaderes,0.2295956179725733
75,leaders,leaderer,0.0240461247930471
75,leaders,leaderal,0.2241446288688058
75,leaders,leader's,0.3220111033832156
75,leaders,leader,0.4014884065319648
76,financial,financiable,0.173516252895292
76,financial,financial's,0.242293935869587
76,financial,financialed,0.1448651760996051
76,financial,financially,0.328348088631968
76,financial,financiates,0.1230269194090784
76,financial,financiated,0.1686068709625213
76,financial,financieals,0.1757395589177757
76,financial,financier's,0.1630958074720387
76,financial,financiered,0.1448651760996051
76,financial,financierings,0.1548248066937925
76,financial,financialization,0.2337086829427858
76,financial,financiability,0.1448651760996051
76,financial,financialization's,0.1686068709625213
76,financial,financiate,0.100211237672165
76,financial,financials,0.2951612644905105
76,financial,financiers,0.2476342450120651
76,financial,financieal,0.1883696935099863
76,financial,financieer,0.1686068709625213
76,financial,financier,0.241684967356963
76,financial,financie,0.1048574113343903
76,financial,financiables,0.1230269194090784
76,financial,financiality,0.1420688275936698
76,financial,financialism,0.1861494845423533
76,financial,financialize,0.1816436979131714
76,financial,financiating,0.1686068709625213
76,financial,financiation,0.1417972849758008
76,financial,financiering,0.0689581320812929
76,financial,financialitis,0.0802545176674441
76,financial,financializes,0.1230269194090784
76,financial,financialized,0.20428542460285
76,financial,financially's,0.100211237672165
76,financial,financializations,0.1686068709625213
76,financial,financializers,0.1686068709625213
76,financial,financializing,0.1868756608292269
76,engines,engin's,0.1791944726524371
76,engines,engined,0.3308994677543405
76,engines,enginer,0.1050308103358976
76,engines,enginator,0.1539752252013515
76,engines,enginated,0.2157945724873995
76,engines,enginer's,0.2114869635373558
76,engines,engineous,0.1559004397340633
76,engines,engines's,0.2379692689265083
76,engines,enginered,0.0396224765576489
76,engines,engineers,0.2238072868964447
76,engines,engineing,0.2372838802573922
76,engines,enginizer,0.2651396565233848
76,engines,enginitis,0.2651396565233848
76,engines,engineation,0.2157945724873995
76,engines,engineers's,0.0975457043126567
76,engines,engineerred,0.0346671588031475
76,engines,engineering,0.1918419744634798
76,engines,engineereds,0.2157945724873995
76,engines,engin,0.204834465361791
76,engines,enginefully,0.1929788907504861
76,engines,enginerings,0.1929788907504861
76,engines,enginerring,0.1244751689455231
76,engines,engineer,0.183351728211328
76,engines,enginent,0.2157945724873995
76,engines,engineli,0.2651396565233848
76,engines,engine's,0.3604654013239676
76,engines,enginous,0.1767909069382649
76,engines,enginned,0.2157945724873995
76,engines,engining,0.2490779096983222
76,engines,enginize,0.2157945724873995
76,engines,enginers,0.1812381671878934
76,engines,engineered's,0.2157945724873995
76,engines,engineerings,0.2272834190843522
76,engines,engineerring,0.277042408373951
76,engines,engins,0.2706445031625145
76,engines,engine,0.5100880927887973
76,engines,enginators,0.2413979616604685
76,engines,engineer's,0.1608950361290199
76,engines,engineerly,0.2157945724873995
76,engines,engineered,0.2014421396310791
76,engines,enginering,0.1535933650557319
76,engines,enginerred,0.1311595434644381
76,engines,enginivity,0.2157945724873995
76,engines,engineering's,0.1625769458788987
76,engines,engineeringly,0.1791944726524371
77,find,finde,0.074941005824607
77,find,finds,0.104155303364467
77,find,findings's,0.0511148082556891
77,find,findeli,-0.0594957865872038
77,find,findely,0.0261595612121898
77,find,findeds,0.0667462566561659
77,find,finding,0.1769375068672853
77,find,finds's,0.0430045617932497
77,find,find's,0.0772511812886604
77,find,finded,0.0624165140306537
77,find,findes,-0.0247927963064793
77,find,findli,0.0261595612121898
77,find,findly,-0.0033216070308987
77,find,findeing,0.0584226213975122
77,find,findding,0.0617277942230754
77,find,findings,0.0443339367158323
77,find,findness,0.0251392424357575
77,find,findly's,0.0430045617932497
77,find,finddings,0.0683694635988716
77,find,findeings,0.0251392424357575
77,find,findingly,0.0023235606988441
77,find,finding's,0.035512557904334
77,part,partli,0.0777882137617093
77,part,partly,0.2059735502672697
77,part,partes,0.100907997706891
77,part,parted,0.1694372774169761
77,part,part's,0.1581479751481904
77,part,parte,0.0963469746051768
77,part,parts,0.2513595192450987
77,part,parted's,0.1330657356951152
77,part,partings,0.092159970174813
77,part,partlies,0.0729793971604128
77,part,partness,0.1074012703808281
77,part,partting,0.0927863903077074
77,part,partful,0.0729793971604128
77,part,parting,0.1639483068311077
77,part,parts's,0.1075566319990066
77,part,parte's,0.1021072845834242
77,part,parteds,0.125752613260644
77,part,partely,0.1148927792434061
77,part,parteli,0.0521996948637313
77,part,partingly,0.0501637154234994
77,part,parting's,0.0826504032137653
77,time,timefully,0.0527524291662398
77,time,timeing's,0.0683449976707572
77,time,timeeing,0.0683449976707572
77,time,timeings,0.0692944506838878
77,time,timelies,0.044603302807841
77,time,timeness,0.0667706217275603
77,time,timely's,0.0578748615009433
77,time,timing's,0.0786380314669412
77,time,timingly,0.0743098980223293
77,time,timed,0.1022630335817913
77,time,timee,0.0214674584704088
77,time,times,0.2490371085130713
77,time,timefulness,0.044603302807841
77,time,time's,0.1152169309178911
77,time,timeli,0.0302368769914856
77,time,timely,0.1383607829501053
77,time,timeed,0.0514009249199933
77,time,timees,0.0560759885472314
77,time,timeds,0.0763558815289502
77,time,timing,0.1513101905107371
77,time,timeing,0.0733460669009966
77,time,timedly,0.0277583022267812
77,time,timeely,0.0700070845094223
77,time,timeful,0.0557489921060267
77,time,timed's,0.0712362413010151
77,time,timee's,0.026675626690516
77,time,times's,0.0791425020444307
77,time,timelys,0.044603302807841
77,time,timings,0.0860844771681212
77,job,jobfully,0.161025014243053
77,job,jobs,0.3661389127610807
77,job,job's,0.1930170113268455
77,job,jobbing,0.1433910063016187
77,job,jobness,0.0877253056821875
77,job,jobfulness,0.1484765497206043
77,job,jobful,0.1449514647828391
77,job,jobbed,0.1529285894845699
77,job,jobs's,0.1116004220202716
77,job,jobbings,0.0664761199287317
78,formal,formalations,0.2021379115906435
78,formal,formalation,0.1733935520345655
78,formal,formalism's,0.2305307331583087
78,formal,formality's,0.2731005442524605
78,formal,formalities,0.2293566666266733
78,formal,formalizers,0.2813501409489961
78,formal,formalizing,0.3199506182554964
78,formal,formallized,0.2013158479722236
78,formal,formalize,0.3124902965291276
78,formal,formalive,0.2021379115906435
78,formal,formality,0.3404275309666884
78,formal,formaliti,0.2021379115906435
78,formal,formalism,0.3415192717994252
78,formal,formalate,0.2021379115906435
78,formal,formalated,0.1733935520345655
78,formal,formalates,0.2249535933275569
78,formal,formalizer,0.2964137101603875
78,formal,formalizes,0.2746896884583262
78,formal,formalized,0.3433897939450793
78,formal,formalisms,0.3459600841487138
78,formal,formalitis,0.2249535933275569
78,formal,formalitys,0.1343898864854309
78,formal,formalling,0.2249535933275569
78,formal,formallize,0.2021379115906435
78,formal,formallity,0.2021379115906435
78,formal,formalment,0.1733935520345655
78,formal,formalness,0.1984322978010639
78,formal,formallation,0.2249535933275569
78,formal,formallities,0.1859499277784223
78,formal,formalizations,0.267655801909274
78,formal,formall,0.2648481184279113
78,formal,formale,0.3011548936258377
78,formal,formals,0.38321964669532
78,formal,formalization,0.3381425888274015
78,formal,formalization's,0.2746704117529466
78,formal,formal's,0.3188295160085462
78,formal,formaled,0.1859499277784223
78,formal,formales,0.2877328382911133
78,formal,formaler,0.2992209500669345
78,formal,formalic,0.2021379115906435
78,formal,formalls,0.2249535933275569
78,formal,formally,0.3687494987380051
78,fallacy,fallaciously,0.4295089758007008
78,fallacy,fallaciousli,0.3412029594523183
78,fallacy,fallaciousness,0.4345262082129061
78,fallacy,fallacys,0.3929807353779076
78,fallacy,fallacis,0.1777844436482116
78,fallacy,fallacie,0.2465863466008322
78,fallacy,fallaciousnesses,0.3802066250014529
78,fallacy,fallacious,0.5347827028218869
78,fallacy,fallacy's,0.4010414800740756
78,fallacy,fallacied,0.3802066250014529
78,fallacy,fallacies,0.5294549385066595
78,fallacy,fallacial,0.3286465837084616
78,fallacy,fallaci's,0.2452761111580224
78,fallacy,fallaci,0.2175410694084106
79,grasslands,grasslander's,0.4081161896741939
79,grasslands,grassland's,0.4196763453805336
79,grasslands,grasslander,0.3840935817262805
79,grasslands,grasslanders,0.4860766514618905
79,grasslands,grasslanding,0.4081161896741939
79,grasslands,grassland,0.6327299515589444
80,hp,hp's,0.4947223850760849
80,printer,printering,0.2602088923558138
80,printer,printers's,0.237180627736681
80,printer,printeres,0.2311279220841702
80,printer,printerer,0.1819195942351204
80,printer,printered,0.1586360794125182
80,printer,printerly,0.2225111067268921
80,printer,printer's,0.3890152373352824
80,printer,printers,0.5108189906486111
80,printer,printere,0.2162928544218343
80,offline,offlin,0.2914950583287414
80,offline,offlins,0.3225827314211205
80,offline,offlineing,0.2727346817231802
80,offline,offlinings,0.2230933638644649
80,offline,offliner,0.2701952135325307
80,offline,offlined,0.2859009701605036
80,offline,offlines,0.2451971219260396
80,offline,offlineableness,0.2230933638644649
80,offline,offlineness,0.2377936095986466
80,offline,offlining,0.3090269234720557
80,offline,offliners,0.3339563399159103
80,offline,offlineds,0.2230933638644649
80,offline,offline's,0.2793673357635441
81,ibm,ibme,0.093433260001691
81,ibm,ibms,0.3374881390881836
81,ibm,ibm's,0.5577127398125872
81,ibm,ibmed,0.2749158338051324
81,ibm,ibming,0.1782463027318299
81,ibm,ibms's,0.2248457286707294
81,ibm,ibmness,0.2982998640890595
81,quote,quot,0.1817940538658629
81,quote,quots,0.3360904198546612
81,quote,quot's,0.1314479976776228
81,quote,quotli,0.1027036381215448
81,quote,quotes,0.3893400300328664
81,quote,quoted,0.243761273869108
81,quote,quoting,0.2791562391270807
81,quote,quote's,0.2371492215338683
81,quote,quotely,0.0692887830207319
81,quote,quoteds,0.2471451795676096
81,quote,quotted,0.1136091369339186
81,quote,quotely's,0.1314479976776228
81,quote,quoteness,0.1027036381215448
81,quote,quotfully,0.1314479976776228
81,quote,quoting's,0.177369732970061
81,quote,quoteful,0.1542636794145361
81,quote,quotedly,0.1542636794145361
81,quote,quoteing,0.1626382591255984
81,quote,quotes's,0.1814390716205669
81,quote,quotings,0.0845558613920733
81,quote,quotting,0.1551828630988161
82,itunes,itun,0.3478669420128075
82,itunes,itunates,0.2379487703306051
82,itunes,ituner's,0.2379487703306051
82,itunes,itunes's,0.3469498255451628
82,itunes,ituns,0.2483916148404307
82,itunes,itune,0.395023634937099
82,itunes,itunization,0.2952016065121113
82,itunes,ituned,0.2973058762414243
82,itunes,ituner,0.1338751223788534
82,itunes,itunity,0.2379487703306051
82,itunes,ituning,0.2884686903424426
82,itunes,ituners,0.2476063246032821
82,itunes,itune's,0.3158509967996398
82,error,errorfully,0.1564154748694922
82,error,errorism's,0.2033505575547213
82,error,errorizing,0.1564154748694922
82,error,errorously,0.1335997931325788
82,error,error's,0.2552509513367174
82,error,erroric,0.1564154748694922
82,error,errorer,0.2033505575547213
82,error,errores,0.1449709731907641
82,error,errored,0.2665429402411612
82,error,erroral,0.1564154748694922
82,error,errore,0.1476644621744673
82,error,errors,0.3675131943553605
82,error,errorous,0.1919571576514064
82,error,errors's,0.1857984466692229
82,error,errorred,0.2110102988746847
82,error,errorful,0.1766056168974896
82,error,errorize,0.1564154748694922
82,error,errorism,0.102619486790588
82,error,errority,0.1564154748694922
82,error,erroring,0.2478451934685177
82,error,errorable,0.1335997931325788
82,error,erroreous,0.2035676525157981
82,error,errorizer,0.1564154748694922
82,error,errorisms,0.1564154748694922
82,error,errorness,-0.0403343862599863
82,error,errorring,0.1796088626918051
83,jetstar,jetstar's,0.6456066981875397
83,jetstar,jetstars,0.6067394619081379
83,airlines,airlins,0.3008114491464491
83,airlines,airline,0.6203746874906554
83,airlines,airliners's,0.2489309864717971
83,airlines,airlin,0.4445807480684403
83,airlines,airliner's,0.3163056644095651
83,airlines,airlines's,0.3600259018502043
83,airlines,airlining,0.2459682750642437
83,airlines,airline's,0.4880618828355244
83,airlines,airliners,0.3910274312603971
83,airlines,airlineal,0.2489309864717971
83,airlines,airlineds,0.2996209680502726
83,airlines,airlineer,0.2489309864717971
83,airlines,airlined,0.2313805741804377
83,airlines,airliner,0.3786223855051647
83,hong,honge's,0.2400108149619068
83,hong,honging,0.1994241195179308
83,hong,honglied,0.1916458478578227
83,hong,hongli's,0.1688301661209093
83,hong,honge,0.0632643013868147
83,hong,hongs,0.2174301614675622
83,hong,hong's,0.2969006583590791
83,hong,hongly,0.2078604899170289
83,hong,hongli,0.2266556184053217
83,hong,honged,0.2162691200989906
83,hong,honges,0.2400108149619068
83,kong,kongs,0.284305196084568
83,kong,konge,0.0928381290882097
83,kong,kongfully,0.2373547453703844
83,kong,kongelys,0.1044583456933619
83,kong,kongness,0.1890933747163233
83,kong,kongli,0.1662776929794099
83,kong,konges,0.1662776929794099
83,kong,konged,0.1650359792064444
83,kong,kong's,0.4138277411480334
83,kong,kongs's,0.1662776929794099
83,kong,konge's,0.1890933747163233
83,kong,konging,0.2144427861552618
83,kong,kongeli,0.1890933747163233
84,key,keys,0.3137681037757522
84,key,keye,0.0896430171627824
84,key,key's,0.2331498781539174
84,key,keyed,0.2253556331747039
84,key,keyes,0.1200050739402423
84,key,keyeing,0.1204298075394373
84,key,keyes's,0.0927300154805563
84,key,keyed's,0.1204298075394373
84,key,keyings,0.0937364344692692
84,key,keyness,0.111924318420695
84,key,keys's,0.1391485003947626
84,key,keying,0.2347217176708361
84,key,keyely,0.1204298075394373
84,key,keyeli,0.1204298075394373
84,key,keye's,0.0757279721126002
84,man,mans,0.1794413596170647
84,man,man's,0.3409342707491092
84,man,manly,0.2255969862752159
84,man,manli,0.0089661205148885
84,man,manfully,0.2078245666156683
84,man,mannings,0.1186457541310928
84,man,mannings's,0.1523740875906637
84,man,manlies,0.0712006967027115
84,man,manli's,0.1074272740907882
84,man,manly's,0.1634795954719693
84,man,manness,0.1078779424243327
84,man,manning,0.1873660457422071
84,man,manfulness,0.1645137196543617
84,man,manning's,0.157875861434903
84,man,manningly,0.1074272740907882
84,man,manful,0.1477530006732652
84,man,mans's,0.1428119199597723
84,man,manned,0.1734602933443735
84,man,manlys,0.1418981390313207
84,man,manlis,0.0972513023100952
84,insurance,insurant,0.190392477582066
84,insurance,insure's,0.1932902997003983
84,insurance,insurred,0.209404886970509
84,insurance,insureal,0.2149385788759615
84,insurance,insureer,0.2103975070715139
84,insurance,insureds,0.3169450432377328
84,insurance,insurent,0.1439993833035739
84,insurance,insurers,0.3899024619732801
84,insurance,insurity,0.2006656595410584
84,insurance,insuring,0.3154841684582328
84,insurance,insuribility,0.1808562458587349
84,insurance,insurably,0.1885071272202417
84,insurance,insurable,0.312216142383968
84,insurance,insuranci,0.1911098013575949
84,insurance,insurancy,0.1952888796064448
84,insurance,insurants,0.191283748618729
84,insurance,insured's,0.2907575375324679
84,insurance,insureers,0.2009112471472982
84,insurance,insureing,0.1885071272202417
84,insurance,insurence,0.3475049081981137
84,insurance,insurency,0.1119828420467407
84,insurance,insurents,0.1119828420467407
84,insurance,insurered,0.1637610717401138
84,insurance,insurer's,0.2957530223220587
84,insurance,insurment,0.1347985237836541
84,insurance,insurring,0.1885071272202417
84,insurance,insur,0.3314075869432368
84,insurance,insurables,0.1885071272202417
84,insurance,insurancys,0.1968339228154417
84,insurance,insurances,0.3513197902004542
84,insurance,insurancis,0.2009112471472982
84,insurance,insuration,0.1347985237836541
84,insurance,insurative,0.1885071272202417
84,insurance,insureable,0.1571145509958187
84,insurance,insureants,0.2059303420899736
84,insurance,insureance,0.2805108597395046
84,insurance,insureence,0.2474309190104438
84,insurance,insurences,0.2160030492805583
84,insurance,insureness,0.1347985237836541
84,insurance,insurers's,0.1885071272202417
84,insurance,insuring's,0.1808562458587349
84,insurance,insurability's,0.1885071272202417
84,insurance,insurabilities,0.1808562458587349
84,insurance,insurances's,0.1885071272202417
84,insurance,insuranceing,0.1951730821625046
84,insurance,insur's,0.1852545017103229
84,insurance,insured,0.3995683899325138
84,insurance,insurer,0.4116026602412817
84,insurance,insures,0.2515593415883663
84,insurance,insuranceness,0.1808562458587349
84,insurance,insurance's,0.3016366289038759
84,insurance,insurancies,0.1867353056391238
84,insurance,insurancely,0.1808562458587349
84,insurance,insurs,0.2482203730662781
84,insurance,insure,0.3339232280609004
84,insurance,insurability,0.2881322054533042
84,insurance,insureances,0.2009112471472982
85,largest,largests,0.1142741315344094
85,largest,largeste,0.088565212184289
85,largest,largester,0.1456765124782708
85,largest,largest's,0.1787409199360421
85,largest,largestate,0.0976672200128216
85,species,specie's,0.2927981242944338
85,species,specieds,0.2680361566094131
85,species,speciely,0.2185780984528094
85,species,speciful,0.2185780984528094
85,species,speciing,0.0505908250727155
85,species,specying,0.1405707673545401
85,species,specifully,0.2185780984528094
85,species,speciingly,0.227449461165437
85,species,speci,0.1019366290185622
85,species,specy,0.1374724863221416
85,species,speci's,0.1868627657214609
85,species,specied,0.2628706900694095
85,species,specy's,0.133943069429848
85,species,specie,0.3287714256622011
85,species,specis,0.2799712968682378
85,species,specys,0.195762416715896
85,species,species's,0.303352487840552
85,species,speciings,0.2185780984528094
85,of,ofs,0.0211847200476102
85,of,of's,0.0155066035175462
85,of,offing,0.0215410047766174
85,of,offeds,0.0139140904598155
85,of,ofness,0.0128048502295481
85,of,offedly,0.0115266674921468
85,of,offings,0.0087840116650386
85,of,offully,0.0120142877291876
85,of,offul,0.0130685037177891
85,of,offed,0.0175493968231597
85,of,ofs's,0.0125449865925042
85,of,offing's,-0.0279265803407475
85,of,ofnesses,0.0115266674921468
85,eel,eels,0.4194024426034393
85,eel,eele,0.2753705339314159
85,eel,eel's,0.5304449310546602
85,eel,eeles,0.1812071994986433
85,eel,eeled,0.3609970061717673
85,eel,eelings,0.3531951715864063
85,eel,eeling,0.3568608101974054
85,eel,eele's,0.2844327283290291
85,eel,eeleds,0.3897597759310036
85,eel,eeling's,0.4461655326970037
86,low,lowe,0.1076963699900312
86,low,lows,0.2514338086191998
86,low,lowfulness,0.1588906551137566
86,low,low's,0.1730102503795844
86,low,lowed,0.1331843883649247
86,low,lowes,0.1769937914370236
86,low,lownesses,0.113689671593682
86,low,lowness's,0.0746860060445474
86,low,lowelies,0.0621296303006907
86,low,lowing's,0.0908739898567687
86,low,loweing,0.0908097722851607
86,low,lowes's,0.0855360913330335
86,low,lowings,0.0550068524933743
86,low,lowness,0.1620167234020416
86,low,lowful,0.113689671593682
86,low,lowely,0.0825174222477556
86,low,loweds,0.113689671593682
86,low,lowe's,0.1359765226176676
86,low,lowing,0.1338022555737172
86,monocytes,monocyt,0.5619150632500729
86,monocytes,monocytic,0.6536632279290431
86,monocytes,monocyte,0.7441334948209016
87,manila,manilaes,0.3588508282768511
87,manila,manila's,0.5484639891543259
87,manila,manilas,0.3723931987297589
87,manila,manilae,0.2707807431070427
88,mexico,mexicoing,0.2017502477597302
88,mexico,mexicos's,0.2017502477597302
88,mexico,mexicoeating,0.2066566263232976
88,mexico,mexicoes,0.15487758302252
88,mexico,mexicoal,0.2066566263232976
88,mexico,mexico's,0.3824026085447222
88,mexico,mexicos,0.2721143831932367
88,mexico,mexicoe,0.1374218574528379
88,climate,climateering,0.2661376611470357
88,climate,climatizers,0.2039476693047659
88,climate,climatizing,0.2293789449228067
88,climate,climatically,0.3049192611576261
88,climate,climaticness,0.1959929626216772
88,climate,climat,0.3088028426835439
88,climate,climateers,0.2930376675569987
88,climate,climateful,0.1731772808847639
88,climate,climatized,0.1585986041006973
88,climate,climatizer,0.058561130545975
88,climate,climatizes,0.1959929626216772
88,climate,climatic's,0.1731772808847639
88,climate,climatical,0.232284230331139
88,climate,climaticly,0.1959929626216772
88,climate,climats,0.1998405497546182
88,climate,climat's,0.1731772808847639
88,climate,climator,0.1566530040859578
88,climate,climated,0.193021138333242
88,climate,climater,0.1569892970725426
88,climate,climates,0.3611571473234333
88,climate,climatal,0.2635593800786558
88,climate,climatic,0.4221017465568645
88,climate,climatization,0.140193635438774
88,climate,climation,0.1569892970725426
88,climate,climating,0.2332265579402272
88,climate,climatics,0.0558403426933071
88,climate,climately,0.1959929626216772
88,climate,climate's,0.333256842326095
88,climate,climateer,0.2009237586152845
88,climate,climators,0.1711798009680189
88,climate,climatize,0.1863026160435718
88,climate,climatism,0.3260549539933443
89,mineral,mineralizes,0.3133737939933483
89,mineral,mineralizer,0.2607376463664785
89,mineral,mineralized,0.4521643106849171
89,mineral,mineralness,0.3053448574431202
89,mineral,miner,0.2429109922425897
89,mineral,minereality,0.2636529559219218
89,mineral,minerator,0.2151202515198879
89,mineral,minerates,0.2246492903727871
89,mineral,mineraled,0.2246492903727871
89,mineral,minerally,0.3878705043305594
89,mineral,mineralli,0.272341189520703
89,mineral,mineral's,0.3972839219138808
89,mineral,minereals,0.3149404535908049
89,mineral,minerings,0.2636529559219218
89,mineral,minerity,0.2636529559219218
89,mineral,minering,0.2408372741850083
89,mineral,minerals,0.5671039156505441
89,mineral,minerate,0.2636529559219218
89,mineral,minerant,0.3119769883719361
89,mineral,minerers,0.2636529559219218
89,mineral,minereal,0.3373720982121331
89,mineral,minere's,0.2636529559219218
89,mineral,minerred,0.15415582346427
89,mineral,miners's,0.1790179268989603
89,mineral,mineralizations,0.3460751221182858
89,mineral,minerization,0.2636529559219218
89,mineral,mineralities,0.3282635878564829
89,mineral,mineralizers,0.2764603768689898
89,mineral,mineralizing,0.3667294442799353
89,mineral,minerality,0.3920467527968531
89,mineral,mineralism,0.2636529559219218
89,mineral,mineralize,0.3777100393229189
89,mineral,minerals's,0.3119769883719361
89,mineral,mineration,0.2636529559219218
89,mineral,mineralization,0.4839978218570117
89,mineral,minerly,0.1131775554930483
89,mineral,mineres,0.2612877606047761
89,mineral,minered,0.2636529559219218
89,mineral,mineric,0.2408372741850083
89,mineral,miner's,0.2619515649958426
89,mineral,miners,0.3014252622286025
89,mineral,minere,0.2332136030028791
89,element,elementate,0.1604859699616854
89,element,elementals,0.1093624327864962
89,element,elemente's,0.2206522581335804
89,element,elementers,0.045841913578782
89,element,elements's,0.1966178591726912
89,element,elementics,0.0339569965388971
89,element,elementing,0.226175596723685
89,element,elemention,0.2374972587146402
89,element,elementive,0.1969105632706642
89,element,elementism,0.2120460112546768
89,element,elementally,0.2280860544860809
89,element,elemental's,0.154837552118277
89,element,elementable,0.1730423457055422
89,element,elementated,0.2612389535775564
89,element,elementeals,0.2612389535775564
89,element,elementical,0.2612389535775564
89,element,elementitis,0.1969105632706642
89,element,elementized,0.1502266639686288
89,element,elementlies,0.2612389535775564
89,element,elementical's,0.2612389535775564
89,element,element's,0.4355754220524219
89,element,elemented,0.193689463600482
89,element,elementes,0.1930242718080589
89,element,elementer,0.2141712558180024
89,element,elemental,0.2802821113077983
89,element,elemently,0.2612389535775564
89,element,elementic,0.2075862605915275
89,element,elementli,0.2675920421909997
89,element,elementalities,0.2206522581335804
89,element,elementality,0.178104093419989
89,element,elementalism,0.1839152796311673
89,element,elementaling,0.2120460112546768
89,element,elementation,0.0037745368200446
89,element,elementative,0.2612389535775564
89,element,elementicals,0.1969105632706642
89,element,elementicity,0.2612389535775564
89,element,elementional,0.1892303295177634
89,element,elementizing,0.2612389535775564
89,element,elemente,0.1624593135340786
89,element,elements,0.4347501864033672
89,element,elementalized,0.2612389535775564
89,element,elementalings,0.2120460112546768
89,element,elementalisms,0.1892303295177634
89,element,elementalness,0.2120460112546768
90,native,nativs,0.1824930024953135
90,native,natives's,0.2414460296444635
90,native,nativered,0.1930250839069097
90,native,nativizes,0.1930250839069097
90,native,nativized,0.2427688961306872
90,native,nativisms,0.2269140252149116
90,native,nativitys,0.0045246581586756
90,native,nativness,0.1930250839069097
90,native,nativization,0.245365913190262
90,native,nativ,0.2143295469242962
90,native,nativ's,0.1771176393375712
90,native,natived,0.1884893912309291
90,native,natives,0.3985982917254868
90,native,nativer,0.2507246329402738
90,native,nativeizers,0.2414460296444635
90,native,nativation,0.1540214183577751
90,native,nativeized,0.1414650426139183
90,native,nativement,0.1375982284442959
90,native,nativeness,0.2154239419989422
90,native,nativism's,0.1540214183577751
90,native,nativities,0.1710270824533549
90,native,nativity's,0.0755494201680668
90,native,nativizing,0.2300631173958265
90,native,nativity,0.1852722753205042
90,native,nativiti,0.1150177528086404
90,native,nativism,0.2652059316029507
90,native,nativize,0.2187660237697781
90,native,natively,0.3130287243405696
90,native,nativeds,0.2414460296444635
90,native,nativers,0.1930250839069097
90,native,nativent,0.2177043347815473
90,native,native's,0.2910846465056065
90,native,nativenesses,0.2414460296444635
90,american,americanization,0.2074210008070487
90,american,americanallies,0.1017140326125577
90,american,americanizations,0.0910858832985145
90,american,americaners,0.1327353255359016
90,american,americanics,0.1017140326125577
90,american,americaning,0.1464289645205583
90,american,americanned,0.1226872696576421
90,american,americans's,0.1408069047222559
90,american,americanism,0.253198649443781
90,american,americanity,0.1476855243251099
90,american,americanize,0.1761297920172193
90,american,americane,0.1133675691513589
90,american,americans,0.4006292702452883
90,american,americanational,0.1239615909824986
90,american,americanable,0.1499899808790841
90,american,americanancy,0.1526234458342429
90,american,americaneers,0.1499899808790841
90,american,americanizer,0.0938099445451633
90,american,americanizes,0.1112674595302836
90,american,americanized,0.1933399420123809
90,american,americanitis,0.1287837511510694
90,american,americanisms,0.1912440782505543
90,american,americanness,0.193465637432464
90,american,americanized's,0.1464289645205583
90,american,american's,0.2433643903118507
90,american,americanal,0.1017140326125577
90,american,americaned,0.1193515750742673
90,american,americaner,0.1354823916076227
90,american,americanes,0.0478832002500951
90,american,americanic,0.0821005742136661
90,american,americanly,0.0576862907271165
90,american,americanallis,0.0627103670634231
90,american,americanicity,0.1499899808790841
90,american,americanism's,0.1769061152277961
90,american,americanizing,0.1659832907885575
90,american,americanizers,0.1091860100500093
90,american,americanization's,0.1226872696576421
90,mexican,mexican's,0.3268517633422345
90,mexican,mexicanes,0.2739440753506917
90,mexican,mexicaner,0.2911987306938742
90,mexican,mexicaned,0.2605434844223556
90,mexican,mexicanal,0.2097050846501799
90,mexican,mexicanisms,0.2727306987516669
90,mexican,mexicanized,0.3234986467062881
90,mexican,mexicanizes,0.1379375688999162
90,mexican,mexicanness,0.3207004517523826
90,mexican,mexicanization,0.3211500135417262
90,mexican,mexicans,0.4844810172586731
90,mexican,mexicane,0.0786693602201429
90,mexican,mexicanicity,0.2605603248890574
90,mexican,mexicanizing,0.2941833469776042
90,mexican,mexicanity,0.1421630252796577
90,mexican,mexicanism,0.2637621770392564
90,mexican,mexicanize,0.1215639357505065
90,mexican,mexicans's,0.2842851792852718
91,openwrt,openwrt's,0.6699456254295093
92,pandora,pandora's,0.3991636569014676
92,pandora,pandoras's,0.3408015877197791
92,pandora,pandorae,0.3669495637961321
92,pandora,pandoras,0.3771341620574266
93,protecting,protectiveness,0.2341308463188487
93,protecting,protectables,0.281396067860344
93,protecting,protectant's,0.1695975769074948
93,protecting,protectation,0.2314169241935429
93,protecting,protectibles,0.1408532173514169
93,protecting,protecticing,0.281396067860344
93,protecting,protectingly,0.1886142320459631
93,protecting,protection's,0.2040981554305009
93,protecting,protectionli,0.2314169241935429
93,protecting,protectioned,0.2314169241935429
93,protecting,protectional,0.1745387601364731
93,protecting,protective's,0.1674548086356449
93,protecting,protectively,0.1804849516679697
93,protecting,protectivity,0.2438080408346604
93,protecting,protectioning,0.2314169241935429
93,protecting,protections's,0.1924132586444082
93,protecting,protecte,0.1301021745123358
93,protecting,protects,0.3542434532487404
93,protecting,protectization,0.2314169241935429
93,protecting,protect,0.4493408839646051
93,protecting,protectants,0.2343874940759755
93,protecting,protectable,0.2640412421038792
93,protecting,protecteing,0.2314169241935429
93,protecting,protecteive,0.2314169241935429
93,protecting,protectedly,0.2576543729974279
93,protecting,protecter's,0.1924132586444082
93,protecting,protectents,0.2576543729974279
93,protecting,protectency,0.2314169241935429
93,protecting,protectives,0.0663337983492197
93,protecting,protections,0.3838559772085662
93,protecting,protectible,0.2333266593695244
93,protecting,protectings,0.1798568829005515
93,protecting,protectting,0.1798568829005515
93,protecting,protectability,0.2329653758993641
93,protecting,protectate,0.2314169241935429
93,protecting,protectant,0.1822850960626908
93,protecting,protective,0.2041763114111043
93,protecting,protection,0.3726500869013567
93,protecting,protectics,0.2509964905352281
93,protecting,protectful,0.1695975769074948
93,protecting,protectent,0.2170676775534517
93,protecting,protecteds,0.1924132586444082
93,protecting,protecteer,0.1074890433966571
93,protecting,protecters,0.1366123011149499
93,protecting,protectted,0.1305939113583602
93,protecting,protecter,0.1330304712540689
93,protecting,protectes,0.1047358457313568
93,protecting,protected,0.3235134623309063
93,protecting,protectal,0.1924132586444082
93,protecting,protectly,0.2086012424566295
93,protecting,protectic,0.1924132586444082
93,protecting,protect's,0.20530439820272
93,protecting,protectionalism,0.2591460826558494
93,protecting,protectibility,0.2314169241935429
93,protecting,protectionfully,0.1924132586444082
93,embankment,embankent,0.4316574770247823
93,embankment,embanking,0.4138269204849991
93,embankment,embanks's,0.4316574770247823
93,embankment,embanked,0.4664065386407269
93,embankment,embanker,0.353650145926513
93,embankment,embank,0.4026581137917061
93,embankment,embankement,0.4545601233252267
93,embankment,embankments,0.5438428061977795
93,embankment,embanks,0.3410937701826562
93,embankment,embankment's,0.520096335750586
94,samosa,samosas's,0.572803892532026
94,samosa,samosae,0.5114587755333296
94,samosa,samosas,0.6040408154647874
94,samosa,samosa's,0.4707182968214535
94,recipes,recip's,0.1864912531751754
94,recipes,reciped,0.2477073833347117
94,recipes,reciper,0.2517078693696992
94,recipes,recipal,0.1564017289715784
94,recipes,recip,0.2472004832123701
94,recipes,recipicating,0.1792174107084918
94,recipes,recipe,0.6466509132043834
94,recipes,recips,0.2965816566098198
94,recipes,recipeants,0.1792174107084918
94,recipes,recipeiced,0.2270779486191514
94,recipes,recipent's,0.0893949945315361
94,recipes,recipicate,0.1564017289715784
94,recipes,recipics,0.2033362537562352
94,recipes,reciping,0.2246866805192968
94,recipes,recipeds,0.2366841772370808
94,recipes,recipeer,0.0469045965139267
94,recipes,recipent,0.0339398901452427
94,recipes,recipers,0.2286710700124529
94,recipes,recipals,0.2366841772370808
94,recipes,recipant,0.1792174107084918
94,recipes,recipe's,0.3470888007834783
94,recipes,recipants,0.2516164897284282
94,recipes,recipator,0.2761325752183384
94,recipes,recipeant,0.1173980634224438
94,recipes,recipered,0.2270779486191514
94,recipes,recipents,-0.0142894342254719
94,recipes,recipes's,0.2585602693354414
94,recipes,recipical,0.1642920264395414
94,recipes,recipeicing,0.2270779486191514
94,recipes,recipicates,0.1564017289715784
95,soda,sodaing,0.3311456235848611
95,soda,sodae,0.1832992165910669
95,soda,sodas,0.4728596806229204
95,soda,soda's,0.4462313844746065
95,water,watering,0.270591514684067
95,water,waterize,0.0532767047017755
95,water,waterism,0.1085861943610213
95,water,waterive,0.0305788632627521
95,water,waterlis,0.0857705126241079
95,water,waterous,0.1555883377291455
95,water,waterant,0.1085861943610213
95,water,waterate,0.1085861943610213
95,water,watereds,0.1085861943610213
95,water,waterers,0.2162578991216062
95,water,waterent,0.0857705126241079
95,water,waterful,0.1376989133568832
95,water,waters's,0.054560389912733
95,water,waterred,0.0920042771500045
95,water,water's,0.2007680790945269
95,water,wateral,0.0724066537169964
95,water,watered,0.2256193379476062
95,water,wateres,0.0773846860019032
95,water,waterer,0.1868496515384711
95,water,waterli,0.1827370958925923
95,water,waterly,0.0697006903452591
95,water,waterousness,0.1085861943610213
95,water,waters,0.3078103254648562
95,water,watere,0.1208435307330699
95,water,watereating,0.1535800446049486
95,water,waterable,0.0999273516189197
95,water,waterer's,0.1332062190791063
95,water,watereing,0.0857705126241079
95,water,waterfuls,0.140060313243316
95,water,waterered,0.0999273516189197
95,water,waterized,0.0999273516189197
95,water,waterisms,0.1535800446049486
95,water,wateritis,0.0380927274525043
95,water,waterings,0.2261662874938745
95,water,waterical,0.0180224875188953
95,water,waterness,0.1356124461657386
95,water,waterment,0.1573149685864985
95,water,waterly's,0.1535800446049486
95,water,waterlies,0.1535800446049486
95,water,waterring,0.1899063379553283
95,water,waterative,0.0305788632627521
95,water,waterering,0.1684121138119988
95,water,watering's,0.1266765627816816
95,water,wateringly,0.1188211019726863
95,water,waterlying,0.1535800446049486
95,water,waterization,0.1085861943610213
96,star,starliing,0.0809430535461521
96,star,starredly,0.1199467190952867
96,star,starrings,0.1035312730841277
96,star,stars,0.2923939852915085
96,star,starli,0.0379791403743605
96,star,starly,0.0871943794944326
96,star,star's,0.276559336615552
96,star,starly's,0.1156577751809371
96,star,starlies,0.010449586637635
96,star,starli's,0.1199467190952867
96,star,starness,0.1318912825424975
96,star,starring,0.2439414611137045
96,star,starful,0.1156577751809371
96,star,starlys,0.060486569745819
96,star,starlis,0.1117489625106585
96,star,starred,0.2257868469316634
96,star,stars's,0.0890482217374285
96,star,starringly,0.1416599606337712
96,star,starring's,0.1694240700707402
96,wars,war,0.4125609580157094
96,wars,warlied,0.2037946505097489
96,wars,warlies,0.1990000043810469
96,wars,warli's,0.2037946505097489
96,wars,warness,0.0984676029077744
96,wars,warreds,0.2037946505097489
96,wars,warring,0.2781158199076502
96,wars,war's,0.2909407279310337
96,wars,warly,0.0618636657432362
96,wars,warli,0.007230829295046
96,wars,warful,0.1808683103948404
96,wars,warlys,0.2037946505097489
96,wars,warlis,0.1239959167532913
96,wars,wars's,0.2705085928625154
96,wars,warred,0.2382557822874115
96,wars,warfully,0.1809789687728356
96,wars,warliing,0.2037946505097489
96,wars,warrings,0.1750335105643985
96,wars,warringly,0.1647909849606143
96,wars,warring's,0.1419753032237009
96,movies,movy,0.1168808541578203
96,movies,movi,0.2080404989804631
96,movies,movi's,0.1378355056452875
96,movies,movied,0.1697046084080745
96,movies,movie,0.4294736913046157
96,movies,movis,0.2291131718221175
96,movies,movys,0.0598281745470182
96,movies,movieings,0.079101403027387
96,movies,movieness,0.1358786616499479
96,movies,moviing,0.1018476324791983
96,movies,movieli,0.1840164887782553
96,movies,moviely,0.1378355056452875
96,movies,movie's,0.2821467172990127
96,movies,movieds,0.1918010599857278
96,movies,movies's,0.2091617277051925
96,movies,movieing,0.1352876280971462
97,stomach,stomachfulness,0.253595007981306
97,stomach,stomachically,0.253595007981306
97,stomach,stomache,0.3281857055077323
97,stomach,stomachs,0.3907670724988294
97,stomach,stomache's,0.1831015410727889
97,stomach,stomachous,0.2307793262443926
97,stomach,stomachers,0.1927213547564611
97,stomach,stomachful,0.2680658376249873
97,stomach,stomaching,0.1919632682464008
97,stomach,stomachics,0.3037359267944806
97,stomach,stomachable,0.2556153630440618
97,stomach,stomacher's,0.253595007981306
97,stomach,stomachical,0.2020349666883146
97,stomach,stomachal,0.23006361474039
97,stomach,stomaches,0.2401132424436992
97,stomach,stomacher,0.133398469215341
97,stomach,stomached,0.2351017093952036
97,stomach,stomachic,0.3659455955191316
97,stomach,stomachly,0.304474286780332
97,stomach,stomach's,0.3794633508368259
97,disorder,disorde,0.3348479462287161
97,disorder,disords,0.2436366701152257
97,disorder,disordant,0.2972893631012546
97,disorder,disordent,0.2466903226624033
97,disorder,disordely,0.1644475603884995
97,disorder,disorders,0.6118348160273386
97,disorder,disordeds,0.2972893631012546
97,disorder,disordeer,0.2978366046760736
97,disorder,disord,0.3948390384041104
97,disorder,disordes,0.2858191397813872
97,disorder,disorded,0.2178790889078425
97,disorder,disordly,0.1761968557538862
97,disorder,disorderedly,0.2239347993205315
97,disorder,disorderings,0.2735476682383384
97,disorder,disorderlies,0.2254822366053557
97,disorder,disorderly's,0.2466903226624033
97,disorder,disorderness,0.2567026676572785
97,disorder,disordeers,0.2735476682383384
97,disorder,disordered,0.4430555102295268
97,disorder,disorderly,0.2396988838841543
97,disorder,disorder's,0.367861597169093
97,disorder,disordings,0.2972893631012546
97,disorder,disordering,0.2973594682959858
97,disorder,disorderred,0.2972893631012546
97,disorder,disorders's,0.2239347993205315
97,disorder,disorderlys,0.2466903226624033
98,tiffany,tiffanie's,0.1420900522451736
98,tiffany,tiffaniely,0.1443871219959737
98,tiffany,tiffanys's,0.284213800380291
98,tiffany,tiffanying,0.3660492539569693
98,tiffany,tiffani,0.3608709116319359
98,tiffany,tiffani's,0.0801167369016833
98,tiffany,tiffanies,0.2832560801419524
98,tiffany,tiffany's,0.4322660758313094
98,tiffany,tiffanie,0.3302792207846506
98,tiffany,tiffanis,0.1519009861857259
98,tiffany,tiffanys,0.4396582407526282
98,keys,key,0.3137681037757522
98,keys,keye,0.0900365032629382
98,keys,key's,0.2786519608156766
98,keys,keyed,0.284829246719582
98,keys,keyes,0.124389122918308
98,keys,keyeing,0.2133928495018765
98,keys,keyes's,0.1580090598384741
98,keys,keyed's,0.2133928495018765
98,keys,keyings,0.1102419800618068
98,keys,keyness,0.1726758021822267
98,keys,keys's,0.2736056080983718
98,keys,keying,0.2830697048041199
98,keys,keyely,0.2133928495018765
98,keys,keyeli,0.2133928495018765
98,keys,keye's,0.1147483741224737
99,vegetable,veget,0.2351156456741741
99,vegetable,vegetalization,0.2540533333096353
99,vegetable,vegetable's,0.4162227408605765
99,vegetable,vegetablies,0.3049512140191766
99,vegetable,vegetablely,0.3049512140191766
99,vegetable,vegetableds,0.2312376515727219
99,vegetable,vegetalized,0.2312376515727219
99,vegetable,vegetations,0.1545853658942308
99,vegetable,vegetatives,0.105552535302849
99,vegetable,vegetableness,0.3259169251904499
99,vegetable,vegetalizing,0.2540533333096353
99,vegetable,vegetablis,0.2315966502384535
99,vegetable,vegetables,0.5929048614698715
99,vegetable,vegetabled,0.2024932920166439
99,vegetable,vegetality,0.2512985210331477
99,vegetable,vegetate's,0.1922339860235873
99,vegetable,vegetating,0.1535691850455681
99,vegetable,vegetative,0.2437875919204511
99,vegetable,vegetation,0.2117984667799277
99,vegetable,vegetators,0.2812095191562603
99,vegetable,vegetably,0.3055722852007783
99,vegetable,vegetally,0.2244190736449811
99,vegetable,vegetator,0.2312376515727219
99,vegetable,vegetates,0.1232407914115139
99,vegetable,vegetated,0.1454682100973007
99,vegetable,vegetives,0.2312376515727219
99,vegetable,vegetized,0.2464745472034643
99,vegetable,vegetible,0.2150496677605007
99,vegetable,vegeteable,0.3109593217175697
99,vegetable,vegets,0.2406228237122843
99,vegetable,vegete,0.2156459376214164
99,vegetable,vegeticals,0.1304146387375392
99,vegetable,vegetibles,0.2150496677605007
99,vegetable,vegetional,0.2540533333096353
99,vegetable,vegetively,0.2540533333096353
99,vegetable,vegetizing,0.2540533333096353
99,vegetable,vegeteables,0.1760460022113661
99,vegetable,vegetationally,0.1835598664011183
99,vegetable,veget's,0.2540533333096353
99,vegetable,vegetal,0.2525939079469845
99,vegetable,vegetes,0.2540533333096353
99,vegetable,vegeter,0.2540533333096353
99,vegetable,vegetic,0.2540533333096353
99,vegetable,vegetous,0.2643645185752005
99,vegetable,vegetism,0.2812095191562603
99,vegetable,vegetive,0.2093482426181983
99,vegetable,vegetize,0.219816364029924
99,vegetable,vegetent,0.2540533333096353
99,vegetable,vegetals,0.2067567132949939
99,vegetable,vegetant,0.1922339860235873
99,vegetable,vegetate,0.1837513946296544
99,vegetable,vegeteal,0.2540533333096353
99,vegetable,vegetational,0.1902841537148164
99,vegetable,vegetation's,0.1645443165042834
99,vegetable,vegetativity,0.2540533333096353
99,vegetable,vegetatively,0.2272129759309092
99,vegetable,vegetability,0.2931593021515911
99,vegetable,vegetableful,0.2150496677605007
99,vegetable,vegetativeness,0.3042330298016827
99,fermentation,ferment,0.5936779527238253
99,fermentation,fermentations,0.5979614437119619
99,fermentation,fermentatives,0.3517633536719609
99,fermentation,fermentator's,0.3745790354088743
99,fermentation,fermentational,0.3517633536719609
99,fermentation,fermentation's,0.4118804563079485
99,fermentation,fermentatively,0.3897819606387127
99,fermentation,fermente,0.2324552872737569
99,fermentation,ferments,0.5635016274398764
99,fermentation,fermentability,0.5030177800948902
99,fermentation,fermentabilities,0.4303686560826887
99,fermentation,fermentate,0.4399053276057675
99,fermentation,fermentant,0.3517633536719609
99,fermentation,fermenters,0.603424272177027
99,fermentation,fermenteer,0.4303686560826887
99,fermentation,fermentive,0.3755117870797584
99,fermentation,fermention,0.4894658657511118
99,fermentation,fermenting,0.6077082201310805
99,fermentation,fermenterings,0.4303686560826887
99,fermentation,fermentable,0.5562229572578373
99,fermentation,fermentably,0.4303686560826887
99,fermentation,fermentally,0.3745790354088743
99,fermentation,fermentated,0.1981435377840373
99,fermentation,fermentates,0.3992610957445124
99,fermentation,fermentator,0.3992610957445124
99,fermentation,fermentedly,0.3709895624387997
99,fermentation,fermenter's,0.3926524275906181
99,fermentation,fermentized,0.3355753698597396
99,fermentation,fermentations's,0.3517633536719609
99,fermentation,fermentables,0.5134008980114639
99,fermentation,fermentators,0.4303686560826887
99,fermentation,fermentative,0.5241198899166304
99,fermentation,fermentating,0.4339493357716416
99,fermentation,fermenteable,0.3745790354088743
99,fermentation,fermentering,0.3897819606387127
99,fermentation,fermental,0.365831951474034
99,fermentation,fermented,0.6377918640221495
99,fermentation,fermenter,0.6157020612162593
99,fermentation,fermentes,0.3570140923019657
99,fermentation,ferment's,0.3517633536719609
100,weight,weight's,0.2131064831902487
100,weight,weightli,0.1790648540365385
100,weight,weighted,0.2465182463284579
100,weight,weightes,0.2061527015002892
100,weight,weightly,0.124163920873181
100,weight,weightedly,0.1765049390158749
100,weight,weightings,0.149478284220988
100,weight,weightness,0.1457150238671805
100,weight,weights,0.3879335462076583
100,weight,weighte,0.1958652927923515
100,weight,weightted,0.212443645575739
100,weight,weightful,0.1215474623893431
100,weight,weighteds,0.212443645575739
100,weight,weighting,0.2282538646964082
100,weight,weightfully,0.1427778371562364
100,weight,weightliing,0.1891594131930223
100,loss,lossfully,0.1502952198638366
100,loss,lossing's,0.1170076363352245
100,loss,losse,0.1310213394318343
100,loss,losseing,0.1711339126344634
100,loss,losses's,0.1711608881245982
100,loss,lossness,0.1158085107351596
100,loss,lossing,0.1764381919906345
100,loss,losse's,0.1274795381269233
100,loss,lossful,0.1873308345831223
100,loss,losseli,0.2233306994803718
100,loss,lossely,0.0266565252917406
100,loss,losses,0.4025831272393442
100,loss,lossed,0.1849212067018951
100,loss,loss's,0.228666869330184
101,halloween,halloweenes,0.2349509301248248
101,halloween,halloweener,0.2537023532309995
101,halloween,halloweened,0.2275716948073861
101,halloween,halloween's,0.3335125082849918
101,halloween,halloweenence,0.2592837949571556
101,halloween,halloweenness,0.2592837949571556
101,halloween,halloweene,0.2746841440728471
101,halloween,halloweens,0.3599706597641982
101,halloween,halloweenous,0.171163445438067
101,halloween,halloweening,0.2995821330182184
101,halloween,halloweenity,0.2101671109872016
101,halloween,halloweenism,0.2655893359296417
101,halloween,halloweenize,0.2655893359296417
101,halloween,halloweeners,0.2797164141342755
101,picture,picturator,0.1221321529729386
101,picture,picturally,0.1544988529560374
101,picture,picturably,0.1221321529729386
101,picture,picturable,0.1696905087223178
101,picture,pictureful,0.1563632262934793
101,picture,pictureing,0.172731982083723
101,picture,pictureize,0.17718208491829
101,picture,pictured's,0.1221321529729386
101,picture,pictureous,0.0993164712360253
101,picture,pictures's,0.0726526541323357
101,picture,picturered,0.0627607031626762
101,picture,picturical,0.1221321529729386
101,picture,picturings,0.1660944936061755
101,picture,picturizer,0.1411151024944031
101,picture,picturizes,0.1140230959275156
101,picture,picturized,0.0920112156179948
101,picture,picturability,0.1439340940506283
101,picture,pictur,0.2375880516433267
101,picture,picturalization,0.1221321529729386
101,picture,picturealism,0.1221321529729386
101,picture,pictureizing,0.1221321529729386
101,picture,picturables,0.1676757889135445
101,picture,picturality,0.1221321529729386
101,picture,picturation,0.0889904279827013
101,picture,pictureized,0.1221321529729386
101,picture,picturelies,0.1221321529729386
101,picture,pictureness,0.1188466903534142
101,picture,picturing's,0.1676757889135445
101,picture,picturizing,0.1481011146466464
101,picture,picturize's,0.0445838997029738
101,picture,picturizers,0.1221321529729386
101,picture,picturly,0.1221321529729386
101,picture,pictural,0.0581248922088777
101,picture,pictures,0.3470467909853963
101,picture,picturer,0.1099617691161184
101,picture,pictured,0.1818536585209589
101,picture,picturic,0.1221321529729386
101,picture,pictur's,0.0734364004835396
101,picture,picturization,0.1183192319920256
101,picture,pictureability,0.1676757889135445
101,picture,picturizer's,0.1676757889135445
101,picture,picturing,0.1751657851022229
101,picture,picturize,0.0515466575668185
101,picture,pictureds,0.1794648910625541
101,picture,picturers,0.1520077574511524
101,picture,picturent,0.1676757889135445
101,picture,picturely,0.1324654274295059
101,picture,pictureal,0.1439340940506283
101,picture,picture's,0.2100495407203352
101,picture,picturals,0.083128487423804
101,picture,picturred,0.1676757889135445
101,picture,picturous,0.0995413763295056
101,picture,picturs,0.1605326882920774
101,picture,picturizations,0.1608049602437682
102,calendar,calendarally,0.0825676205191715
102,calendar,calendarized,0.0712680238383414
102,calendar,calendarizer,0.1053833022560849
102,calendar,calendarical,0.0447583658863508
102,calendar,calendarness,0.1502471576936092
102,calendar,calendarallied,0.1502471576936092
102,calendar,calendarfully,0.1587653460627337
102,calendar,calendarizers,0.0825676205191715
102,calendar,calendarizing,0.1223966768345436
102,calendar,calendaricities,0.1053833022560849
102,calendar,calendare,0.0770092235766901
102,calendar,calendars,0.2922417739935468
102,calendar,calendareal,0.1053833022560849
102,calendar,calendarics,0.1053833022560849
102,calendar,calendaring,0.1859900820455938
102,calendar,calendarism,0.1509300728554729
102,calendar,calendarity,0.1053833022560849
102,calendar,calendarize,0.069971030826894
102,calendar,calendars's,0.1053833022560849
102,calendar,calendarred,0.126505462830693
102,calendar,calendarli,0.126505462830693
102,calendar,calendarly,0.1096604622496331
102,calendar,calendaric,-0.0304981283302874
102,calendar,calendared,0.1274424879230643
102,calendar,calendarer,0.1053833022560849
102,calendar,calendar's,0.2456728484714883
102,calendar,calendarically,0.1053833022560849
102,calendar,calendarization,0.0615078950067365
103,women's,womenabling,0.2251811012878828
103,women's,women,0.3933926871154426
103,women's,womenable,0.1852149753585932
103,women's,womenator,0.1773945473761297
103,women's,womenizer,0.0847742037729897
103,women's,womenized,0.2014394064249666
103,women's,womenness,0.1545788656392163
103,women's,womenning,0.1773945473761297
103,women's,womens,0.4108769037361562
103,women's,womene,0.1431389508951536
103,women's,womenality,0.1440077103999307
103,women's,womenalism,0.1545788656392163
103,women's,womenizing,0.1155752000900817
103,women's,womenizers,0.0765715345409471
103,women's,womens's,0.3048181661829646
103,women's,womenned,0.1773945473761297
103,women's,womening,0.2251811012878828
103,women's,womenism,0.2306572964378146
103,women's,womenant,0.1773945473761297
103,women's,womene's,0.2251811012878828
103,women's,womenly,-0.0486089111275888
103,women's,womenal,0.1798378886471271
103,women's,womened,0.1608527109809905
103,women's,womenes,0.1231907732863046
103,women's,womener,0.1773945473761297
103,clothing,clothful,0.1483659945720721
103,clothing,clothe's,0.2050653122969273
103,clothing,clotheds,0.2337530262210698
103,clothing,clotheing,0.1814762194210872
103,clothing,clothes's,0.1439831059311374
103,clothing,clothings,0.2776966846568764
103,clothing,clothness,0.2143498237894637
103,clothing,cloth,0.2716004707139625
103,clothing,cloths,0.31502162645647
103,clothing,clothe,0.0683581193157897
103,clothing,cloth's,0.1635748803476877
103,clothing,clothed,0.2114934000178161
103,clothing,clothes,0.4090524554051187
103,clothing,clotheings,0.1711816763089855
103,clothing,clothingly,0.1321780107598509
103,clothing,clothing's,0.2860708720527787
103,clothing,clothliing,0.2279685608655554
103,winter,winterable,0.1457043810191529
103,winter,winterer's,0.130986179395993
103,winter,winterisms,0.2304327472877805
103,winter,winteritis,0.1457043810191529
103,winter,winterized,0.2100405945150357
103,winter,winterizer,0.2026814391181557
103,winter,winterizes,0.1582845234684901
103,winter,winterings,0.1918207376236165
103,winter,winterlies,0.1457043810191529
103,winter,winterlied,0.1570328736921725
103,winter,winterness,0.1203892917976243
103,winter,winterate,0.1968789763826055
103,winter,winterals,0.1457043810191529
103,winter,winterism,0.1922047358004064
103,winter,wintering,0.2773202460814105
103,winter,winterful,0.1293169982435215
103,winter,winterers,0.1829893133802921
103,winter,winterize,0.2477506045977962
103,winter,winterred,0.1661816306971478
103,winter,winters's,-0.0230581981274811
103,winter,winterous,0.0637413237426883
103,winter,winterizeing,0.1457043810191529
103,winter,wintere,0.204781696279908
103,winter,winters,0.28814901923913
103,winter,winterization's,0.1457043810191529
103,winter,winterizers,0.1922047358004064
103,winter,winterizing,0.2373076874384463
103,winter,winterments,0.1228886992822395
103,winter,winterization,0.1448194550602382
103,winter,winterizering,0.1922047358004064
103,winter,winterizations,0.0868491787174462
103,winter,wintered,0.2315144095941237
103,winter,winteres,0.1457043810191529
103,winter,winterer,0.0852341050664582
103,winter,winterli,0.1228886992822395
103,winter,winterly,0.1741423725338229
103,winter,winter's,0.2803444194299038
104,gastrointestinal,gastrointestin,0.3802620564996783
104,gastrointestinal,gastrointestinally,0.3547661112898082
104,gastrointestinal,gastrointestinitis,0.3109032924115172
104,gastrointestinal,gastrointestinals,0.3313895799408588
104,gastrointestinal,gastrointestine,0.3807582262743232
104,fistula,fistulas,0.66188420768143
104,fistula,fistulae,0.5667359812099279
104,fistula,fistulaes,0.4580807366362671
104,fistula,fistula's,0.4529310251199593
105,wall,walls's,0.1184884084187528
105,wall,walle's,0.087135875799631
105,wall,walleds,0.1920509615504993
105,wall,wallful,0.1578717591128408
105,wall,walling,0.2272801386221274
105,wall,walls,0.3560046998633773
105,wall,walle,0.1776212769059372
105,wall,walles,0.1194183033222779
105,wall,walled,0.2225379453382382
105,wall,wall's,0.2528716327443686
105,wall,wallfuls,0.1794668071426418
105,wall,wallings,0.0527040880628204
105,wall,wallness,0.1438744791771734
105,wall,wallfully,0.1920509615504993
105,wall,walling's,0.0480600797762491
105,decoration,decorousness,0.2016490223762818
105,decoration,decorant,0.3139163637430926
105,decoration,decorate,0.4222667817956841
105,decoration,decore's,0.2716945772971715
105,decoration,decoreal,0.3233084578036878
105,decoration,decoreer,0.3233084578036878
105,decoration,decorent,0.2499538940229647
105,decoration,decorers,0.2488788955602582
105,decoration,decors's,0.2326909117480369
105,decoration,decorred,0.2696557648176589
105,decoration,decoring,0.1094208904740574
105,decoration,decorize,0.1707010084559383
105,decoration,decorous,0.1674051779756684
105,decoration,decorication,0.2201345360041801
105,decoration,decor,0.3884146194088928
105,decoration,decorateing,0.2528439558380534
105,decoration,decoratives,0.3279073198474665
105,decoration,decorations,0.4499258244314132
105,decoration,decoratings,0.2562274672127547
105,decoration,decoratored,0.2716945772971715
105,decoration,decorator's,0.2740418277454912
105,decoration,decorativeness,0.2708069086963874
105,decoration,decoreation,0.3369855892850071
105,decoration,decoreating,0.2488788955602582
105,decoration,decoreative,0.2488788955602582
105,decoration,decorousnesses,0.2716945772971715
105,decoration,decoreations,0.3582320444379362
105,decoration,decorables,0.1546835806497676
105,decoration,decoralize,0.2716945772971715
105,decoration,decorators,0.2931164769587431
105,decoration,decorate's,0.2326909117480369
105,decoration,decorative,0.3959831356490874
105,decoration,decorating,0.4174587650759447
105,decoration,decoreated,0.2290690693736828
105,decoration,decorement,0.2326909117480369
105,decoration,decore,0.2247820302853687
105,decoration,decors,0.2873968235629385
105,decoration,decorously,0.1645544920045187
105,decoration,decorating's,0.1480558827250755
105,decoration,decorationed,0.2488788955602582
105,decoration,decorational,0.2490490457170764
105,decoration,decoration's,0.3238978605278392
105,decoration,decorative's,0.2488788955602582
105,decoration,decorativity,0.2098752300111235
105,decoration,decoratively,0.2464727970503971
105,decoration,decoratoring,0.1979985437712672
105,decoration,decorators's,0.1621974448395198
105,decoration,decor's,0.162346158012673
105,decoration,decored,0.2025065859032368
105,decoration,decores,0.2388533043191007
105,decoration,decorer,0.130431911672833
105,decoration,decoral,0.2509195224576083
105,decoration,decorationally,0.2716945772971715
105,decoration,decorable,0.1910994152977181
105,decoration,decorator,0.319094493900355
105,decoration,decorates,0.2645758552094663
105,decoration,decorated,0.3730791265219228
105,decoration,decoreate,0.294681928025319
105,decoration,decorence,0.2716945772971715
105,decoration,decorisms,0.2488788955602582
106,pet,pets,0.4742006648192832
106,pet,petted,0.2898448934637594
106,pet,petlis,0.1773135090284327
106,pet,pets's,0.2374030229510953
106,pet,pet's,0.4401182094804702
106,pet,petli,0.0993061779301635
106,pet,petly,0.1138587134694247
106,pet,petness,0.200465122394465
106,pet,petting,0.2687747928053942
106,pet,petfully,0.2250967738614485
106,pet,pettedly,0.1544978272915193
106,pet,pettings,0.1933988267140734
106,pet,pettingly,0.1544978272915193
106,pig,pigs,0.446054491915234
106,pig,pignesses,0.300206392071453
106,pig,pigged,0.2549804646301468
106,pig,pigs's,0.27875215245057
106,pig,pig's,0.3934727655812989
106,pig,pigly,0.2282988990702605
106,pig,pigli,0.1399964443525992
106,pig,piggedly's,0.2494935768102509
106,pig,piggedlys,0.2494935768102509
106,pig,pigfully,0.300206392071453
106,pig,piggedly,0.1258548822381549
106,pig,piggings,0.2494935768102509
106,pig,pigging,0.2650150331462004
106,pig,pigness,0.3151802072241519
107,homemade,homemade's,0.2853077760210996
107,homemade,homemaders,0.3258944714650756
107,homemade,homemad,0.2780029628131512
107,homemade,homemadelies,0.2513640452096917
107,homemade,homemadeness,0.3152899272304343
107,homemade,homemadeism,0.3258944714650756
107,homemade,homemadness,0.2226196856536137
107,homemade,homemades,0.3638616814983823
107,homemade,homemaded,0.2513640452096917
107,recipes,recip's,0.1864912531751754
107,recipes,reciped,0.2477073833347117
107,recipes,reciper,0.2517078693696992
107,recipes,recipal,0.1564017289715784
107,recipes,recip,0.2472004832123701
107,recipes,recipicating,0.1792174107084918
107,recipes,recipe,0.6466509132043834
107,recipes,recips,0.2965816566098198
107,recipes,recipeants,0.1792174107084918
107,recipes,recipeiced,0.2270779486191514
107,recipes,recipent's,0.0893949945315361
107,recipes,recipicate,0.1564017289715784
107,recipes,recipics,0.2033362537562352
107,recipes,reciping,0.2246866805192968
107,recipes,recipeds,0.2366841772370808
107,recipes,recipeer,0.0469045965139267
107,recipes,recipent,0.0339398901452427
107,recipes,recipers,0.2286710700124529
107,recipes,recipals,0.2366841772370808
107,recipes,recipant,0.1792174107084918
107,recipes,recipe's,0.3470888007834783
107,recipes,recipants,0.2516164897284282
107,recipes,recipator,0.2761325752183384
107,recipes,recipeant,0.1173980634224438
107,recipes,recipered,0.2270779486191514
107,recipes,recipents,-0.0142894342254719
107,recipes,recipes's,0.2585602693354414
107,recipes,recipical,0.1642920264395414
107,recipes,recipeicing,0.2270779486191514
107,recipes,recipicates,0.1564017289715784
108,which,whiching,0.059234093143638
108,which,whichness,0.0946842989480723
108,which,whichly,0.0877387735018529
108,which,whiched,0.0736934361237288
108,which,whiches,0.0806994595353142
108,which,which's,0.0953818978484145
108,which,whichs,0.0858955741664238
108,which,whiche,0.1121601133964939
108,day,daye,0.0903634257102813
108,day,days,0.2946864980462262
108,day,day's,0.1691331044056845
108,day,dayed,0.0154755174929899
108,day,dayes,0.093792220265896
108,day,days's,0.0645463837585119
108,day,dayful,0.0577815633436995
108,day,daying,0.0360151163164516
108,day,daye's,0.0981249007549658
108,day,dayely,-0.023436543304093
108,day,dayeli,-0.0676190749682196
108,day,dayes's,0.0457603136108197
108,day,dayness,0.0475828613771302
108,is,is's,0.0353220011274436
108,is,isnesses,0.0280562665783421
108,is,isful,0.0280562665783421
108,is,isness,0.035736832601157
108,is,isfully,0.0304274360758364
108,halloween,halloweenes,0.2349509301248248
108,halloween,halloweener,0.2537023532309995
108,halloween,halloweened,0.2275716948073861
108,halloween,halloween's,0.3335125082849918
108,halloween,halloweenence,0.2592837949571556
108,halloween,halloweenness,0.2592837949571556
108,halloween,halloweene,0.2746841440728471
108,halloween,halloweens,0.3599706597641982
108,halloween,halloweenous,0.171163445438067
108,halloween,halloweening,0.2995821330182184
108,halloween,halloweenity,0.2101671109872016
108,halloween,halloweenism,0.2655893359296417
108,halloween,halloweenize,0.2655893359296417
108,halloween,halloweeners,0.2797164141342755
109,what,whatnesses,0.029583986361378
109,what,whats,0.1327675045928258
109,what,whatted,0.0701706972007199
109,what,whats's,0.0893905442938476
109,what,whatly,0.031533357968743
109,what,what's,0.1566269561314086
109,what,whatlies,0.031533357968743
109,what,whatness,0.0743402800828845
109,what,whatting,0.0805492850139621
109,does,doe,0.106857315893005
109,does,doe's,0.1104217424499114
109,does,doeings,-3.936899119092516e-06
109,does,does's,0.1181733497702752
109,does,doeing,0.0742229337953033
109,civil,civillization,0.1195037750612141
109,civil,civilization's,0.1877464766404549
109,civil,civilizations,0.2299345494855368
109,civil,civillizations,0.1481003102886527
109,civil,civilized's,0.0933134822999202
109,civil,civilizedly,0.2020158539377122
109,civil,civilication,0.0726214637209071
109,civil,civilally,0.2020158539377122
109,civil,civiliced,0.1779485113228816
109,civil,civilitys,0.1551328295859682
109,civil,civilitis,0.2257575488006284
109,civil,civilized,0.2812594489910927
109,civil,civilizer,0.1173666804559243
109,civil,civilizes,0.149249744091796
109,civil,civillity,0.1614291584937361
109,civil,civilness,0.1590356306487333
109,civil,civile's,0.2139931072752652
109,civil,civiller,0.1551328295859682
109,civil,civility,0.2875220610661371
109,civil,civilism,0.1930042584122195
109,civil,civiling,0.2257575488006284
109,civil,civilize,0.2155983618212918
109,civil,civil's,0.2228279893308284
109,civil,civilic,0.2257575488006284
109,civil,civiles,0.3187804437936528
109,civil,civiler,0.1551328295859682
109,civil,civiled,0.1161291640368336
109,civil,civils,0.2795239251563184
109,civil,civill,0.2245496792525895
109,civil,civile,0.2747251857565235
109,civil,civilization,0.2138380148207824
109,civil,civilizations's,0.1779485113228816
109,civil,civilalized,0.1779485113228816
109,civil,civilations,0.0948615130850889
109,civil,civilation,0.1513251693029698
109,civil,civilement,0.1930042584122195
109,civil,civilities,0.1986496821397967
109,civil,civility's,0.1897718082829488
109,civil,civilizing,0.2350959691813615
109,civil,civilizers,0.2014104324936495
109,civil,civillized,0.154639465856
109,defense,defensability,0.1810763669273926
109,defense,defensatives,0.2109873650505053
109,defense,defenser,0.2023007695077666
109,defense,defenses,0.4253037275072991
109,defense,defensed,0.3139111323207702
109,defense,defensibility,0.1934468594721283
109,defense,defensiveness,0.1868488113961039
109,defense,defenseability,0.2109873650505053
109,defense,defenseively,0.2347290599134215
109,defense,defensant,0.186570100616761
109,defense,defensers,0.2412201931761286
109,defense,defensely,0.2446589585518039
109,defense,defense's,0.3571532509325346
109,defense,defensize,0.2347290599134215
109,defense,defensics,0.2579614618906036
109,defense,defensing,0.2286431103225585
109,defense,defensive,0.4274324213217632
109,defense,defensism,0.2447328425834767
109,defense,defension,0.1941423644694455
109,defense,defensibleness,0.1745446555587581
109,defense,defensator,0.1475664350676263
109,defense,defensable,0.1902140473502421
109,defense,defensered,0.2109873650505053
109,defense,defenseive,0.2243969228045557
109,defense,defensives,0.151334444337609
109,defense,defensions,0.2347290599134215
109,defense,defensibly,0.1857094655945446
109,defense,defensible,0.2483632912937399
109,defense,defensiveness's,0.186570100616761
109,defense,defensative,0.2231827972021881
109,defense,defenseable,0.1941423644694455
109,defense,defenseance,0.2310402214757122
109,defense,defensement,0.2310402214757122
109,defense,defensibles,0.186570100616761
109,defense,defensively,0.3653200299346851
109,defense,defensive's,0.1941423644694455
109,siren,sirene's,0.2721110002973531
109,siren,sireneer,0.3039127108067545
109,siren,sirenous,0.342916376355889
109,siren,sirens's,0.2810970290698411
109,siren,sirenize,0.2242114422516839
109,siren,sirenity,0.2030896979715718
109,siren,sirenics,0.342916376355889
109,siren,sirenism,0.2523526695137632
109,siren,sirening,0.3296259515477196
109,siren,sirens,0.4209227687584011
109,siren,sirene,0.2680392832071776
109,siren,sirenically,0.3201006946189758
109,siren,sirenator,0.342916376355889
109,siren,sirenical,0.3240663505490505
109,siren,sirenized,0.1972985796958674
109,siren,siren's,0.43239579183298
109,siren,sirened,0.2334192438982374
109,siren,sirenes,0.1790310019530531
109,siren,sirener,0.3039127108067545
109,siren,sirenic,0.2817002840526729
109,mean,meaneing,0.127208503096122
109,mean,meanings,0.2501655617125619
109,mean,meanning,0.1057072206318435
109,mean,meanness,0.2420818237880181
109,mean,means,0.3644581998662992
109,mean,meane,0.0796470246015075
109,mean,meanfully,0.0683928373370468
109,mean,meaning's,0.2084547017838023
109,mean,meaningly,0.1946805886842772
109,mean,meannings,0.1519545585762499
109,mean,meaning,0.3412025274714424
109,mean,meanful,0.1370062182346001
109,mean,meanely,0.1626322257670517
109,mean,meaneds,0.140100989013501
109,mean,means's,0.1277267011045208
109,mean,meannesses,0.1655818220184025
109,mean,mean's,0.159870452518881
109,mean,meanly,0.2071834029587065
109,mean,meanes,0.1191680302593305
109,mean,meaned,0.1868874835748095
110,career,careere,0.2271498597334996
110,career,careers,0.1114636150559477
110,career,careerealism,0.2778324119527611
110,career,careeralism,0.2161233795469248
110,career,careerability,0.1384702957013536
110,career,careerealism's,0.1891682169495766
110,career,careers's,0.1801649337849688
110,career,careering,0.1780480365413948
110,career,careerism,0.1740317448777557
110,career,careerers,0.1707356432038429
110,career,careerful,0.1924895579287996
110,career,careerical,0.1384702957013536
110,career,careerisms,0.1384702957013536
110,career,careerment,0.1891682169495766
110,career,careered,0.1126129725363448
110,career,careerer,0.1924895579287996
110,career,careeres,0.015918030001523
110,career,careeral,0.1609353480020816
110,career,career's,0.2267204822336343
110,plan,planned,0.2948971202843915
110,plan,plans's,0.171348956739395
110,plan,planful,0.1672256616511917
110,plan,plan's,0.2902478276238801
110,plan,planly,0.1152311515626122
110,plan,planli,0.1383389426759317
110,plan,planfulness,0.1363401363124892
110,plan,planning's,0.1793882155799809
110,plan,plans,0.4081587059238646
110,plan,planning,0.3514966198350092
110,plan,planness,0.0777515674620228
110,plan,planneds,0.1214939420948718
110,plan,planfully,0.1480193837970106
110,plan,planned's,0.1167552330111575
110,plan,plannings,0.1077029783426891
111,branched,branchs,0.1970022881027659
111,branched,branche,0.1487255915453641
111,branched,branch,0.2542406492207886
111,branched,branches's,0.4083245946532668
111,branched,branchings,0.3319698926089577
111,branched,branchness,0.3821391327348681
111,branched,branche's,0.3533947731787902
111,branched,branching,0.4498063221069994
111,branched,brancheds,0.4049548144717816
111,branched,branchful,0.3143911076296555
111,branched,branchly,0.4049548144717816
111,branched,branches,0.3007319893048358
111,branched,branch's,0.1991357490662773
111,chain,chainfully,0.242249868225025
111,chain,chain's,0.344972897140924
111,chain,chainly,0.242249868225025
111,chain,chaines,0.0736564066425335
111,chain,chained,0.2575323484683149
111,chain,chainli,0.1937975698363195
111,chain,chainings,0.1880086481986535
111,chain,chainness,0.242249868225025
111,chain,chainning,0.1547939042871849
111,chain,chains,0.4280987402407595
111,chain,chaine,0.0498064695115478
111,chain,chains's,0.1104272234127797
111,chain,chainned,0.142429666154108
111,chain,chaining,0.2778016055531869
111,chain,chaine's,0.1779214779181328
111,amino,amino's,0.4058768025827478
111,amino,aminoes,0.3468890255050018
111,amino,aminos,0.4764712594935086
111,amino,aminoe,0.370630720367918
111,amino,aminoate,0.4025980831118224
111,amino,aminos's,0.3171710981593182
111,amino,aminoates,0.3707380045642064
111,acid,acidically,0.1940964482398891
111,acid,acidiclies,0.2205967852088616
111,acid,acidicness,0.226035140967556
111,acid,acide,0.2520933122039453
111,acid,acids,0.592875790728122
111,acid,acidication,0.2069596359338492
111,acid,acidance,0.1891887384993204
111,acid,acidated,0.2449158560305766
111,acid,acidator,0.1451402886478012
111,acid,acidents,0.0732461746267448
111,acid,acidizer,0.278403733647204
111,acid,acidized,0.3442880206818903
111,acid,acidicly,0.1579277476216566
111,acid,acidical,0.1984881706246523
111,acid,acidic's,0.1747727482027165
111,acid,acidness,0.2913136117864548
111,acid,acidly,0.1149424605206914
111,acid,acider,0.1679559703847146
111,acid,acides,0.2661410336820481
111,acid,acided,0.1398626140804209
111,acid,acidic,0.4582548729276149
111,acid,acidli,0.2069596359338492
111,acid,acidal,0.252656859418821
111,acid,acid's,0.3835056602481763
111,acid,acidnesses,0.2297753176707626
111,acid,acidization,0.2686408676280222
111,acid,aciding,0.2297753176707626
111,acid,acidism,0.2796878339535849
111,acid,acidity,0.4168164875666165
111,acid,acidize,0.2433072538986157
111,acid,acidics,0.1460748584751305
111,acid,acident,0.0409784140641714
111,acid,acidant,0.2297753176707626
111,acid,acidate,0.2420275423793574
111,acid,acidous,0.2297753176707626
111,acid,acidation,0.2391011385096088
111,acid,acidently,0.1267582200364565
111,acid,acidicity,0.2449158560305766
111,acid,acidity's,0.190771652121628
111,acid,acidities,0.2532386443228447
111,acid,acidizing,0.3411398269087211
112,canon,canonnesses,0.2347404854711325
112,canon,canonability,0.2347404854711325
112,canon,canon's,0.5015002534438416
112,canon,canones,0.2813053469615394
112,canon,canoned,0.2915235855694505
112,canon,canonal,0.3126606416157708
112,canon,canonly,0.2059783649504393
112,canon,canonic,0.2123199513238459
112,canon,canonicality,0.2418829624089975
112,canon,canonicalism,0.2611128266443803
112,canon,canonication,0.1642470185626154
112,canon,canons,0.4001280995517829
112,canon,canone,0.1992941596515414
112,canon,canonization,0.2774892283521834
112,canon,canoneers,0.3190682432945539
112,canon,canonical,0.186428682262228
112,canon,canonizes,0.235813334690543
112,canon,canonizer,0.156197740893512
112,canon,canonized,0.2709745342146453
112,canon,canonitis,0.1957368199219979
112,canon,canonlied,0.2347404854711325
112,canon,canonness,0.1957368199219979
112,canon,canonization's,0.2442678260633205
112,canon,canonalization,0.1957368199219979
112,canon,canonically,0.313528721768723
112,canon,canonicates,0.2745272634465357
112,canon,canonical's,0.0980063669910808
112,canon,canonizeing,0.2347404854711325
112,canon,canonous,0.2848545215072965
112,canon,canoning,0.271923237587418
112,canon,canonics,0.2917819187897182
112,canon,canonize,0.2251596177023096
112,canon,canonism,0.1439894498959218
112,canon,canonity,0.2258891218031057
112,canon,canonful,0.2848545215072965
112,canon,canoneer,0.0973086533954302
112,canon,canoners,0.1831804441781411
112,canon,canonate,0.2848545215072965
112,canon,canonality,0.2347404854711325
112,canon,canonalize,0.2347404854711325
112,canon,canonicate,0.3007548769438649
112,canon,canonicals,0.1286672254608521
112,canon,canonicity,0.3560445846577387
112,canon,canonizing,0.2464946289972437
112,canon,canonizers,0.2252844160708933
112,canon,canonments,0.2347404854711325
112,canon,canonizations,0.3255437812071565
113,deadlift,deadlifts,0.7549388388801295
113,deadlift,deadlift's,0.4908654363394547
113,deadlift,deadlifter,0.5431016397718814
113,deadlift,deadlifted,0.5846197177974797
113,deadlift,deadlifter's,0.4837880927388339
113,deadlift,deadliftings,0.42591491822386
113,deadlift,deadlifting,0.6726085183125615
113,deadlift,deadlifters,0.5213058507607532
113,proper,proper's,0.0355697746659402
113,proper,properli,0.1865754404447059
113,proper,properly,0.4044136175421057
113,proper,propered,0.0857524276095232
113,proper,properer,0.1970795378426244
113,proper,properes,0.1434392342633879
113,proper,properal,0.1637597587077925
113,proper,properally,0.1572956918997193
113,proper,properator,0.1865754404447059
113,proper,properlies,0.1637597587077925
113,proper,properness,0.1939058846434422
113,proper,properment,0.2347346164673369
113,proper,properations,0.1475717748955713
113,proper,propere,0.1434609642894111
113,proper,propers,0.2278022556027497
113,proper,properational,0.069564443797302
113,proper,properative,0.1637597587077925
113,proper,properation,0.2404431442295142
113,proper,properators,0.1350153991517145
113,proper,properities,0.0806251690728787
113,proper,properous,0.1173258695727627
113,proper,properant,0.1810819234813081
113,proper,properate,0.227223920942027
113,proper,propering,0.1349144143964199
113,proper,properity,0.1208930354684809
113,proper,properlys,0.1941479210233609
113,proper,properely,0.1724750981164697
113,form,formfulness,0.1332258418269341
113,form,forme,0.0645464874465891
113,form,forms,0.2902581398650933
113,form,formeness,0.0500222145515452
113,form,formfully,0.0890258801006798
113,form,forming's,0.0374658388076884
113,form,formingly,0.0662101983637664
113,form,form's,0.2120071086712643
113,form,formes,0.0399759922399904
113,form,formed,0.2225250872553839
113,form,formly,0.0274088002534534
113,form,forms's,0.1022777378477327
113,form,formely,0.0573426382790867
113,form,formeds,0.0890258801006798
113,form,formful,0.1124479790798197
113,form,forme's,0.1294980643974733
113,form,formmed,0.1457984801839147
113,form,forming,0.2164233546199314
113,form,formlis,0.1094841469640179
113,form,formings,0.0933408892596921
113,form,formming,0.0890258801006798
113,form,formness,0.1044533456507943
114,derivatives,deriveative,0.3254240003337506
114,derivatives,deriverative,0.2636046530477026
114,derivatives,derivationalism,0.3254240003337506
114,derivatives,derivationality,0.3254240003337506
114,derivatives,derivationally,0.2539086665370125
114,derivatives,derivational's,0.3026083185968372
114,derivatives,deriv,0.424881344342555
114,derivatives,derivativeness,0.2689579342758566
114,derivatives,derivable,0.2627028241513425
114,derivatives,derivants,0.3148901902625408
114,derivatives,derivated,0.2232319937640642
114,derivatives,derivates,0.3731104777643308
114,derivatives,derivator,0.066880124370944
114,derivatives,deriveing,0.3254240003337506
114,derivatives,derived's,0.2636046530477026
114,derivatives,derivered,0.2549305334252336
114,derivatives,derivables,0.2337167993745887
114,derivatives,derivators,0.3026083185968372
114,derivatives,derivately,0.2738639590407592
114,derivatives,derivateds,0.3254240003337506
114,derivatives,derivative,0.3751006338845817
114,derivatives,derivating,0.3393385166094422
114,derivatives,derivation,0.3363462686123922
114,derivatives,deriveable,0.286420334784616
114,derivatives,derivement,0.2549305334252336
114,derivatives,derivering,0.3254240003337506
114,derivatives,derivities,0.3468670979223138
114,derivatives,derive,0.27342703606155
114,derivatives,derivs,0.338123526938457
114,derivatives,derivational,0.2327613816524276
114,derivatives,derivation's,0.3026083185968372
114,derivatives,derivative's,0.3615812307779038
114,derivatives,derivativity,0.3254240003337506
114,derivatives,derivatively,0.2354215187891966
114,derivatives,derivability,0.2571559200512284
114,derivatives,derivibility,0.3254240003337506
114,derivatives,derivations,0.2862330999452113
114,derivatives,deriving,0.2612977998072059
114,derivatives,derivent,0.2549305334252336
114,derivatives,derivers,0.2301548931450138
114,derivatives,derively,0.3254240003337506
114,derivatives,deriveds,0.3255658875834041
114,derivatives,derivant,0.2960476901316263
114,derivatives,derivate,0.2666988662808287
114,derivatives,derive's,0.3026083185968372
114,derivatives,derivals,0.3254240003337506
114,derivatives,derival,0.224600987498568
114,derivatives,derived,0.3403138446705941
114,derivatives,deriver,0.1779690684026821
114,derivatives,derives,0.2369365252437683
114,derivatives,deriv's,0.3816421778691303
114,of,ofs,0.0211847200476102
114,of,of's,0.0155066035175462
114,of,offing,0.0215410047766174
114,of,offeds,0.0139140904598155
114,of,ofness,0.0128048502295481
114,of,offedly,0.0115266674921468
114,of,offings,0.0087840116650386
114,of,offully,0.0120142877291876
114,of,offul,0.0130685037177891
114,of,offed,0.0175493968231597
114,of,ofs's,0.0125449865925042
114,of,offing's,-0.0279265803407475
114,of,ofnesses,0.0115266674921468
114,composite,compositionals,0.2269531961705072
114,composite,compositioning,0.1207670418831547
114,composite,compositions's,0.2556975557265852
114,composite,composit's,0.2785132374634986
114,composite,composited,0.3622077144998742
114,composite,composites,0.5107265927348331
114,composite,compositer,0.3413241527421376
114,composite,compositation,0.2556975557265852
114,composite,compositeness,0.3024702788416262
114,composite,composition's,0.1594529241753769
114,composite,compositional,0.2240699510301004
114,composite,compositioned,0.052005108358443
114,composite,compositionly,0.2785132374634986
114,composite,compositively,0.239509571914364
114,composite,composits,0.3211743073340075
114,composite,compositate,0.2785132374634986
114,composite,compositers,0.2556975557265852
114,composite,compositely,0.3015897183194223
114,composite,composite's,0.4251193981849518
114,composite,composition,0.21344150999664
114,composite,compositing,0.3005753623569835
114,composite,compositive,0.2371080380793884
114,composite,compositous,0.2556975557265852
114,composite,compositted,0.2556975557265852
114,composite,compositable,0.3066621699906054
114,composite,composites's,0.239509571914364
114,composite,compositered,0.2785132374634986
114,composite,compositible,0.2785132374634986
114,composite,compositings,0.1518321590013125
114,composite,compositions,0.1933941535650243
114,composite,compositness,0.2556975557265852
114,composite,compositting,0.2785132374634986
114,composite,composit,0.3905926371565012
114,composite,compositionality,0.3011934689289874
114,composite,compositionalism,0.2785132374634986
114,composite,compositionally,0.1736837160340769
114,functions,functionned,0.1577266191191972
114,functions,functions's,0.2708238900293489
114,functions,functionate,0.2228401967374704
114,functions,functionant,0.1739146029314184
114,functions,functionals,0.3115789159047931
114,functions,functionful,0.1967302846683318
114,functions,functioners,0.1739146029314184
114,functions,functioneer,0.1187229535700625
114,functions,functioneds,0.1967302846683318
114,functions,functionize,0.2206287137371813
114,functions,functionity,0.2061866576120264
114,functions,functioning,0.3225304344334563
114,functions,functionability,0.1519970000799527
114,functions,function,0.4725556250935622
114,functions,functionalizations,0.1837685857930671
114,functions,functionator,0.2047149168167721
114,functions,functionates,0.1916489192747193
114,functions,functionally,0.3004462174254163
114,functions,functional's,0.2301278956940169
114,functions,functionable,0.1595521625404389
114,functions,functioneing,0.1967302846683318
114,functions,functioneers,0.1967302846683318
114,functions,functionized,0.2453016122607481
114,functions,functionitis,0.1967302846683318
114,functions,functionings,0.226154298361949
114,functions,functionment,0.1577266191191972
114,functions,functionning,0.1041976032817953
114,functions,functionness,0.2453016122607481
114,functions,functionabilities,0.2453016122607481
114,functions,functionalized,0.1856045946486146
114,functions,functionalizes,0.2527523826754728
114,functions,functionalitis,0.2453016122607481
114,functions,functionalitys,0.2004477117513107
114,functions,functionalisms,0.2512671195419981
114,functions,functionallyed,0.2453016122607481
114,functions,functione,0.2050400163873749
114,functions,functionaling,0.2453016122607481
114,functions,functionalism,0.2409822504285989
114,functions,functionaliti,0.127320528967827
114,functions,functionality,0.3466041072418556
114,functions,functionalize,0.1930017143079292
114,functions,functionating,0.1916489192747193
114,functions,functionement,0.1967302846683318
114,functions,functioningly,0.1967302846683318
114,functions,functioning's,0.1790549875722838
114,functions,functionities,0.2453016122607481
114,functions,functionivity,0.1967302846683318
114,functions,functionalization,0.1839348492284108
114,functions,functionization,0.1577266191191972
114,functions,functioned,0.2477301293732921
114,functions,functional,0.3321375196456413
114,functions,functioner,0.1349109373822837
114,functions,functiones,0.2059246956361031
114,functions,functionli,0.1967302846683318
114,functions,functionly,0.1739146029314184
114,functions,function's,0.3735983370225901
114,functions,functionalities,0.2724859603369464
114,functions,functionalism's,0.2556787685722822
114,functions,functionality's,0.1632467960996683
114,functions,functionalizing,0.1690044776694573
114,functions,functionallying,0.1739146029314184
115,vitamin,vitamine's,0.2863759108871745
115,vitamin,vitaminers,0.3101176057500908
115,vitamin,vitaminize,0.2457892154431985
115,vitamin,vitaminous,0.2053461069746348
115,vitamin,vitaminizing,0.2863759108871745
115,vitamin,vitaminization,0.2557308618204992
115,vitamin,vitamin's,0.379870654168801
115,vitamin,vitaminli,0.2200145512762465
115,vitamin,vitaminic,0.1733995067602852
115,vitamin,vitamines,0.2880683189316648
115,vitamin,vitamined,0.2158782173200858
115,vitamin,vitaminer,0.1920105135974536
115,vitamin,vitaminal,0.2863759108871745
115,vitamin,vitaminated,0.2362025350884678
115,vitamin,vitaminiced,0.3375148288857108
115,vitamin,vitaminizes,0.2362025350884678
115,vitamin,vitaminized,0.3005884988186977
115,vitamin,vitamine,0.3641832849536183
115,vitamin,vitamins,0.6620309575971817
115,a,a's,0.0243458748736721
115,a,aed,0.0077814697594903
115,a,aeds,0.0125211248508057
115,a,aing,0.0129488743484267
115,a,aed's,0.0108440686809015
115,a,aings,-0.0121236311990959
115,a,aingly,0.012110121790973
115,a,aing's,0.0126224242810318
116,bmw,bmw's,0.5293282209355071
116,offer,offers,0.361171042829583
116,offer,offere,0.1688393557813352
116,offer,offer's,0.2410640868202853
116,offer,offeral,0.1285147867225187
116,offer,offered,0.3246754928514401
116,offer,offeres,0.1411186480965936
116,offer,offerer,0.2343693360331507
116,offer,offereings,0.0956079642970961
116,offer,offerences,0.1387045624009937
116,offer,offerently,0.1669607270354611
116,offer,offerering,0.1005248518179749
116,offer,offerfully,0.1522564815854349
116,offer,offering's,0.1216451677243704
116,offer,offerrings,0.14685082085927
116,offer,offerant,0.1339514327268892
116,offer,offereds,0.1051398099534887
116,offer,offering,0.350665093888026
116,offer,offerism,0.1522564815854349
116,offer,offerive,0.1522564815854349
116,offer,offerity,0.107314255150854
116,offer,offerent,0.1606445729013439
116,offer,offerers,0.1601802492877952
116,offer,offerred,0.1427791754921041
116,offer,offers's,0.1247923615633778
116,offer,offerator,0.107314255150854
116,offer,offerants,0.1608885875798103
116,offer,offerance,0.1116697861414588
116,offer,offerable,0.0982304708037086
116,offer,offered's,0.1285147867225187
116,offer,offeredly,0.107314255150854
116,offer,offerents,0.0557542138578626
116,offer,offerer's,0.1709335019798357
116,offer,offerered,0.0705652590515606
116,offer,ofference,0.107314255150854
116,offer,offereing,0.1831869964509209
116,offer,offerings,0.2354759092219943
116,offer,offerring,0.1473961836097135
116,offer,offererings,0.1067198987856415
116,offer,offerational,0.107314255150854
116,offer,offerability,0.1586974882070171
116,offer,offerings's,0.1522564815854349
117,cristiano,cristianos's,0.1915668846921653
117,cristiano,cristiano's,0.3170520054257732
117,cristiano,cristianos,0.1514966845104631
117,cristiano,cristianoeness,0.2305705502412999
117,ronaldo,ronaldos,0.2923935832459068
117,ronaldo,ronaldoe,0.2387537252090993
117,ronaldo,ronaldo's,0.3695371240486399
117,ronaldo,ronaldoes,0.2793404206530753
117,ronaldo,ronaldoal,0.2294414547624335
117,ronaldo,ronaldoe's,0.2294414547624335
118,the,the's,0.0149788661309922
118,the,theing,0.0136033675443636
118,the,theings,0.0126143109741826
118,calories,caloris,0.2267398307782438
118,calories,calorie,0.6792946129525245
118,calories,calorys,0.3326826021830367
118,calories,calorieness,0.3326826021830367
118,calories,calorie's,0.3375392608667569
118,calories,caloriers,0.3326826021830367
118,calories,calorient,0.280703095684339
118,calories,calorieds,0.280703095684339
118,calories,calorious,0.280703095684339
118,calories,calory,0.3413139889051436
118,calories,calori,0.3320496256244322
118,calories,calory's,0.280703095684339
118,calories,calori's,0.218883748398291
118,calories,caloried,0.3578416389787504
118,calories,calorial,0.280703095684339
118,of,ofs,0.0211847200476102
118,of,of's,0.0155066035175462
118,of,offing,0.0215410047766174
118,of,offeds,0.0139140904598155
118,of,ofness,0.0128048502295481
118,of,offedly,0.0115266674921468
118,of,offings,0.0087840116650386
118,of,offully,0.0120142877291876
118,of,offul,0.0130685037177891
118,of,offed,0.0175493968231597
118,of,ofs's,0.0125449865925042
118,of,offing's,-0.0279265803407475
118,of,ofnesses,0.0115266674921468
118,an,ans,-0.0392092889002073
118,an,an's,0.0436515159322237
118,an,anli,0.0069245778934947
118,an,anly,0.0527437320038519
118,an,anful,-0.0033307052476911
118,an,anlys,0.0092881036147641
118,an,anlis,0.0357459625025879
118,an,anned,0.0449679162851845
118,an,ans's,0.0165287806409475
118,an,anli's,0.0515457717220357
118,an,anness,0.0298190629126833
118,an,anning,0.0403361444937978
118,an,anlying,0.0503219877383376
118,an,annedly,0.0093555802096892
118,an,annings,0.0218142662487319
118,an,annesses,-0.0134601015272241
118,an,anness's,0.0503219877383376
118,an,anningly,0.0503219877383376
118,an,anning's,0.0516428035717851
118,egg,eggs,0.5483946803054521
118,egg,egge,0.1555725324869875
118,egg,egg's,0.3840186144784118
118,egg,egges,0.2938017308391867
118,egg,eggly,0.1961066486315431
118,egg,eggli,0.0595757236271617
118,egg,egge's,0.1232028573579264
118,egg,eggs's,0.1840828596406714
118,egg,egglys,0.2278946267724917
118,egg,eggged,0.2777308120266016
118,egg,eggness,0.2505888851006415
118,egg,egglying,0.2278946267724917
119,palpitation,palpit,0.4432639690356703
119,palpitation,palpitation's,0.5137574359441874
119,palpitation,palpitatingly,0.4357501048459181
119,palpitation,palpite,0.3614343866772921
119,palpitation,palpition,0.5751958479729083
119,palpitation,palpitent,0.3543314023395436
119,palpitation,palpitant,0.2644336251022184
119,palpitation,palpitate,0.4462686488648518
119,palpitation,palpitantly,0.5137574359441874
119,palpitation,palpitating,0.3722783458684955
119,palpitation,palpitative,0.5137574359441874
119,palpitation,palpitations,0.472148367568605
119,palpitation,palpites,0.3967464392967835
119,palpitation,palpiter,0.321440605919254
119,palpitation,palpitated,0.439942513554961
119,palpitation,palpitates,0.3924600256966496
119,palpitation,palpitants,0.4178305876498914
119,palpitation,palpitator,0.3437969349431025
119,palpitation,palpitable,0.5137574359441874
119,palpitation,palpitions,0.4432639690356703
119,symptoms,symptomates,0.2262917538569366
119,symptoms,symptomes's,0.2760628837961874
119,symptoms,symptomized,0.2121069317926873
119,symptoms,symptomizes,0.2027083200154644
119,symptoms,symptome,0.2615674253726112
119,symptoms,symptomative,0.2760628837961874
119,symptoms,symptomizing,0.287741354518674
119,symptoms,symptom,0.5710652566680061
119,symptoms,symptomization,0.2760628837961874
119,symptoms,symptoms's,0.287741354518674
119,symptoms,symptomize,0.1664609593911784
119,symptoms,symptomate,0.2262917538569366
119,symptoms,symptomeering,0.1482844227586674
119,symptoms,symptomic,0.2629952990385461
119,symptoms,symptomed,0.2760628837961874
119,symptoms,symptomer,0.2212737885977409
119,symptoms,symptomes,0.2634809560540205
119,symptoms,symptomal,0.2599761850364083
119,symptoms,symptom's,0.2648661796675728
120,birthday,birthdayizer,0.0496579235741755
120,birthday,birthdayness,0.2170673958149779
120,birthday,birthdayer,0.0862097584186067
120,birthday,birthdayes,0.2622350613969233
120,birthday,birthdayed,0.189280979863313
120,birthday,birthday's,0.2935609992321462
120,birthday,birthdays's,0.1723631425052714
120,birthday,birthdaying,0.0868397790014463
120,birthday,birthdayers,0.2018619944436459
120,birthday,birthdaye,0.210401495877795
120,birthday,birthdays,0.5548925058848432
120,cake,caked's,0.2376076546213542
120,cake,cakee's,0.2121521013163673
120,cake,cakes's,0.1851923928431429
120,cake,cakeful,0.1893364195794539
120,cake,cakeing,0.2121521013163673
120,cake,cakings,0.1791099948392969
120,cake,cakefully,0.2613493494842704
120,cake,caked,0.188808501822679
120,cake,cakee,0.1917027073494084
120,cake,cakes,0.5413172272085647
120,cake,caking,0.1857934810605741
120,cake,cakees,0.224331086870046
120,cake,cakeed,0.2121521013163673
120,cake,cakely,0.2724053838352928
120,cake,cake's,0.3772340411538669
120,cake,cakeness,0.2629780056000528
120,design,designals,0.0696088136278041
120,design,designant,0.0678816288599771
120,design,designate,0.0574309908980681
120,design,designe's,0.0765406154906118
120,design,designned,0.0556169242777907
120,design,designous,0.1157692592175575
120,design,designs's,0.05507462661384
120,design,designely,0.0331945677129148
120,design,designent,0.0836478210932243
120,design,designers,0.2866601498471786
120,design,designeds,0.0836478210932243
120,design,designeer,0.0332234775171977
120,design,designful,0.1362182894807398
120,design,designism,0.1331089909704088
120,design,designity,0.0227063261672406
120,design,designive,0.1130207007907084
120,design,designing,0.2692656459879398
120,design,designics,0.1130207007907084
120,design,designeering,0.1081474028734506
120,design,designabilities,0.1340032991350126
120,design,designerings,0.1130207007907084
120,design,designerness,0.1157692592175575
120,design,designables,0.0754071923998063
120,design,designalism,0.0696088136278041
120,design,designanted,0.0851308534127407
120,design,designate's,0.0394820075761669
120,design,designateds,0.0696088136278041
120,design,designating,0.0458053933224773
120,design,designation,0.0730068182487378
120,design,designative,0.0581780623848313
120,design,designators,0.0352394721753645
120,design,designeated,0.0467931318908908
120,design,designering,0.0892790059277922
120,design,designers's,0.1073735981882143
120,design,designerred,0.0892790059277922
120,design,designfully,0.0683097792720354
120,design,designationed,0.0696088136278041
120,design,designational,0.0306051480786695
120,design,designation's,0.0557217568658011
120,design,designativity,0.1130207007907084
120,design,designicals,0.1130207007907084
120,design,designibles,0.1368173930160523
120,design,designingly,0.0593680078046795
120,design,designing's,0.0828508263955396
120,design,designments,0.0851308534127407
120,design,designability,0.1342465328119139
120,design,designfulness,0.0892790059277922
120,design,designe,0.1153183748701182
120,design,designs,0.2934194236853482
120,design,designic,0.0696088136278041
120,design,designli,0.0892790059277922
120,design,designly,0.0696088136278041
120,design,designal,0.0678816288599771
120,design,designed,0.1687516764310715
120,design,designer,0.2554032791337075
120,design,designes,0.1038582751474238
120,design,design's,0.1726333104301153
120,design,designator,0.0583463173179554
120,design,designated,0.0663771381997891
120,design,designates,0.0546804818307357
120,design,designable,0.1106107802510195
120,design,designered,0.0150714866434688
120,design,designerly,0.1328649897372431
120,design,designer's,0.1811379738849208
120,design,designeous,0.1130207007907084
120,design,designence,0.1130207007907084
120,design,designeing,0.0851308534127407
120,design,designeers,0.103482776923861
120,design,designedly,0.1013274752379677
120,design,designed's,-0.0087393855412197
120,design,designized,0.0467931318908908
120,design,designisms,0.1157692592175575
120,design,designings,0.1217769343272566
120,design,designment,0.0727967203394466
120,design,designning,0.107579455782218
120,design,designness,0.1130207007907084
120,design,designalized,0.0892790059277922
120,design,designatedly,0.0180487723348128
120,design,designated's,0.0696088136278041
120,design,designatives,0.1130207007907084
120,design,designations,0.0563006785137827
120,design,designator's,0.0593680078046795
120,picture,picturator,0.1221321529729386
120,picture,picturally,0.1544988529560374
120,picture,picturably,0.1221321529729386
120,picture,picturable,0.1696905087223178
120,picture,pictureful,0.1563632262934793
120,picture,pictureing,0.172731982083723
120,picture,pictureize,0.17718208491829
120,picture,pictured's,0.1221321529729386
120,picture,pictureous,0.0993164712360253
120,picture,pictures's,0.0726526541323357
120,picture,picturered,0.0627607031626762
120,picture,picturical,0.1221321529729386
120,picture,picturings,0.1660944936061755
120,picture,picturizer,0.1411151024944031
120,picture,picturizes,0.1140230959275156
120,picture,picturized,0.0920112156179948
120,picture,picturability,0.1439340940506283
120,picture,pictur,0.2375880516433267
120,picture,picturalization,0.1221321529729386
120,picture,picturealism,0.1221321529729386
120,picture,pictureizing,0.1221321529729386
120,picture,picturables,0.1676757889135445
120,picture,picturality,0.1221321529729386
120,picture,picturation,0.0889904279827013
120,picture,pictureized,0.1221321529729386
120,picture,picturelies,0.1221321529729386
120,picture,pictureness,0.1188466903534142
120,picture,picturing's,0.1676757889135445
120,picture,picturizing,0.1481011146466464
120,picture,picturize's,0.0445838997029738
120,picture,picturizers,0.1221321529729386
120,picture,picturly,0.1221321529729386
120,picture,pictural,0.0581248922088777
120,picture,pictures,0.3470467909853963
120,picture,picturer,0.1099617691161184
120,picture,pictured,0.1818536585209589
120,picture,picturic,0.1221321529729386
120,picture,pictur's,0.0734364004835396
120,picture,picturization,0.1183192319920256
120,picture,pictureability,0.1676757889135445
120,picture,picturizer's,0.1676757889135445
120,picture,picturing,0.1751657851022229
120,picture,picturize,0.0515466575668185
120,picture,pictureds,0.1794648910625541
120,picture,picturers,0.1520077574511524
120,picture,picturent,0.1676757889135445
120,picture,picturely,0.1324654274295059
120,picture,pictureal,0.1439340940506283
120,picture,picture's,0.2100495407203352
120,picture,picturals,0.083128487423804
120,picture,picturred,0.1676757889135445
120,picture,picturous,0.0995413763295056
120,picture,picturs,0.1605326882920774
120,picture,picturizations,0.1608049602437682
121,international,international's,0.2161393866986903
121,international,internationaled,0.1453473089409847
121,international,internationally,0.2514504661015128
121,international,internalizings,0.0802427310193518
121,international,internable,0.0412390654702172
121,international,internator,0.0802427310193518
121,international,internated,0.0574270492824384
121,international,internal's,0.0230656112842358
121,international,internally,0.1010522529134826
121,international,internaled,0.0574270492824384
121,international,interneiti,-0.1033941877429528
121,international,internents,0.0574270492824384
121,international,internic's,0.1211472571064123
121,international,internment,0.1140499318329335
121,international,intern's,0.0544664326749875
121,international,internic,0.1151171302447687
121,international,internes,0.1026625924319786
121,international,interner,0.0855976971583327
121,international,interned,0.1247731780562522
121,international,internal,0.1349740182421557
121,international,internly,0.1372476747781555
121,international,internements,0.1326172692035643
121,international,internerings,0.0802427310193518
121,international,internalize,0.0734590381225784
121,international,internality,0.0365319929846104
121,international,internaliti,0.0097492641108348
121,international,internalism,0.0304032823061258
121,international,internals's,0.0802427310193518
121,international,internative,0.1094823637200399
121,international,internation,0.1772055641628274
121,international,internators,0.0802427310193518
121,international,interneally,0.1240862137488032
121,international,interneer's,0.0184233837333038
121,international,internement,0.0831520660407094
121,international,internering,0.1293355149022298
121,international,internicity,-0.0542364998439162
121,international,internities,0.0097492641108348
121,international,internments,0.0516903954560812
121,international,internicity's,0.0802427310193518
121,international,internationality,0.146298244130347
121,international,internationaliti,0.1240862137488032
121,international,internationalism,0.1876756114936993
121,international,internationaling,0.131121220326959
121,international,internationallys,0.1240862137488032
121,international,internationals's,0.1240862137488032
121,international,internations's,0.0802427310193518
121,international,internationals,0.2009502854562241
121,international,internization,0.0802427310193518
121,international,interneational,0.1339644659576579
121,international,internalities,0.0836183355841709
121,international,internalizers,0.0375397426822859
121,international,internalizing,0.0778395103525077
121,international,internationalities,0.0412390654702172
121,international,internationalism's,0.096465469364142
121,international,internationallying,0.1240862137488032
121,international,internment's,0.0412390654702172
121,international,internalization,0.0974329091004368
121,international,internalizations,0.0681669104531891
121,international,interns,0.1243546438859213
121,international,interne,0.1054741701641033
121,international,internationalisms,0.1466965802774582
121,international,internationallied,0.0802427310193518
121,international,intern,0.1268873734323875
121,international,internation's,0.0612110781823463
121,international,internativity,-0.0205802818158307
121,international,internalized,0.0827471878907013
121,international,internalizes,0.062677350858984
121,international,internalizer,0.0163944969433338
121,international,internalisms,0.0574270492824384
121,international,internalness,0.0802427310193518
121,international,internatives,0.0802427310193518
121,international,internations,0.1310339994829901
121,international,interneer,0.1343726512852731
121,international,interneal,0.0267017674959814
121,international,interne's,0.0802427310193518
121,international,internant,0.1293355149022298
121,international,internals,-0.0055753922806094
121,international,internate,0.0213871818715819
121,international,internize,0.100344518885887
121,international,internity,0.0827191257752714
121,international,internism,0.0802427310193518
121,international,interning,0.1135475706688004
121,international,internics,0.104589459422102
121,international,interners,0.100344518885887
121,international,internent,0.0557200160681503
121,international,internely,0.0802427310193518
121,international,interns's,-0.0331366575596875
121,gold,golds,0.2511634358139736
121,gold,golde,0.1884784590897099
121,gold,goldings's,0.135476925290668
121,gold,goldeli,-0.0109774510183414
121,gold,goldely,0.1815621814411027
121,gold,golde's,0.1080489391773113
121,gold,golding,0.1217659202529786
121,gold,goldful,0.1409754859971267
121,gold,goldlys,0.135476925290668
121,gold,goldlis,0.1861611891361789
121,gold,golds's,0.1578204865781865
121,gold,goldeings,0.1815621814411027
121,gold,goldeness,0.0508418962677065
121,gold,golding's,0.0521752994548798
121,gold,golded,0.1541041841237037
121,gold,goldes,0.108084593122684
121,gold,goldli,0.1172337911342104
121,gold,goldly,0.1436975284022097
121,gold,gold's,0.2567537074097999
121,gold,goldding,0.135476925290668
121,gold,goldings,0.1353072492358282
121,gold,goldlies,0.1553391991852971
121,gold,goldness,0.1163775547256786
121,price,priceings,0.1276235893665843
121,price,priceness,0.0799078686842242
121,price,pricing's,0.1285268118123231
121,price,pricee,0.1568891836438518
121,price,priced,0.2785708829971721
121,price,prices,0.4035322023265574
121,price,pricees,0.1545820124169837
121,price,priceed,0.0928770640566099
121,price,priceds,0.1426546082686442
121,price,price's,0.1692504929555215
121,price,pricing,0.2779849609802434
121,price,pricely,0.0637508416226097
121,price,priceli,0.1330225344598938
121,price,prices's,0.1078847538985429
121,price,pricelis,0.1038818945036681
121,price,priceing,0.1267819070930888
121,price,priceful,0.0836421360216153
121,price,pricings,0.1368115524829117
122,difference,differs,0.2812016017779835
122,difference,differe,0.1803539845405401
122,difference,differants,0.0829325461114073
122,difference,differance,0.2070488220713307
122,difference,differator,0.1609398772096766
122,difference,differated,0.1609398772096766
122,difference,differates,0.1609398772096766
122,difference,differable,0.1609398772096766
122,difference,differered,0.1622989742399141
122,difference,differeing,0.1895076189032553
122,difference,differents,0.11721563246509
122,difference,differenci,0.1674718949907766
122,difference,differency,0.1404025001679177
122,difference,differeant,0.1518789128077886
122,difference,differeent,0.1085495348998349
122,difference,differings,0.1824799762257848
122,difference,differment,0.1674718949907766
122,difference,differring,0.1400220276035223
122,difference,differate,0.1990355107940068
122,difference,differant,0.1121403427621301
122,difference,differiti,0.1609398772096766
122,difference,differing,0.2711457847281082
122,difference,differers,0.1212136537232551
122,difference,different,0.3203388067161656
122,difference,differred,0.121644389789789
122,difference,differ,0.2875844624894381
122,difference,differance's,0.1381241954727632
122,difference,differations,0.1609398772096766
122,difference,differeances,0.1544058974487238
122,difference,differeences,0.2096801374141765
122,difference,differencies,0.1815327916406783
122,difference,differencied,0.2080585904347527
122,difference,difference's,0.1858407187625998
122,difference,differenting,0.1268851995468006
122,difference,differerring,0.2080585904347527
122,difference,differantly,0.1350256192839292
122,difference,differances,0.1771120656237804
122,difference,differation,0.1904699052797599
122,difference,differating,0.1609398772096766
122,difference,differeance,0.1822671365086184
122,difference,differeence,0.1155102435795985
122,difference,differencis,-0.0117006729146464
122,difference,differences,0.3704025874171209
122,difference,differement,0.1356086881682964
122,difference,differently,0.3277087080047378
122,difference,differentli,0.2080585904347527
122,difference,differented,0.1551209297401621
122,difference,different's,0.0867163918141425
122,difference,differering,0.1143048455113677
122,difference,differingly,0.1715446558657041
122,difference,differal,0.1609398772096766
122,difference,differes,0.1480881651823993
122,difference,differer,0.0690654996925466
122,difference,differed,0.2729402859292127
122,difference,differly,0.1609398772096766
122,difference,differ's,0.0703761703675505
122,difference,differences's,0.1381241954727632
122,difference,differently's,0.1674718949907766
122,difference,differentlies,0.1381241954727632
122,difference,differentness,0.2011743888826551
122,difference,differenceness,0.1381241954727632
122,between,between's,0.1454387113267141
122,between,betweenal,0.1377237863544126
122,between,betweened,0.1410731008686003
122,between,betweener,0.0639255252943475
122,between,betweeningly,0.1377237863544126
122,between,betweener's,0.0111698780252165
122,between,betweenized,0.1377237863544126
122,between,betweenings,0.1377237863544126
122,between,betweenness,0.1717294100337258
122,between,betweens,0.1265938037220029
122,between,betweene,0.1270355759736913
122,between,betweennesses,0.1139820914914964
122,between,betweening,0.1148795864466659
122,between,betweenity,0.0822447193605203
122,between,betweeners,0.1155595270504265
122,between,betweene's,0.09334838830415
122,series,sery,0.0693603391722565
122,series,seri,0.0701523722096822
122,series,serys,0.1202845848552854
122,series,seris,0.1508685889156481
122,series,serie,0.1715144974726557
122,series,seried,0.2054509518785903
122,series,seri's,0.0627510286344931
122,series,seryed,0.1585345580432515
122,series,sery's,0.0743437980650834
122,series,series's,0.1970331214052199
122,series,seriings,0.1585345580432515
122,series,seris's,0.0905317818773046
122,series,seriing,0.0489326336382424
122,series,serie's,0.1003141777673525
122,series,serieds,0.1909594468606185
122,series,serieli,0.1585345580432515
122,and,ande,0.0138545955690902
122,and,ands,0.0154787367917124
122,and,and's,0.0161960825011703
122,and,andli,0.0129715516288793
122,and,andly,0.0138931940660043
122,and,anded,0.016384409674639
122,and,andfully,0.0140258642628197
122,and,anding's,0.0014205480237083
122,and,andlying,0.0120200291175837
122,and,andeli,-0.0025653377289059
122,and,andely,0.0071034327334736
122,and,ande's,0.0076299668033302
122,and,andded,0.0123123450569733
122,and,anding,0.0134549529279276
122,and,andful,0.0129715516288793
122,and,ands's,0.0120200291175837
122,and,andding,0.0123123450569733
122,and,andelys,0.0010055244147471
122,and,andelis,-0.0029088712533881
122,and,andes's,0.0127014987293732
122,and,andedly,0.0123123450569733
122,and,andeing,0.0120200291175837
122,and,andings,0.0129715516288793
122,and,andlies,0.0143496483462063
122,and,andness,0.013180869409051
122,and,andelis's,0.0123123450569733
122,parallel,parallelate,0.2291508302257966
122,parallel,parallelals,0.25196651196271
122,parallel,paralleller,0.2085403070597927
122,parallel,parallelled,0.2463731128815891
122,parallel,parallels's,0.2685692901828937
122,parallel,parallele's,0.2129628464135754
122,parallel,parallelely,0.2790380006268814
122,parallel,parallelize,0.3986414353528554
122,parallel,parallelity,0.2872228432217631
122,parallel,parallelism,0.4669954420495035
122,parallel,paralleling,0.326296852088376
122,parallel,parallellization,0.2991267820989575
122,parallel,parallelizations,0.3302438806688343
122,parallel,parallellement,0.25196651196271
122,parallel,parallellicity,0.3027796954897976
122,parallel,parallellizing,0.2790380006268814
122,parallel,parallelability,0.2621930000458215
122,parallel,parallell,0.2762779490877787
122,parallel,parallels,0.3469827581499468
122,parallel,parallele,0.293994275849093
122,parallel,parallelable,0.2690426045629256
122,parallel,parallelisms,0.2997486063530354
122,parallel,parallelized,0.4087784472632373
122,parallel,parallelizes,0.2611107583222382
122,parallel,parallelizer,0.315006311667282
122,parallel,parallellize,0.2790380006268814
122,parallel,parallellism,0.2137995924627732
122,parallel,parallellity,0.2790380006268814
122,parallel,parallelling,0.2655722947132316
122,parallel,parallelness,0.2573274478702331
122,parallel,parallells,0.2135018737451145
122,parallel,paralleler,0.3013811886962589
122,parallel,paralleles,0.2809115957674514
122,parallel,paralleled,0.3274318917536459
122,parallel,parallel's,0.3145041826111274
122,parallel,parallelement,0.1673314829397486
122,parallel,parallelism's,0.2928883610046088
122,parallel,parallelities,0.2291508302257966
122,parallel,parallelizing,0.374273549468702
122,parallel,parallelizers,0.3086646900181033
122,parallel,parallellizes,0.2291508302257966
122,parallel,parallellized,0.2795046105429744
122,parallel,parallellives,0.25196651196271
122,parallel,parallelization,0.4518703563620646
122,circuits,circuitable,0.3081813067391949
122,circuits,circuiteers,0.3375343681584051
122,circuits,circuitized,0.3424052940735422
122,circuits,circuitings,0.3612760630213213
122,circuits,circuitation,0.3081813067391949
122,circuits,circuitously,0.1179036405151123
122,circuits,circuitous's,0.3081813067391949
122,circuits,circuite,0.3613369892613661
122,circuits,circuits's,0.3700619611841272
122,circuits,circuitant,0.2853656250022816
122,circuits,circuitent,0.3081813067391949
122,circuits,circuiters,0.3700619611841272
122,circuits,circuiteer,0.2326192824075369
122,circuits,circuitize,0.2853656250022816
122,circuits,circuition,0.2432949797284002
122,circuits,circuiting,0.2850624929364908
122,circuits,circuitism,0.2463619594531469
122,circuits,circuitous,0.1283192725806143
122,circuits,circuit,0.5193723512635317
122,circuits,circuit's,0.4058628364830963
122,circuits,circuitly,0.3081813067391949
122,circuits,circuited,0.3047035222604486
122,circuits,circuiter,0.2395159766893931
122,circuits,circuites,0.2029197795991887
122,circuits,circuital,0.1882064547701345
122,circuits,circuitousness,0.2007883016459554
122,circuits,circuitousnesses,0.3081813067391949
122,circuits,circuitization,0.3375343681584051
123,medvedev,medvedev's,0.6635858984768744
123,medvedev,medvedeve,0.4690776385665959
123,medvedev,medvedevs,0.4959072299648656
124,what,whatnesses,0.029583986361378
124,what,whats,0.1327675045928258
124,what,whatted,0.0701706972007199
124,what,whats's,0.0893905442938476
124,what,whatly,0.031533357968743
124,what,what's,0.1566269561314086
124,what,whatlies,0.031533357968743
124,what,whatness,0.0743402800828845
124,what,whatting,0.0805492850139621
124,does,doe,0.106857315893005
124,does,doe's,0.1104217424499114
124,does,doeings,-3.936899119092516e-06
124,does,does's,0.1181733497702752
124,does,doeing,0.0742229337953033
124,ridiculous,ridiculation's,0.2697119704048573
124,ridiculous,ridiculed,0.3203239175429077
124,ridiculous,ridiculer,0.2744057991854759
124,ridiculous,ridicules,0.2530571140068447
124,ridiculous,ridicull,0.2697119704048573
124,ridiculous,ridicule,0.2299685392867492
124,ridiculous,ridiculs,0.2697119704048573
124,ridiculous,ridicul,0.1401076612855146
124,ridiculous,ridiculouslies,0.2697119704048573
124,ridiculous,ridiculousness,0.3260737488381913
124,ridiculous,ridiculates,0.2697119704048573
124,ridiculous,ridiculator,0.2468962886679439
124,ridiculous,ridiculeing,0.2697119704048573
124,ridiculous,ridiculeous,0.2307083048557226
124,ridiculous,ridiculer's,0.3212453834492501
124,ridiculous,ridiculisms,0.2697119704048573
124,ridiculous,ridiculized,0.2411095021354055
124,ridiculous,ridicullous,0.2675926904632212
124,ridiculous,ridiculness,0.2697119704048573
124,ridiculous,ridicule's,0.2468962886679439
124,ridiculous,ridiculant,0.1104658951653862
124,ridiculous,ridiculing,0.3060472625185067
124,ridiculous,ridiculers,0.2182934116318539
124,ridiculous,ridiculize,0.2331752982794415
124,ridiculous,ridiculity,0.2874840465156038
124,ridiculous,ridiculization,0.2468962886679439
124,ridiculous,ridiculant's,0.2697119704048573
124,ridiculous,ridiculement,0.1156295643841212
124,ridiculous,ridiculeness,0.2697119704048573
124,ridiculous,ridiculizing,0.2307083048557226
124,ridiculous,ridiculous's,0.3433313356110224
124,ridiculous,ridiculously,0.3394893220132789
124,ridiculous,ridicullously,0.2307083048557226
124,ridiculous,ridiculousnesses,0.2782383648898138
124,ridiculous,ridiculousness's,0.2468962886679439
124,mean,meaneing,0.127208503096122
124,mean,meanings,0.2501655617125619
124,mean,meanning,0.1057072206318435
124,mean,meanness,0.2420818237880181
124,mean,means,0.3644581998662992
124,mean,meane,0.0796470246015075
124,mean,meanfully,0.0683928373370468
124,mean,meaning's,0.2084547017838023
124,mean,meaningly,0.1946805886842772
124,mean,meannings,0.1519545585762499
124,mean,meaning,0.3412025274714424
124,mean,meanful,0.1370062182346001
124,mean,meanely,0.1626322257670517
124,mean,meaneds,0.140100989013501
124,mean,means's,0.1277267011045208
124,mean,meannesses,0.1655818220184025
124,mean,mean's,0.159870452518881
124,mean,meanly,0.2071834029587065
124,mean,meanes,0.1191680302593305
124,mean,meaned,0.1868874835748095
125,what,whatnesses,0.029583986361378
125,what,whats,0.1327675045928258
125,what,whatted,0.0701706972007199
125,what,whats's,0.0893905442938476
125,what,whatly,0.031533357968743
125,what,what's,0.1566269561314086
125,what,whatlies,0.031533357968743
125,what,whatness,0.0743402800828845
125,what,whatting,0.0805492850139621
125,is,is's,0.0353220011274436
125,is,isnesses,0.0280562665783421
125,is,isful,0.0280562665783421
125,is,isness,0.035736832601157
125,is,isfully,0.0304274360758364
125,the,the's,0.0149788661309922
125,the,theing,0.0136033675443636
125,the,theings,0.0126143109741826
125,biggest,biggests,0.2233674230960816
125,biggest,biggeste,0.1610660547079333
125,biggest,biggestness,0.2319315839236193
125,biggest,biggesting,0.2319315839236193
125,biggest,biggestly,0.2375719445388503
125,biggest,biggested,0.2069335387340335
125,biggest,biggestal,0.1610660547079333
125,biggest,biggest's,0.1838817364448467
125,waterfall,waterfallics,0.3711589514249098
125,waterfall,waterfalling,0.3044830689851945
125,waterfall,waterfallers,0.3281835030153275
125,waterfall,waterfall's,0.3996384067034503
125,waterfall,waterfaller,0.3217603134105636
125,waterfall,waterfalled,0.3258785557568786
125,waterfall,waterfalls,0.5289798896573321
125,in,ins,0.0347766898020203
125,in,in's,0.0198393476382014
125,in,inly,0.0163047434858378
125,in,inli,0.0137618765020265
125,in,inful,-0.0074381423656469
125,in,inlis,-0.0038266425179066
125,in,inned,0.0122235510005251
125,in,inlys,0.0141764692646394
125,in,ins's,0.01693216680368
125,in,infully,0.0135871006134462
125,in,inlying,0.0042853463588799
125,in,infulness,0.01326451981661
125,in,inness's,0.0047351332541836
125,in,innesses,0.0135871006134462
125,in,inlied,0.01326451981661
125,in,inlies,0.0077804406249078
125,in,inlyed,0.01326451981661
125,in,inly's,0.01326451981661
125,in,inness,0.0149714053981178
125,the,the's,0.0149788661309922
125,the,theing,0.0136033675443636
125,the,theings,0.0126143109741826
125,world,worlde's,0.1004175724210993
125,world,worldely,0.0854312748283852
125,world,worldeli,0.0950298992375878
125,world,worldful,0.0883044504014601
125,world,worlding,0.1194125831874438
125,world,worldlys,0.0973409380873271
125,world,worlds's,0.0313379395100973
125,world,worldings,0.108204942361005
125,world,worldly's,0.0544432037936117
125,world,worldlies,0.0879563123466946
125,world,worldness,0.0897227285315131
125,world,worlds,0.2148542840274239
125,world,worlde,0.0898539050894919
125,world,worldes,0.0716673125731631
125,world,worlded,0.0823975423275335
125,world,worldli,0.1055676870956332
125,world,worldly,0.1780209463319545
125,world,world's,0.2786435037643803
126,canon,canonnesses,0.2347404854711325
126,canon,canonability,0.2347404854711325
126,canon,canon's,0.5015002534438416
126,canon,canones,0.2813053469615394
126,canon,canoned,0.2915235855694505
126,canon,canonal,0.3126606416157708
126,canon,canonly,0.2059783649504393
126,canon,canonic,0.2123199513238459
126,canon,canonicality,0.2418829624089975
126,canon,canonicalism,0.2611128266443803
126,canon,canonication,0.1642470185626154
126,canon,canons,0.4001280995517829
126,canon,canone,0.1992941596515414
126,canon,canonization,0.2774892283521834
126,canon,canoneers,0.3190682432945539
126,canon,canonical,0.186428682262228
126,canon,canonizes,0.235813334690543
126,canon,canonizer,0.156197740893512
126,canon,canonized,0.2709745342146453
126,canon,canonitis,0.1957368199219979
126,canon,canonlied,0.2347404854711325
126,canon,canonness,0.1957368199219979
126,canon,canonization's,0.2442678260633205
126,canon,canonalization,0.1957368199219979
126,canon,canonically,0.313528721768723
126,canon,canonicates,0.2745272634465357
126,canon,canonical's,0.0980063669910808
126,canon,canonizeing,0.2347404854711325
126,canon,canonous,0.2848545215072965
126,canon,canoning,0.271923237587418
126,canon,canonics,0.2917819187897182
126,canon,canonize,0.2251596177023096
126,canon,canonism,0.1439894498959218
126,canon,canonity,0.2258891218031057
126,canon,canonful,0.2848545215072965
126,canon,canoneer,0.0973086533954302
126,canon,canoners,0.1831804441781411
126,canon,canonate,0.2848545215072965
126,canon,canonality,0.2347404854711325
126,canon,canonalize,0.2347404854711325
126,canon,canonicate,0.3007548769438649
126,canon,canonicals,0.1286672254608521
126,canon,canonicity,0.3560445846577387
126,canon,canonizing,0.2464946289972437
126,canon,canonizers,0.2252844160708933
126,canon,canonments,0.2347404854711325
126,canon,canonizations,0.3255437812071565
126,driver,driverated,0.1978968818884888
126,driver,drivered's,0.1750812001515754
126,driver,driveritis,0.2227738629440693
126,driver,driverized,0.2465155578069855
126,driver,driverness,0.1750812001515754
126,driver,driverating,0.2738514665338071
126,driver,drivering,0.2258165446862822
126,driver,driverive,0.2660300781416154
126,driver,driverers,0.2465155578069855
126,driver,drivereal,0.1750812001515754
126,driver,driverely,0.1978968818884888
126,driver,driverred,-0.01567679348914
126,driver,drivers's,0.2719142747871457
126,driver,driveratings,0.2721641399041289
126,driver,drivers,0.556514389428082
126,driver,drivere,0.2968130400336498
126,driver,driveres,0.2900552696754434
126,driver,driverer,0.2109368609510507
126,driver,drivered,0.1861393612418413
126,driver,driverly,0.1978968818884888
126,driver,driver's,0.4032378730150068
127,is,is's,0.0353220011274436
127,is,isnesses,0.0280562665783421
127,is,isful,0.0280562665783421
127,is,isness,0.035736832601157
127,is,isfully,0.0304274360758364
127,it,its,0.3017139011669241
127,it,it's,0.2886995740637308
127,it,itly,0.0471042697170535
127,it,itli,0.0163157001082669
127,it,itful,-0.0040376362124394
127,it,itlis,0.0512471610682333
127,it,its's,0.0503462006439221
127,it,itted,0.0284415942585811
127,it,itnessing,0.0229921243653269
127,it,itnesses,-0.0030769873316002
127,it,itlies,0.0467338192282431
127,it,itness,0.0273801909432228
127,it,itting,0.0395759999545696
127,it,itfully,0.0467338192282431
127,it,ittings,0.0062966161229265
127,okay,okay's,0.2089009250767649
127,okay,okayer,0.2512227453098341
127,okay,okayed,0.1954492695209765
127,okay,okays,0.1716739329873169
127,okay,okaye,0.1424026793942088
127,okay,okayers,0.1966886536222364
127,okay,okaying,0.2227551015919087
127,okay,okayness,0.2295976262823913
127,to,to's,0.0243827561203885
127,to,toed,0.0180286466986789
127,to,toeds,0.0126597046038384
127,to,toing,0.0143689284503067
127,to,toings,0.0121105636767826
127,drink,drinkeing,0.2179283411848386
127,drink,drinkings,0.1598064205518808
127,drink,drinklied,0.1704246715024528
127,drink,drinklies,0.1704246715024528
127,drink,drinking's,0.1955190632466292
127,drink,drinks,0.4279573153766586
127,drink,drinke,0.1900720295642351
127,drink,drink's,0.2725594917166865
127,drink,drinkes,0.1720833599568741
127,drink,drinked,0.1936430914870006
127,drink,drinking,0.3730989901945716
127,drink,drinkful,0.0369310220388479
127,drink,drinks's,0.2271475079092077
127,yogurt,yogurtness,0.3656699267856874
127,yogurt,yogurte,0.1659494174018178
127,yogurt,yogurts,0.5090667755775466
127,yogurt,yogurtive,0.2895881119739139
127,yogurt,yogurting,0.2226601907972209
127,yogurt,yogurtli,0.3656699267856874
127,yogurt,yogurted,0.3419282319227713
127,yogurt,yogurt's,0.3913512260548819
127,after,aftereating,0.084203925003258
127,after,afters,0.1143498965283719
127,after,aftere,0.1068869291377427
127,after,afterism,0.0243426579640096
127,after,aftering,0.1014310638015391
127,after,afterful,0.0614474177335338
127,after,afterers,0.0807863659439634
127,after,afterant,0.1045280608068796
127,after,afteralli,0.0614474177335338
127,after,afterally,0.0807863659439634
127,after,afterable,0.0614474177335338
127,after,afterlies,0.0614474177335338
127,after,afterment,0.1089499804833859
127,after,afterness,0.0979606055581612
127,after,afterli,0.0311734970261565
127,after,afterly,0.0764316803156818
127,after,afterer,0.1185099988525457
127,after,afteres,0.0386317359966204
127,after,aftered,0.0807687726982306
127,after,afteral,0.0950023444619203
127,after,after's,0.1155894089624541
127,eating,eat,0.4611843913374125
127,eating,eate,0.1760733071623598
127,eating,eats,0.3635090544364835
127,eating,eat's,0.1486306000917135
127,eating,eated,0.1711818362574945
127,eating,eatly,0.0746047165669114
127,eating,eates,0.0519086285608122
127,eating,eatedly,0.126994537857668
127,eating,eateing,0.1727355219327217
127,eating,eatings,0.2221157755782218
127,eating,eatness,0.1785545791506594
127,eating,eatting,0.2376430405053581
127,eating,eateds,0.1530336511380275
127,eating,eately,0.1785545791506594
127,eating,eatted,0.2026465200558344
127,eating,eats's,0.0826277308563634
127,eating,eatingly,0.126994537857668
127,eating,eating's,0.2349738307301522
127,persimmon,persimmoning,0.4341186806501821
127,persimmon,persimmonous,0.4716291896453819
127,persimmon,persimmon's,0.5629170408896605
127,persimmon,persimmones,0.3951150151010476
127,persimmon,persimmonation,0.4113029989132687
127,persimmon,persimmone,0.4341186806501821
127,persimmon,persimmons,0.5824358310666663
128,nail,nail's,0.3326140417212995
128,nail,nailed,0.2908829436193923
128,nail,nailes,0.204738837680378
128,nail,nails,0.5279776714943589
128,nail,naile,0.138811098530965
128,nail,nails's,0.2325444577454035
128,nail,naile's,0.1611135480912462
128,nail,nailing,0.3293634168308723
128,nail,nailed's,0.2787370036105889
128,nail,nailings,0.2439419023771299
128,scratches,scratch's,0.0592539016777701
128,scratches,scratched,0.4290841939827431
128,scratches,scratches's,0.3377177766275445
128,scratches,scratcheing,0.3142862394249096
128,scratches,scratchings,0.15480291579516
128,scratches,scratchness,0.3702498299768167
128,scratches,scratche,0.3077217567672105
128,scratches,scratchs,0.3161631183848923
128,scratches,scratche's,0.3371019211618231
128,scratches,scratching,0.3672548088749398
128,scratches,scratch,0.3670030829409604
128,scratches,scratchnesses,0.4008882357816337
128,scratches,scratchingly,0.1893591252190657
128,scratches,scratching's,0.2980982556126884
128,on,ons,0.0364336516202952
128,on,on's,0.0313087445471318
128,on,onli,0.0231917293101022
128,on,only's,0.0113630435454101
128,on,onli's,0.0252621158086297
128,on,onlied,0.0248262267071122
128,on,onlies,0.0267626839878835
128,on,onness,0.0272201958565989
128,on,onning,0.0164008964897326
128,on,onlies's,0.0242368100080344
128,on,onlys,0.0327846627301842
128,on,onlis,0.0288042333007544
128,on,onned,0.0218414711751608
128,on,ons's,0.025795025536838
128,on,onfully,0.0248262267071122
128,on,onlys's,0.0242368100080344
128,on,onlying,0.0280138011055157
128,car,cars,0.4646563124793616
128,car,carrings,0.105290259130971
128,car,carfuls,0.0203260596688768
128,car,carlies,0.0819589802381169
128,car,carlied,0.1149963642215455
128,car,carli's,0.0509629473579669
128,car,carly's,0.032304071948661
128,car,carness,0.041978993403842
128,car,carring,0.1067762278257492
128,car,carreds,0.1149963642215455
128,car,car's,0.1690842232062422
128,car,carly,0.0706313288221866
128,car,carli,0.0435476714801092
128,car,carringly,0.1149963642215455
128,car,carfulness,0.1149963642215455
128,car,carlys,0.02794581131901
128,car,carlis,0.0558378524648343
128,car,carred,0.1122736017955241
128,car,cars's,0.1540301414639426
128,car,carful,0.0787992060942826
128,car,carfully,0.0600644817244975
128,car,carlis's,0.1149963642215455
128,car,carliing,0.1196636866333699
128,paint,painte,0.1977549396071489
128,paint,paints,0.4479112927466111
128,paint,painted's,0.193258257194915
128,paint,painteing,0.2416886666656947
128,paint,paintings,0.2862242367130885
128,paint,paintness,0.1773602763588025
128,paint,paintting,0.1573414692285344
128,paint,paintfully,0.193258257194915
128,paint,paint's,0.3148791465253559
128,paint,painted,0.3927144718124307
128,paint,paintes,0.2113622690221628
128,paint,paintly,0.1605152757777426
128,paint,paintli,0.1704425754580016
128,paint,painting's,0.3018617380906405
128,paint,paintingly,0.2303116551239611
128,paint,painttings,0.0609454430003499
128,paint,paints's,0.2553910862052325
128,paint,paintful,0.1497538730945878
128,paint,painting,0.4008209347928692
128,paint,painte's,0.2416886666656947
128,paint,paintely,0.193258257194915
128,paint,painteds,0.0831208879287975
128,paint,paintted,0.1536185814958862
128,paint,paintings's,0.0851059669878042
129,how,hows,0.12297051301164
129,how,howelis,0.0758793434123283
129,how,howes's,0.0309045835252178
129,how,howings,0.0758793434123283
129,how,howness,0.0842935417867555
129,how,how's,0.1380410494190737
129,how,howed,0.0783967677161546
129,how,howes,0.0483463929501241
129,how,howefully,0.0758793434123283
129,how,howfully,0.0339161053306512
129,how,hows's,0.0339161053306512
129,how,howing,0.0719887076301484
129,how,howful,-0.0050875602184833
129,how,howeli,0.0758793434123283
129,how,howely,0.0352926479683522
129,how,howe's,0.0645341983171942
129,to,to's,0.0243827561203885
129,to,toed,0.0180286466986789
129,to,toeds,0.0126597046038384
129,to,toing,0.0143689284503067
129,to,toings,0.0121105636767826
129,select,selectability,0.1269167695294975
129,select,selectnesses,0.0880832319793244
129,select,select's,0.1678234961493742
129,select,selectic,0.1422820714892619
129,select,selectly,0.0761000788291257
129,select,selectal,-0.0087231061592258
129,select,selected,0.1551072464059584
129,select,selecter,0.0318804840043538
129,select,selectes,0.109413467727959
129,select,selectibility,0.0880832319793244
129,select,selectiveness,0.0422939853531725
129,select,selectivity's,0.0490795664301898
129,select,selectivities,0.0012849959201068
129,select,selectabilities,0.065267550242411
129,select,selectables,0.1233406365738217
129,select,selectative,0.065267550242411
129,select,selecteable,0.0880832319793244
129,select,selectfully,0.1354610086669602
129,select,selectics's,0.0262638846932764
129,select,selectioned,0.0695682116803477
129,select,selectional,0.0269052738223952
129,select,selection's,0.0785781611424984
129,select,selectively,0.0889514433929563
129,select,selective's,0.0916582392893903
129,select,selectivity,0.0534511391993563
129,select,selectable's,0.1322449347333664
129,select,selectallied,0.065267550242411
129,select,selecte,0.0968604272514968
129,select,selects,0.1465595916171152
129,select,selectted,0.138251448299781
129,select,selects's,0.1322449347333664
129,select,selectant,0.0880832319793244
129,select,selectate,-0.0018762600163045
129,select,selection,0.1535011574493895
129,select,selecting,0.2117897406060638
129,select,selectics,-0.0282428266419994
129,select,selectism,0.0489631355881502
129,select,selective,0.0774415180077847
129,select,selecteds,0.0703533395310107
129,select,selecteer,0.0049284166840783
129,select,selecters,0.028879301267029
129,select,selectable,0.1378223511415924
129,select,selectably,0.0866454215856836
129,select,selectance,0.065267550242411
129,select,selectally,0.0509481807307221
129,select,selecteing,0.1360430579324356
129,select,selectedly,0.1106615256949181
129,select,selecter's,0.0324247326624493
129,select,selectible,0.1018221465314547
129,select,selectings,0.1085032398704502
129,select,selectives,0.0128445248470861
129,select,selections,0.1370724446211849
129,select,selectness,0.0938872825020627
129,select,selectment,0.0475127381218645
129,select,selectting,0.1011947727893743
129,select,selectionally,0.0880832319793244
129,select,selectionning,0.1322449347333664
129,select,selectionals,-0.0540405161557929
129,select,selectionned,0.0588903709526433
129,select,selectioning,0.0916582392893903
129,computer,computionally,0.0460200262798987
129,computer,computation's,0.1343979696890256
129,computer,computational,0.2589856563578392
129,computer,computatively,0.1528029128217131
129,computer,computability,0.211279266954682
129,computer,computations,0.2103528447615717
129,computer,computables,0.1490185847091912
129,computer,computality,0.0850236918290333
129,computer,computating,0.0715450619492204
129,computer,computation,0.2436122803598167
129,computer,computative,0.1341356787772139
129,computer,computators,0.0585635243917081
129,computer,computeable,0.1078393735659467
129,computer,computeized,0.1290612179587969
129,computer,computering,0.1305578037454418
129,computer,computerful,0.1078393735659467
129,computer,computerred,0.2001971261260521
129,computer,computers's,0.1700519237984974
129,computer,computted,0.0688357080168121
129,computer,computers,0.3799971694524943
129,computer,computent,0.0991502198356842
129,computer,computely,0.1078393735659467
129,computer,computeer,0.1887177275489299
129,computer,computeds,0.1974356077423733
129,computer,computize,0.1406471398402298
129,computer,computics,0.1614659984650405
129,computer,compution,0.134195935476772
129,computer,computing,0.2857497642535332
129,computer,compute's,0.1522715380202792
129,computer,computate,0.0594570149264726
129,computer,computant,0.1251129663461496
129,computer,computing's,0.1697858518702411
129,computer,computional,-0.0249125392815922
129,computer,computibility,0.1453051592377011
129,computer,computeation,0.1565189376803886
129,computer,computationally,0.1958737514538107
129,computer,computication,0.1290612179587969
129,computer,computationalisms,0.0850236918290333
129,computer,computerness,0.0981342045061102
129,computer,computerring,0.199925659862632
129,computer,comput,0.2065977218074731
129,computer,computator,0.0179363465416799
129,computer,computated,0.097759401751726
129,computer,computates,0.1078393735659467
129,computer,computable,0.1691466920196325
129,computer,computably,0.1114560259886532
129,computer,computed's,0.1456482984091247
129,computer,computer's,0.2906108599477497
129,computer,computency,0.1290612179587969
129,computer,computence,0.0688357080168121
129,computer,computerly,0.136671319402227
129,computer,computered,0.1330807621419262
129,computer,computeers,0.1976058220577211
129,computer,computeize,0.1078393735659467
129,computer,computeing,0.0976905561723086
129,computer,computions,0.1323850281933969
129,computer,computings,0.1768182575107169
129,computer,computical,0.1565189376803886
129,computer,computible,0.112216217377737
129,computer,computizer,0.1528029128217131
129,computer,computized,0.0474222388136567
129,computer,computting,0.1185782603765367
129,computer,computationals,0.0647328276519046
129,computer,computization,0.1078393735659467
129,computer,compute,0.1980248312779202
129,computer,computs,0.0884745225148208
129,computer,computabilities,0.1592670354852164
129,computer,computal,0.1078393735659467
129,computer,computed,0.1460511064476891
129,computer,computes,0.1542930651631665
129,computer,computic,0.1528029128217131
129,computer,comput's,0.1528029128217131
129,computer,computationality,0.1528029128217131
129,computer,computationalism,0.1592533342560542
129,monitors,monitor's,0.3296808644877321
129,monitors,monitored,0.2623635608483858
129,monitors,monitoral,0.2275272176775906
129,monitors,monitorer,0.1860834775848291
129,monitors,monitores,0.2390264042540786
129,monitors,monitorly,0.250342899414504
129,monitors,monitorations,0.250342899414504
129,monitors,monitorating,0.3010901858735785
129,monitors,monitorering,0.1987828581215126
129,monitors,monitoring's,0.1929243432008877
129,monitors,monitorizing,0.1723355683162347
129,monitors,monitor,0.4196063234124744
129,monitors,monitorerings,0.250342899414504
129,monitors,monitorability,0.2726875387778625
129,monitors,monitore,0.1992145391602316
129,monitors,monitorred,0.159779192572378
129,monitors,monitors's,0.2773484910106623
129,monitors,monitoring,0.322256734060771
129,monitors,monitorism,0.3010901858735785
129,monitors,monitority,0.250342899414504
129,monitors,monitorize,0.1889100274498613
129,monitors,monitore's,0.250342899414504
129,monitors,monitorant,0.250342899414504
129,monitors,monitorate,0.159779192572378
129,monitors,monitorers,0.1987828581215126
129,monitors,monitorization,0.1187807122737652
129,monitors,monitorated,0.3010901858735785
129,monitors,monitorable,0.1895197722798234
129,monitors,monitoredly,0.250342899414504
129,monitors,monitorings,0.1656876013936224
129,monitors,monitorizes,0.2474374928875496
129,monitors,monitorized,0.1150017092347581
129,monitors,monitorring,0.1458407627443873
130,red,reds,0.3189073112905332
130,red,redding,0.174599837119772
130,red,redlies,0.0694900285572688
130,red,redness,0.1789935284375651
130,red,red's,0.2239093133522208
130,red,redly,0.1393446434716924
130,red,redli,0.0509265922578014
130,red,redlis,0.1084936941064034
130,red,reds's,0.0355027067777469
130,red,redded,0.121920478921139
130,red,rednesses,0.1261040487755565
130,red,redness's,0.0891553997637757
130,red,reddings,0.0677282986073723
130,red,redding's,0.0983610216324867
130,coral,coralations,0.3278979254142937
130,coral,coralate,0.1725192657155472
130,coral,corallys,0.1791469636402394
130,coral,corallis,0.2648532288501588
130,coral,corallic,0.2343386130015952
130,coral,coralled,0.1738604125048307
130,coral,coralize,0.2000566286098503
130,coral,corality,0.1651682972366805
130,coral,coraling,0.1864179468932189
130,coral,coralation,0.2032629474742787
130,coral,coralizing,0.267591337781171
130,coral,corallates,0.2571542947385086
130,coral,corale,0.2115434374606074
130,coral,corall,0.2642647301711447
130,coral,corals,0.5586938438989466
130,coral,corallation,0.2343386130015952
130,coral,coraled,0.1704950791375317
130,coral,corales,0.2511190801739782
130,coral,coralli,0.2328299200862995
130,coral,corally,0.1364886427056057
130,coral,coralls,0.2377439708280436
130,coral,coralic,0.0914695507271879
130,coral,coral's,0.4046598079820755
130,coral,coralization,0.1311931633043212
130,coral,coralated,0.2571542947385086
130,coral,coralator,0.2571542947385086
130,coral,corales's,0.2571542947385086
130,coral,coralized,0.2997411722267772
130,coral,coralizes,0.3081780332251471
130,coral,corally's,0.2343386130015952
130,coral,coralling,0.1481410240728587
130,coral,coralli's,0.218150629189374
130,picture,picturator,0.1221321529729386
130,picture,picturally,0.1544988529560374
130,picture,picturably,0.1221321529729386
130,picture,picturable,0.1696905087223178
130,picture,pictureful,0.1563632262934793
130,picture,pictureing,0.172731982083723
130,picture,pictureize,0.17718208491829
130,picture,pictured's,0.1221321529729386
130,picture,pictureous,0.0993164712360253
130,picture,pictures's,0.0726526541323357
130,picture,picturered,0.0627607031626762
130,picture,picturical,0.1221321529729386
130,picture,picturings,0.1660944936061755
130,picture,picturizer,0.1411151024944031
130,picture,picturizes,0.1140230959275156
130,picture,picturized,0.0920112156179948
130,picture,picturability,0.1439340940506283
130,picture,pictur,0.2375880516433267
130,picture,picturalization,0.1221321529729386
130,picture,picturealism,0.1221321529729386
130,picture,pictureizing,0.1221321529729386
130,picture,picturables,0.1676757889135445
130,picture,picturality,0.1221321529729386
130,picture,picturation,0.0889904279827013
130,picture,pictureized,0.1221321529729386
130,picture,picturelies,0.1221321529729386
130,picture,pictureness,0.1188466903534142
130,picture,picturing's,0.1676757889135445
130,picture,picturizing,0.1481011146466464
130,picture,picturize's,0.0445838997029738
130,picture,picturizers,0.1221321529729386
130,picture,picturly,0.1221321529729386
130,picture,pictural,0.0581248922088777
130,picture,pictures,0.3470467909853963
130,picture,picturer,0.1099617691161184
130,picture,pictured,0.1818536585209589
130,picture,picturic,0.1221321529729386
130,picture,pictur's,0.0734364004835396
130,picture,picturization,0.1183192319920256
130,picture,pictureability,0.1676757889135445
130,picture,picturizer's,0.1676757889135445
130,picture,picturing,0.1751657851022229
130,picture,picturize,0.0515466575668185
130,picture,pictureds,0.1794648910625541
130,picture,picturers,0.1520077574511524
130,picture,picturent,0.1676757889135445
130,picture,picturely,0.1324654274295059
130,picture,pictureal,0.1439340940506283
130,picture,picture's,0.2100495407203352
130,picture,picturals,0.083128487423804
130,picture,picturred,0.1676757889135445
130,picture,picturous,0.0995413763295056
130,picture,picturs,0.1605326882920774
130,picture,picturizations,0.1608049602437682
131,disney,disneye,0.2968073131460579
131,disney,disneys,0.397411210619655
131,disney,disneyful,0.1953093710867575
131,disney,disneying,0.2463655039154468
131,disney,disneyism,0.313198481740688
131,disney,disneys's,0.2675647233553025
131,disney,disneyizing,0.2675647233553025
131,disney,disneyization,0.2539926644884932
131,disney,disney's,0.5201378569379802
131,disney,disneyed,0.2774537192453479
131,disney,disneyized,0.1733253349252977
131,disney,disneyisms,0.2675647233553025
131,disney,disneyitis,0.2836966479729568
131,disney,disneyment,0.2434332430071559
131,disney,disneyness,0.2245798901595277
132,translation,translationally,0.2876013153232358
132,translation,translationly's,0.1775090257601536
132,translation,translateabled,0.2165126913092882
132,translation,translatability,0.2904592529100619
132,translation,translatables,0.2690824446966739
132,translation,translatation,0.2628644328396168
132,translation,translateable,0.272418453905922
132,translation,translateible,0.2165126913092882
132,translation,translating's,0.2635161745960278
132,translation,translation's,0.3610089388359409
132,translation,translationly,-0.0099954377957673
132,translation,translationed,0.2421452265522737
132,translation,translational,0.2499386191290464
132,translation,translativity,0.2253002259712139
132,translation,translators's,0.2635161745960278
132,translation,translatableness,0.2165126913092882
132,translation,translationing,0.2550983889444712
132,translation,translations's,0.2307793181227562
132,translation,translatibility,0.26588692141519
132,translation,translat,0.2877231900639633
132,translation,translatate,0.2253002259712139
132,translation,translate's,0.3309298554804367
132,translation,translating,0.4305810227126924
132,translation,translative,0.1902984187594199
132,translation,translateds,0.2421452265522737
132,translation,translatent,0.26588692141519
132,translation,translaters,0.2516703959027248
132,translation,translatted,0.26588692141519
132,translation,translators,0.5055184270744655
132,translation,translatably,0.2165126913092882
132,translation,translatable,0.2864729887098966
132,translation,translatated,0.2550983889444712
132,translation,translatator,0.2421452265522737
132,translation,translater's,0.2550983889444712
132,translation,translatered,0.2165126913092882
132,translation,translateing,0.2064602473010412
132,translation,translated's,0.26588692141519
132,translation,translatized,0.26588692141519
132,translation,translatible,0.26588692141519
132,translation,translatives,0.1936970095723748
132,translation,translations,0.5294758938119833
132,translation,translatings,0.1649526500162968
132,translation,translator's,0.4649859791119429
132,translation,translatored,0.2421452265522737
132,translation,translatting,0.2417146384828369
132,translation,translatic,0.1936970095723748
132,translation,translated,0.472592275171628
132,translation,translates,0.2963758617341297
132,translation,translater,0.2902694517587794
132,translation,translator,0.4556223039252717
132,translation,translatable's,0.2165126913092882
132,translation,translatations,0.2122342284291611
132,translation,translate,0.4000000570082249
132,translation,translats,0.1925323576344669
132,software,softwareical,0.1269262134409335
132,software,softwarelied,0.0829719603133306
132,software,softwarering,0.0829719603133306
132,software,softwar's,0.1127582856715532
132,software,softwared,0.1527146294484671
132,software,softwarer,0.1613533368741349
132,software,softwares,0.2580202662015969
132,software,softwar,0.1928686531859874
132,software,softwars,0.208673672407836
132,software,softwarization,0.1322956569793136
132,software,softwarism,0.1300129410147356
132,software,softwaring,0.1133033737735953
132,software,softwarers,0.1300129410147356
132,software,softwarely,0.0829719603133306
132,software,softwareic,0.1564052914720115
132,software,softwareal,0.1322956569793136
132,software,softwareer,0.1186769199032219
132,software,software's,0.249533393821699
132,software,softwarered,0.1749328694842572
132,software,softwares's,0.134122232398406
132,software,softwareing,0.1381394619857545
132,software,softwareism,0.0829719603133306
133,dictionary,dictionarial,0.2264192900653373
133,dictionary,dictionaried,0.2413386903794655
133,dictionary,dictionaries,0.507919554511752
133,dictionary,dictionary's,0.3543104505454634
133,dictionary,dictionarys,0.2634788363442334
133,dictionary,dictionarie,0.2937774595041633
133,dictionary,dictionaris,0.2356089008338605
133,dictionary,dictionarie's,0.2761955962778366
133,dictionary,dictionari,0.2659256935999004
134,southwest,southwester's,0.2176405762999943
134,southwest,southwesterly,0.3379191147077536
134,southwest,southwesterlies,0.2800805403193043
134,southwest,southwests,0.2962401477318547
134,southwest,southweste,0.2019004935932441
134,southwest,southwesterlys,0.290802278393426
134,southwest,southwest's,0.4166265837122734
134,southwest,southwestal,0.290802278393426
134,southwest,southwested,0.290802278393426
134,southwest,southwester,0.2713584425970695
134,southwest,southwestly,0.2470549118061043
134,southwest,southwesters,0.2906539502470401
134,southwest,southwesting,0.2176405762999943
134,airline,airlins,0.3138068030226
134,airline,airliners's,0.2537402562893268
134,airline,airlin,0.4431407512050223
134,airline,airliner's,0.3055655675994537
134,airline,airlines's,0.3306669223231275
134,airline,airlining,0.2509727372511655
134,airline,airline's,0.5101899485821211
134,airline,airliners,0.3955361527123238
134,airline,airlineal,0.2537402562893268
134,airline,airlineds,0.3046254302371943
134,airline,airlineer,0.3046254302371943
134,airline,airlined,0.2567387393072877
134,airline,airliner,0.3933206126988103
134,airline,airlines,0.6203746874906554
135,yahoo,yahoo's,0.3353812409812693
135,yahoo,yahooed,0.0762911829802659
135,yahoo,yahooes,0.189200424262639
135,yahoo,yahooness,0.1444291897985092
135,yahoo,yahooe,0.1265493984751654
135,yahoo,yahoos,0.2310738761892055
135,yahoo,yahooing,0.1796008572632461
135,yahoo,yahoos's,0.1672448715354226
135,chat,chattings,0.0562003573915355
135,chat,chats,0.1742140560392306
135,chat,chatful,0.1543897464013504
135,chat,chatted,0.1228483865713463
135,chat,chats's,0.1058418075020258
135,chat,chatli,0.1058418075020258
135,chat,chatly,0.1269825772894103
135,chat,chat's,0.1797072330930456
135,chat,chatting's,-0.0574563755023774
135,chat,chatlies,0.1101375767083505
135,chat,chatness,0.1572758226194677
135,chat,chatting,0.2105789128021185
135,chat,chatteds,0.1507242721523266
137,cheap,cheapeness,0.1743652873324028
137,cheap,cheapes,0.2504550367624157
137,cheap,cheaped,0.2107331910221878
137,cheap,cheap's,0.2542816718193177
137,cheap,cheaps,0.2497404038722417
137,cheap,cheape,0.283487364472053
137,cheap,cheapnesses,0.1513764181696897
137,cheap,cheaped's,0.1285607364327763
137,cheap,cheapness,0.2477492401353137
137,cheap,cheaping,0.1861831443693593
137,cheap,cheapely,0.1743652873324028
137,cheap,cheape's,0.2029247599256032
137,flights,flightingly,0.2335887835753915
137,flights,flight's,0.3637718437581314
137,flights,flightly,0.0583900477103041
137,flights,flighted,-0.00755023590444
137,flights,flightes,0.1820287422824002
137,flights,flighting,0.1922931000065085
137,flights,flightful,0.1432491783225778
137,flights,flights's,0.2905543280347721
137,flights,flightted,0.2335887835753915
137,flights,flighte,0.1820287422824002
137,flights,flight,0.494449144066542
137,flights,flightings,0.1327657707402089
137,flights,flightness,0.0193863821611695
138,priceline.com,priceline.com's,0.6696236494274576
138,priceline.com,priceline.coms,0.5315359245055916
138,priceline.com,priceline.come,0.5315359245055916
139,song,songs,0.549087968349541
139,song,songe,0.1207225162077934
139,song,songe's,0.2055873765063455
139,song,songful,0.1775231887365945
139,song,songing,0.1797793660422942
139,song,songs's,0.1529917955752154
139,song,song's,0.3583165053015041
139,song,songes,0.1533331275353217
139,song,songed,0.1308939978292189
139,song,songli,0.0859017909334605
139,song,songly,0.2055873765063455
139,song,songfulness,0.2359535893476794
139,song,songfully,0.1632837152466574
139,song,songing's,0.1631027641523126
139,song,songingly,0.1631027641523126
139,song,songedly,0.2103092618110093
139,song,songes's,0.1012834168662646
139,song,songings,0.2103092618110093
139,song,songness,0.2015960407972168
139,song,songfulnesses,0.1631027641523126
139,lyrics,lyric's,0.2782420206430444
139,lyrics,lyricly,0.2295646631511985
139,lyrics,lyrical,0.3519696029950889
139,lyrics,lyriced,0.1427776115971962
139,lyrics,lyrices,0.2994089797176815
139,lyrics,lyricer,0.2788491862162936
139,lyrics,lyric,0.4858173261934259
139,lyrics,lyricality,0.0884982251691742
139,lyrics,lyrication,0.2722288339243739
139,lyrics,lyricism's,0.2484871390614577
139,lyrics,lyricizing,0.1626269095193648
139,lyrics,lyricalnesses,0.222607245984022
139,lyrics,lyricalizer,0.2812981154113154
139,lyrics,lyricallies,0.098968551411926
139,lyrics,lyricalness,0.1825413244209477
139,lyrics,lyricization,0.1836035804348874
139,lyrics,lyricator,0.2788491862162936
139,lyrics,lyrical's,0.2200208047082136
139,lyrics,lyrically,0.3883355713731633
139,lyrics,lyricized,0.2236658596499472
139,lyrics,lyricizes,0.152113779075505
139,lyrics,lyricings,0.1997915642471086
139,lyrics,lyricisms,0.1784470785433161
139,lyrics,lyricness,0.2484871390614577
139,lyrics,lyricful,0.3057383448885628
139,lyrics,lyricers,0.2722288339243739
139,lyrics,lyricals,0.1298089368998861
139,lyrics,lyricize,0.2072873799010755
139,lyrics,lyricing,0.2788491862162936
139,lyrics,lyricism,0.2741990769354662
139,lyrics,lyricity,0.222607245984022
139,lyrics,lyrics's,0.3361614924123163
139,lyrics,lyrice,0.3003273050247507
140,shinjuku,shinjuku's,0.5669725343863236
141,grips,grip,0.4820547625606725
141,grips,gripfully,0.3081452640272476
141,grips,gripped's,0.3081452640272476
141,grips,grippings,0.3081452640272476
141,grips,gripful,0.3081452640272476
141,grips,gripped,0.2319311039968977
141,grips,gripping,0.2778374603368346
141,grips,grippingly,0.1376136596474871
141,grips,grip's,0.3234144501994813
141,for,fors,0.0211971462128509
141,for,for's,0.0239144665479479
141,for,forly,-0.0364663565608962
141,for,forli,0.0007677435318900566
141,for,forness's,0.0171863364251326
141,for,forlis,0.0101090546089809
141,for,forful,0.0171863364251326
141,for,fors's,0.0171863364251326
141,for,forred,0.0182574062883287
141,for,forlyed,0.0171863364251326
141,for,forli's,-0.0010826112728961
141,for,forlies,0.0171863364251326
141,for,forlied,0.0171863364251326
141,for,forness,0.0201883788583631
141,for,forfully,0.0171863364251326
141,pistol,pistoleer,0.3570204111809687
141,pistol,pistoleds,0.2744251416304401
141,pistol,pistole's,0.2055628148679223
141,pistol,pistoling,0.3376286603228876
141,pistol,pistolers,0.1717570325174796
141,pistol,pistolent,0.3798025397059697
141,pistol,pistoller,0.303169501186518
141,pistol,pistolled,0.2986291488180175
141,pistol,pistolize,0.3890389845673463
141,pistol,pistols's,0.2986291488180175
141,pistol,pistolls,0.2855631512759648
141,pistol,pistoled,0.3617090281707891
141,pistol,pistoles,0.1174185234198644
141,pistol,pistoler,0.2668704555028965
141,pistol,pistol's,0.4543464667221406
141,pistol,pistoleers,0.3191602114720199
141,pistol,pistoles's,0.3259851829234315
141,pistol,pistolized,0.3261498467199408
141,pistol,pistolling,0.2748874539551014
141,pistol,pistoll,0.3460567983688861
141,pistol,pistols,0.5992818180515155
141,pistol,pistole,0.3061291053590045
142,angelina,angelinae,0.2447180129187519
142,angelina,angelinas,0.3588107012730698
142,angelina,angelina's,0.4510332703032961
142,jolie,joly,0.1724091703011236
142,jolie,joli,0.5030384942449797
142,jolie,jolys,0.0517314916812953
142,jolie,jolis,0.3961474411892902
142,jolie,jolie's,0.491329502142554
142,jolie,jolying,0.3007193588695284
142,jolie,jolies's,0.3007193588695284
142,jolie,jolieing,0.2888013541969672
142,jolie,joliness,0.1684065446749633
142,jolie,jolies,0.451781224754243
142,jolie,jolied,0.3535112593460498
142,jolie,joli's,0.1319309709432045
142,jolie,joly's,0.1065871973889152
143,jobs,job,0.3661389127610807
143,jobs,jobfully,0.1483371452300326
143,jobs,job's,0.1270625107632775
143,jobs,jobbing,0.0841999675930583
143,jobs,jobness,0.0007364727073418271
143,jobs,jobfulness,0.1097884065556316
143,jobs,jobful,0.1335301014185478
143,jobs,jobbed,0.1078663999254294
143,jobs,jobs's,0.1846817883678935
143,jobs,jobbings,0.0545715910775535
143,with,withs,0.0349847475639615
143,with,withe,0.0369939674608652
143,with,withings,0.0398717626310813
143,with,withlies,0.0334436135689016
143,with,withness,0.0335331470121057
143,with,withnessed,0.0364673533541015
143,with,withnesses,0.0346228289528273
143,with,withe's,0.0317440289329494
143,with,withely,0.0327473557061078
143,with,withlis,0.0337282046220372
143,with,withlys,0.0309903718843037
143,with,withing,0.0420143953565565
143,with,withs's,0.0309903718843037
143,with,with's,0.0366960332471189
143,with,withed,0.0342608811318374
143,with,withes,0.0331131632097565
143,with,withli,0.0309903718843037
143,with,withly,0.0317440289329494
143,with,witheness,0.0072486770213875
143,with,withfully,0.0331209919840021
143,with,withing's,0.0317440289329494
143,with,withnessing,0.0323013780788091
143,a,a's,0.0243458748736721
143,a,aed,0.0077814697594903
143,a,aeds,0.0125211248508057
143,a,aing,0.0129488743484267
143,a,aed's,0.0108440686809015
143,a,aings,-0.0121236311990959
143,a,aingly,0.012110121790973
143,a,aing's,0.0126224242810318
143,finance,financeable,0.1959895447640507
143,finance,financement,0.118259535796207
143,finance,financing's,0.1606888386013876
143,finance,financy,0.1924534287078101
143,finance,financs,0.2372196656411212
143,finance,financi,0.1758863370118259
143,finance,financeability,0.1841301994630113
143,finance,financeering,0.1355206417437301
143,finance,financements,0.1395652117984267
143,finance,financ,0.2215286963064532
143,finance,financability,0.091231174409019
143,finance,financable,0.1480803542700349
143,finance,financally,0.110415987957091
143,finance,financeers,0.1241786316845644
143,finance,financeals,0.1971760594015323
143,finance,finances's,0.189173334729759
143,finance,financeing,0.1910382956708677
143,finance,financical,0.0850420270321643
143,finance,financiing,0.1502169886966043
143,finance,financings,0.264926568302585
143,finance,financment,0.1037875501528757
143,finance,financals,0.1841760852455717
143,finance,financies,0.2143278494261219
143,finance,financied,0.0909282511795075
143,finance,financing,0.4012938437294906
143,finance,financity,0.189173334729759
143,finance,finance's,0.2860215576409297
143,finance,financant,0.1199755339650969
143,finance,financeal,0.2257676067801865
143,finance,financent,0.1400259868466055
143,finance,financers,0.2051442570020413
143,finance,financeer,0.2321572355986442
143,finance,financely,0.1199755339650969
143,finance,financy's,0.1998984234727327
143,finance,financly,0.193773854454632
143,finance,financal,0.2055734531761772
143,finance,financed,0.2963436444350156
143,finance,finances,0.3159993088174095
143,finance,financer,0.2174698742971698
143,finance,financically,0.189173334729759
143,degree,degreeds,0.1178994381467504
143,degree,degree's,0.2222285204198079
143,degree,degrees's,0.1357505842778813
143,degree,degreeing,0.1616579460891272
143,degree,degreeful,0.1931822803029173
143,degree,degreeness,0.2084035141320771
143,degree,degrees,0.4652746898508262
143,degree,degreed,0.2575810542504376
145,free,freeings,0.0703858958506245
145,free,frees,0.0770312847071701
145,free,freeing's,-0.0938457328041776
145,free,free's,0.0786641853432418
145,free,freeing,0.0861942120010265
145,free,frees's,0.0662960259514836
145,e,e's,0.1169296168888271
145,e,eing,0.0938973844314453
145,e,eings,0.0645804712191349
145,e,eingly,0.0860151450088453
145,mails,mail,0.2784173413227224
145,mails,maile,0.103780517510102
145,mails,mailing's,0.2142596681954849
145,mails,mailing,0.2075284412704052
145,mails,maile's,0.1564645309921542
145,mails,mailelis,0.2423150106578496
145,mails,maileing,0.3333231670848758
145,mails,mailings,0.3006297905370533
145,mails,mailed,0.2973398028633109
145,mails,mailes,0.2042123037922373
145,mails,mail's,0.2789424249936021
145,greetting,greet,0.1677700765803025
145,greetting,greetful,0.7408652552174786
145,greetting,greeting,0.2454119609904
145,greetting,greet's,0.6400422423822959
145,greetting,greeted,0.1980527340216327
145,greetting,greetes,0.7696096147735566
145,greetting,greetli,0.6525986181261526
145,greetting,greetly,0.6720029284549608
145,greetting,greete,0.5841515729154125
145,greetting,greets,0.255270633779505
145,greetting,greetingly,0.7534216309613353
145,greetting,greeting's,0.5907792708401047
145,greetting,greettings,0.665744218048284
145,greetting,greeteing,0.7696096147735566
145,greetting,greetings,0.2466628036176243
145,greetting,greetings's,0.79242529651047
145,cards,card,0.4572984967636522
145,cards,carde's,0.1169350390165104
145,cards,cardeli,0.1454227406947192
145,cards,cardeds,0.1397507207534238
145,cards,cardful,0.1007470552042892
145,cards,carding,0.1336677817292443
145,cards,cards's,0.2418803225638134
145,cards,carde,0.2168493320184367
145,cards,card's,0.2982697339400725
145,cards,cardly,0.1359435779720171
145,cards,cardli,0.1860094361386953
145,cards,cardes,0.1804080368818626
145,cards,carded,0.1117864621168955
145,cards,cardfully,0.1169350390165104
145,cards,carding's,0.1597242471771454
145,cards,cardelis,0.1622677412757791
145,cards,cardeful,0.1397507207534238
145,cards,carded's,0.1397507207534238
145,cards,cardfuls,0.1397507207534238
145,cards,cardings,0.0917700477086903
145,cards,cardness,0.1126548723579722
146,peanut,peanutate,0.3158689374425092
146,peanut,peanuts's,0.3158689374425092
146,peanut,peanutted,0.2645452255000064
146,peanut,peanuts,0.5128480076534875
146,peanut,peanute,0.353835874142763
146,peanut,peanutly,0.2645452255000064
146,peanut,peanuter,0.183027932627535
146,peanut,peanutes,0.2820425796259023
146,peanut,peanut's,0.4024656643961866
147,deaths,death,0.3991286644877506
147,deaths,deathe,-0.0022723231370555
147,deaths,deathfulness,0.1978456068861246
147,deaths,deathfully,0.2081049128791813
147,deaths,deathly,0.1534909379028478
147,deaths,deathed,0.1543379065701981
147,deaths,deathes,0.3003910014854289
147,deaths,death's,0.193860832653723
147,deaths,deathlies,0.220661288623038
147,deaths,deathness,0.1339319559358872
147,deaths,deathly's,0.2596649541721726
147,deaths,deathful,0.1102633392803557
147,deaths,deathe's,0.2081049128791813
147,deaths,deaths's,0.1543379065701981
147,deaths,deathlys,0.220661288623038
147,deaths,deathing,0.1970271881774205
147,cleveland,clevelander,0.3250471687718108
147,cleveland,clevelanded,0.2748901506287953
147,cleveland,cleveland's,0.4716487967234891
147,cleveland,clevelander's,0.2808170738804429
147,cleveland,clevelanditis,0.2865190104446205
147,cleveland,clevelands,0.3439579816076081
147,cleveland,clevelande,0.273068108112534
147,cleveland,clevelandism,0.2511484557658792
147,cleveland,clevelanders,0.4146842049784106
147,ohio,ohioness,0.2307940161899237
147,ohio,ohio's,0.4411736652604455
147,ohio,ohioed,0.2253145750813556
147,ohio,ohioe,0.1609861847744633
147,ohio,ohios,0.2683174586028564
147,ohio,ohios's,0.2307940161899237
148,dining,dine,0.3887606236090675
148,dining,dines's,0.1307080172191985
148,dining,dineing,0.1389623330365241
148,dining,dinings,0.2180257709424345
148,dining,dines,0.2147957290002464
148,dining,dined,0.2785763591892662
148,dining,dinee,-0.0337794391798099
148,dining,dining's,0.2850916943753736
148,dining,dine's,0.0188819082534491
148,dining,dineed,0.1594523767752764
148,dining,dineds,0.1042607274139206
148,dining,dinees,0.0863412102178939
148,dining,dinely,0.1640500515590492
148,dining,dineli,0.1527044845239801
148,room,roomful's,0.1110035336425483
148,room,roomfully,0.1515902290865244
148,room,roomingly,0.1515902290865244
148,room,rooms,0.3263217171604857
148,room,roome,0.1294353456296647
148,room,roomes,0.0895667715326285
148,room,roomed,0.1972514949458574
148,room,roomli,0.1926168557758082
148,room,roomly,0.0979375361004955
148,room,room's,0.2440757623492706
148,room,rooms's,0.1186351413173223
148,room,roomful,0.1626334384071708
148,room,roome's,0.1391432648507652
148,room,rooming,0.184958717231097
148,room,roomfuls,0.1137662898364114
148,room,roomings,0.1552767626035595
148,room,roomming,0.0964483810954795
148,room,roomness,0.1552767626035595
148,chairs,chair,0.4941946577243146
148,chairs,chairfully,0.2861707161496148
148,chairs,chair's,0.2714275179541602
148,chairs,chaired,0.2585107803761084
148,chairs,chaires,0.1745938051658836
148,chairs,chairli,0.2294761637157299
148,chairs,chairly,0.2556348434651722
148,chairs,chairings,0.2556348434651722
148,chairs,chairlies,0.1904724981665954
148,chairs,chairness,0.2264494098439419
148,chairs,chaire,0.1513217032837699
148,chairs,chairful,0.2743967945053397
148,chairs,chairing,0.2409787651330348
148,chairs,chairs's,0.2930546038502253
149,flemish,flemishes,0.2599792196788485
149,flemish,flemished,0.2952658211402708
149,flemish,flemishs,0.4542483043880368
149,flemish,flemishing,0.2281862711457866
149,painter,painterfully,0.2865573007621783
149,painter,painterly,0.3729844523643963
149,painter,painteric,0.2865573007621783
149,painter,painteres,0.2475536352130437
149,painter,paintered,0.3054393628063322
149,painter,painter's,0.4035759331324851
149,painter,painterous,0.2865573007621783
149,painter,painters's,0.3245309960533563
149,painter,paintering,0.3189517388486673
149,painter,painterize,0.2865573007621783
149,painter,painterized,0.2865573007621783
149,painter,painterlies,0.2637416190252649
149,painter,painters,0.4817555562711937
150,white,whited's,0.0599413282286017
150,white,whitee's,0.097405563239178
150,white,whiteing,0.1237007512850899
150,white,whitelis,0.1056467871433366
150,white,whitelys,0.0086608083752227
150,white,whites's,0.1148178144476996
150,white,whitings,0.1134310127279865
150,white,white's,0.224132578141934
150,white,whiteds,0.1013589331689155
150,white,whitees,0.134331711326933
150,white,whiteed,0.097405563239178
150,white,whitely,0.1326011497888605
150,white,whiteli,0.1147592086031444
150,white,whiting,0.1559566274000648
150,white,whiteelies,0.0745898815022646
150,white,whites,0.2700977407933675
150,white,whited,0.1286598589237355
150,white,whitee,0.0534237937915076
150,white,whitenesses,0.1656880984203357
150,white,whitelies,-0.0009208941153492766
150,white,whitely's,0.1251664827618756
150,white,whiteness,0.2200974220560832
150,white,whiting's,0.1054282937354891
150,chocolate,chocolates's,0.0947750260175944
150,chocolate,chocolations,0.2293896695010158
150,chocolate,chocolatelying,0.2441234123291098
150,chocolate,chocolics,0.2203817174661936
150,chocolate,chocolity,0.2441234123291098
150,chocolate,chocolive,0.2203817174661936
150,chocolate,chocolic,0.2544507264698397
150,chocolate,chocoles,0.1727823571158637
150,chocolate,chocoler,0.2500602668827801
150,chocolate,chocol's,0.133778691566729
150,chocolate,chocole,0.1956457517883392
150,chocolate,chocol,0.3259711406088632
150,chocolate,chocolation,0.1955980388527771
150,chocolate,chocolately,0.3109848972626199
150,chocolate,chocolating,0.2203817174661936
150,chocolate,chocolate's,0.3261348146925206
150,chocolate,chocolizing,0.1955980388527771
150,chocolate,chocollates,0.2441234123291098
150,chocolate,chocolator,0.068916960390591
150,chocolate,chocolated,0.2642113084040766
150,chocolate,chocolates,0.4636337532055342
150,chocolate,chocoleate,0.2609071492606046
150,chocolate,chocolized,0.1955980388527771
150,chocolate,chocollate,0.2152982272328304
150,chocolate,chocolateness,0.2713370503576185
150,macadamia,macadamias,0.6585349755244949
150,macadamia,macadamia's,0.5258063122779536
150,nut,nuts,0.4829799418402926
150,nut,nuts's,0.1464294279319022
150,nut,nutted,0.222522494136411
150,nut,nut's,0.4092704937547828
150,nut,nutli,0.2502948246571749
150,nut,nutly,0.0866199512576663
150,nut,nutness,0.2341068408449536
150,nut,nutting,0.1237454658145485
150,nut,nutting's,0.0524195181145641
150,nut,nuttings,0.1524979167049797
150,cookies,cookieness,0.1683227815276594
150,cookies,cooki,0.2259650565670532
150,cookies,cooky,0.1557416084439127
150,cookies,cookiefulness,0.1908701875943066
150,cookies,cookieful,0.2392036732115074
150,cookies,cookieing,0.2277662289379699
150,cookies,cookies's,0.2974650116935411
150,cookies,cookiness,0.1748752829046151
150,cookies,cookys,0.1740923336017336
150,cookies,cookie,0.3691089788688045
150,cookies,cookis,0.2105928388045016
150,cookies,cooki's,0.0120398436608547
150,cookies,cooky's,0.1072861217099698
150,cookies,cookied,0.2368709878454918
150,cookies,cookiing,0.0990142744869455
150,cookies,cookieli,0.3542232364469652
150,cookies,cookiely,0.1518665220451719
150,cookies,cookieds,0.2637745350413902
150,cookies,cookie's,0.2517292939998379
150,cookies,cookying,0.2450208842811524
151,prednisone,prednisons,0.3743148232625778
151,prednisone,prednison,0.4905429132429588
151,prednisone,prednisones,0.5355587125319763
151,prednisone,prednisone's,0.4416024509425877
152,movie,movy,0.1044185345216534
152,movie,movi,0.20976146284749
152,movie,movi's,0.1370880452203423
152,movie,movies,0.4294736913046157
152,movie,movied,0.1740720007485166
152,movie,movis,0.236684036608495
152,movie,movys,0.059080714122073
152,movie,movieings,0.0362650323851596
152,movie,movieness,0.1852065364400886
152,movie,moviing,0.1207457703152031
152,movie,movieli,0.1832386914046864
152,movie,moviely,0.1370880452203423
152,movie,movie's,0.3338887221565257
152,movie,movieds,0.1909903589355387
152,movie,movies's,0.1417889294414873
152,movie,movieing,0.1552545328422399
152,trailer,trailerables,0.3006953571181643
152,trailer,trailerful,0.2367993508687255
152,trailer,trailerent,0.2717640283806398
152,trailer,trailering,0.4291315863325028
152,trailer,trailers's,0.2585145862996947
152,trailer,trailerred,0.2221605695602611
152,trailer,trailere,0.2239719345899064
152,trailer,trailers,0.5542124856518497
152,trailer,trailerable,0.2775313186060615
152,trailer,trailerized,0.2373802992116142
152,trailer,trailerized's,0.2221605695602611
152,trailer,trailerability,0.2769139367107592
152,trailer,trailered,0.3067436217558253
152,trailer,traileres,0.2696419047037309
152,trailer,trailer's,0.3956010210723842
153,wakeboard,wakeboarder's,0.4939511633319147
153,wakeboard,wakeboardings,0.4939511633319147
153,wakeboard,wakeboarde,0.5026237631320517
153,wakeboard,wakeboards,0.7608007077561235
153,wakeboard,wakeboarding,0.6487312682437074
153,wakeboard,wakeboarders,0.670518153920143
153,wakeboard,wakeboarding's,0.5045170308648578
153,wakeboard,wakeboarder,0.6539105542956735
153,wakeboard,wakeboarded,0.4891630833727293
153,wakeboard,wakeboard's,0.4939511633319147
153,towers,towerable,0.318631254958342
153,towers,towerence,0.2673283913492717
153,towers,towerered,0.2673283913492717
153,towers,towerings,0.228324725800137
153,towers,toweritis,0.2673283913492717
153,towers,towerness,0.2445127096123583
153,towers,towerment,0.2673283913492717
153,towers,tower,0.4764074593386148
153,towers,toweringly,0.1915759101926157
153,towers,towere,0.2744207029714402
153,towers,towers's,0.3164763996386601
153,towers,towerred,0.2157683500562803
153,towers,towereds,0.2673283913492717
153,towers,towerful,0.228324725800137
153,towers,towerism,0.2385688623890087
153,towers,towering,0.2804592483135492
153,towers,toweral,0.420866434948877
153,towers,toweres,0.3004686213034167
153,towers,towerer,0.2673283913492717
153,towers,towered,0.2729957634253049
153,towers,tower's,0.3390001182986076
154,the,the's,0.0149788661309922
154,the,theing,0.0136033675443636
154,the,theings,0.0126143109741826
154,friedman,friedman's,0.5060274032902
154,friedman,friedmanic,0.2941232464031017
154,friedman,friedmans's,0.2941232464031017
154,friedman,friedmanned,0.3550775759322822
154,friedman,friedmanism,0.3641229451784183
154,friedman,friedmanisms,0.4376777785250504
154,friedman,friedmanitis,0.2941232464031017
154,friedman,friedmanized,0.2941232464031017
154,friedman,friedmans,0.4050416643864185
154,test,testefully,0.0917789182749896
154,test,teste,0.0896707421338501
154,test,tests,0.4422967638397913
154,test,testeds,0.1123489218602541
154,test,testing,0.4109882446146992
154,test,teste's,0.1529356173042302
154,test,tests's,0.2020529493407282
154,test,testted,0.1754129943794855
154,test,test's,0.2549548806402735
154,test,testly,0.1307825838241242
154,test,testli,0.1766773121671463
154,test,tested,0.3455908967753194
154,test,testes,0.1912955755995744
154,test,testfully,0.1307825838241242
154,test,testingly,0.1009184689081429
154,test,testing's,0.1843193859678614
154,test,testeing,0.1808551211928918
154,test,tested's,0.1503355344295126
154,test,testes's,0.1307825838241242
154,test,testings,0.1942557862798586
154,test,testting,0.1954962003414052
155,blue,blueings,0.0954649048698326
155,blue,blues,0.258613316824921
155,blue,blue's,0.2165197254337796
155,blue,blues's,0.1205901248754691
155,blue,blueing,0.1579985392838037
155,note,note's,0.2014413762952665
155,note,noteds,0.1454273963964641
155,note,noteed,0.097807711476906
155,note,notees,0.0982564416648731
155,note,noteli,-0.0352069069435066
155,note,notely,0.0445003679905298
155,note,noting,0.2201559110304868
155,note,notes,0.1435068919521732
155,note,noted,0.2270592801056831
155,note,notee,0.1052745343583705
155,note,noteness,0.0885888963539248
155,note,notingly,0.1079492864060827
155,note,notedly,0.0810447900749458
155,note,noted's,0.0851336046691693
155,note,notes's,0.0804814256296921
155,note,noteing,0.1519110159115939
155,note,noteful,0.1150623668200885
155,note,notings,0.0829242472936677
156,yosemite,yosemit,0.3936678408878823
156,yosemite,yosemite's,0.5737965867050787
156,yosemite,yosemitic,0.4359143745173232
156,yosemite,yosemites,0.4333944956628824
156,national,nation,0.3399348680600589
156,national,nations's,0.1049916546010099
156,national,nationals,0.2501713555051376
156,national,nationeer,0.0601195732760821
156,national,nationeal,0.1551111281152418
156,national,nationers,0.111311532436478
156,national,nationism,0.1268287173570837
156,national,nationity,0.0991232388252167
156,national,nationalized's,0.0991232388252167
156,national,nationization,0.1498134519213552
156,national,nationalism,0.2510692015846757
156,national,nationaliti,0.1361947148452634
156,national,nationality,0.1843017780245495
156,national,nationalize,0.2054621473452334
156,national,nationals's,0.0900803259887835
156,national,nationation,0.1437330189748124
156,national,nationizing,0.1437330189748124
156,national,nationalism's,0.1527379138614802
156,national,nationality's,0.0900259928260594
156,national,nationalities,0.1818976416874675
156,national,nationalitied,0.1199913241118962
156,national,nationalizing,0.2005896961199463
156,national,nationalizers,0.1489250782856565
156,national,nations,0.3071133833687809
156,national,natione,0.0741143438681652
156,national,nationalitys,0.0184231049423918
156,national,nationalisms,0.1877855101828563
156,national,nationalized,0.2121453566957575
156,national,nationalizes,0.1637127843048621
156,national,nationalizer,0.0556629338050039
156,national,nationallied,0.0601195732760821
156,national,nationalness,0.1518818914678757
156,national,nationations,0.0150762383610279
156,national,nationable,0.1199913241118962
156,national,nationally,0.2928890932383308
156,national,national's,0.221948538193627
156,national,nationeers,0.0991232388252167
156,national,nationized,0.1437330189748124
156,national,nationness,0.1325730311981597
156,national,nationalizations,0.1664317083919321
156,national,nationalities's,0.1437330189748124
156,national,nationational,0.1551111281152418
156,national,nationalization's,0.0991232388252167
156,national,nationly,0.1406009407622107
156,national,nationed,0.1282408516715093
156,national,nationes,0.1083249350703006
156,national,nationer,0.0552433231506525
156,national,nation's,0.2979317561264111
156,national,nationalization,0.2188632383335582
156,park,park's,0.339190248344879
156,park,parkly,0.079653936589836
156,park,parked,0.2282933799544264
156,park,parkes,0.1814615226718944
156,park,parkeli's,0.1281071823804054
156,park,parkfully,0.1281071823804054
156,park,parking's,0.1861710677016474
156,park,parkingly,0.105291500643492
156,park,parklying,0.1781222491064219
156,park,parks,0.4058855805162041
156,park,parke,0.1956694490637875
156,park,parked's,0.1281071823804054
156,park,parkeing,0.120240632033812
156,park,parkelis,0.1281071823804054
156,park,parkes's,0.0290819997900144
156,park,parkings,0.1597179538325569
156,park,parkness,0.1408643830735779
156,park,parks's,0.0818134327098147
156,park,parke's,0.0991618248880637
156,park,parking,0.3186356672743274
156,park,parkeds,0.1766105721751764
156,park,parkely,0.1281071823804054
156,park,parkeli,0.1315907573728001
156,park,parkful,0.1281071823804054
157,walker,walkere,0.2461402930821532
157,walker,walkers,0.3573679435283121
157,walker,walker's,0.4419864113648049
157,walker,walkered,0.2112925399935693
157,walker,walkerer,0.195104556181348
157,walker,walkeric,0.2841965962707647
157,walker,walkeral,0.2305439032847359
157,walker,walkerly,0.0587541902312197
157,walker,walkerism,0.2783614450942628
157,walker,walkering,0.2826004157344677
157,walker,walkereli,0.2341082217304826
157,walker,walkers's,0.2427442782953049
157,walker,walkerally,0.1494731927075213
157,walker,walkerings,0.2604549014078485
157,walker,walkerly's,0.2112925399935693
157,baskets,baskettings,0.2266289079687668
157,baskets,basketable,0.2494445897056802
157,baskets,basketeers,0.3722983978471942
157,baskets,basketfuls,0.2592722268921425
157,baskets,basketting,0.2195066470343672
157,baskets,baskete,0.2150617836238779
157,baskets,basket,0.5052374698355973
157,baskets,basketeering,0.2494445897056802
157,baskets,basketed,0.2419391513681751
157,baskets,basketer,0.2880916095175617
157,baskets,basketes,0.2705494285576222
157,baskets,basketal,0.1876252424196322
157,baskets,basket's,0.3161656293881619
157,baskets,basketful,0.2469125385582517
157,baskets,basketeer,0.2932591439697355
157,baskets,basketers,0.2494445897056802
157,baskets,baskets's,0.3252234633946788
157,baskets,basketing,0.2299434494848945
157,baskets,basketize,0.2494445897056802
157,baskets,basketted,0.2569306914815305
158,pictures,picturator,0.1239084915989655
158,pictures,picturally,0.1563922395025284
158,pictures,picturably,0.1239084915989655
158,pictures,picturable,0.1497426773221884
158,pictures,pictureful,0.1425416494311899
158,pictures,pictureing,0.096027264754349
158,pictures,pictureize,0.0723484503059741
158,pictures,pictured's,0.1239084915989655
158,pictures,pictureous,0.101092809862052
158,pictures,pictures's,0.204098139887666
158,pictures,picturered,0.0230854787637828
158,pictures,picturical,0.1239084915989655
158,pictures,picturings,0.1681478993203441
158,pictures,picturizer,0.1158715302683623
158,pictures,picturizes,0.1430084890408941
158,pictures,picturized,0.0941477043705954
158,pictures,picturability,0.145782528391475
158,pictures,pictur,0.1277780532126325
158,pictures,picturalization,0.1695242232543912
158,pictures,picturealism,0.1695242232543912
158,pictures,pictureizing,0.1695242232543912
158,pictures,picturables,0.1695242232543912
158,pictures,picturality,0.1239084915989655
158,pictures,picturation,0.0537236034946608
158,pictures,pictureized,0.1239084915989655
158,pictures,picturelies,0.1239084915989655
158,pictures,pictureness,0.0752848348243863
158,pictures,picturing's,0.1239084915989655
158,pictures,picturizing,0.150054345059146
158,pictures,picturize's,0.0216321418383574
158,pictures,picturizers,0.1695242232543912
158,pictures,picturly,0.1239084915989655
158,pictures,pictural,0.070858693773828
158,pictures,picturer,0.0847298023203503
158,pictures,pictured,0.152867754600887
158,pictures,picturic,0.1239084915989655
158,pictures,pictur's,0.1014347628759966
158,pictures,picturization,0.1599331838098552
158,pictures,pictureability,0.1239084915989655
158,pictures,picturizer's,0.1239084915989655
158,pictures,picturing,0.1394923788888971
158,pictures,picturize,0.0251055240133584
158,pictures,pictureds,0.1815695942445428
158,pictures,picturers,0.1745249915527687
158,pictures,picturent,0.1695242232543912
158,pictures,picturely,0.114818513337631
158,pictures,pictureal,0.173646894845711
158,pictures,picture's,0.1732746495946135
158,pictures,picturals,0.1289375278104152
158,pictures,picturred,0.1695242232543912
158,pictures,picturous,0.1207733202344768
158,pictures,picturs,0.1765627432410327
158,pictures,picture,0.3470467909853963
158,pictures,picturizations,0.1124281551964607
158,of,ofs,0.0211847200476102
158,of,of's,0.0155066035175462
158,of,offing,0.0215410047766174
158,of,offeds,0.0139140904598155
158,of,ofness,0.0128048502295481
158,of,offedly,0.0115266674921468
158,of,offings,0.0087840116650386
158,of,offully,0.0120142877291876
158,of,offul,0.0130685037177891
158,of,offed,0.0175493968231597
158,of,ofs's,0.0125449865925042
158,of,offing's,-0.0279265803407475
158,of,ofnesses,0.0115266674921468
158,smiles,smile's,0.2638711447151764
158,smiles,smileli,0.269168370858922
158,smiles,smilely,0.1415698633253632
158,smiles,smileed,0.2969380261311842
158,smiles,smilees,0.2302026851976873
158,smiles,smiling,0.3689657961027788
158,smiles,smilings's,0.1986749039504049
158,smiles,smilely's,0.269168370858922
158,smiles,smileness,0.0952341914663568
158,smiles,smiling's,0.1538632915655827
158,smiles,smilingly,0.2646916652510512
158,smiles,smile,0.4120730100096538
158,smiles,smiles's,0.3796038663277452
158,smiles,smileing,0.2114456082068079
158,smiles,smiled's,0.269168370858922
158,smiles,smileely,0.1424872923967359
158,smiles,smileful,0.1438210849013788
158,smiles,smilee's,0.2073490235728739
158,smiles,smilings,0.172975168828564
158,smiles,smiled,0.4443638810099023
158,smiles,smilee,0.137091511934769
158,and,ande,0.0138545955690902
158,and,ands,0.0154787367917124
158,and,and's,0.0161960825011703
158,and,andli,0.0129715516288793
158,and,andly,0.0138931940660043
158,and,anded,0.016384409674639
158,and,andfully,0.0140258642628197
158,and,anding's,0.0014205480237083
158,and,andlying,0.0120200291175837
158,and,andeli,-0.0025653377289059
158,and,andely,0.0071034327334736
158,and,ande's,0.0076299668033302
158,and,andded,0.0123123450569733
158,and,anding,0.0134549529279276
158,and,andful,0.0129715516288793
158,and,ands's,0.0120200291175837
158,and,andding,0.0123123450569733
158,and,andelys,0.0010055244147471
158,and,andelis,-0.0029088712533881
158,and,andes's,0.0127014987293732
158,and,andedly,0.0123123450569733
158,and,andeing,0.0120200291175837
158,and,andings,0.0129715516288793
158,and,andlies,0.0143496483462063
158,and,andness,0.013180869409051
158,and,andelis's,0.0123123450569733
158,teeth,teethful,0.1925631340247136
158,teeth,teething,0.3252703911986545
158,teeth,teethes,0.2025599456225097
158,teeth,teethed,0.2354075351846611
158,teeth,teeth's,0.3600883802307482
158,teeth,teeths,0.2889709608663875
158,teeth,teethe,0.2305278674367079
158,teeth,teethings,0.1725596478253575
158,teeth,teethness,0.2815520261870644
158,teeth,teething's,0.1925631340247136
159,boat,boatedly,0.2529447105953483
159,boat,boateing,0.2469393744592049
159,boat,boatfuls,0.2121545270814119
159,boat,boatings,0.2082206160089639
159,boat,boatly's,0.1983041681377509
159,boat,boatness,0.1754884864008375
159,boat,boatting,0.2469393744592049
159,boat,boate's,0.1983041681377509
159,boat,boatful,0.2395865434738921
159,boat,boating,0.4593967120776907
159,boat,boats's,0.2205396389903406
159,boat,boating's,0.3101116153622314
159,boat,boats,0.5651557902545719
159,boat,boate,0.1127161206844785
159,boat,boat's,0.4182570542989813
159,boat,boated,0.3443856954260385
159,boat,boates,0.1688116668937678
159,boat,boatly,0.1364848208517029
159,repair,repairabilities,0.2209367849048919
159,repair,repaire,0.32259274678569
159,repair,repairs,0.4716170641441741
159,repair,repairables,0.1561950995076759
159,repair,repairation,0.1961291506742462
159,repair,repairative,0.1501497475659314
159,repair,repaireable,0.1733157748898257
159,repair,repairement,0.2043817164897508
159,repair,repairers's,0.2209367849048919
159,repair,repairments,0.1746699018399949
159,repair,repair's,0.2763185685529808
159,repair,repairic,0.1733157748898257
159,repair,repaired,0.3953277335109638
159,repair,repairer,0.3299070079919214
159,repair,repaires,0.1727923170913241
159,repair,repairal,0.2462053565433943
159,repair,repairable's,0.2209367849048919
159,repair,repairallies,0.2209367849048919
159,repair,repairallied,0.2209367849048919
159,repair,repairations,0.1383614916790202
159,repair,repairred,0.1971950900419757
159,repair,repairs's,0.207813710728664
159,repair,repairism,0.2468333242888259
159,repair,repairing,0.4276052858275998
159,repair,repairers,0.3406659222054736
159,repair,repairful,0.2209367849048919
159,repair,repairements,0.1733157748898257
159,repair,repairability,0.2182760578984307
159,repair,repairables's,0.2209367849048919
159,repair,repairably,0.2209367849048919
159,repair,repairable,0.2914014973523196
159,repair,repairer's,0.1924254703949497
159,repair,repaireing,0.1505000931529123
159,repair,repairings,0.1464676397721996
159,repair,repairment,0.2463404196027679
159,repair,repairring,0.237762570499388
160,car,cars,0.4646563124793616
160,car,carrings,0.105290259130971
160,car,carfuls,0.0203260596688768
160,car,carlies,0.0819589802381169
160,car,carlied,0.1149963642215455
160,car,carli's,0.0509629473579669
160,car,carly's,0.032304071948661
160,car,carness,0.041978993403842
160,car,carring,0.1067762278257492
160,car,carreds,0.1149963642215455
160,car,car's,0.1690842232062422
160,car,carly,0.0706313288221866
160,car,carli,0.0435476714801092
160,car,carringly,0.1149963642215455
160,car,carfulness,0.1149963642215455
160,car,carlys,0.02794581131901
160,car,carlis,0.0558378524648343
160,car,carred,0.1122736017955241
160,car,cars's,0.1540301414639426
160,car,carful,0.0787992060942826
160,car,carfully,0.0600644817244975
160,car,carlis's,0.1149963642215455
160,car,carliing,0.1196636866333699
160,parts.com,parts.com's,0.5866323101837626
160,parts.com,parts.comes,0.4885477363852478
161,old,olds,0.2138869286997637
161,old,olde,0.1697588635465202
161,old,olde's,0.1354760301711531
161,old,oldful,0.1331384379632873
161,old,olding,0.0721082027063413
161,old,olds's,0.0830103837035708
161,old,old's,0.1928240436916715
161,old,olded,0.1244893291549481
161,old,oldes,0.0879545646630125
161,old,oldli,0.0859042410805782
161,old,oldly,0.1220792767717269
161,old,oldnesses,0.1299775057946376
161,old,oldeness,0.1331384379632873
161,old,olding's,0.0743100564552073
161,old,oldings,0.0795536318353732
161,old,oldness,0.1376149628580856
161,english,englishic,0.13803330647144
161,english,englishly,0.1250401779555113
161,english,englished,0.1642563452842608
161,english,englishes,0.19032061047514
161,english,englisher,0.1158104105892017
161,english,english's,0.149497039133531
161,english,englishization,0.0581006003967515
161,english,englishs,0.1321024703568114
161,english,englishe,0.1538561061863898
161,english,englishize,0.0755128523996788
161,english,englishism,0.1408039471713058
161,english,englishing,0.1506927441910927
161,english,englishous,0.1798426519561264
161,english,englishers,0.0727103690948337
161,english,englishable,0.1107517424224576
161,english,englishency,0.13803330647144
161,english,englishized,0.1475232389670493
161,english,englishizes,0.0820622735694602
161,english,englishings,0.1413901482272745
161,english,englishisms,0.0187000108929913
161,english,englishment,0.1533397070107481
161,english,englishness,0.1712404350852959
161,english,englishation,0.13803330647144
161,english,englishments,0.0936458360020521
161,english,englishability,0.1345780858746571
161,fonts,font,0.47493312411961
161,fonts,fonte,0.1975549491949103
161,fonts,font's,0.4177178790282824
161,fonts,fontes,0.3517958614158945
161,fonts,fonted,0.2558437559986043
161,fonts,fontly,0.3792201889013913
161,fonts,fontli,0.2216695450688702
161,fonts,fontelis,0.1968356364583539
161,fonts,fontes's,0.162728135450106
161,fonts,fontness,0.2196513181952673
161,fonts,fonte's,0.0742487555917064
161,fonts,fonting,0.3236865802423279
161,fonts,fonts's,0.3358048613645878
162,density,densities,0.5405206051140755
162,density,densitied,0.315273229223824
162,density,density's,0.3371170806565904
162,density,densitie,0.2566756152883963
162,density,densitys,0.3040665189082137
162,density,densiti,0.2124127107924562
164,liver,liverables,0.3212648655364334
164,liver,liverating,0.2307270270700933
164,liver,liveration,0.2286756208809651
164,liver,livereal's,0.2697306926192279
164,liver,liver's,0.4623518983535371
164,liver,liveral,0.2250394646692196
164,liver,liveric,0.2469150108823145
164,liver,liveres,0.2875040023890451
164,liver,liverer,0.2697306926192279
164,liver,livered,0.2087721880605538
164,liver,liverly,0.1689076797840453
164,liver,liveratings,0.083240137482806
164,liver,liverity,0.2697306926192279
164,liver,livering,0.2567217184296546
164,liver,livers's,0.2469150108823145
164,liver,livereal,0.2187971471645007
164,liver,livereds,0.2079113453331799
164,liver,liverals,0.1917233615209587
164,liver,liverant,0.0567928476775281
164,liver,liverants,0.2307270270700933
164,liver,liverance,0.1384637530726377
164,liver,liverally,0.2697306926192279
164,liver,liverable,0.3212648655364334
164,liver,liverates,0.2697306926192279
164,liver,liverated,0.2469150108823145
164,liver,liverence,0.2079113453331799
164,liver,liveritis,0.3212648655364334
164,liver,liverings,0.2697306926192279
164,liver,livere,0.3461827086438633
164,liver,livers,0.4716299478935714
164,disease,diseasement,0.2063913638078068
164,disease,diseaseness,0.230133058670723
164,disease,diseaser,0.2556523254578227
164,disease,diseases,0.6003502294383115
164,disease,diseased,0.3811960714189891
164,disease,diseasic,0.1821533602693961
164,disease,diseaseous,0.230133058670723
164,disease,diseaseing,0.230133058670723
164,disease,diseasedly,0.1431496947202615
164,disease,diseaseent,0.1593376785324827
164,disease,diseaseers,0.230133058670723
164,disease,diseaseful,0.2398685296293852
164,disease,diseases's,0.2459549443273208
164,disease,diseasion,0.1821533602693961
164,disease,diseasing,0.233874980378006
164,disease,diseasism,0.1821533602693961
164,disease,diseasers,0.230133058670723
164,disease,diseaseer,0.1593376785324827
164,disease,diseaseli,0.1821533602693961
164,disease,disease's,0.3331504897364806
165,avril,avrileable's,0.3241393570971552
165,avril,avrileer,0.3241393570971552
165,avril,avriller,0.2623200098111072
165,avril,avrils,0.4912941828435446
165,avril,avrill,0.4310140558584728
165,avril,avrile,0.447284503319178
165,avril,avrilness,0.4663542222796346
165,avril,avrileable,0.2796050089631167
165,avril,avrilement,0.3778817979090397
165,avril,avril's,0.5212937495142054
165,avril,avrills,0.3241393570971552
165,lavigne,lavigne's,0.513390328766654
165,lavigne,lavigners,0.416214344166543
165,lavigne,lavigned,0.360976793540784
165,lavigne,lavignes,0.3852464485178549
165,lavigne,lavigner,0.360976793540784
165,lavigne,lavign's,0.4263362902793428
165,lavigne,lavignement,0.360976793540784
165,lavigne,lavigns,0.3924726493036268
165,lavigne,lavign,0.4025492996331892
165,lyrics,lyric's,0.2782420206430444
165,lyrics,lyricly,0.2295646631511985
165,lyrics,lyrical,0.3519696029950889
165,lyrics,lyriced,0.1427776115971962
165,lyrics,lyrices,0.2994089797176815
165,lyrics,lyricer,0.2788491862162936
165,lyrics,lyric,0.4858173261934259
165,lyrics,lyricality,0.0884982251691742
165,lyrics,lyrication,0.2722288339243739
165,lyrics,lyricism's,0.2484871390614577
165,lyrics,lyricizing,0.1626269095193648
165,lyrics,lyricalnesses,0.222607245984022
165,lyrics,lyricalizer,0.2812981154113154
165,lyrics,lyricallies,0.098968551411926
165,lyrics,lyricalness,0.1825413244209477
165,lyrics,lyricization,0.1836035804348874
165,lyrics,lyricator,0.2788491862162936
165,lyrics,lyrical's,0.2200208047082136
165,lyrics,lyrically,0.3883355713731633
165,lyrics,lyricized,0.2236658596499472
165,lyrics,lyricizes,0.152113779075505
165,lyrics,lyricings,0.1997915642471086
165,lyrics,lyricisms,0.1784470785433161
165,lyrics,lyricness,0.2484871390614577
165,lyrics,lyricful,0.3057383448885628
165,lyrics,lyricers,0.2722288339243739
165,lyrics,lyricals,0.1298089368998861
165,lyrics,lyricize,0.2072873799010755
165,lyrics,lyricing,0.2788491862162936
165,lyrics,lyricism,0.2741990769354662
165,lyrics,lyricity,0.222607245984022
165,lyrics,lyrics's,0.3361614924123163
165,lyrics,lyrice,0.3003273050247507
166,carribean,carribeaners,0.3942548475456188
166,carribean,carribeaner,0.3324355002595707
166,carribean,carribean's,0.4126967713448611
166,carribean,carribeane,0.3714391658087053
166,carribean,carribeans,0.3976482183003165
166,cruises,cruise's,0.2192337882958832
166,cruises,cruisely,0.2577247683444338
166,cruises,cruising,0.4888316162531294
166,cruises,cruise,0.5896937434494363
166,cruises,cruising's,0.3610451098202855
166,cruises,cruised,0.2827212445535766
166,cruises,cruiseing,0.2828770553657252
166,cruises,cruises's,0.3538272192585726
166,cruises,cruisings,0.1739455765955937
167,tiki,tiky,0.2034757430759949
167,tiki,tikiness,0.4368881956828386
167,tiki,tikie,0.3674674789852495
167,tiki,tikis,0.5879220931408443
167,tiki,tiki's,0.5808213185815748
167,tiki,tikies,0.2522333420896133
167,artist,artists's,0.1684308058740786
167,artist,artistals,0.1215001464222909
167,artist,artistant,0.1710798570692361
167,artist,artiste's,0.0818603149193189
167,artist,artisteer,-0.0703718345101744
167,artist,artisteic,0.167018131305507
167,artist,artistent,0.0986844646853775
167,artist,artistful,0.167018131305507
167,artist,artisting,0.1516788272208717
167,artist,artistism,0.167018131305507
167,artist,artistics,0.1162284248101398
167,artist,artistted,0.1215001464222909
167,artist,artisticality,0.0670415931845131
167,artist,artistication,0.0986844646853775
167,artist,artisticfully,0.1215001464222909
167,artist,artistable,0.1930457312598633
167,artist,artistally,0.0490370480125859
167,artist,artistered,0.1215001464222909
167,artist,artistes's,0.0986844646853775
167,artist,artistic's,0.1144740315113861
167,artist,artisticly,0.1845104578607719
167,artist,artistical,0.1011586321284708
167,artist,artistness,0.0777823566746595
167,artist,artistation,0.0452580449735788
167,artist,artisteer's,0.0986844646853775
167,artist,artistement,0.0510066795137739
167,artist,artistfully,0.1215001464222909
167,artist,artisticful,0.1215001464222909
167,artist,artisticity,0.1538252017260536
167,artist,artiste,0.1086405312050803
167,artist,artists,0.6189688251273975
167,artist,artistically,0.1988721485722166
167,artist,artisticness,0.1404891824947701
167,artist,artistic,0.293781146930588
167,artist,artisted,0.1351237277606396
167,artist,artister,0.1736386569099408
167,artist,artistes,0.1132729784766544
167,artist,artistly,0.0824964808731563
167,artist,artistal,0.126431435861531
167,artist,artist's,0.4104657857220379
168,hp,hp's,0.4947223850760849
168,service,serviceableness,0.0718926502373094
168,service,servicefulness,0.0373624699820476
168,service,servic,0.0956782542362676
168,service,servicability,0.0498786063475556
168,service,serviceablenesses,0.0794655846162197
168,service,serviceable,0.0662929254410926
168,service,serviceably,0.0421835646417805
168,service,serviceal's,0.0794655846162197
168,service,servicement,0.0754590273176461
168,service,servicering,0.0794655846162197
168,service,servicing's,0.0740926736768131
168,service,servicizing,0.0725905287063392
168,service,serviceabilities,0.0794655846162197
168,service,servicibility,0.0692085327135357
168,service,servicer,0.0980113156103155
168,service,services,0.1870784508092307
168,service,serviced,0.1124854200503283
168,service,servical,-0.0203546174546972
168,service,service's,0.1370578513869414
168,service,serviceal,0.0692085327135357
168,service,serviceer,0.0789799616322538
168,service,serviceds,0.0707726167625052
168,service,servicent,0.0839708466725172
168,service,servicers,0.0934528581277397
168,service,servicous,0.0887799395914094
168,service,servicing,0.1274484673471272
168,service,servicize,0.0557238897533036
168,service,serviceables,0.0794655846162197
168,service,servicefully,0.0373624699820476
168,service,servics,0.0930706460536184
168,service,servicably,-0.0244568773040003
168,service,servicable,0.0276577335536314
168,service,serviceing,0.0717877085940446
168,service,serviceive,0.0373624699820476
168,service,serviceics,0.0794655846162197
168,service,serviceent,0.0828272697896274
168,service,serviceers,0.0828272697896274
168,service,serviceful,0.0869405183949322
168,service,servicered,-0.0585643783122482
168,service,servicer's,0.0943953915548242
168,service,services's,0.0545237958852749
168,service,servicible,0.0391620281262875
168,service,servicings,0.0598153868214774
168,service,servicized,0.0641434584532081
168,service,servicization,0.0789799616322538
168,service,serviceability,0.0902509330916866
168,service,serviceallied,0.0794655846162197
169,snow,snowful,0.1706853112030092
169,snow,snowing,0.3770055182661692
169,snow,snows's,0.1145993607139665
169,snow,snowe's,0.0797648031132227
169,snow,snowe,0.1092851059135987
169,snow,snows,0.3460947452927863
169,snow,snoweing,0.1145993607139665
169,snow,snowings,0.2241656558162069
169,snow,snowness,0.1194101966974631
169,snow,snowes,0.1832786352696046
169,snow,snowed,0.3625865870724175
169,snow,snow's,0.3231437514534859
169,snow,snowingly,-0.0094062105484458
169,snow,snowing's,0.1764187080000145
169,crab,crabs,0.5462288470965108
169,crab,crabbing,0.4381432083124484
169,crab,crabness,0.3047225091316768
169,crab,crabbing's,0.3576768842487045
169,crab,crab's,0.4647744129471529
169,crab,crabbedly,0.3040241912626756
169,crab,crabbings,0.3339351893857883
169,crab,crabbed,0.267733426244555
169,crab,crabs's,0.3047225091316768
169,legs,leg,0.4520612694079626
169,legs,leggeds,0.1954495166111008
169,legs,legging,0.2059201904026738
169,legs,legness,0.185355034093263
169,legs,leg's,0.2921910925913157
169,legs,legli,0.1538652327338805
169,legs,legly,0.1727986583494062
169,legs,legging's,0.1284318513481017
169,legs,legged's,0.2361526388025022
169,legs,leggedly,0.2577553879830516
169,legs,leggings,0.2394387000631006
169,legs,leggings's,0.2243586996423976
169,legs,legs's,0.2655487682202981
169,legs,leglis,0.185355034093263
169,legs,legged,0.2697444963194808
169,legs,legful,0.2740513732989663
170,maps,map,0.2438126678593935
170,maps,mappings's,0.137345104778302
170,maps,map's,0.2575235783908681
170,maps,mapping's,0.2105895362349282
170,maps,mappings,0.2063922774424771
170,maps,mapness,0.1015785766455512
170,maps,mapping,0.3472163218511733
170,maps,mapped,0.2414249407860089
170,maps,mapful,0.1601607865152155
170,maps,maps's,0.226660726314611
170,of,ofs,0.0211847200476102
170,of,of's,0.0155066035175462
170,of,offing,0.0215410047766174
170,of,offeds,0.0139140904598155
170,of,ofness,0.0128048502295481
170,of,offedly,0.0115266674921468
170,of,offings,0.0087840116650386
170,of,offully,0.0120142877291876
170,of,offul,0.0130685037177891
170,of,offed,0.0175493968231597
170,of,ofs's,0.0125449865925042
170,of,offing's,-0.0279265803407475
170,of,ofnesses,0.0115266674921468
170,costa,costas's,0.1388132315394265
170,costa,costae,0.1649420766827122
170,costa,costas,0.2173113657102426
170,costa,costa's,0.308111139369726
170,rica,ricaness,0.2220027726562203
170,rica,ricae,0.2273854746595318
170,rica,ricas,0.2882904087640481
170,rica,ricas's,0.2782048824502193
170,rica,rica's,0.4430698516870432
170,rica,ricaed,0.2715998270217127
171,floor,flooring's,0.2274065330129915
171,floor,flooringly,0.1603838605742046
171,floor,floorlying,0.1603838605742046
171,floor,floor's,0.2678060324359527
171,floor,floores,0.1346729507747963
171,floor,floored,0.2112692966626416
171,floor,floors,0.4357347401814272
171,floor,floore,0.1291390155443476
171,floor,flooring,0.3943163121863044
171,floor,floorful,0.1538273139354062
171,floor,floore's,0.0766252079005754
171,floor,floorred,0.1818873220990305
171,floor,floors's,0.2162571708523972
171,floor,floored's,0.1603838605742046
171,floor,floorings,0.2702785011042035
171,floor,floorness,0.1818873220990305
171,floor,floorring,0.1538273139354062
171,tile,tiling's,0.3160760030785945
171,tile,tiles,0.5812790095139154
171,tile,tiled,0.4134065138485016
171,tile,tilee,0.338960327821755
171,tile,tileed,0.3265729402169786
171,tile,tileli,0.2055614013762967
171,tile,tilely,0.2445650669254313
171,tile,tile's,0.4250846333860118
171,tile,tiling,0.4542446187602953
171,tile,tiles's,0.3265729402169786
171,tile,tileing,0.3962868442426199
171,tile,tiled's,0.3469855378132424
171,tile,tilings,0.2639484824833628
172,american,americanization,0.2074210008070487
172,american,americanallies,0.1017140326125577
172,american,americanizations,0.0910858832985145
172,american,americaners,0.1327353255359016
172,american,americanics,0.1017140326125577
172,american,americaning,0.1464289645205583
172,american,americanned,0.1226872696576421
172,american,americans's,0.1408069047222559
172,american,americanism,0.253198649443781
172,american,americanity,0.1476855243251099
172,american,americanize,0.1761297920172193
172,american,americane,0.1133675691513589
172,american,americans,0.4006292702452883
172,american,americanational,0.1239615909824986
172,american,americanable,0.1499899808790841
172,american,americanancy,0.1526234458342429
172,american,americaneers,0.1499899808790841
172,american,americanizer,0.0938099445451633
172,american,americanizes,0.1112674595302836
172,american,americanized,0.1933399420123809
172,american,americanitis,0.1287837511510694
172,american,americanisms,0.1912440782505543
172,american,americanness,0.193465637432464
172,american,americanized's,0.1464289645205583
172,american,american's,0.2433643903118507
172,american,americanal,0.1017140326125577
172,american,americaned,0.1193515750742673
172,american,americaner,0.1354823916076227
172,american,americanes,0.0478832002500951
172,american,americanic,0.0821005742136661
172,american,americanly,0.0576862907271165
172,american,americanallis,0.0627103670634231
172,american,americanicity,0.1499899808790841
172,american,americanism's,0.1769061152277961
172,american,americanizing,0.1659832907885575
172,american,americanizers,0.1091860100500093
172,american,americanization's,0.1226872696576421
172,tourister,tourister's,0.5780900135816455
172,tourister,touristized,0.5320935602763888
172,tourister,touristicly,0.5320935602763888
172,tourister,touristical,0.298071566981581
172,tourister,touristness,0.5320935602763888
172,tourister,touristically,0.3119624810430021
172,tourister,tourist's,0.1492888682717794
172,tourister,touristly,0.5320935602763888
172,tourister,touristes,0.2182262305758495
172,tourister,touristed,0.2366935583882552
172,tourister,touristic,0.1298687171663136
172,tourister,tourists,0.1433333926050578
172,tourister,touriste,0.2268294806740084
172,tourister,tourist,0.1194128808504486
172,tourister,touristers,0.4803349157743046
172,tourister,touristted,0.5320935602763888
172,tourister,tourists's,0.3050852465902375
172,tourister,touristism,0.4312705474412062
172,tourister,touristing,0.2702133736905631
172,tourister,touristics,0.3694512001551581
172,luggage,luggage's,0.3168585493629912
172,luggage,luggaging,0.2523045647142903
172,luggage,luggageable,0.2523045647142903
172,luggage,luggager,0.3031314686854502
172,luggage,luggages,0.4128277269691771
172,luggage,luggaged,0.2516749628326222
172,luggage,luggags,0.3451579277687189
172,luggage,luggag,0.3953036121722719
173,lululemon,lululemon's,0.5329599437018548
173,lululemon,lululemoned,0.4769225719745139
173,lululemon,lululemons,0.5513112872509707
175,things,thing,0.4086337718214677
175,things,thinging,0.1320638962166478
175,things,things's,0.1510597400335455
175,things,thinge's,0.0829135310358019
175,things,thingful,0.1322322841570564
175,things,thinge,0.077062114487463
175,things,thingfulness,0.1031237178491965
175,things,thingly,0.1068548401716579
175,things,thinged,0.1431794607670204
175,things,thinges,0.1113909642625511
175,things,thing's,0.1680193001934149
175,things,thingnesses,0.1268654127121127
175,things,thingings,0.0829135310358019
175,things,thingness,0.1357736872699526
175,things,thingfully,0.1268654127121127
175,things,thinging's,0.0829135310358019
175,to,to's,0.0243827561203885
175,to,toed,0.0180286466986789
175,to,toeds,0.0126597046038384
175,to,toing,0.0143689284503067
175,to,toings,0.0121105636767826
175,do,do's,0.1044081035351686
175,do,doed,0.0632731933345925
175,do,doeds,0.0809605718641203
175,do,doing,0.314820030031109
175,do,doing's,0.0674019552444637
175,do,doed's,0.0555570637195891
175,do,doings,0.1107765081830843
175,amp,amps,0.4345685699033876
175,amp,ampe,0.2154556460647389
175,amp,amp's,0.36722964445961
175,amp,amped,0.164998374561292
175,amp,ampes,0.1289033572180161
175,amp,amppings,0.2135383862409776
175,amp,ampelis,0.1176115379466816
175,amp,ampings,0.1907227045040641
175,amp,ampness,0.0898996916688815
175,amp,ampping,0.1745347206918429
175,amp,ampped,0.2091392061468855
175,amp,amps's,0.2627918991329144
175,amp,ampeli,0.1619783449479862
175,amp,ampe's,0.1907227045040641
175,amp,ampeds,0.1907227045040641
175,amp,amping,0.2508339378592906
175,see,sees,0.1967925569279762
175,see,see's,0.1061523177681616
175,see,seeing,0.2452132792516045
175,see,sees's,0.0426531370630558
175,see,seeings,0.0926857730506298
175,see,seeingly,0.0703734470281162
175,see,seeing's,0.0788128550936066
175,in,ins,0.0347766898020203
175,in,in's,0.0198393476382014
175,in,inly,0.0163047434858378
175,in,inli,0.0137618765020265
175,in,inful,-0.0074381423656469
175,in,inlis,-0.0038266425179066
175,in,inned,0.0122235510005251
175,in,inlys,0.0141764692646394
175,in,ins's,0.01693216680368
175,in,infully,0.0135871006134462
175,in,inlying,0.0042853463588799
175,in,infulness,0.01326451981661
175,in,inness's,0.0047351332541836
175,in,innesses,0.0135871006134462
175,in,inlied,0.01326451981661
175,in,inlies,0.0077804406249078
175,in,inlyed,0.01326451981661
175,in,inly's,0.01326451981661
175,in,inness,0.0149714053981178
175,croatia,croatia's,0.4272297003582277
175,croatia,croatiae,0.2554672649212701
175,croatia,croatias,0.2705225292113211
176,pogo,pogo's,0.520782071585892
176,pogo,pogoed,0.3445081792062773
176,pogo,pogoes,0.3281728709737986
176,pogo,pogoe,0.1542386915812334
176,pogo,pogos,0.3765852324605627
176,pogo,pogoe's,0.3671765365229332
176,pogo,pogoing,0.3477101678691872
176,pogo,pogoings,0.3671765365229332
176,mah,mahs,0.3372244728394454
176,mah,mah's,0.3422903391829217
176,mah,mahly,0.3130853200754161
176,mah,mahli,0.0688080094340744
176,mah,mahli's,0.2228665138645815
176,mah,mahness,0.2780581632259374
176,mah,mahlys,0.3008738449628507
176,mah,mahlis,0.2188459316454112
176,jong,jonge,0.3126813206762258
176,jong,jongs,0.3094259482280964
176,jong,jongely,0.3345406928518231
176,jong,jongeli,0.1718983327305925
176,jong,jonge's,0.2386138445575271
176,jong,jonging,0.3345406928518231
176,jong,jongness,0.3345406928518231
176,jong,jongli,0.2565333617535538
176,jong,jonges,0.3011059843212824
176,jong,jonged,0.3481185940662168
176,jong,jong's,0.4743796080322948
177,snow,snowful,0.1706853112030092
177,snow,snowing,0.3770055182661692
177,snow,snows's,0.1145993607139665
177,snow,snowe's,0.0797648031132227
177,snow,snowe,0.1092851059135987
177,snow,snows,0.3460947452927863
177,snow,snoweing,0.1145993607139665
177,snow,snowings,0.2241656558162069
177,snow,snowness,0.1194101966974631
177,snow,snowes,0.1832786352696046
177,snow,snowed,0.3625865870724175
177,snow,snow's,0.3231437514534859
177,snow,snowingly,-0.0094062105484458
177,snow,snowing's,0.1764187080000145
177,white,whited's,0.0599413282286017
177,white,whitee's,0.097405563239178
177,white,whiteing,0.1237007512850899
177,white,whitelis,0.1056467871433366
177,white,whitelys,0.0086608083752227
177,white,whites's,0.1148178144476996
177,white,whitings,0.1134310127279865
177,white,white's,0.224132578141934
177,white,whiteds,0.1013589331689155
177,white,whitees,0.134331711326933
177,white,whiteed,0.097405563239178
177,white,whitely,0.1326011497888605
177,white,whiteli,0.1147592086031444
177,white,whiting,0.1559566274000648
177,white,whiteelies,0.0745898815022646
177,white,whites,0.2700977407933675
177,white,whited,0.1286598589237355
177,white,whitee,0.0534237937915076
177,white,whitenesses,0.1656880984203357
177,white,whitelies,-0.0009208941153492766
177,white,whitely's,0.1251664827618756
177,white,whiteness,0.2200974220560832
177,white,whiting's,0.1054282937354891
177,costume,costumations,0.2505302482279536
177,costume,costum's,0.3140306030003237
177,costume,costumer,0.3147372757226545
177,costume,costumes,0.5970385589087637
177,costume,costumed,0.3578208533813503
177,costume,costumization,0.1011628039223552
177,costume,costum,0.3386485359743454
177,costume,costume's,0.3842871070605972
177,costume,costumeds,0.3383712822547753
177,costume,costumeer,0.2505302482279536
177,costume,costumers,0.3142891835649138
177,costume,costumate,0.1984193520600414
177,costume,costuming,0.4079974288444103
177,costume,costumize,0.1735903864825808
177,costume,costumator,0.2505302482279536
177,costume,costumer's,0.3789304005855011
177,costume,costumeing,0.3554398220865148
177,costume,costumes's,0.2965746007311425
177,costume,costumizes,0.2505302482279536
177,costume,costumizer,0.2965746007311425
177,costume,costumized,0.0817051099252237
177,costume,costumings,0.2775434436933452
177,costume,costumizations,0.149707235392771
177,costume,costums,0.2885475037884947
177,costume,costumation,0.2277145664910403
177,costume,costumeness,0.3012851385562615
177,costume,costuming's,0.2775434436933452
177,costume,costumizing,0.120962875836693
178,movies,movy,0.1168808541578203
178,movies,movi,0.2080404989804631
178,movies,movi's,0.1378355056452875
178,movies,movied,0.1697046084080745
178,movies,movie,0.4294736913046157
178,movies,movis,0.2291131718221175
178,movies,movys,0.0598281745470182
178,movies,movieings,0.079101403027387
178,movies,movieness,0.1358786616499479
178,movies,moviing,0.1018476324791983
178,movies,movieli,0.1840164887782553
178,movies,moviely,0.1378355056452875
178,movies,movie's,0.2821467172990127
178,movies,movieds,0.1918010599857278
178,movies,movies's,0.2091617277051925
178,movies,movieing,0.1352876280971462
178,for,fors,0.0211971462128509
178,for,for's,0.0239144665479479
178,for,forly,-0.0364663565608962
178,for,forli,0.0007677435318900566
178,for,forness's,0.0171863364251326
178,for,forlis,0.0101090546089809
178,for,forful,0.0171863364251326
178,for,fors's,0.0171863364251326
178,for,forred,0.0182574062883287
178,for,forlyed,0.0171863364251326
178,for,forli's,-0.0010826112728961
178,for,forlies,0.0171863364251326
178,for,forlied,0.0171863364251326
178,for,forness,0.0201883788583631
178,for,forfully,0.0171863364251326
178,kids,kid,0.3481203703634282
178,kids,kid's,0.3228789841441793
178,kids,kidly,0.0967671727610343
178,kids,kidli,0.1534695757692303
178,kids,kiddings,0.1588832849893209
178,kids,kiddingly,0.0806404826858363
178,kids,kidding's,0.0939842560811072
178,kids,kidding,0.187842640458054
178,kids,kidli's,0.1218083269494179
178,kids,kidlies,0.1407699386684554
178,kids,kidness,0.0651057891831807
178,kids,kidded,0.1428173331692784
178,kids,kids's,0.2206723877520719
179,alcohol,alcoholically,0.2379625998298249
179,alcohol,alcoholicness,0.2040469434851345
179,alcohol,alcohollic,0.2045989967311538
179,alcohol,alcoholics,0.3889303033389521
179,alcohol,alcoholing,0.2499331805390589
179,alcohol,alcoholity,0.1914328946231704
179,alcohol,alcoholism,0.4472124495881369
179,alcohol,alcoholize,0.2451101419373927
179,alcohol,alcoholate,0.2036787177448092
179,alcohol,alcoholed,0.1992025232151998
179,alcohol,alcoholes,0.1479355822260517
179,alcohol,alcoholer,0.1896773532191766
179,alcohol,alcoholic,0.4160673849708137
179,alcohol,alcohol's,0.3283280367643833
179,alcohol,alcoholator,0.0029324688749363
179,alcohol,alcoholates,0.2092950149965589
179,alcohol,alcoholated,0.245620669650032
179,alcohol,alcoholical,0.1664346548784528
179,alcohol,alcoholicly,0.2397892186591758
179,alcohol,alcoholic's,0.2735714341923227
179,alcohol,alcoholisms,0.2462045226376341
179,alcohol,alcoholized,0.1834501075850157
179,alcohol,alcoholizer,0.186136525673147
179,alcohol,alcohollism,0.2397892186591758
179,alcohol,alcohollics,0.2499331805390589
179,alcohol,alcohols,0.3302519958227345
179,alcohol,alcoholl,0.1369659500350082
179,alcohol,alcohole,0.2201569249994582
179,alcohol,alcoholicity,0.225187125058931
179,alcohol,alcoholics's,0.2397892186591758
179,alcohol,alcoholism's,0.2256800520625003
179,alcohol,alcoholizing,0.2160475237962597
179,alcohol,alcoholization,0.2353483334326834
179,and,ande,0.0138545955690902
179,and,ands,0.0154787367917124
179,and,and's,0.0161960825011703
179,and,andli,0.0129715516288793
179,and,andly,0.0138931940660043
179,and,anded,0.016384409674639
179,and,andfully,0.0140258642628197
179,and,anding's,0.0014205480237083
179,and,andlying,0.0120200291175837
179,and,andeli,-0.0025653377289059
179,and,andely,0.0071034327334736
179,and,ande's,0.0076299668033302
179,and,andded,0.0123123450569733
179,and,anding,0.0134549529279276
179,and,andful,0.0129715516288793
179,and,ands's,0.0120200291175837
179,and,andding,0.0123123450569733
179,and,andelys,0.0010055244147471
179,and,andelis,-0.0029088712533881
179,and,andes's,0.0127014987293732
179,and,andedly,0.0123123450569733
179,and,andeing,0.0120200291175837
179,and,andings,0.0129715516288793
179,and,andlies,0.0143496483462063
179,and,andness,0.013180869409051
179,and,andelis's,0.0123123450569733
179,its,it,0.3017139011669241
179,its,it's,0.215554123419853
179,its,itly,0.1014476163952859
179,its,itli,0.0214416700252996
179,its,itful,-0.0076248094237173
179,its,itlis,0.0388812984151446
179,its,its's,0.1019640590397596
179,its,itted,0.1033270954273973
179,its,itnessing,0.104774095401757
179,its,itnesses,0.0443790712450352
179,its,itlies,0.1022865807991905
179,its,itness,0.0484609886821561
179,its,itting,0.0992054071135542
179,its,itfully,0.1022865807991905
179,its,ittings,0.0632003692368596
179,negative,negate,0.2886741335742497
179,negative,negatations,0.2049529184481777
179,negative,negatable,0.2099307893000561
179,negative,negateing,0.2049529184481777
179,negative,negated's,0.1533928771551864
179,negative,negatized,0.2002052825875353
179,negative,negations,0.2403893830664489
179,negative,negatives,0.3632249120166929
179,negative,negatings,0.103669355724579
179,negative,negator's,0.0996258708462032
179,negative,negat,0.198069137480968
179,negative,negatal,0.2049529184481777
179,negative,negated,0.2814777974352954
179,negative,negater,0.2132712801295881
179,negative,negates,0.2653367182987532
179,negative,negatic,0.1190318916995831
179,negative,negator,0.1812073343326317
179,negative,negativenesses,0.2538579755735641
179,negative,negatability,0.2049529184481777
179,negative,negatives's,0.2538579755735641
179,negative,negate's,0.1489428898226958
179,negative,negaters,0.2092121578695073
179,negative,negateer,0.2049529184481777
179,negative,negatate,0.2538579755735641
179,negative,negators,0.1710518762245579
179,negative,negatize,0.2049529184481777
179,negative,negatity,0.2049529184481777
179,negative,negatism,0.2140816392746745
179,negative,negation,0.3227348285450874
179,negative,negating,0.2632897874159327
179,negative,negativeness,0.2580581945243785
179,negative,negativities,0.3176618575236987
179,negative,negativity's,0.1345159881695
179,negative,negatative,0.2132712801295881
179,negative,negatation,0.2132712801295881
179,negative,negateable,0.2049529184481777
179,negative,negational,0.2499738358363204
179,negative,negation's,0.2301162807106479
179,negative,negatities,0.2049529184481777
179,negative,negative's,0.2772071551065388
179,negative,negativity,0.3985993201256119
179,negative,negatively,0.3953211474953403
179,negative,negatizing,0.2049529184481777
179,effects,effectantly,0.1631354978595575
179,effects,effectation,0.1115754565665662
179,effects,effect's,0.200206999964816
179,effects,effectic,0.1631354978595575
179,effects,effectly,0.0887647184011314
179,effects,effectal,0.0926420309510405
179,effects,effecter,0.1926260427470511
179,effects,effectes,0.2446261569668177
179,effects,effected,0.260044764598244
179,effects,effectfully,0.1369887602905379
179,effects,effectional,0.1631354978595575
179,effects,effective's,0.0427131298040484
179,effects,effectively,0.2631974904210922
179,effects,effectiveli,0.1631354978595575
179,effects,effectivity,0.191432319474763
179,effects,effectally,0.1631354978595575
179,effects,effectance,0.173266069197432
179,effects,effectable,0.1262077565215374
179,effects,effecteive,0.2192416168010083
179,effects,effectings,0.1697566286272848
179,effects,effections,0.2333452627993137
179,effects,effectical,0.1403198161226442
179,effects,effectible,0.1432465462965105
179,effects,effectives,0.1499784700835802
179,effects,effectizer,0.2151579127889328
179,effects,effectness,0.2268245751187078
179,effects,effectibility,0.1866016292083447
179,effects,effection,0.1296590230328644
179,effects,effecting,0.2398386974835812
179,effects,effectism,0.2103433240712609
179,effects,effective,0.3220136430197685
179,effects,effectize,0.1460149337643687
179,effects,effectant,0.1866016292083447
179,effects,effecteds,0.1866016292083447
179,effects,effectent,0.1631354978595575
179,effects,effectely,0.1631354978595575
179,effects,effecters,0.1674632739328547
179,effects,effectful,0.1939494330230176
179,effects,effects's,0.2134933968651418
179,effects,effectted,0.1631354978595575
179,effects,effectfulness,0.2103433240712609
179,effects,effectively's,0.1115754565665662
179,effects,effectiveness,0.3254845393775496
179,effects,effectivities,0.1734836816986356
179,effects,effectivelying,0.2154586782662248
179,effects,effectiveing,0.1631354978595575
179,effects,effectivelys,0.1944955613208805
179,effects,effectivitys,0.1631354978595575
179,effects,effectivitis,0.2154586782662248
179,effects,effectization,0.1631354978595575
179,effects,effect,0.4093749017774549
179,effects,effecte,0.2362309191551596
179,effects,effectivenesses,0.1575023159744977
179,effects,effectiveness's,0.1369887602905379
179,effects,effectionally,0.1403198161226442
179,effects,effectability,0.2214200457102728
179,on,ons,0.0364336516202952
179,on,on's,0.0313087445471318
179,on,onli,0.0231917293101022
179,on,only's,0.0113630435454101
179,on,onli's,0.0252621158086297
179,on,onlied,0.0248262267071122
179,on,onlies,0.0267626839878835
179,on,onness,0.0272201958565989
179,on,onning,0.0164008964897326
179,on,onlies's,0.0242368100080344
179,on,onlys,0.0327846627301842
179,on,onlis,0.0288042333007544
179,on,onned,0.0218414711751608
179,on,ons's,0.025795025536838
179,on,onfully,0.0248262267071122
179,on,onlys's,0.0242368100080344
179,on,onlying,0.0280138011055157
179,society,societi,0.1494523792823306
179,society,societie,0.1494424717439074
179,society,societis,0.1761471078544698
179,society,societys,0.1354650372154946
179,society,societially,0.1595471121365504
179,society,societies's,0.1774238575273727
179,society,society's,0.3565767306995188
179,society,societies,0.3991626293173589
179,society,societied,0.1704915651345318
179,society,societial,0.1240169382713246
179,society,societiers,0.1832888069994666
179,society,societie's,0.1448953221489476
179,society,societying,0.0981325405740902
179,society,societys's,0.1832888069994666
